player_id,player_name,season,PA,SO,K%,BB%,Whiff%,Swing%,xwOBA,xBA,xSLG,Hard-Hit%,Barrel%,average_swing_speed,fast_swing_rate,swords,squared_up_contact,pitch_type,pitch_name,pitch_usage,Pitches,PutAway%,BA,SLG,wOBA,run_value_per_100,source,source_timestamp,schema_version,refresh_status
671096,"Abbott, Andrew",2026,318,45,14.2,10.8,12.0,46.4,0.401,0.295,0.499,48.2,7.8,79.373030561,,,,FF,4-Seam Fastball,44.8,1116,13.2,0.257,0.433,0.38,-0.4,BASEBALL_SAVANT_PITCH_ARSENAL_CURRENT_SEASON,2026-08-28T17:22:48+00:00,SAVANT_ARSENAL_SCHEMA_V1,CURRENT
671096,"Abbott, Andrew",2026,121,40,33.1,10.8,28.0,46.4,0.232,0.184,0.329,35.1,7.8,79.373030561,,,,ST,Sweeper,20.0,498,17.9,0.207,0.353,0.252,0.2,BASEBALL_SAVANT_PITCH_ARSENAL_CURRENT_SEASON,2026-08-28T17:22:48+00:00,SAVANT_ARSENAL_SCHEMA_V1,CURRENT
671096,"Abbott, Andrew",2026,119,20,16.8,10.8,38.1,46.4,0.279,0.248,0.34,22.8,7.8,79.373030561,,,,CH,Changeup,19.2,479,16.7,0.248,0.33,0.277,0.4,BASEBALL_SAVANT_PITCH_ARSENAL_CURRENT_SEASON,2026-08-28T17:22:48+00:00,SAVANT_ARSENAL_SCHEMA_V1,CURRENT
671096,"Abbott, Andrew",2026,59,7,11.9,10.8,24.3,46.4,0.29,0.255,0.376,28.6,7.8,79.373030561,,,,CU,Curveball,13.2,330,17.9,0.255,0.382,0.276,-0.3,BASEBALL_SAVANT_PITCH_ARSENAL_CURRENT_SEASON,2026-08-28T17:22:48+00:00,SAVANT_ARSENAL_SCHEMA_V1,CURRENT
671096,"Abbott, Andrew",2026,11,1,9.1,10.8,34.1,46.4,0.423,0.344,0.577,22.2,7.8,79.373030561,,,,FC,Cutter,2.7,68,25.0,0.4,0.7,0.491,-0.4,BASEBALL_SAVANT_PITCH_ARSENAL_CURRENT_SEASON,2026-08-28T17:22:48+00:00,SAVANT_ARSENAL_SCHEMA_V1,CURRENT
690953,"Abel, Mick",2026,29,7,24.1,10.8,33.8,49.6,0.478,0.337,0.652,50.0,5.3,75.9787175,,,,FF,4-Seam Fastball,42.9,153,15.9,0.391,0.522,0.46,-0.3,BASEBALL_SAVANT_PITCH_ARSENAL_CURRENT_SEASON,2026-08-28T17:22:48+00:00,SAVANT_ARSENAL_SCHEMA_V1,CURRENT
690953,"Abel, Mick",2026,24,7,29.2,10.8,31.3,49.6,0.262,0.222,0.291,60.0,5.3,75.9787175,,,,CH,Changeup,17.6,63,35.0,0.182,0.273,0.238,1.8,BASEBALL_SAVANT_PITCH_ARSENAL_CURRENT_SEASON,2026-08-28T17:22:48+00:00,SAVANT_ARSENAL_SCHEMA_V1,CURRENT
690953,"Abel, Mick",2026,14,4,28.6,10.8,14.3,49.6,0.371,0.393,0.446,30.0,5.3,75.9787175,,,,SL,Slider,13.4,48,26.7,0.357,0.429,0.346,0.1,BASEBALL_SAVANT_PITCH_ARSENAL_CURRENT_SEASON,2026-08-28T17:22:48+00:00,SAVANT_ARSENAL_SCHEMA_V1,CURRENT
690953,"Abel, Mick",2026,13,4,30.8,10.8,19.0,49.6,0.213,0.128,0.155,0.0,5.3,75.9787175,,,,CU,Curveball,12.0,43,16.0,0.182,0.182,0.246,-0.6,BASEBALL_SAVANT_PITCH_ARSENAL_CURRENT_SEASON,2026-08-28T17:22:48+00:00,SAVANT_ARSENAL_SCHEMA_V1,CURRENT
690953,"Abel, Mick",2026,9,1,11.1,10.8,29.4,49.6,0.247,0.17,0.272,14.3,5.3,75.9787175,,,,ST,Sweeper,10.6,38,5.9,0.125,0.125,0.178,0.6,BASEBALL_SAVANT_PITCH_ARSENAL_CURRENT_SEASON,2026-08-28T17:22:48+00:00,SAVANT_ARSENAL_SCHEMA_V1,CURRENT
690953,"Abel, Mick",2026,3,0,0.0,10.8,33.3,49.6,0.584,0.482,0.747,100.0,5.3,75.9787175,,,,SI,Sinker,3.4,12,,0.5,0.5,0.533,-3.9,BASEBALL_SAVANT_PITCH_ARSENAL_CURRENT_SEASON,2026-08-28T17:22:48+00:00,SAVANT_ARSENAL_SCHEMA_V1,CURRENT
691769,"Abner, Philip",2026,37,3,8.1,12.5,15.2,47.3,0.448,0.365,0.618,43.3,12.0,79.1849144,,,,FF,4-Seam Fastball,55.5,136,10.3,0.303,0.394,0.347,-0.4,BASEBALL_SAVANT_PITCH_ARSENAL_CURRENT_SEASON,2026-08-28T17:22:48+00:00,SAVANT_ARSENAL_SCHEMA_V1,CURRENT
691769,"Abner, Philip",2026,13,0,0.0,12.5,25.0,47.3,0.29,0.166,0.223,10.0,12.0,79.1849144,,,,CU,Curveball,19.6,48,0.0,0.1,0.1,0.231,2.1,BASEBALL_SAVANT_PITCH_ARSENAL_CURRENT_SEASON,2026-08-28T17:22:48+00:00,SAVANT_ARSENAL_SCHEMA_V1,CURRENT
691769,"Abner, Philip",2026,13,2,15.4,12.5,14.8,47.3,0.407,0.28,0.628,60.0,12.0,79.1849144,,,,SL,Slider,19.2,47,10.0,0.25,0.75,0.431,-2.0,BASEBALL_SAVANT_PITCH_ARSENAL_CURRENT_SEASON,2026-08-28T17:22:48+00:00,SAVANT_ARSENAL_SCHEMA_V1,CURRENT
691769,"Abner, Philip",2026,1,1,100.0,12.5,66.7,47.3,0.0,0.305,0.539,40.0,12.0,79.1849144,,,,CH,Changeup,5.3,13,20.0,0.0,0.0,0.0,-1.0,BASEBALL_SAVANT_PITCH_ARSENAL_CURRENT_SEASON,2026-08-28T17:22:48+00:00,SAVANT_ARSENAL_SCHEMA_V1,CURRENT
650556,"Abreu, Bryan",2026,99,27,27.3,16.6,27.0,41.6,0.325,0.178,0.311,38.8,6.2,81.147929091,,,,FF,4-Seam Fastball,45.1,407,25.2,0.162,0.338,0.326,0.5,BASEBALL_SAVANT_PITCH_ARSENAL_CURRENT_SEASON,2026-08-28T17:22:48+00:00,SAVANT_ARSENAL_SCHEMA_V1,CURRENT
650556,"Abreu, Bryan",2026,96,33,34.4,16.6,38.7,41.6,0.303,0.221,0.368,42.3,6.2,81.147929091,,,,SL,Slider,45.0,406,26.0,0.259,0.459,0.354,-0.8,BASEBALL_SAVANT_PITCH_ARSENAL_CURRENT_SEASON,2026-08-28T17:22:48+00:00,SAVANT_ARSENAL_SCHEMA_V1,CURRENT
650556,"Abreu, Bryan",2026,21,3,14.3,16.6,40.5,41.6,0.327,0.161,0.255,25.0,6.2,81.147929091,,,,FC,Cutter,9.8,88,20.0,0.133,0.2,0.302,1.1,BASEBALL_SAVANT_PITCH_ARSENAL_CURRENT_SEASON,2026-08-28T17:22:48+00:00,SAVANT_ARSENAL_SCHEMA_V1,CURRENT
650556,"Abreu, Bryan",2026,1,0,0.0,16.6,0.0,41.6,0.579,0.623,0.703,100.0,6.2,81.147929091,,,,CH,Changeup,10.0,1,,0.0,0.0,0.0,31.1,BASEBALL_SAVANT_PITCH_ARSENAL_CURRENT_SEASON,2026-08-28T17:22:48+00:00,SAVANT_ARSENAL_SCHEMA_V1,CURRENT
670183,"Acton, Garrett",2026,14,5,35.7,10.7,30.8,41.7,0.18,0.08,0.132,14.3,6.7,89.4715375,,,,FF,4-Seam Fastball,54.8,63,31.3,0.091,0.091,0.164,3.4,BASEBALL_SAVANT_PITCH_ARSENAL_CURRENT_SEASON,2026-08-28T17:22:48+00:00,SAVANT_ARSENAL_SCHEMA_V1,CURRENT
670183,"Acton, Garrett",2026,13,4,30.8,10.7,40.9,41.7,0.325,0.293,0.394,62.5,6.7,89.4715375,,,,SL,Slider,45.2,52,21.1,0.25,0.417,0.385,-3.0,BASEBALL_SAVANT_PITCH_ARSENAL_CURRENT_SEASON,2026-08-28T17:22:48+00:00,SAVANT_ARSENAL_SCHEMA_V1,CURRENT
682668,"Acuña, Luisangel",2026,1,0,0.0,,0.0,,0.081,0.082,0.1,0.0,,,,,,SL,Slider,7.1,2,,0.0,0.0,0.0,16.2,BASEBALL_SAVANT_PITCH_ARSENAL_CURRENT_SEASON,2026-08-28T17:22:48+00:00,SAVANT_ARSENAL_SCHEMA_V1,CURRENT
592094,"Adam, Jason",2026,52,9,17.3,6.0,38.2,53.4,0.258,0.23,0.325,36.6,6.9,77.312867451,,,,SL,Slider,38.1,210,20.0,0.2,0.28,0.244,3.0,BASEBALL_SAVANT_PITCH_ARSENAL_CURRENT_SEASON,2026-08-28T17:22:48+00:00,SAVANT_ARSENAL_SCHEMA_V1,CURRENT
592094,"Adam, Jason",2026,46,8,17.4,6.0,29.5,53.4,0.23,0.186,0.275,28.6,6.9,77.312867451,,,,CH,Changeup,32.1,177,11.1,0.279,0.349,0.304,-1.1,BASEBALL_SAVANT_PITCH_ARSENAL_CURRENT_SEASON,2026-08-28T17:22:48+00:00,SAVANT_ARSENAL_SCHEMA_V1,CURRENT
592094,"Adam, Jason",2026,26,2,7.7,6.0,12.1,53.4,0.444,0.295,0.654,50.0,6.9,77.312867451,,,,FF,4-Seam Fastball,22.9,126,4.1,0.273,0.864,0.498,-2.6,BASEBALL_SAVANT_PITCH_ARSENAL_CURRENT_SEASON,2026-08-28T17:22:48+00:00,SAVANT_ARSENAL_SCHEMA_V1,CURRENT
592094,"Adam, Jason",2026,10,3,30.0,6.0,17.6,53.4,0.296,0.197,0.394,33.3,6.9,77.312867451,,,,ST,Sweeper,6.9,38,15.8,0.222,0.222,0.25,-0.3,BASEBALL_SAVANT_PITCH_ARSENAL_CURRENT_SEASON,2026-08-28T17:22:48+00:00,SAVANT_ARSENAL_SCHEMA_V1,CURRENT
687060,"Adams, Blake",2026,6,0,0.0,22.2,0.0,45.9,0.59,0.554,0.655,50.0,28.6,84.48505,,,,FF,4-Seam Fastball,37.8,14,0.0,0.75,0.75,0.683,-12.2,BASEBALL_SAVANT_PITCH_ARSENAL_CURRENT_SEASON,2026-08-28T17:22:48+00:00,SAVANT_ARSENAL_SCHEMA_V1,CURRENT
687060,"Adams, Blake",2026,1,0,0.0,22.2,40.0,45.9,0.014,0.011,0.023,0.0,28.6,84.48505,,,,FC,Cutter,35.1,13,0.0,0.0,0.0,0.0,1.0,BASEBALL_SAVANT_PITCH_ARSENAL_CURRENT_SEASON,2026-08-28T17:22:48+00:00,SAVANT_ARSENAL_SCHEMA_V1,CURRENT
687060,"Adams, Blake",2026,1,0,0.0,22.2,33.3,45.9,1.66,0.814,3.237,100.0,28.6,84.48505,,,,CU,Curveball,13.5,5,0.0,1.0,4.0,2.0,-20.5,BASEBALL_SAVANT_PITCH_ARSENAL_CURRENT_SEASON,2026-08-28T17:22:48+00:00,SAVANT_ARSENAL_SCHEMA_V1,CURRENT
687060,"Adams, Blake",2026,1,0,0.0,22.2,0.0,45.9,1.071,0.703,1.883,100.0,28.6,84.48505,,,,ST,Sweeper,2.7,1,0.0,1.0,2.0,1.25,-78.7,BASEBALL_SAVANT_PITCH_ARSENAL_CURRENT_SEASON,2026-08-28T17:22:48+00:00,SAVANT_ARSENAL_SCHEMA_V1,CURRENT
690279,"Adams, Mason",2026,8,3,37.5,16.7,33.3,44.0,0.344,0.114,0.437,33.3,10.0,76.331708,,,,FF,4-Seam Fastball,32.0,24,20.0,0.167,0.667,0.425,-3.4,BASEBALL_SAVANT_PITCH_ARSENAL_CURRENT_SEASON,2026-08-28T17:22:48+00:00,SAVANT_ARSENAL_SCHEMA_V1,CURRENT
690279,"Adams, Mason",2026,4,1,25.0,16.7,0.0,44.0,0.308,0.18,0.225,0.0,10.0,76.331708,,,,SI,Sinker,21.3,16,50.0,0.333,0.667,0.488,0.7,BASEBALL_SAVANT_PITCH_ARSENAL_CURRENT_SEASON,2026-08-28T17:22:48+00:00,SAVANT_ARSENAL_SCHEMA_V1,CURRENT
690279,"Adams, Mason",2026,2,0,0.0,16.7,14.3,44.0,0.22,0.186,0.331,50.0,10.0,76.331708,,,,ST,Sweeper,20.0,15,0.0,0.0,0.0,0.0,2.5,BASEBALL_SAVANT_PITCH_ARSENAL_CURRENT_SEASON,2026-08-28T17:22:48+00:00,SAVANT_ARSENAL_SCHEMA_V1,CURRENT
690279,"Adams, Mason",2026,1,0,0.0,16.7,0.0,44.0,0.218,0.238,0.275,0.0,10.0,76.331708,,,,CU,Curveball,18.7,14,0.0,0.0,0.0,0.0,0.5,BASEBALL_SAVANT_PITCH_ARSENAL_CURRENT_SEASON,2026-08-28T17:22:48+00:00,SAVANT_ARSENAL_SCHEMA_V1,CURRENT
690279,"Adams, Mason",2026,3,1,33.3,16.7,50.0,44.0,0.338,0.35,0.429,50.0,10.0,76.331708,,,,CH,Changeup,5.3,4,33.3,0.333,0.333,0.3,0.9,BASEBALL_SAVANT_PITCH_ARSENAL_CURRENT_SEASON,2026-08-28T17:22:48+00:00,SAVANT_ARSENAL_SCHEMA_V1,CURRENT
701519,"Adams, Travis",2026,55,16,29.1,10.8,35.1,47.7,0.234,0.202,0.28,22.2,8.6,75.829652857,,,,CH,Changeup,26.3,192,26.7,0.269,0.442,0.342,-1.2,BASEBALL_SAVANT_PITCH_ARSENAL_CURRENT_SEASON,2026-08-28T17:22:48+00:00,SAVANT_ARSENAL_SCHEMA_V1,CURRENT
701519,"Adams, Travis",2026,36,4,11.1,10.8,15.7,47.7,0.537,0.356,0.835,44.0,8.6,75.829652857,,,,FF,4-Seam Fastball,25.3,185,10.0,0.345,0.724,0.497,-2.2,BASEBALL_SAVANT_PITCH_ARSENAL_CURRENT_SEASON,2026-08-28T17:22:48+00:00,SAVANT_ARSENAL_SCHEMA_V1,CURRENT
701519,"Adams, Travis",2026,44,17,38.6,10.8,39.2,47.7,0.232,0.181,0.314,28.0,8.6,75.829652857,,,,SL,Slider,22.1,161,24.6,0.19,0.357,0.252,0.6,BASEBALL_SAVANT_PITCH_ARSENAL_CURRENT_SEASON,2026-08-28T17:22:48+00:00,SAVANT_ARSENAL_SCHEMA_V1,CURRENT
701519,"Adams, Travis",2026,42,10,23.8,10.8,25.4,47.7,0.361,0.259,0.422,40.0,8.6,75.829652857,,,,FC,Cutter,20.5,150,33.3,0.286,0.486,0.392,-0.5,BASEBALL_SAVANT_PITCH_ARSENAL_CURRENT_SEASON,2026-08-28T17:22:48+00:00,SAVANT_ARSENAL_SCHEMA_V1,CURRENT
701519,"Adams, Travis",2026,8,1,12.5,10.8,0.0,47.7,0.286,0.202,0.294,16.7,8.6,75.829652857,,,,SI,Sinker,5.8,42,20.0,0.0,0.0,0.1,4.5,BASEBALL_SAVANT_PITCH_ARSENAL_CURRENT_SEASON,2026-08-28T17:22:48+00:00,SAVANT_ARSENAL_SCHEMA_V1,CURRENT
688642,"Agnos, Zach",2026,81,8,9.9,7.8,15.1,51.0,0.433,0.304,0.66,51.6,7.9,77.69630016,,,,FF,4-Seam Fastball,25.2,312,7.6,0.31,0.69,0.471,-3.0,BASEBALL_SAVANT_PITCH_ARSENAL_CURRENT_SEASON,2026-08-28T17:22:48+00:00,SAVANT_ARSENAL_SCHEMA_V1,CURRENT
688642,"Agnos, Zach",2026,78,6,7.7,7.8,16.3,51.0,0.383,0.324,0.497,48.4,7.9,77.69630016,,,,FC,Cutter,22.9,284,11.5,0.333,0.478,0.395,-1.0,BASEBALL_SAVANT_PITCH_ARSENAL_CURRENT_SEASON,2026-08-28T17:22:48+00:00,SAVANT_ARSENAL_SCHEMA_V1,CURRENT
688642,"Agnos, Zach",2026,33,12,36.4,7.8,38.5,51.0,0.204,0.185,0.254,30.0,7.9,77.69630016,,,,ST,Sweeper,15.2,189,22.6,0.125,0.219,0.162,1.9,BASEBALL_SAVANT_PITCH_ARSENAL_CURRENT_SEASON,2026-08-28T17:22:48+00:00,SAVANT_ARSENAL_SCHEMA_V1,CURRENT
688642,"Agnos, Zach",2026,57,1,1.8,7.8,2.4,51.0,0.372,0.324,0.434,41.2,7.9,77.69630016,,,,SI,Sinker,12.9,160,4.3,0.36,0.48,0.383,-0.7,BASEBALL_SAVANT_PITCH_ARSENAL_CURRENT_SEASON,2026-08-28T17:22:48+00:00,SAVANT_ARSENAL_SCHEMA_V1,CURRENT
688642,"Agnos, Zach",2026,49,14,28.6,7.8,29.8,51.0,0.263,0.231,0.334,30.3,7.9,77.69630016,,,,SL,Slider,12.9,160,18.9,0.196,0.283,0.246,0.7,BASEBALL_SAVANT_PITCH_ARSENAL_CURRENT_SEASON,2026-08-28T17:22:48+00:00,SAVANT_ARSENAL_SCHEMA_V1,CURRENT
688642,"Agnos, Zach",2026,35,10,28.6,7.8,38.0,51.0,0.296,0.252,0.308,23.8,7.9,77.69630016,,,,FS,Split-Finger,10.9,135,16.7,0.226,0.323,0.29,-1.0,BASEBALL_SAVANT_PITCH_ARSENAL_CURRENT_SEASON,2026-08-28T17:22:48+00:00,SAVANT_ARSENAL_SCHEMA_V1,CURRENT
695239,"Ahlstrom, Robby",2026,30,11,36.7,7.4,31.3,49.3,0.285,0.142,0.289,23.1,6.3,74.46988234,,,,FF,4-Seam Fastball,34.2,184,14.5,0.208,0.417,0.35,-0.8,BASEBALL_SAVANT_PITCH_ARSENAL_CURRENT_SEASON,2026-08-28T17:22:48+00:00,SAVANT_ARSENAL_SCHEMA_V1,CURRENT
695239,"Ahlstrom, Robby",2026,42,9,21.4,7.4,37.7,49.3,0.24,0.18,0.3,40.0,6.3,74.46988234,,,,SL,Slider,24.9,134,18.8,0.205,0.41,0.29,1.2,BASEBALL_SAVANT_PITCH_ARSENAL_CURRENT_SEASON,2026-08-28T17:22:48+00:00,SAVANT_ARSENAL_SCHEMA_V1,CURRENT
695239,"Ahlstrom, Robby",2026,29,4,13.8,7.4,16.9,49.3,0.32,0.304,0.402,29.2,6.3,74.46988234,,,,SI,Sinker,21.2,114,30.8,0.357,0.393,0.347,0.8,BASEBALL_SAVANT_PITCH_ARSENAL_CURRENT_SEASON,2026-08-28T17:22:48+00:00,SAVANT_ARSENAL_SCHEMA_V1,CURRENT
695239,"Ahlstrom, Robby",2026,28,4,14.3,7.4,21.3,49.3,0.425,0.389,0.605,29.2,6.3,74.46988234,,,,CH,Changeup,15.2,82,14.3,0.286,0.607,0.373,-2.9,BASEBALL_SAVANT_PITCH_ARSENAL_CURRENT_SEASON,2026-08-28T17:22:48+00:00,SAVANT_ARSENAL_SCHEMA_V1,CURRENT
695239,"Ahlstrom, Robby",2026,5,0,0.0,7.4,10.0,49.3,0.425,0.388,0.418,50.0,6.3,74.46988234,,,,CU,Curveball,4.5,24,0.0,0.5,0.5,0.5,-5.1,BASEBALL_SAVANT_PITCH_ARSENAL_CURRENT_SEASON,2026-08-28T17:22:48+00:00,SAVANT_ARSENAL_SCHEMA_V1,CURRENT
669211,"Akin, Keegan",2026,47,11,23.4,7.9,19.0,49.2,0.291,0.216,0.356,41.9,5.8,73.826650238,,,,FF,4-Seam Fastball,49.4,219,17.5,0.231,0.41,0.313,1.2,BASEBALL_SAVANT_PITCH_ARSENAL_CURRENT_SEASON,2026-08-28T17:22:48+00:00,SAVANT_ARSENAL_SCHEMA_V1,CURRENT
669211,"Akin, Keegan",2026,35,5,14.3,7.9,20.0,49.2,0.306,0.262,0.395,25.0,5.8,73.826650238,,,,CH,Changeup,25.7,114,11.9,0.333,0.485,0.412,-2.1,BASEBALL_SAVANT_PITCH_ARSENAL_CURRENT_SEASON,2026-08-28T17:22:48+00:00,SAVANT_ARSENAL_SCHEMA_V1,CURRENT
669211,"Akin, Keegan",2026,32,1,3.1,7.9,19.0,49.2,0.3,0.267,0.366,17.2,5.8,73.826650238,,,,SL,Slider,24.8,110,2.9,0.3,0.433,0.37,-1.4,BASEBALL_SAVANT_PITCH_ARSENAL_CURRENT_SEASON,2026-08-28T17:22:48+00:00,SAVANT_ARSENAL_SCHEMA_V1,CURRENT
645261,"Alcantara, Sandy",2026,246,37,15.0,6.5,11.7,50.7,0.295,0.255,0.341,37.2,5.3,77.468598087,,,,SI,Sinker,27.1,751,18.0,0.26,0.332,0.301,1.7,BASEBALL_SAVANT_PITCH_ARSENAL_CURRENT_SEASON,2026-08-28T17:22:48+00:00,SAVANT_ARSENAL_SCHEMA_V1,CURRENT
645261,"Alcantara, Sandy",2026,184,37,20.1,6.5,28.4,50.7,0.269,0.246,0.33,29.0,5.3,77.468598087,,,,CH,Changeup,20.3,563,20.8,0.225,0.347,0.291,0.0,BASEBALL_SAVANT_PITCH_ARSENAL_CURRENT_SEASON,2026-08-28T17:22:48+00:00,SAVANT_ARSENAL_SCHEMA_V1,CURRENT
645261,"Alcantara, Sandy",2026,132,23,17.4,6.5,20.5,50.7,0.38,0.295,0.524,48.5,5.3,77.468598087,,,,FF,4-Seam Fastball,18.9,523,15.2,0.3,0.533,0.402,-0.8,BASEBALL_SAVANT_PITCH_ARSENAL_CURRENT_SEASON,2026-08-28T17:22:48+00:00,SAVANT_ARSENAL_SCHEMA_V1,CURRENT
645261,"Alcantara, Sandy",2026,92,16,17.4,6.5,23.2,50.7,0.302,0.24,0.362,34.3,5.3,77.468598087,,,,FC,Cutter,14.8,411,20.0,0.181,0.265,0.246,2.6,BASEBALL_SAVANT_PITCH_ARSENAL_CURRENT_SEASON,2026-08-28T17:22:48+00:00,SAVANT_ARSENAL_SCHEMA_V1,CURRENT
645261,"Alcantara, Sandy",2026,43,13,30.2,6.5,25.5,50.7,0.265,0.198,0.319,26.9,5.3,77.468598087,,,,ST,Sweeper,8.5,234,17.3,0.205,0.359,0.284,-0.5,BASEBALL_SAVANT_PITCH_ARSENAL_CURRENT_SEASON,2026-08-28T17:22:48+00:00,SAVANT_ARSENAL_SCHEMA_V1,CURRENT
645261,"Alcantara, Sandy",2026,39,11,28.2,6.5,31.5,50.7,0.165,0.131,0.224,25.9,5.3,77.468598087,,,,SL,Slider,6.8,187,17.5,0.158,0.263,0.194,1.7,BASEBALL_SAVANT_PITCH_ARSENAL_CURRENT_SEASON,2026-08-28T17:22:48+00:00,SAVANT_ARSENAL_SCHEMA_V1,CURRENT
645261,"Alcantara, Sandy",2026,21,0,0.0,6.5,15.4,50.7,0.284,0.268,0.387,19.0,5.3,77.468598087,,,,CU,Curveball,3.6,100,0.0,0.238,0.476,0.3,-0.6,BASEBALL_SAVANT_PITCH_ARSENAL_CURRENT_SEASON,2026-08-28T17:22:48+00:00,SAVANT_ARSENAL_SCHEMA_V1,CURRENT
691951,"Aldegheri, Sam",2026,77,8,10.4,11.3,12.1,45.7,0.365,0.272,0.435,29.3,9.0,74.746252182,,,,FF,4-Seam Fastball,47.2,288,9.6,0.215,0.308,0.315,1.0,BASEBALL_SAVANT_PITCH_ARSENAL_CURRENT_SEASON,2026-08-28T17:22:48+00:00,SAVANT_ARSENAL_SCHEMA_V1,CURRENT
691951,"Aldegheri, Sam",2026,48,11,22.9,11.3,33.3,45.7,0.294,0.233,0.436,40.0,9.0,74.746252182,,,,CH,Changeup,31.0,189,16.4,0.227,0.455,0.311,0.7,BASEBALL_SAVANT_PITCH_ARSENAL_CURRENT_SEASON,2026-08-28T17:22:48+00:00,SAVANT_ARSENAL_SCHEMA_V1,CURRENT
691951,"Aldegheri, Sam",2026,19,2,10.5,11.3,12.5,45.7,0.391,0.291,0.424,38.5,9.0,74.746252182,,,,FC,Cutter,9.7,59,10.0,0.267,0.4,0.374,-1.6,BASEBALL_SAVANT_PITCH_ARSENAL_CURRENT_SEASON,2026-08-28T17:22:48+00:00,SAVANT_ARSENAL_SCHEMA_V1,CURRENT
691951,"Aldegheri, Sam",2026,3,1,33.3,11.3,22.2,45.7,0.336,0.148,0.173,100.0,9.0,74.746252182,,,,CU,Curveball,7.5,46,16.7,0.0,0.0,0.233,1.3,BASEBALL_SAVANT_PITCH_ARSENAL_CURRENT_SEASON,2026-08-28T17:22:48+00:00,SAVANT_ARSENAL_SCHEMA_V1,CURRENT
691951,"Aldegheri, Sam",2026,4,0,0.0,11.3,11.1,45.7,0.721,0.635,1.064,50.0,9.0,74.746252182,,,,SL,Slider,4.6,28,0.0,0.75,1.5,0.95,-8.8,BASEBALL_SAVANT_PITCH_ARSENAL_CURRENT_SEASON,2026-08-28T17:22:48+00:00,SAVANT_ARSENAL_SCHEMA_V1,CURRENT
680916,"Aleman, Franco",2026,53,15,28.3,9.8,24.7,44.9,0.259,0.178,0.268,41.9,4.0,78.4462732,,,,FF,4-Seam Fastball,67.4,225,23.8,0.239,0.326,0.307,0.9,BASEBALL_SAVANT_PITCH_ARSENAL_CURRENT_SEASON,2026-08-28T17:22:48+00:00,SAVANT_ARSENAL_SCHEMA_V1,CURRENT
680916,"Aleman, Franco",2026,26,7,26.9,9.8,36.4,44.9,0.354,0.264,0.386,37.5,4.0,78.4462732,,,,SL,Slider,25.1,84,26.9,0.348,0.522,0.44,-3.0,BASEBALL_SAVANT_PITCH_ARSENAL_CURRENT_SEASON,2026-08-28T17:22:48+00:00,SAVANT_ARSENAL_SCHEMA_V1,CURRENT
680916,"Aleman, Franco",2026,3,0,0.0,9.8,11.1,44.9,0.156,0.105,0.264,33.3,4.0,78.4462732,,,,CH,Changeup,7.5,25,0.0,0.0,0.0,0.0,2.7,BASEBALL_SAVANT_PITCH_ARSENAL_CURRENT_SEASON,2026-08-28T17:22:48+00:00,SAVANT_ARSENAL_SCHEMA_V1,CURRENT
669920,"Alexander, Jason",2026,31,7,22.6,9.5,29.4,44.5,0.274,0.257,0.34,17.4,10.0,75.822892333,,,,CH,Changeup,35.1,105,18.4,0.167,0.267,0.203,2.0,BASEBALL_SAVANT_PITCH_ARSENAL_CURRENT_SEASON,2026-08-28T17:22:48+00:00,SAVANT_ARSENAL_SCHEMA_V1,CURRENT
669920,"Alexander, Jason",2026,18,2,11.1,9.5,16.7,44.5,0.491,0.34,0.568,60.0,10.0,75.822892333,,,,SI,Sinker,23.4,70,50.0,0.25,0.583,0.464,-0.2,BASEBALL_SAVANT_PITCH_ARSENAL_CURRENT_SEASON,2026-08-28T17:22:48+00:00,SAVANT_ARSENAL_SCHEMA_V1,CURRENT
669920,"Alexander, Jason",2026,23,3,13.0,9.5,11.4,44.5,0.293,0.217,0.378,50.0,10.0,75.822892333,,,,FF,4-Seam Fastball,23.1,69,14.3,0.381,0.762,0.52,-4.5,BASEBALL_SAVANT_PITCH_ARSENAL_CURRENT_SEASON,2026-08-28T17:22:48+00:00,SAVANT_ARSENAL_SCHEMA_V1,CURRENT
669920,"Alexander, Jason",2026,4,0,0.0,9.5,11.1,44.5,0.431,0.397,0.62,50.0,10.0,75.822892333,,,,FC,Cutter,7.4,22,0.0,0.75,1.25,0.85,-7.1,BASEBALL_SAVANT_PITCH_ARSENAL_CURRENT_SEASON,2026-08-28T17:22:48+00:00,SAVANT_ARSENAL_SCHEMA_V1,CURRENT
669920,"Alexander, Jason",2026,5,1,20.0,9.5,20.0,44.5,0.411,0.264,0.729,50.0,10.0,75.822892333,,,,ST,Sweeper,6.0,18,50.0,0.4,1.2,0.65,-6.4,BASEBALL_SAVANT_PITCH_ARSENAL_CURRENT_SEASON,2026-08-28T17:22:48+00:00,SAVANT_ARSENAL_SCHEMA_V1,CURRENT
669920,"Alexander, Jason",2026,3,1,33.3,9.5,22.2,44.5,0.004,0.003,0.005,0.0,10.0,75.822892333,,,,SL,Slider,5.0,15,20.0,0.0,0.0,0.0,5.2,BASEBALL_SAVANT_PITCH_ARSENAL_CURRENT_SEASON,2026-08-28T17:22:48+00:00,SAVANT_ARSENAL_SCHEMA_V1,CURRENT
641302,"Alexander, Tyler",2026,77,17,22.1,7.3,26.4,46.4,0.274,0.241,0.341,46.4,4.6,75.395492791,,,,CH,Changeup,24.1,228,17.3,0.247,0.342,0.314,-0.7,BASEBALL_SAVANT_PITCH_ARSENAL_CURRENT_SEASON,2026-08-28T17:22:48+00:00,SAVANT_ARSENAL_SCHEMA_V1,CURRENT
641302,"Alexander, Tyler",2026,31,5,16.1,7.3,19.2,46.4,0.341,0.259,0.388,23.8,4.6,75.395492791,,,,FC,Cutter,22.2,210,22.7,0.292,0.458,0.373,0.1,BASEBALL_SAVANT_PITCH_ARSENAL_CURRENT_SEASON,2026-08-28T17:22:48+00:00,SAVANT_ARSENAL_SCHEMA_V1,CURRENT
641302,"Alexander, Tyler",2026,59,6,10.2,7.3,6.1,46.4,0.321,0.265,0.318,28.9,4.6,75.395492791,,,,SI,Sinker,19.1,181,12.0,0.367,0.408,0.388,-0.9,BASEBALL_SAVANT_PITCH_ARSENAL_CURRENT_SEASON,2026-08-28T17:22:48+00:00,SAVANT_ARSENAL_SCHEMA_V1,CURRENT
641302,"Alexander, Tyler",2026,39,17,43.6,7.3,30.4,46.4,0.231,0.176,0.274,42.1,4.6,75.395492791,,,,FF,4-Seam Fastball,17.5,166,22.1,0.167,0.167,0.192,2.9,BASEBALL_SAVANT_PITCH_ARSENAL_CURRENT_SEASON,2026-08-28T17:22:48+00:00,SAVANT_ARSENAL_SCHEMA_V1,CURRENT
641302,"Alexander, Tyler",2026,41,6,14.6,7.3,26.3,46.4,0.255,0.226,0.344,26.5,4.6,75.395492791,,,,ST,Sweeper,17.1,162,13.0,0.275,0.425,0.333,-0.1,BASEBALL_SAVANT_PITCH_ARSENAL_CURRENT_SEASON,2026-08-28T17:22:48+00:00,SAVANT_ARSENAL_SCHEMA_V1,CURRENT
663465,"Allard, Kolby",2026,13,4,30.8,6.7,10.3,52.0,0.37,0.316,0.404,42.9,15.6,77.955251875,,,,FF,4-Seam Fastball,33.9,60,16.7,0.455,0.545,0.481,-2.3,BASEBALL_SAVANT_PITCH_ARSENAL_CURRENT_SEASON,2026-08-28T17:22:48+00:00,SAVANT_ARSENAL_SCHEMA_V1,CURRENT
663465,"Allard, Kolby",2026,11,3,27.3,6.7,30.0,52.0,0.358,0.31,0.537,37.5,15.6,77.955251875,,,,FC,Cutter,22.6,40,30.0,0.364,0.636,0.423,-0.2,BASEBALL_SAVANT_PITCH_ARSENAL_CURRENT_SEASON,2026-08-28T17:22:48+00:00,SAVANT_ARSENAL_SCHEMA_V1,CURRENT
663465,"Allard, Kolby",2026,8,1,12.5,6.7,17.4,52.0,0.372,0.297,0.591,57.1,15.6,77.955251875,,,,CH,Changeup,18.6,33,5.9,0.25,0.625,0.363,-5.3,BASEBALL_SAVANT_PITCH_ARSENAL_CURRENT_SEASON,2026-08-28T17:22:48+00:00,SAVANT_ARSENAL_SCHEMA_V1,CURRENT
663465,"Allard, Kolby",2026,5,1,20.0,6.7,14.3,52.0,0.417,0.427,0.519,25.0,15.6,77.955251875,,,,CU,Curveball,13.6,24,11.1,0.6,0.8,0.61,-6.7,BASEBALL_SAVANT_PITCH_ARSENAL_CURRENT_SEASON,2026-08-28T17:22:48+00:00,SAVANT_ARSENAL_SCHEMA_V1,CURRENT
663465,"Allard, Kolby",2026,7,0,0.0,6.7,15.4,52.0,0.447,0.267,0.701,50.0,15.6,77.955251875,,,,SI,Sinker,11.3,20,0.0,0.333,0.833,0.514,-5.5,BASEBALL_SAVANT_PITCH_ARSENAL_CURRENT_SEASON,2026-08-28T17:22:48+00:00,SAVANT_ARSENAL_SCHEMA_V1,CURRENT
671106,"Allen, Logan",2026,19,3,15.8,6.9,15.6,46.4,0.273,0.164,0.216,50.0,13.2,79.012511579,,,,FF,4-Seam Fastball,27.4,65,12.0,0.286,0.429,0.421,-3.0,BASEBALL_SAVANT_PITCH_ARSENAL_CURRENT_SEASON,2026-08-28T17:22:48+00:00,SAVANT_ARSENAL_SCHEMA_V1,CURRENT
671106,"Allen, Logan",2026,17,4,23.5,6.9,18.2,46.4,0.425,0.289,0.683,66.7,13.2,79.012511579,,,,FC,Cutter,24.9,59,26.7,0.25,0.5,0.338,1.2,BASEBALL_SAVANT_PITCH_ARSENAL_CURRENT_SEASON,2026-08-28T17:22:48+00:00,SAVANT_ARSENAL_SCHEMA_V1,CURRENT
671106,"Allen, Logan",2026,7,1,14.3,6.9,41.7,46.4,0.443,0.314,0.741,33.3,13.2,79.012511579,,,,ST,Sweeper,18.6,44,11.1,0.429,1.0,0.593,-4.1,BASEBALL_SAVANT_PITCH_ARSENAL_CURRENT_SEASON,2026-08-28T17:22:48+00:00,SAVANT_ARSENAL_SCHEMA_V1,CURRENT
671106,"Allen, Logan",2026,10,2,20.0,6.9,4.5,46.4,0.231,0.188,0.21,14.3,13.2,79.012511579,,,,SI,Sinker,17.3,41,16.7,0.222,0.222,0.278,2.9,BASEBALL_SAVANT_PITCH_ARSENAL_CURRENT_SEASON,2026-08-28T17:22:48+00:00,SAVANT_ARSENAL_SCHEMA_V1,CURRENT
671106,"Allen, Logan",2026,5,3,60.0,6.9,45.5,46.4,0.053,0.059,0.06,50.0,13.2,79.012511579,,,,CH,Changeup,11.8,28,25.0,0.2,0.2,0.18,0.2,BASEBALL_SAVANT_PITCH_ARSENAL_CURRENT_SEASON,2026-08-28T17:22:48+00:00,SAVANT_ARSENAL_SCHEMA_V1,CURRENT
665660,"Alvarado, Elvis",2026,103,36,35.0,11.2,34.0,51.8,0.337,0.187,0.406,51.1,15.5,79.30186902,,,,FF,4-Seam Fastball,59.7,445,23.5,0.169,0.386,0.322,0.3,BASEBALL_SAVANT_PITCH_ARSENAL_CURRENT_SEASON,2026-08-28T17:22:48+00:00,SAVANT_ARSENAL_SCHEMA_V1,CURRENT
665660,"Alvarado, Elvis",2026,39,13,33.3,11.2,36.6,51.8,0.347,0.239,0.522,34.6,15.5,79.30186902,,,,SL,Slider,22.3,166,18.8,0.237,0.526,0.31,-2.6,BASEBALL_SAVANT_PITCH_ARSENAL_CURRENT_SEASON,2026-08-28T17:22:48+00:00,SAVANT_ARSENAL_SCHEMA_V1,CURRENT
665660,"Alvarado, Elvis",2026,27,0,0.0,11.2,8.0,51.8,0.352,0.264,0.498,64.0,15.5,79.30186902,,,,SI,Sinker,13.3,99,0.0,0.36,0.52,0.437,-1.8,BASEBALL_SAVANT_PITCH_ARSENAL_CURRENT_SEASON,2026-08-28T17:22:48+00:00,SAVANT_ARSENAL_SCHEMA_V1,CURRENT
665660,"Alvarado, Elvis",2026,8,4,50.0,11.2,46.7,51.8,0.085,0.061,0.139,25.0,15.5,79.30186902,,,,FS,Split-Finger,4.6,34,21.1,0.0,0.0,0.0,3.8,BASEBALL_SAVANT_PITCH_ARSENAL_CURRENT_SEASON,2026-08-28T17:22:48+00:00,SAVANT_ARSENAL_SCHEMA_V1,CURRENT
665660,"Alvarado, Elvis",2026,1,0,0.0,11.2,0.0,51.8,0.175,0.086,0.332,100.0,15.5,79.30186902,,,,CH,Changeup,10.0,1,0.0,0.0,0.0,0.0,18.3,BASEBALL_SAVANT_PITCH_ARSENAL_CURRENT_SEASON,2026-08-28T17:22:48+00:00,SAVANT_ARSENAL_SCHEMA_V1,CURRENT
621237,"Alvarado, José",2026,132,22,16.7,10.1,22.9,46.1,0.342,0.261,0.385,32.2,5.5,76.061570645,,,,SI,Sinker,62.5,572,18.6,0.297,0.432,0.377,0.5,BASEBALL_SAVANT_PITCH_ARSENAL_CURRENT_SEASON,2026-08-28T17:22:48+00:00,SAVANT_ARSENAL_SCHEMA_V1,CURRENT
621237,"Alvarado, José",2026,73,31,42.5,10.1,41.1,46.1,0.243,0.165,0.293,17.1,5.5,76.061570645,,,,FC,Cutter,32.3,296,19.7,0.227,0.424,0.316,-0.9,BASEBALL_SAVANT_PITCH_ARSENAL_CURRENT_SEASON,2026-08-28T17:22:48+00:00,SAVANT_ARSENAL_SCHEMA_V1,CURRENT
621237,"Alvarado, José",2026,7,4,57.1,10.1,30.0,46.1,0.248,0.172,0.233,50.0,5.5,76.061570645,,,,CU,Curveball,3.1,28,15.4,0.167,0.333,0.279,-2.9,BASEBALL_SAVANT_PITCH_ARSENAL_CURRENT_SEASON,2026-08-28T17:22:48+00:00,SAVANT_ARSENAL_SCHEMA_V1,CURRENT
621237,"Alvarado, José",2026,4,2,50.0,10.1,25.0,46.1,0.229,0.251,0.267,0.0,5.5,76.061570645,,,,FF,4-Seam Fastball,2.1,19,12.5,0.25,0.25,0.225,-3.0,BASEBALL_SAVANT_PITCH_ARSENAL_CURRENT_SEASON,2026-08-28T17:22:48+00:00,SAVANT_ARSENAL_SCHEMA_V1,CURRENT
674841,"Alvarez, Andrew",2026,122,51,41.8,10.6,34.2,44.4,0.222,0.186,0.247,53.8,5.9,78.160065763,,,,CU,Curveball,31.0,431,25.8,0.184,0.246,0.224,0.8,BASEBALL_SAVANT_PITCH_ARSENAL_CURRENT_SEASON,2026-08-28T17:22:48+00:00,SAVANT_ARSENAL_SCHEMA_V1,CURRENT
674841,"Alvarez, Andrew",2026,104,11,10.6,10.6,12.4,44.4,0.398,0.32,0.488,36.4,5.9,78.160065763,,,,FF,4-Seam Fastball,28.2,392,14.1,0.287,0.46,0.376,-0.2,BASEBALL_SAVANT_PITCH_ARSENAL_CURRENT_SEASON,2026-08-28T17:22:48+00:00,SAVANT_ARSENAL_SCHEMA_V1,CURRENT
674841,"Alvarez, Andrew",2026,74,16,21.6,10.6,35.1,44.4,0.381,0.254,0.503,37.0,5.9,78.160065763,,,,SL,Slider,21.8,303,19.0,0.242,0.452,0.359,-0.8,BASEBALL_SAVANT_PITCH_ARSENAL_CURRENT_SEASON,2026-08-28T17:22:48+00:00,SAVANT_ARSENAL_SCHEMA_V1,CURRENT
674841,"Alvarez, Andrew",2026,48,2,4.2,10.6,17.6,44.4,0.431,0.379,0.511,53.8,5.9,78.160065763,,,,SI,Sinker,14.9,208,18.2,0.317,0.366,0.368,0.7,BASEBALL_SAVANT_PITCH_ARSENAL_CURRENT_SEASON,2026-08-28T17:22:48+00:00,SAVANT_ARSENAL_SCHEMA_V1,CURRENT
674841,"Alvarez, Andrew",2026,11,0,0.0,10.6,34.8,44.4,0.122,0.126,0.156,0.0,5.9,78.160065763,,,,CH,Changeup,4.2,58,0.0,0.182,0.182,0.164,2.2,BASEBALL_SAVANT_PITCH_ARSENAL_CURRENT_SEASON,2026-08-28T17:22:48+00:00,SAVANT_ARSENAL_SCHEMA_V1,CURRENT
623454,"Anderson, Drew",2026,154,33,21.4,8.9,20.0,48.7,0.307,0.215,0.357,36.0,8.6,80.570913945,,,,FF,4-Seam Fastball,39.7,534,19.9,0.214,0.344,0.311,1.6,BASEBALL_SAVANT_PITCH_ARSENAL_CURRENT_SEASON,2026-08-28T17:22:48+00:00,SAVANT_ARSENAL_SCHEMA_V1,CURRENT
623454,"Anderson, Drew",2026,109,37,33.9,8.9,38.3,48.7,0.26,0.212,0.336,37.9,8.6,80.570913945,,,,CH,Changeup,30.3,408,21.0,0.243,0.417,0.313,-1.3,BASEBALL_SAVANT_PITCH_ARSENAL_CURRENT_SEASON,2026-08-28T17:22:48+00:00,SAVANT_ARSENAL_SCHEMA_V1,CURRENT
623454,"Anderson, Drew",2026,61,20,32.8,8.9,34.3,48.7,0.274,0.201,0.31,47.1,8.6,80.570913945,,,,CU,Curveball,23.0,310,23.8,0.241,0.407,0.325,-0.2,BASEBALL_SAVANT_PITCH_ARSENAL_CURRENT_SEASON,2026-08-28T17:22:48+00:00,SAVANT_ARSENAL_SCHEMA_V1,CURRENT
623454,"Anderson, Drew",2026,18,1,5.6,8.9,28.9,48.7,0.527,0.357,0.859,47.1,8.6,80.570913945,,,,SL,Slider,5.3,71,20.0,0.412,1.0,0.532,-5.7,BASEBALL_SAVANT_PITCH_ARSENAL_CURRENT_SEASON,2026-08-28T17:22:48+00:00,SAVANT_ARSENAL_SCHEMA_V1,CURRENT
623454,"Anderson, Drew",2026,6,0,0.0,8.9,0.0,48.7,0.327,0.353,0.405,16.7,8.6,80.570913945,,,,SI,Sinker,1.7,23,0.0,0.333,0.333,0.45,-3.7,BASEBALL_SAVANT_PITCH_ARSENAL_CURRENT_SEASON,2026-08-28T17:22:48+00:00,SAVANT_ARSENAL_SCHEMA_V1,CURRENT
681982,"Anderson, Grant",2026,81,20,24.7,10.0,23.5,49.2,0.284,0.195,0.351,40.4,7.0,77.968273429,,,,FF,4-Seam Fastball,37.5,306,17.2,0.208,0.472,0.329,-0.7,BASEBALL_SAVANT_PITCH_ARSENAL_CURRENT_SEASON,2026-08-28T17:22:48+00:00,SAVANT_ARSENAL_SCHEMA_V1,CURRENT
681982,"Anderson, Grant",2026,70,22,31.4,10.0,37.5,49.2,0.219,0.192,0.265,26.7,7.0,77.968273429,,,,ST,Sweeper,36.7,299,22.7,0.179,0.313,0.23,0.8,BASEBALL_SAVANT_PITCH_ARSENAL_CURRENT_SEASON,2026-08-28T17:22:48+00:00,SAVANT_ARSENAL_SCHEMA_V1,CURRENT
681982,"Anderson, Grant",2026,52,3,5.8,10.0,10.2,49.2,0.307,0.231,0.326,39.0,7.0,77.968273429,,,,SI,Sinker,23.3,190,13.6,0.209,0.349,0.305,1.9,BASEBALL_SAVANT_PITCH_ARSENAL_CURRENT_SEASON,2026-08-28T17:22:48+00:00,SAVANT_ARSENAL_SCHEMA_V1,CURRENT
681982,"Anderson, Grant",2026,5,1,20.0,10.0,18.2,49.2,0.651,0.485,1.055,50.0,7.0,77.968273429,,,,CH,Changeup,2.5,20,12.5,0.4,1.0,0.58,-7.5,BASEBALL_SAVANT_PITCH_ARSENAL_CURRENT_SEASON,2026-08-28T17:22:48+00:00,SAVANT_ARSENAL_SCHEMA_V1,CURRENT
681252,"Anderson, Jack",2026,17,2,11.8,6.3,3.6,52.8,0.396,0.292,0.543,61.5,9.1,75.53509625,,,,FF,4-Seam Fastball,33.3,60,14.3,0.267,0.333,0.315,3.1,BASEBALL_SAVANT_PITCH_ARSENAL_CURRENT_SEASON,2026-08-28T17:22:48+00:00,SAVANT_ARSENAL_SCHEMA_V1,CURRENT
681252,"Anderson, Jack",2026,13,6,46.2,6.3,44.4,52.8,0.17,0.118,0.175,16.7,9.1,75.53509625,,,,FS,Split-Finger,23.3,42,27.3,0.083,0.083,0.123,3.1,BASEBALL_SAVANT_PITCH_ARSENAL_CURRENT_SEASON,2026-08-28T17:22:48+00:00,SAVANT_ARSENAL_SCHEMA_V1,CURRENT
681252,"Anderson, Jack",2026,8,2,25.0,6.3,47.4,52.8,0.478,0.354,0.801,50.0,9.1,75.53509625,,,,SL,Slider,22.2,40,100.0,0.375,0.875,0.519,-4.8,BASEBALL_SAVANT_PITCH_ARSENAL_CURRENT_SEASON,2026-08-28T17:22:48+00:00,SAVANT_ARSENAL_SCHEMA_V1,CURRENT
681252,"Anderson, Jack",2026,10,2,20.0,6.3,27.8,52.8,0.17,0.17,0.213,0.0,9.1,75.53509625,,,,ST,Sweeper,15.6,28,20.0,0.2,0.2,0.18,2.7,BASEBALL_SAVANT_PITCH_ARSENAL_CURRENT_SEASON,2026-08-28T17:22:48+00:00,SAVANT_ARSENAL_SCHEMA_V1,CURRENT
807739,"Anderson, Kade",2026,8,1,12.5,9.1,13.3,51.9,0.223,0.117,0.257,33.3,13.3,77.4747625,,,,FF,4-Seam Fastball,33.3,27,14.3,0.286,0.429,0.356,0.4,BASEBALL_SAVANT_PITCH_ARSENAL_CURRENT_SEASON,2026-08-28T17:22:48+00:00,SAVANT_ARSENAL_SCHEMA_V1,CURRENT
807739,"Anderson, Kade",2026,5,2,40.0,9.1,41.7,51.9,0.263,0.18,0.458,33.3,13.3,77.4747625,,,,SL,Slider,24.7,20,33.3,0.2,0.8,0.4,-7.7,BASEBALL_SAVANT_PITCH_ARSENAL_CURRENT_SEASON,2026-08-28T17:22:48+00:00,SAVANT_ARSENAL_SCHEMA_V1,CURRENT
807739,"Anderson, Kade",2026,7,1,14.3,9.1,16.7,51.9,0.375,0.287,0.592,40.0,13.3,77.4747625,,,,CH,Changeup,22.2,18,10.0,0.4,1.0,0.514,-15.5,BASEBALL_SAVANT_PITCH_ARSENAL_CURRENT_SEASON,2026-08-28T17:22:48+00:00,SAVANT_ARSENAL_SCHEMA_V1,CURRENT
807739,"Anderson, Kade",2026,2,1,50.0,9.1,66.7,51.9,0.016,0.018,0.018,0.0,13.3,77.4747625,,,,CU,Curveball,19.8,16,50.0,0.0,0.0,0.0,3.1,BASEBALL_SAVANT_PITCH_ARSENAL_CURRENT_SEASON,2026-08-28T17:22:48+00:00,SAVANT_ARSENAL_SCHEMA_V1,CURRENT
641312,"Anderson, Shaun",2026,31,5,16.1,10.8,27.9,45.0,0.476,0.358,0.6,42.1,9.2,77.226670625,,,,SL,Slider,26.8,94,33.3,0.435,0.609,0.542,-3.6,BASEBALL_SAVANT_PITCH_ARSENAL_CURRENT_SEASON,2026-08-28T17:22:48+00:00,SAVANT_ARSENAL_SCHEMA_V1,CURRENT
641312,"Anderson, Shaun",2026,27,5,18.5,10.8,25.0,45.0,0.343,0.244,0.412,33.3,9.2,77.226670625,,,,FF,4-Seam Fastball,26.8,94,16.7,0.217,0.217,0.27,1.2,BASEBALL_SAVANT_PITCH_ARSENAL_CURRENT_SEASON,2026-08-28T17:22:48+00:00,SAVANT_ARSENAL_SCHEMA_V1,CURRENT
641312,"Anderson, Shaun",2026,20,3,15.0,10.8,26.2,45.0,0.434,0.351,0.676,41.2,9.2,77.226670625,,,,CH,Changeup,25.6,90,15.0,0.35,0.8,0.48,-2.3,BASEBALL_SAVANT_PITCH_ARSENAL_CURRENT_SEASON,2026-08-28T17:22:48+00:00,SAVANT_ARSENAL_SCHEMA_V1,CURRENT
641312,"Anderson, Shaun",2026,12,4,33.3,10.8,33.3,45.0,0.223,0.218,0.299,25.0,9.2,77.226670625,,,,ST,Sweeper,13.4,47,23.5,0.167,0.167,0.15,2.8,BASEBALL_SAVANT_PITCH_ARSENAL_CURRENT_SEASON,2026-08-28T17:22:48+00:00,SAVANT_ARSENAL_SCHEMA_V1,CURRENT
641312,"Anderson, Shaun",2026,3,0,0.0,10.8,12.5,45.0,0.351,0.36,0.449,66.7,9.2,77.226670625,,,,SI,Sinker,7.4,26,0.0,0.333,0.333,0.3,-0.1,BASEBALL_SAVANT_PITCH_ARSENAL_CURRENT_SEASON,2026-08-28T17:22:48+00:00,SAVANT_ARSENAL_SCHEMA_V1,CURRENT
681084,"Andrews, Tanner",2026,5,1,20.0,18.2,25.0,41.9,0.219,0.11,0.115,0.0,12.5,67.064095,,,,FS,Split-Finger,41.9,18,20.0,0.25,0.25,0.32,-2.6,BASEBALL_SAVANT_PITCH_ARSENAL_CURRENT_SEASON,2026-08-28T17:22:48+00:00,SAVANT_ARSENAL_SCHEMA_V1,CURRENT
681084,"Andrews, Tanner",2026,4,0,0.0,18.2,16.7,41.9,0.401,0.195,0.528,33.3,12.5,67.064095,,,,FF,4-Seam Fastball,37.2,16,0.0,0.0,0.0,0.175,5.9,BASEBALL_SAVANT_PITCH_ARSENAL_CURRENT_SEASON,2026-08-28T17:22:48+00:00,SAVANT_ARSENAL_SCHEMA_V1,CURRENT
681084,"Andrews, Tanner",2026,2,0,0.0,18.2,25.0,41.9,0.153,0.096,0.28,50.0,12.5,67.064095,,,,SL,Slider,20.9,9,,0.0,0.0,0.0,6.0,BASEBALL_SAVANT_PITCH_ARSENAL_CURRENT_SEASON,2026-08-28T17:22:48+00:00,SAVANT_ARSENAL_SCHEMA_V1,CURRENT
622088,"Antone, Tejay",2026,91,25,27.5,7.5,32.3,47.2,0.252,0.199,0.3,27.1,8.3,77.430130862,,,,ST,Sweeper,54.2,391,19.7,0.157,0.265,0.261,0.9,BASEBALL_SAVANT_PITCH_ARSENAL_CURRENT_SEASON,2026-08-28T17:22:48+00:00,SAVANT_ARSENAL_SCHEMA_V1,CURRENT
622088,"Antone, Tejay",2026,29,2,6.9,7.5,17.0,47.2,0.395,0.263,0.548,40.9,8.3,77.430130862,,,,FC,Cutter,16.6,120,14.3,0.143,0.333,0.283,2.1,BASEBALL_SAVANT_PITCH_ARSENAL_CURRENT_SEASON,2026-08-28T17:22:48+00:00,SAVANT_ARSENAL_SCHEMA_V1,CURRENT
622088,"Antone, Tejay",2026,22,3,13.6,7.5,12.8,47.2,0.377,0.271,0.533,29.4,8.3,77.430130862,,,,CU,Curveball,12.5,90,8.6,0.35,0.6,0.475,-2.8,BASEBALL_SAVANT_PITCH_ARSENAL_CURRENT_SEASON,2026-08-28T17:22:48+00:00,SAVANT_ARSENAL_SCHEMA_V1,CURRENT
622088,"Antone, Tejay",2026,19,4,21.1,7.5,32.3,47.2,0.351,0.286,0.349,50.0,8.3,77.430130862,,,,SI,Sinker,10.1,73,33.3,0.25,0.313,0.356,1.3,BASEBALL_SAVANT_PITCH_ARSENAL_CURRENT_SEASON,2026-08-28T17:22:48+00:00,SAVANT_ARSENAL_SCHEMA_V1,CURRENT
622088,"Antone, Tejay",2026,21,6,28.6,7.5,26.9,47.2,0.25,0.203,0.324,50.0,8.3,77.430130862,,,,FF,4-Seam Fastball,5.5,40,19.4,0.3,0.6,0.434,-5.5,BASEBALL_SAVANT_PITCH_ARSENAL_CURRENT_SEASON,2026-08-28T17:22:48+00:00,SAVANT_ARSENAL_SCHEMA_V1,CURRENT
622088,"Antone, Tejay",2026,3,1,33.3,7.5,16.7,47.2,0.334,0.205,0.604,50.0,8.3,77.430130862,,,,SL,Slider,1.1,8,20.0,0.333,1.0,0.533,-7.2,BASEBALL_SAVANT_PITCH_ARSENAL_CURRENT_SEASON,2026-08-28T17:22:48+00:00,SAVANT_ARSENAL_SCHEMA_V1,CURRENT
542888,"Armstrong, Shawn",2026,57,16,28.1,13.0,23.1,48.6,0.361,0.243,0.513,48.6,6.5,78.886426,,,,FF,4-Seam Fastball,31.7,189,21.1,0.24,0.46,0.333,0.3,BASEBALL_SAVANT_PITCH_ARSENAL_CURRENT_SEASON,2026-08-28T17:22:48+00:00,SAVANT_ARSENAL_SCHEMA_V1,CURRENT
542888,"Armstrong, Shawn",2026,28,9,32.1,13.0,29.7,48.6,0.196,0.105,0.158,20.0,6.5,78.886426,,,,ST,Sweeper,27.5,164,17.6,0.167,0.25,0.254,0.0,BASEBALL_SAVANT_PITCH_ARSENAL_CURRENT_SEASON,2026-08-28T17:22:48+00:00,SAVANT_ARSENAL_SCHEMA_V1,CURRENT
542888,"Armstrong, Shawn",2026,39,6,15.4,13.0,23.8,48.6,0.282,0.203,0.309,21.4,6.5,78.886426,,,,FC,Cutter,24.5,146,18.8,0.212,0.333,0.32,0.6,BASEBALL_SAVANT_PITCH_ARSENAL_CURRENT_SEASON,2026-08-28T17:22:48+00:00,SAVANT_ARSENAL_SCHEMA_V1,CURRENT
542888,"Armstrong, Shawn",2026,21,2,9.5,13.0,18.4,48.6,0.363,0.272,0.313,42.9,6.5,78.886426,,,,SI,Sinker,16.4,98,7.1,0.375,0.438,0.44,-2.1,BASEBALL_SAVANT_PITCH_ARSENAL_CURRENT_SEASON,2026-08-28T17:22:48+00:00,SAVANT_ARSENAL_SCHEMA_V1,CURRENT
681293,"Arrighetti, Spencer",2026,147,52,35.4,12.8,39.6,42.2,0.273,0.175,0.232,22.1,8.2,76.6133875,,,,CU,Curveball,33.9,558,27.2,0.175,0.225,0.278,-0.1,BASEBALL_SAVANT_PITCH_ARSENAL_CURRENT_SEASON,2026-08-28T17:22:48+00:00,SAVANT_ARSENAL_SCHEMA_V1,CURRENT
681293,"Arrighetti, Spencer",2026,106,18,17.0,12.8,19.6,42.2,0.402,0.294,0.557,40.5,8.2,76.6133875,,,,FF,4-Seam Fastball,29.4,484,15.8,0.258,0.494,0.363,-0.1,BASEBALL_SAVANT_PITCH_ARSENAL_CURRENT_SEASON,2026-08-28T17:22:48+00:00,SAVANT_ARSENAL_SCHEMA_V1,CURRENT
681293,"Arrighetti, Spencer",2026,59,16,27.1,12.8,26.4,42.2,0.277,0.171,0.298,17.6,8.2,76.6133875,,,,ST,Sweeper,12.1,199,29.6,0.184,0.327,0.323,-0.9,BASEBALL_SAVANT_PITCH_ARSENAL_CURRENT_SEASON,2026-08-28T17:22:48+00:00,SAVANT_ARSENAL_SCHEMA_V1,CURRENT
681293,"Arrighetti, Spencer",2026,46,2,4.3,12.8,10.1,42.2,0.47,0.334,0.549,26.5,8.2,76.6133875,,,,SI,Sinker,10.4,171,18.2,0.294,0.471,0.396,-0.6,BASEBALL_SAVANT_PITCH_ARSENAL_CURRENT_SEASON,2026-08-28T17:22:48+00:00,SAVANT_ARSENAL_SCHEMA_V1,CURRENT
681293,"Arrighetti, Spencer",2026,25,1,4.0,12.8,21.4,42.2,0.348,0.317,0.37,33.3,8.2,76.6133875,,,,CH,Changeup,7.1,117,6.7,0.182,0.227,0.242,0.0,BASEBALL_SAVANT_PITCH_ARSENAL_CURRENT_SEASON,2026-08-28T17:22:48+00:00,SAVANT_ARSENAL_SCHEMA_V1,CURRENT
681293,"Arrighetti, Spencer",2026,34,6,17.6,12.8,12.8,42.2,0.39,0.266,0.564,45.8,8.2,76.6133875,,,,FC,Cutter,6.0,99,35.3,0.267,0.633,0.424,-0.7,BASEBALL_SAVANT_PITCH_ARSENAL_CURRENT_SEASON,2026-08-28T17:22:48+00:00,SAVANT_ARSENAL_SCHEMA_V1,CURRENT
681293,"Arrighetti, Spencer",2026,4,0,0.0,12.8,25.0,42.2,0.655,0.519,0.987,66.7,8.2,76.6133875,,,,SL,Slider,100.0,16,0.0,0.333,0.333,0.4,-0.4,BASEBALL_SAVANT_PITCH_ARSENAL_CURRENT_SEASON,2026-08-28T17:22:48+00:00,SAVANT_ARSENAL_SCHEMA_V1,CURRENT
676879,"Ashby, Aaron",2026,161,20,12.4,11.2,15.8,40.8,0.334,0.27,0.384,45.0,4.4,75.792321209,,,,SI,Sinker,52.2,690,17.2,0.295,0.41,0.39,0.1,BASEBALL_SAVANT_PITCH_ARSENAL_CURRENT_SEASON,2026-08-28T17:22:48+00:00,SAVANT_ARSENAL_SCHEMA_V1,CURRENT
676879,"Ashby, Aaron",2026,58,37,63.8,11.2,54.5,40.8,0.183,0.107,0.124,23.1,4.4,75.792321209,,,,CU,Curveball,21.1,279,32.7,0.14,0.16,0.211,0.8,BASEBALL_SAVANT_PITCH_ARSENAL_CURRENT_SEASON,2026-08-28T17:22:48+00:00,SAVANT_ARSENAL_SCHEMA_V1,CURRENT
676879,"Ashby, Aaron",2026,55,32,58.2,11.2,56.4,40.8,0.129,0.111,0.137,28.6,4.4,75.792321209,,,,SL,Slider,13.3,176,36.8,0.132,0.189,0.16,2.6,BASEBALL_SAVANT_PITCH_ARSENAL_CURRENT_SEASON,2026-08-28T17:22:48+00:00,SAVANT_ARSENAL_SCHEMA_V1,CURRENT
676879,"Ashby, Aaron",2026,40,12,30.0,11.2,48.8,40.8,0.243,0.172,0.222,26.1,4.4,75.792321209,,,,CH,Changeup,11.4,151,25.0,0.235,0.324,0.295,-1.3,BASEBALL_SAVANT_PITCH_ARSENAL_CURRENT_SEASON,2026-08-28T17:22:48+00:00,SAVANT_ARSENAL_SCHEMA_V1,CURRENT
676879,"Ashby, Aaron",2026,7,1,14.3,11.2,7.7,40.8,0.485,0.264,0.849,60.0,4.4,75.792321209,,,,FF,4-Seam Fastball,2.0,26,5.9,0.333,1.0,0.564,-7.9,BASEBALL_SAVANT_PITCH_ARSENAL_CURRENT_SEASON,2026-08-28T17:22:48+00:00,SAVANT_ARSENAL_SCHEMA_V1,CURRENT
677952,"Ashcraft, Braxton",2026,177,35,19.8,5.5,17.6,52.4,0.329,0.242,0.459,45.7,6.4,79.362465311,,,,FF,4-Seam Fastball,31.0,705,21.2,0.306,0.588,0.4,-1.0,BASEBALL_SAVANT_PITCH_ARSENAL_CURRENT_SEASON,2026-08-28T17:22:48+00:00,SAVANT_ARSENAL_SCHEMA_V1,CURRENT
677952,"Ashcraft, Braxton",2026,158,71,44.9,5.5,38.4,52.4,0.226,0.165,0.276,36.8,6.4,79.362465311,,,,CU,Curveball,26.2,595,26.6,0.131,0.228,0.19,2.0,BASEBALL_SAVANT_PITCH_ARSENAL_CURRENT_SEASON,2026-08-28T17:22:48+00:00,SAVANT_ARSENAL_SCHEMA_V1,CURRENT
677952,"Ashcraft, Braxton",2026,143,41,28.7,5.5,30.5,52.4,0.283,0.238,0.358,38.7,6.4,79.362465311,,,,SL,Slider,22.6,515,23.6,0.256,0.414,0.33,0.0,BASEBALL_SAVANT_PITCH_ARSENAL_CURRENT_SEASON,2026-08-28T17:22:48+00:00,SAVANT_ARSENAL_SCHEMA_V1,CURRENT
677952,"Ashcraft, Braxton",2026,126,12,9.5,5.5,17.4,52.4,0.308,0.273,0.374,42.5,6.4,79.362465311,,,,SI,Sinker,15.9,361,19.7,0.197,0.274,0.258,2.6,BASEBALL_SAVANT_PITCH_ARSENAL_CURRENT_SEASON,2026-08-28T17:22:48+00:00,SAVANT_ARSENAL_SCHEMA_V1,CURRENT
677952,"Ashcraft, Braxton",2026,19,2,10.5,5.5,9.3,52.4,0.294,0.31,0.367,41.2,6.4,79.362465311,,,,FS,Split-Finger,4.4,99,13.3,0.368,0.368,0.332,-0.4,BASEBALL_SAVANT_PITCH_ARSENAL_CURRENT_SEASON,2026-08-28T17:22:48+00:00,SAVANT_ARSENAL_SCHEMA_V1,CURRENT
668933,"Ashcraft, Graham",2026,53,4,7.5,14.7,19.4,45.3,0.424,0.278,0.458,37.1,7.3,79.172392143,,,,FC,Cutter,51.3,231,7.3,0.308,0.462,0.463,-0.7,BASEBALL_SAVANT_PITCH_ARSENAL_CURRENT_SEASON,2026-08-28T17:22:48+00:00,SAVANT_ARSENAL_SCHEMA_V1,CURRENT
668933,"Ashcraft, Graham",2026,55,28,50.9,14.7,45.5,45.3,0.16,0.142,0.205,34.6,7.3,79.172392143,,,,SL,Slider,48.7,219,37.8,0.093,0.204,0.157,2.0,BASEBALL_SAVANT_PITCH_ARSENAL_CURRENT_SEASON,2026-08-28T17:22:48+00:00,SAVANT_ARSENAL_SCHEMA_V1,CURRENT
665871,"Assad, Javier",2026,165,24,14.5,6.3,8.3,44.3,0.329,0.269,0.405,51.6,7.1,80.12860856,,,,SI,Sinker,42.2,551,17.3,0.236,0.351,0.295,1.4,BASEBALL_SAVANT_PITCH_ARSENAL_CURRENT_SEASON,2026-08-28T17:22:48+00:00,SAVANT_ARSENAL_SCHEMA_V1,CURRENT
665871,"Assad, Javier",2026,61,9,14.8,6.3,18.5,44.3,0.379,0.3,0.555,49.0,7.1,80.12860856,,,,FF,4-Seam Fastball,18.9,246,13.0,0.246,0.509,0.337,0.4,BASEBALL_SAVANT_PITCH_ARSENAL_CURRENT_SEASON,2026-08-28T17:22:48+00:00,SAVANT_ARSENAL_SCHEMA_V1,CURRENT
665871,"Assad, Javier",2026,26,0,0.0,6.3,13.6,44.3,0.428,0.327,0.601,47.8,7.1,80.12860856,,,,FC,Cutter,12.3,161,0.0,0.304,0.609,0.456,-1.7,BASEBALL_SAVANT_PITCH_ARSENAL_CURRENT_SEASON,2026-08-28T17:22:48+00:00,SAVANT_ARSENAL_SCHEMA_V1,CURRENT
665871,"Assad, Javier",2026,29,7,24.1,6.3,28.3,44.3,0.339,0.271,0.534,36.4,7.1,80.12860856,,,,CH,Changeup,7.7,100,17.1,0.31,0.655,0.405,-3.3,BASEBALL_SAVANT_PITCH_ARSENAL_CURRENT_SEASON,2026-08-28T17:22:48+00:00,SAVANT_ARSENAL_SCHEMA_V1,CURRENT
665871,"Assad, Javier",2026,14,5,35.7,6.3,18.5,44.3,0.161,0.069,0.094,14.3,7.1,80.12860856,,,,CU,Curveball,7.5,98,17.2,0.0,0.0,0.1,1.6,BASEBALL_SAVANT_PITCH_ARSENAL_CURRENT_SEASON,2026-08-28T17:22:48+00:00,SAVANT_ARSENAL_SCHEMA_V1,CURRENT
665871,"Assad, Javier",2026,18,7,38.9,6.3,29.0,44.3,0.13,0.126,0.171,9.1,7.1,80.12860856,,,,ST,Sweeper,7.1,93,13.0,0.056,0.056,0.05,0.6,BASEBALL_SAVANT_PITCH_ARSENAL_CURRENT_SEASON,2026-08-28T17:22:48+00:00,SAVANT_ARSENAL_SCHEMA_V1,CURRENT
665871,"Assad, Javier",2026,18,3,16.7,6.3,20.8,44.3,0.274,0.281,0.35,33.3,7.1,80.12860856,,,,SL,Slider,4.3,56,13.6,0.278,0.444,0.311,-2.4,BASEBALL_SAVANT_PITCH_ARSENAL_CURRENT_SEASON,2026-08-28T17:22:48+00:00,SAVANT_ARSENAL_SCHEMA_V1,CURRENT
679883,"Avila, Luinder",2026,94,14,14.9,13.6,18.5,42.4,0.363,0.278,0.373,38.7,5.9,76.9869519,,,,SI,Sinker,27.4,354,18.7,0.28,0.347,0.358,0.2,BASEBALL_SAVANT_PITCH_ARSENAL_CURRENT_SEASON,2026-08-28T17:22:48+00:00,SAVANT_ARSENAL_SCHEMA_V1,CURRENT
679883,"Avila, Luinder",2026,84,13,15.5,13.6,16.2,42.4,0.344,0.262,0.401,32.2,5.9,76.9869519,,,,FF,4-Seam Fastball,26.0,336,16.7,0.296,0.423,0.372,-0.6,BASEBALL_SAVANT_PITCH_ARSENAL_CURRENT_SEASON,2026-08-28T17:22:48+00:00,SAVANT_ARSENAL_SCHEMA_V1,CURRENT
679883,"Avila, Luinder",2026,68,21,30.9,13.6,34.8,42.4,0.3,0.194,0.348,27.0,5.9,76.9869519,,,,SL,Slider,21.7,280,17.5,0.207,0.466,0.347,-1.3,BASEBALL_SAVANT_PITCH_ARSENAL_CURRENT_SEASON,2026-08-28T17:22:48+00:00,SAVANT_ARSENAL_SCHEMA_V1,CURRENT
679883,"Avila, Luinder",2026,35,4,11.4,13.6,24.0,42.4,0.383,0.272,0.55,42.9,5.9,76.9869519,,,,CU,Curveball,14.7,190,8.2,0.333,0.633,0.41,-1.0,BASEBALL_SAVANT_PITCH_ARSENAL_CURRENT_SEASON,2026-08-28T17:22:48+00:00,SAVANT_ARSENAL_SCHEMA_V1,CURRENT
679883,"Avila, Luinder",2026,28,9,32.1,13.6,37.0,42.4,0.285,0.248,0.378,38.9,5.9,76.9869519,,,,CH,Changeup,10.3,133,22.0,0.259,0.333,0.275,-0.6,BASEBALL_SAVANT_PITCH_ARSENAL_CURRENT_SEASON,2026-08-28T17:22:48+00:00,SAVANT_ARSENAL_SCHEMA_V1,CURRENT
669199,"Bachar, Lake",2026,91,15,16.5,10.0,15.7,45.5,0.328,0.206,0.452,44.6,8.9,78.867118723,,,,FF,4-Seam Fastball,28.8,349,16.3,0.2,0.463,0.327,0.6,BASEBALL_SAVANT_PITCH_ARSENAL_CURRENT_SEASON,2026-08-28T17:22:48+00:00,SAVANT_ARSENAL_SCHEMA_V1,CURRENT
669199,"Bachar, Lake",2026,71,21,29.6,10.0,39.8,45.5,0.318,0.208,0.386,28.2,8.9,78.867118723,,,,SL,Slider,23.9,290,29.6,0.169,0.39,0.302,0.8,BASEBALL_SAVANT_PITCH_ARSENAL_CURRENT_SEASON,2026-08-28T17:22:48+00:00,SAVANT_ARSENAL_SCHEMA_V1,CURRENT
669199,"Bachar, Lake",2026,48,20,41.7,10.0,37.6,45.5,0.189,0.148,0.174,32.0,8.9,78.867118723,,,,CU,Curveball,18.0,218,24.4,0.136,0.136,0.156,2.4,BASEBALL_SAVANT_PITCH_ARSENAL_CURRENT_SEASON,2026-08-28T17:22:48+00:00,SAVANT_ARSENAL_SCHEMA_V1,CURRENT
669199,"Bachar, Lake",2026,52,15,28.8,10.0,35.9,45.5,0.326,0.239,0.413,45.2,8.9,78.867118723,,,,ST,Sweeper,16.1,195,18.8,0.239,0.348,0.306,-0.5,BASEBALL_SAVANT_PITCH_ARSENAL_CURRENT_SEASON,2026-08-28T17:22:48+00:00,SAVANT_ARSENAL_SCHEMA_V1,CURRENT
669199,"Bachar, Lake",2026,23,4,17.4,10.0,37.0,45.5,0.302,0.215,0.346,6.3,8.9,78.867118723,,,,FS,Split-Finger,8.4,102,13.3,0.25,0.4,0.335,-0.6,BASEBALL_SAVANT_PITCH_ARSENAL_CURRENT_SEASON,2026-08-28T17:22:48+00:00,SAVANT_ARSENAL_SCHEMA_V1,CURRENT
669199,"Bachar, Lake",2026,15,0,0.0,10.0,15.2,45.5,0.257,0.223,0.303,28.6,8.9,78.867118723,,,,SI,Sinker,4.8,58,0.0,0.214,0.286,0.25,2.6,BASEBALL_SAVANT_PITCH_ARSENAL_CURRENT_SEASON,2026-08-28T17:22:48+00:00,SAVANT_ARSENAL_SCHEMA_V1,CURRENT
696147,"Bachman, Sam",2026,108,28,25.9,13.6,38.9,44.0,0.27,0.193,0.282,27.3,7.5,74.364553667,,,,SL,Slider,50.9,387,24.6,0.181,0.277,0.265,1.7,BASEBALL_SAVANT_PITCH_ARSENAL_CURRENT_SEASON,2026-08-28T17:22:48+00:00,SAVANT_ARSENAL_SCHEMA_V1,CURRENT
696147,"Bachman, Sam",2026,58,11,19.0,13.6,20.5,44.0,0.345,0.248,0.363,38.9,7.5,74.364553667,,,,SI,Sinker,31.0,236,15.7,0.191,0.298,0.334,0.0,BASEBALL_SAVANT_PITCH_ARSENAL_CURRENT_SEASON,2026-08-28T17:22:48+00:00,SAVANT_ARSENAL_SCHEMA_V1,CURRENT
696147,"Bachman, Sam",2026,27,5,18.5,13.6,32.6,44.0,0.339,0.245,0.394,33.3,7.5,74.364553667,,,,CH,Changeup,14.5,110,20.0,0.304,0.652,0.427,-2.8,BASEBALL_SAVANT_PITCH_ARSENAL_CURRENT_SEASON,2026-08-28T17:22:48+00:00,SAVANT_ARSENAL_SCHEMA_V1,CURRENT
696147,"Bachman, Sam",2026,3,2,66.7,13.6,33.3,44.0,0.013,0.009,0.022,0.0,7.5,74.364553667,,,,FF,4-Seam Fastball,3.2,24,28.6,0.0,0.0,0.0,1.1,BASEBALL_SAVANT_PITCH_ARSENAL_CURRENT_SEASON,2026-08-28T17:22:48+00:00,SAVANT_ARSENAL_SCHEMA_V1,CURRENT
696147,"Bachman, Sam",2026,1,0,0.0,13.6,50.0,44.0,0.451,0.28,0.793,100.0,7.5,74.364553667,,,,ST,Sweeper,50.0,4,,1.0,4.0,2.0,-28.4,BASEBALL_SAVANT_PITCH_ARSENAL_CURRENT_SEASON,2026-08-28T17:22:48+00:00,SAVANT_ARSENAL_SCHEMA_V1,CURRENT
679775,"Backhus, Kyle",2026,59,10,16.9,6.4,11.2,43.2,0.376,0.31,0.462,35.7,4.6,74.422889063,,,,SI,Sinker,55.4,196,19.2,0.365,0.442,0.404,-1.1,BASEBALL_SAVANT_PITCH_ARSENAL_CURRENT_SEASON,2026-08-28T17:22:48+00:00,SAVANT_ARSENAL_SCHEMA_V1,CURRENT
679775,"Backhus, Kyle",2026,29,9,31.0,6.4,35.3,43.2,0.193,0.139,0.273,21.1,4.6,74.422889063,,,,ST,Sweeper,34.2,121,22.5,0.185,0.519,0.291,-0.1,BASEBALL_SAVANT_PITCH_ARSENAL_CURRENT_SEASON,2026-08-28T17:22:48+00:00,SAVANT_ARSENAL_SCHEMA_V1,CURRENT
679775,"Backhus, Kyle",2026,6,1,16.7,6.4,15.4,43.2,0.192,0.197,0.238,20.0,4.6,74.422889063,,,,CH,Changeup,10.5,37,6.3,0.167,0.167,0.15,0.2,BASEBALL_SAVANT_PITCH_ARSENAL_CURRENT_SEASON,2026-08-28T17:22:48+00:00,SAVANT_ARSENAL_SCHEMA_V1,CURRENT
641329,"Baker, Bryan",2026,91,22,24.2,7.8,26.2,54.5,0.312,0.217,0.347,43.6,7.8,75.275222381,,,,FF,4-Seam Fastball,51.7,423,15.5,0.145,0.158,0.233,2.3,BASEBALL_SAVANT_PITCH_ARSENAL_CURRENT_SEASON,2026-08-28T17:22:48+00:00,SAVANT_ARSENAL_SCHEMA_V1,CURRENT
641329,"Baker, Bryan",2026,104,35,33.7,7.8,33.7,54.5,0.218,0.188,0.273,27.3,7.8,75.275222381,,,,CH,Changeup,45.1,369,23.2,0.16,0.31,0.219,1.6,BASEBALL_SAVANT_PITCH_ARSENAL_CURRENT_SEASON,2026-08-28T17:22:48+00:00,SAVANT_ARSENAL_SCHEMA_V1,CURRENT
641329,"Baker, Bryan",2026,8,1,12.5,7.8,14.3,54.5,0.447,0.385,0.663,71.4,7.8,75.275222381,,,,SL,Slider,3.2,26,16.7,0.375,0.875,0.519,-9.3,BASEBALL_SAVANT_PITCH_ARSENAL_CURRENT_SEASON,2026-08-28T17:22:48+00:00,SAVANT_ARSENAL_SCHEMA_V1,CURRENT
607455,"Banda, Anthony",2026,67,25,37.3,9.6,39.8,44.9,0.248,0.184,0.264,41.7,7.1,80.496835625,,,,SL,Slider,41.0,249,27.5,0.197,0.344,0.309,-1.2,BASEBALL_SAVANT_PITCH_ARSENAL_CURRENT_SEASON,2026-08-28T17:22:48+00:00,SAVANT_ARSENAL_SCHEMA_V1,CURRENT
607455,"Banda, Anthony",2026,46,4,8.7,9.6,14.9,44.9,0.388,0.268,0.431,34.4,7.1,80.496835625,,,,SI,Sinker,26.6,162,19.0,0.314,0.486,0.423,0.5,BASEBALL_SAVANT_PITCH_ARSENAL_CURRENT_SEASON,2026-08-28T17:22:48+00:00,SAVANT_ARSENAL_SCHEMA_V1,CURRENT
607455,"Banda, Anthony",2026,34,4,11.8,9.6,15.7,44.9,0.423,0.309,0.575,52.0,7.1,80.496835625,,,,FF,4-Seam Fastball,26.0,158,9.1,0.276,0.517,0.388,-1.1,BASEBALL_SAVANT_PITCH_ARSENAL_CURRENT_SEASON,2026-08-28T17:22:48+00:00,SAVANT_ARSENAL_SCHEMA_V1,CURRENT
607455,"Banda, Anthony",2026,8,0,0.0,9.6,37.5,44.9,0.242,0.175,0.208,0.0,7.1,80.496835625,,,,CH,Changeup,6.4,39,0.0,0.0,0.0,0.1,3.7,BASEBALL_SAVANT_PITCH_ARSENAL_CURRENT_SEASON,2026-08-28T17:22:48+00:00,SAVANT_ARSENAL_SCHEMA_V1,CURRENT
621383,"Banks, Tanner",2026,42,6,14.3,8.9,22.7,50.1,0.423,0.326,0.561,33.3,7.0,75.890163469,,,,SL,Slider,35.4,195,17.1,0.4,0.743,0.516,-3.4,BASEBALL_SAVANT_PITCH_ARSENAL_CURRENT_SEASON,2026-08-28T17:22:48+00:00,SAVANT_ARSENAL_SCHEMA_V1,CURRENT
621383,"Banks, Tanner",2026,31,6,19.4,8.9,24.6,50.1,0.296,0.264,0.359,26.1,7.0,75.890163469,,,,ST,Sweeper,23.0,127,14.3,0.345,0.483,0.382,-0.6,BASEBALL_SAVANT_PITCH_ARSENAL_CURRENT_SEASON,2026-08-28T17:22:48+00:00,SAVANT_ARSENAL_SCHEMA_V1,CURRENT
621383,"Banks, Tanner",2026,44,16,36.4,8.9,28.8,50.1,0.237,0.17,0.309,36.0,7.0,75.890163469,,,,FF,4-Seam Fastball,20.7,114,28.6,0.244,0.512,0.363,-2.6,BASEBALL_SAVANT_PITCH_ARSENAL_CURRENT_SEASON,2026-08-28T17:22:48+00:00,SAVANT_ARSENAL_SCHEMA_V1,CURRENT
621383,"Banks, Tanner",2026,19,1,5.3,8.9,9.8,50.1,0.366,0.356,0.439,41.2,7.0,75.890163469,,,,SI,Sinker,16.0,88,8.3,0.5,0.667,0.597,-4.4,BASEBALL_SAVANT_PITCH_ARSENAL_CURRENT_SEASON,2026-08-28T17:22:48+00:00,SAVANT_ARSENAL_SCHEMA_V1,CURRENT
621383,"Banks, Tanner",2026,9,3,33.3,8.9,36.4,50.1,0.298,0.252,0.538,33.3,7.0,75.890163469,,,,CH,Changeup,4.9,27,15.0,0.25,0.625,0.322,-2.1,BASEBALL_SAVANT_PITCH_ARSENAL_CURRENT_SEASON,2026-08-28T17:22:48+00:00,SAVANT_ARSENAL_SCHEMA_V1,CURRENT
682995,"Barco, Hunter",2026,31,6,19.4,14.9,15.1,38.5,0.432,0.336,0.588,52.4,7.0,77.439766207,,,,FF,4-Seam Fastball,37.0,130,15.0,0.37,0.63,0.463,-1.7,BASEBALL_SAVANT_PITCH_ARSENAL_CURRENT_SEASON,2026-08-28T17:22:48+00:00,SAVANT_ARSENAL_SCHEMA_V1,CURRENT
682995,"Barco, Hunter",2026,18,2,11.1,14.9,17.2,38.5,0.345,0.236,0.416,15.4,7.0,77.439766207,,,,SL,Slider,24.2,85,9.5,0.333,0.733,0.486,-3.3,BASEBALL_SAVANT_PITCH_ARSENAL_CURRENT_SEASON,2026-08-28T17:22:48+00:00,SAVANT_ARSENAL_SCHEMA_V1,CURRENT
682995,"Barco, Hunter",2026,22,3,13.6,14.9,10.0,38.5,0.371,0.283,0.444,46.7,7.0,77.439766207,,,,SI,Sinker,19.7,69,42.9,0.235,0.471,0.374,1.2,BASEBALL_SAVANT_PITCH_ARSENAL_CURRENT_SEASON,2026-08-28T17:22:48+00:00,SAVANT_ARSENAL_SCHEMA_V1,CURRENT
682995,"Barco, Hunter",2026,8,1,12.5,14.9,22.2,38.5,0.389,0.185,0.295,50.0,7.0,77.439766207,,,,CH,Changeup,8.5,30,14.3,0.2,0.2,0.375,-2.1,BASEBALL_SAVANT_PITCH_ARSENAL_CURRENT_SEASON,2026-08-28T17:22:48+00:00,SAVANT_ARSENAL_SCHEMA_V1,CURRENT
682995,"Barco, Hunter",2026,6,2,33.3,14.9,27.3,38.5,0.187,0.185,0.25,50.0,7.0,77.439766207,,,,ST,Sweeper,6.3,22,16.7,0.167,0.167,0.15,2.7,BASEBALL_SAVANT_PITCH_ARSENAL_CURRENT_SEASON,2026-08-28T17:22:48+00:00,SAVANT_ARSENAL_SCHEMA_V1,CURRENT
682995,"Barco, Hunter",2026,2,0,0.0,14.9,33.3,38.5,0.528,0.395,0.439,100.0,7.0,77.439766207,,,,FS,Split-Finger,4.3,15,0.0,0.0,0.0,0.35,-3.0,BASEBALL_SAVANT_PITCH_ARSENAL_CURRENT_SEASON,2026-08-28T17:22:48+00:00,SAVANT_ARSENAL_SCHEMA_V1,CURRENT
605130,"Barlow, Scott",2026,41,5,12.2,13.1,32.9,42.7,0.408,0.301,0.517,44.8,9.3,77.463891633,,,,ST,Sweeper,35.5,206,10.4,0.235,0.353,0.352,-0.5,BASEBALL_SAVANT_PITCH_ARSENAL_CURRENT_SEASON,2026-08-28T17:22:48+00:00,SAVANT_ARSENAL_SCHEMA_V1,CURRENT
605130,"Barlow, Scott",2026,56,21,37.5,13.1,44.2,42.7,0.171,0.124,0.215,18.2,9.3,77.463891633,,,,CU,Curveball,34.3,199,26.9,0.077,0.173,0.121,4.0,BASEBALL_SAVANT_PITCH_ARSENAL_CURRENT_SEASON,2026-08-28T17:22:48+00:00,SAVANT_ARSENAL_SCHEMA_V1,CURRENT
605130,"Barlow, Scott",2026,21,0,0.0,13.1,17.9,42.7,0.59,0.439,0.848,33.3,9.3,77.463891633,,,,SI,Sinker,13.3,77,0.0,0.467,1.0,0.638,-6.3,BASEBALL_SAVANT_PITCH_ARSENAL_CURRENT_SEASON,2026-08-28T17:22:48+00:00,SAVANT_ARSENAL_SCHEMA_V1,CURRENT
605130,"Barlow, Scott",2026,27,3,11.1,13.1,10.7,42.7,0.481,0.293,0.685,58.8,9.3,77.463891633,,,,FF,4-Seam Fastball,13.1,76,25.0,0.35,0.9,0.563,-3.4,BASEBALL_SAVANT_PITCH_ARSENAL_CURRENT_SEASON,2026-08-28T17:22:48+00:00,SAVANT_ARSENAL_SCHEMA_V1,CURRENT
605130,"Barlow, Scott",2026,6,0,0.0,13.1,16.7,42.7,0.382,0.037,0.118,33.3,9.3,77.463891633,,,,SL,Slider,4.0,23,0.0,0.0,0.0,0.35,-1.7,BASEBALL_SAVANT_PITCH_ARSENAL_CURRENT_SEASON,2026-08-28T17:22:48+00:00,SAVANT_ARSENAL_SCHEMA_V1,CURRENT
656212,"Barnes, Charlie",2026,20,2,10.0,11.1,7.7,42.8,0.449,0.265,0.621,38.5,8.2,82.8940512,,,,FF,4-Seam Fastball,33.3,67,16.7,0.267,0.667,0.465,-3.9,BASEBALL_SAVANT_PITCH_ARSENAL_CURRENT_SEASON,2026-08-28T17:22:48+00:00,SAVANT_ARSENAL_SCHEMA_V1,CURRENT
656212,"Barnes, Charlie",2026,16,0,0.0,11.1,4.8,42.8,0.294,0.277,0.34,80.0,8.2,82.8940512,,,,SI,Sinker,21.4,43,0.0,0.2,0.2,0.213,4.3,BASEBALL_SAVANT_PITCH_ARSENAL_CURRENT_SEASON,2026-08-28T17:22:48+00:00,SAVANT_ARSENAL_SCHEMA_V1,CURRENT
656212,"Barnes, Charlie",2026,10,3,30.0,11.1,35.3,42.8,0.468,0.339,0.722,33.3,8.2,82.8940512,,,,SL,Slider,20.9,42,21.4,0.333,0.778,0.485,-4.4,BASEBALL_SAVANT_PITCH_ARSENAL_CURRENT_SEASON,2026-08-28T17:22:48+00:00,SAVANT_ARSENAL_SCHEMA_V1,CURRENT
656212,"Barnes, Charlie",2026,13,1,7.7,11.1,22.2,42.8,0.416,0.397,0.508,27.3,8.2,82.8940512,,,,CH,Changeup,17.9,36,14.3,0.417,0.5,0.427,-3.9,BASEBALL_SAVANT_PITCH_ARSENAL_CURRENT_SEASON,2026-08-28T17:22:48+00:00,SAVANT_ARSENAL_SCHEMA_V1,CURRENT
656212,"Barnes, Charlie",2026,4,0,0.0,11.1,0.0,42.8,0.413,0.425,0.547,25.0,8.2,82.8940512,,,,ST,Sweeper,6.5,13,0.0,0.5,0.75,0.538,-6.9,BASEBALL_SAVANT_PITCH_ARSENAL_CURRENT_SEASON,2026-08-28T17:22:48+00:00,SAVANT_ARSENAL_SCHEMA_V1,CURRENT
686930,"Barnett, Mason",2026,96,18,18.8,13.0,20.0,43.6,0.387,0.261,0.475,37.3,9.9,78.80204541,,,,FF,4-Seam Fastball,48.7,362,18.4,0.276,0.526,0.408,-2.0,BASEBALL_SAVANT_PITCH_ARSENAL_CURRENT_SEASON,2026-08-28T17:22:48+00:00,SAVANT_ARSENAL_SCHEMA_V1,CURRENT
686930,"Barnett, Mason",2026,30,8,26.7,13.0,28.2,43.6,0.315,0.225,0.373,55.6,9.9,78.80204541,,,,SL,Slider,19.5,145,23.5,0.231,0.423,0.333,0.7,BASEBALL_SAVANT_PITCH_ARSENAL_CURRENT_SEASON,2026-08-28T17:22:48+00:00,SAVANT_ARSENAL_SCHEMA_V1,CURRENT
686930,"Barnett, Mason",2026,28,6,21.4,13.0,20.0,43.6,0.327,0.271,0.501,22.7,9.9,78.80204541,,,,ST,Sweeper,14.8,110,12.5,0.286,0.643,0.42,-3.2,BASEBALL_SAVANT_PITCH_ARSENAL_CURRENT_SEASON,2026-08-28T17:22:48+00:00,SAVANT_ARSENAL_SCHEMA_V1,CURRENT
686930,"Barnett, Mason",2026,19,3,15.8,13.0,13.8,43.6,0.34,0.275,0.424,42.9,9.9,78.80204541,,,,CU,Curveball,10.0,74,13.6,0.294,0.647,0.424,-3.7,BASEBALL_SAVANT_PITCH_ARSENAL_CURRENT_SEASON,2026-08-28T17:22:48+00:00,SAVANT_ARSENAL_SCHEMA_V1,CURRENT
686930,"Barnett, Mason",2026,11,3,27.3,13.0,36.8,43.6,0.191,0.145,0.309,25.0,9.9,78.80204541,,,,CH,Changeup,7.0,52,25.0,0.182,0.455,0.264,-0.3,BASEBALL_SAVANT_PITCH_ARSENAL_CURRENT_SEASON,2026-08-28T17:22:48+00:00,SAVANT_ARSENAL_SCHEMA_V1,CURRENT
605135,"Bassitt, Chris",2026,143,20,14.0,7.8,13.0,46.3,0.341,0.291,0.405,45.9,5.2,76.436270569,,,,SI,Sinker,37.1,468,21.3,0.331,0.425,0.369,-0.2,BASEBALL_SAVANT_PITCH_ARSENAL_CURRENT_SEASON,2026-08-28T17:22:48+00:00,SAVANT_ARSENAL_SCHEMA_V1,CURRENT
605135,"Bassitt, Chris",2026,79,16,20.3,7.8,29.6,46.3,0.309,0.246,0.35,17.0,5.2,76.436270569,,,,CU,Curveball,22.4,282,17.0,0.235,0.353,0.319,-0.2,BASEBALL_SAVANT_PITCH_ARSENAL_CURRENT_SEASON,2026-08-28T17:22:48+00:00,SAVANT_ARSENAL_SCHEMA_V1,CURRENT
605135,"Bassitt, Chris",2026,52,9,17.3,7.8,23.1,46.3,0.372,0.322,0.466,39.5,5.2,76.436270569,,,,FC,Cutter,20.8,262,10.2,0.348,0.522,0.399,-1.5,BASEBALL_SAVANT_PITCH_ARSENAL_CURRENT_SEASON,2026-08-28T17:22:48+00:00,SAVANT_ARSENAL_SCHEMA_V1,CURRENT
605135,"Bassitt, Chris",2026,18,0,0.0,7.8,18.6,46.3,0.495,0.325,0.805,31.3,5.2,76.436270569,,,,FF,4-Seam Fastball,6.7,84,0.0,0.438,1.0,0.611,-6.5,BASEBALL_SAVANT_PITCH_ARSENAL_CURRENT_SEASON,2026-08-28T17:22:48+00:00,SAVANT_ARSENAL_SCHEMA_V1,CURRENT
605135,"Bassitt, Chris",2026,22,6,27.3,7.8,31.3,46.3,0.251,0.221,0.254,7.1,5.2,76.436270569,,,,ST,Sweeper,5.5,69,24.0,0.15,0.2,0.202,1.7,BASEBALL_SAVANT_PITCH_ARSENAL_CURRENT_SEASON,2026-08-28T17:22:48+00:00,SAVANT_ARSENAL_SCHEMA_V1,CURRENT
605135,"Bassitt, Chris",2026,12,0,0.0,7.8,23.8,46.3,0.392,0.334,0.51,63.6,5.2,76.436270569,,,,CH,Changeup,5.3,67,0.0,0.364,0.455,0.388,-1.1,BASEBALL_SAVANT_PITCH_ARSENAL_CURRENT_SEASON,2026-08-28T17:22:48+00:00,SAVANT_ARSENAL_SCHEMA_V1,CURRENT
605135,"Bassitt, Chris",2026,9,0,0.0,7.8,7.1,46.3,0.238,0.174,0.243,25.0,5.2,76.436270569,,,,SL,Slider,2.3,29,0.0,0.125,0.125,0.278,2.3,BASEBALL_SAVANT_PITCH_ARSENAL_CURRENT_SEASON,2026-08-28T17:22:48+00:00,SAVANT_ARSENAL_SCHEMA_V1,CURRENT
669620,"Basso, Brady",2026,51,6,11.8,2.6,17.8,53.3,0.251,0.227,0.313,30.2,5.4,78.31231587,,,,FF,4-Seam Fastball,43.1,170,14.0,0.245,0.429,0.303,1.8,BASEBALL_SAVANT_PITCH_ARSENAL_CURRENT_SEASON,2026-08-28T17:22:48+00:00,SAVANT_ARSENAL_SCHEMA_V1,CURRENT
669620,"Basso, Brady",2026,32,8,25.0,2.6,23.5,53.3,0.263,0.267,0.339,29.2,5.4,78.31231587,,,,SL,Slider,20.1,79,28.6,0.313,0.5,0.347,-1.2,BASEBALL_SAVANT_PITCH_ARSENAL_CURRENT_SEASON,2026-08-28T17:22:48+00:00,SAVANT_ARSENAL_SCHEMA_V1,CURRENT
669620,"Basso, Brady",2026,13,4,30.8,2.6,33.3,53.3,0.238,0.228,0.264,25.0,5.4,78.31231587,,,,CU,Curveball,18.8,74,19.0,0.182,0.182,0.192,-0.2,BASEBALL_SAVANT_PITCH_ARSENAL_CURRENT_SEASON,2026-08-28T17:22:48+00:00,SAVANT_ARSENAL_SCHEMA_V1,CURRENT
669620,"Basso, Brady",2026,11,0,0.0,2.6,15.0,53.3,0.552,0.435,0.692,72.7,5.4,78.31231587,,,,FC,Cutter,9.1,36,0.0,0.4,0.7,0.423,-1.3,BASEBALL_SAVANT_PITCH_ARSENAL_CURRENT_SEASON,2026-08-28T17:22:48+00:00,SAVANT_ARSENAL_SCHEMA_V1,CURRENT
669620,"Basso, Brady",2026,5,0,0.0,2.6,7.1,53.3,0.498,0.462,0.703,60.0,5.4,78.31231587,,,,SI,Sinker,7.1,28,0.0,0.8,1.4,0.94,-8.5,BASEBALL_SAVANT_PITCH_ARSENAL_CURRENT_SEASON,2026-08-28T17:22:48+00:00,SAVANT_ARSENAL_SCHEMA_V1,CURRENT
669620,"Basso, Brady",2026,1,0,0.0,2.6,0.0,53.3,0.51,0.431,0.781,100.0,5.4,78.31231587,,,,CH,Changeup,100.0,4,0.0,1.0,2.0,1.25,-24.8,BASEBALL_SAVANT_PITCH_ARSENAL_CURRENT_SEASON,2026-08-28T17:22:48+00:00,SAVANT_ARSENAL_SCHEMA_V1,CURRENT
669620,"Basso, Brady",2026,1,1,100.0,2.6,100.0,53.3,0.0,0.268,0.37,37.0,5.4,78.31231587,,,,ST,Sweeper,80.0,3,100.0,0.0,0.0,0.0,6.7,BASEBALL_SAVANT_PITCH_ARSENAL_CURRENT_SEASON,2026-08-28T17:22:48+00:00,SAVANT_ARSENAL_SCHEMA_V1,CURRENT
691945,"Baumler, Carter",2026,15,5,33.3,22.2,32.0,42.7,0.251,0.189,0.228,37.5,7.1,82.485275714,,,,CU,Curveball,47.9,56,25.0,0.154,0.231,0.237,-0.5,BASEBALL_SAVANT_PITCH_ARSENAL_CURRENT_SEASON,2026-08-28T17:22:48+00:00,SAVANT_ARSENAL_SCHEMA_V1,CURRENT
691945,"Baumler, Carter",2026,11,1,9.1,22.2,16.7,42.7,0.472,0.237,0.585,66.7,7.1,82.485275714,,,,FF,4-Seam Fastball,33.3,39,10.0,0.286,0.714,0.518,-6.7,BASEBALL_SAVANT_PITCH_ARSENAL_CURRENT_SEASON,2026-08-28T17:22:48+00:00,SAVANT_ARSENAL_SCHEMA_V1,CURRENT
691945,"Baumler, Carter",2026,1,0,0.0,22.2,0.0,42.7,0.7,0.206,0.353,50.0,7.1,82.485275714,,,,SI,Sinker,6.8,8,0.0,,,0.7,-2.1,BASEBALL_SAVANT_PITCH_ARSENAL_CURRENT_SEASON,2026-08-28T17:22:48+00:00,SAVANT_ARSENAL_SCHEMA_V1,CURRENT
669358,"Baz, Shane",2026,200,44,22.0,8.1,17.4,48.7,0.321,0.236,0.4,44.4,6.6,80.838361327,,,,FF,4-Seam Fastball,34.6,855,18.3,0.24,0.38,0.314,0.1,BASEBALL_SAVANT_PITCH_ARSENAL_CURRENT_SEASON,2026-08-28T17:22:48+00:00,SAVANT_ARSENAL_SCHEMA_V1,CURRENT
669358,"Baz, Shane",2026,232,70,30.2,8.1,30.4,48.7,0.27,0.231,0.353,44.7,6.6,80.838361327,,,,CU,Curveball,32.8,812,21.0,0.289,0.408,0.322,-0.6,BASEBALL_SAVANT_PITCH_ARSENAL_CURRENT_SEASON,2026-08-28T17:22:48+00:00,SAVANT_ARSENAL_SCHEMA_V1,CURRENT
669358,"Baz, Shane",2026,116,14,12.1,8.1,23.6,48.7,0.339,0.27,0.417,37.1,6.6,80.838361327,,,,FC,Cutter,15.3,378,17.3,0.255,0.441,0.339,1.0,BASEBALL_SAVANT_PITCH_ARSENAL_CURRENT_SEASON,2026-08-28T17:22:48+00:00,SAVANT_ARSENAL_SCHEMA_V1,CURRENT
669358,"Baz, Shane",2026,44,5,11.4,8.1,16.5,48.7,0.401,0.34,0.579,37.8,6.6,80.838361327,,,,CH,Changeup,8.7,215,9.1,0.317,0.488,0.376,-2.3,BASEBALL_SAVANT_PITCH_ARSENAL_CURRENT_SEASON,2026-08-28T17:22:48+00:00,SAVANT_ARSENAL_SCHEMA_V1,CURRENT
669358,"Baz, Shane",2026,50,2,4.0,8.1,15.7,48.7,0.306,0.281,0.335,43.2,6.6,80.838361327,,,,SI,Sinker,8.5,211,7.7,0.205,0.25,0.25,2.7,BASEBALL_SAVANT_PITCH_ARSENAL_CURRENT_SEASON,2026-08-28T17:22:48+00:00,SAVANT_ARSENAL_SCHEMA_V1,CURRENT
660825,"Bazardo, Eduard",2026,165,36,21.8,7.1,14.9,45.9,0.34,0.279,0.447,45.3,8.6,78.798588256,,,,SI,Sinker,62.4,601,20.5,0.286,0.435,0.343,0.2,BASEBALL_SAVANT_PITCH_ARSENAL_CURRENT_SEASON,2026-08-28T17:22:48+00:00,SAVANT_ARSENAL_SCHEMA_V1,CURRENT
660825,"Bazardo, Eduard",2026,81,24,29.6,7.1,36.6,45.9,0.296,0.221,0.402,26.9,8.6,78.798588256,,,,ST,Sweeper,34.7,334,22.6,0.227,0.44,0.315,-0.2,BASEBALL_SAVANT_PITCH_ARSENAL_CURRENT_SEASON,2026-08-28T17:22:48+00:00,SAVANT_ARSENAL_SCHEMA_V1,CURRENT
660825,"Bazardo, Eduard",2026,5,0,0.0,7.1,10.0,45.9,0.196,0.203,0.234,0.0,8.6,78.798588256,,,,FS,Split-Finger,2.5,24,0.0,0.2,0.2,0.18,-0.7,BASEBALL_SAVANT_PITCH_ARSENAL_CURRENT_SEASON,2026-08-28T17:22:48+00:00,SAVANT_ARSENAL_SCHEMA_V1,CURRENT
660825,"Bazardo, Eduard",2026,1,0,0.0,7.1,0.0,45.9,0.015,0.011,0.02,0.0,8.6,78.798588256,,,,FF,4-Seam Fastball,40.0,4,0.0,0.0,0.0,0.0,3.7,BASEBALL_SAVANT_PITCH_ARSENAL_CURRENT_SEASON,2026-08-28T17:22:48+00:00,SAVANT_ARSENAL_SCHEMA_V1,CURRENT
694341,"Beck, Brendan",2026,14,0,0.0,16.1,22.2,42.4,0.492,0.344,0.693,72.7,27.3,85.378307273,,,,FF,4-Seam Fastball,48.2,67,0.0,0.364,1.0,0.589,-5.0,BASEBALL_SAVANT_PITCH_ARSENAL_CURRENT_SEASON,2026-08-28T17:22:48+00:00,SAVANT_ARSENAL_SCHEMA_V1,CURRENT
694341,"Beck, Brendan",2026,12,3,25.0,16.1,50.0,42.4,0.502,0.299,0.82,57.1,27.3,85.378307273,,,,SL,Slider,33.8,47,15.0,0.3,1.0,0.554,-4.1,BASEBALL_SAVANT_PITCH_ARSENAL_CURRENT_SEASON,2026-08-28T17:22:48+00:00,SAVANT_ARSENAL_SCHEMA_V1,CURRENT
694341,"Beck, Brendan",2026,4,1,25.0,16.1,25.0,42.4,0.131,0.137,0.176,0.0,27.3,85.378307273,,,,FS,Split-Finger,7.2,10,16.7,0.0,0.0,0.0,7.6,BASEBALL_SAVANT_PITCH_ARSENAL_CURRENT_SEASON,2026-08-28T17:22:48+00:00,SAVANT_ARSENAL_SCHEMA_V1,CURRENT
694341,"Beck, Brendan",2026,1,0,0.0,16.1,50.0,42.4,0.453,0.494,0.533,100.0,27.3,85.378307273,,,,SI,Sinker,5.0,7,0.0,0.0,0.0,0.0,1.2,BASEBALL_SAVANT_PITCH_ARSENAL_CURRENT_SEASON,2026-08-28T17:22:48+00:00,SAVANT_ARSENAL_SCHEMA_V1,CURRENT
663941,"Beck, Tristan",2026,26,3,11.5,7.8,25.0,49.0,0.199,0.186,0.225,18.2,9.6,80.469351538,,,,ST,Sweeper,38.9,96,9.4,0.2,0.2,0.2,1.8,BASEBALL_SAVANT_PITCH_ARSENAL_CURRENT_SEASON,2026-08-28T17:22:48+00:00,SAVANT_ARSENAL_SCHEMA_V1,CURRENT
663941,"Beck, Tristan",2026,22,2,9.1,7.8,7.1,49.0,0.52,0.318,0.81,66.7,9.6,80.469351538,,,,FF,4-Seam Fastball,38.9,96,8.7,0.353,0.941,0.568,-5.6,BASEBALL_SAVANT_PITCH_ARSENAL_CURRENT_SEASON,2026-08-28T17:22:48+00:00,SAVANT_ARSENAL_SCHEMA_V1,CURRENT
663941,"Beck, Tristan",2026,11,1,9.1,7.8,26.1,49.0,0.209,0.197,0.283,30.0,9.6,80.469351538,,,,SL,Slider,16.2,40,12.5,0.3,0.3,0.27,2.6,BASEBALL_SAVANT_PITCH_ARSENAL_CURRENT_SEASON,2026-08-28T17:22:48+00:00,SAVANT_ARSENAL_SCHEMA_V1,CURRENT
663941,"Beck, Tristan",2026,5,0,0.0,7.8,0.0,49.0,0.411,0.472,0.527,80.0,9.6,80.469351538,,,,CU,Curveball,5.3,13,0.0,0.75,0.75,0.54,-10.5,BASEBALL_SAVANT_PITCH_ARSENAL_CURRENT_SEASON,2026-08-28T17:22:48+00:00,SAVANT_ARSENAL_SCHEMA_V1,CURRENT
670280,"Bednar, David",2026,80,18,22.5,7.8,22.9,53.5,0.293,0.201,0.305,40.8,3.4,74.735459306,,,,FF,4-Seam Fastball,40.9,394,14.0,0.242,0.348,0.324,0.8,BASEBALL_SAVANT_PITCH_ARSENAL_CURRENT_SEASON,2026-08-28T17:22:48+00:00,SAVANT_ARSENAL_SCHEMA_V1,CURRENT
670280,"Bednar, David",2026,123,41,33.3,7.8,36.2,53.5,0.19,0.183,0.223,30.4,3.4,74.735459306,,,,FS,Split-Finger,40.3,388,23.7,0.133,0.175,0.178,2.8,BASEBALL_SAVANT_PITCH_ARSENAL_CURRENT_SEASON,2026-08-28T17:22:48+00:00,SAVANT_ARSENAL_SCHEMA_V1,CURRENT
670280,"Bednar, David",2026,26,6,23.1,7.8,40.9,53.5,0.359,0.284,0.477,27.8,3.4,74.735459306,,,,CU,Curveball,18.8,181,18.2,0.304,0.565,0.381,-0.8,BASEBALL_SAVANT_PITCH_ARSENAL_CURRENT_SEASON,2026-08-28T17:22:48+00:00,SAVANT_ARSENAL_SCHEMA_V1,CURRENT
656222,"Beeks, Jalen",2026,61,11,18.0,7.1,14.0,47.2,0.317,0.27,0.421,44.7,10.7,79.2264155,,,,FF,4-Seam Fastball,50.9,207,19.3,0.286,0.464,0.341,0.0,BASEBALL_SAVANT_PITCH_ARSENAL_CURRENT_SEASON,2026-08-28T17:22:48+00:00,SAVANT_ARSENAL_SCHEMA_V1,CURRENT
656222,"Beeks, Jalen",2026,46,9,19.6,7.1,36.0,47.2,0.368,0.278,0.521,36.4,10.7,79.2264155,,,,CH,Changeup,40.0,163,17.0,0.238,0.405,0.312,-1.2,BASEBALL_SAVANT_PITCH_ARSENAL_CURRENT_SEASON,2026-08-28T17:22:48+00:00,SAVANT_ARSENAL_SCHEMA_V1,CURRENT
656222,"Beeks, Jalen",2026,5,1,20.0,7.1,30.0,47.2,0.864,0.447,1.664,75.0,10.7,79.2264155,,,,FC,Cutter,9.1,37,20.0,0.4,1.6,0.8,-4.5,BASEBALL_SAVANT_PITCH_ARSENAL_CURRENT_SEASON,2026-08-28T17:22:48+00:00,SAVANT_ARSENAL_SCHEMA_V1,CURRENT
690925,"Beeter, Clayton",2026,81,10,12.3,15.8,20.5,44.4,0.443,0.289,0.528,48.1,5.6,80.598658302,,,,FF,4-Seam Fastball,50.1,354,17.2,0.305,0.542,0.427,-0.6,BASEBALL_SAVANT_PITCH_ARSENAL_CURRENT_SEASON,2026-08-28T17:22:48+00:00,SAVANT_ARSENAL_SCHEMA_V1,CURRENT
690925,"Beeter, Clayton",2026,98,32,32.7,15.8,35.6,44.4,0.236,0.173,0.244,35.1,5.6,80.598658302,,,,SL,Slider,49.9,353,23.7,0.125,0.205,0.201,1.5,BASEBALL_SAVANT_PITCH_ARSENAL_CURRENT_SEASON,2026-08-28T17:22:48+00:00,SAVANT_ARSENAL_SCHEMA_V1,CURRENT
678394,"Bello, Brayan",2026,183,24,13.1,7.6,14.7,49.0,0.367,0.313,0.442,50.0,8.2,78.423533379,,,,SI,Sinker,40.5,595,19.5,0.298,0.385,0.344,0.7,BASEBALL_SAVANT_PITCH_ARSENAL_CURRENT_SEASON,2026-08-28T17:22:48+00:00,SAVANT_ARSENAL_SCHEMA_V1,CURRENT
678394,"Bello, Brayan",2026,76,14,18.4,7.6,25.2,49.0,0.291,0.275,0.403,30.0,8.2,78.423533379,,,,CH,Changeup,19.5,287,13.7,0.229,0.343,0.257,0.5,BASEBALL_SAVANT_PITCH_ARSENAL_CURRENT_SEASON,2026-08-28T17:22:48+00:00,SAVANT_ARSENAL_SCHEMA_V1,CURRENT
678394,"Bello, Brayan",2026,49,11,22.4,7.6,48.8,49.0,0.426,0.299,0.646,30.3,8.2,78.423533379,,,,FC,Cutter,16.1,236,30.6,0.295,0.705,0.462,-1.4,BASEBALL_SAVANT_PITCH_ARSENAL_CURRENT_SEASON,2026-08-28T17:22:48+00:00,SAVANT_ARSENAL_SCHEMA_V1,CURRENT
678394,"Bello, Brayan",2026,42,11,26.2,7.6,27.2,49.0,0.19,0.166,0.212,24.1,8.2,78.423533379,,,,ST,Sweeper,12.5,184,13.9,0.175,0.2,0.192,1.7,BASEBALL_SAVANT_PITCH_ARSENAL_CURRENT_SEASON,2026-08-28T17:22:48+00:00,SAVANT_ARSENAL_SCHEMA_V1,CURRENT
678394,"Bello, Brayan",2026,29,5,17.2,7.6,15.4,49.0,0.514,0.437,0.731,59.1,8.2,78.423533379,,,,FF,4-Seam Fastball,7.1,104,10.2,0.423,0.577,0.488,-5.1,BASEBALL_SAVANT_PITCH_ARSENAL_CURRENT_SEASON,2026-08-28T17:22:48+00:00,SAVANT_ARSENAL_SCHEMA_V1,CURRENT
678394,"Bello, Brayan",2026,14,3,21.4,7.6,25.9,49.0,0.378,0.225,0.694,45.5,8.2,78.423533379,,,,CU,Curveball,4.4,64,10.3,0.214,0.643,0.35,-2.0,BASEBALL_SAVANT_PITCH_ARSENAL_CURRENT_SEASON,2026-08-28T17:22:48+00:00,SAVANT_ARSENAL_SCHEMA_V1,CURRENT
678368,"Bellozo, Valente",2026,12,2,16.7,14.6,35.0,45.9,0.574,0.364,0.952,50.0,15.6,80.20477375,,,,FC,Cutter,23.5,40,25.0,0.4,1.0,0.6,-4.9,BASEBALL_SAVANT_PITCH_ARSENAL_CURRENT_SEASON,2026-08-28T17:22:48+00:00,SAVANT_ARSENAL_SCHEMA_V1,CURRENT
678368,"Bellozo, Valente",2026,10,1,10.0,14.6,15.8,45.9,0.573,0.433,0.902,87.5,15.6,80.20477375,,,,FF,4-Seam Fastball,21.2,36,9.1,0.222,0.556,0.36,0.5,BASEBALL_SAVANT_PITCH_ARSENAL_CURRENT_SEASON,2026-08-28T17:22:48+00:00,SAVANT_ARSENAL_SCHEMA_V1,CURRENT
678368,"Bellozo, Valente",2026,9,1,11.1,14.6,29.4,45.9,0.412,0.234,0.675,14.3,15.6,80.20477375,,,,ST,Sweeper,21.2,36,11.1,0.143,0.571,0.338,-4.9,BASEBALL_SAVANT_PITCH_ARSENAL_CURRENT_SEASON,2026-08-28T17:22:48+00:00,SAVANT_ARSENAL_SCHEMA_V1,CURRENT
678368,"Bellozo, Valente",2026,9,3,33.3,14.6,46.2,45.9,0.288,0.162,0.238,50.0,15.6,80.20477375,,,,CH,Changeup,18.2,31,23.1,0.143,0.143,0.256,-0.1,BASEBALL_SAVANT_PITCH_ARSENAL_CURRENT_SEASON,2026-08-28T17:22:48+00:00,SAVANT_ARSENAL_SCHEMA_V1,CURRENT
678368,"Bellozo, Valente",2026,5,0,0.0,14.6,0.0,45.9,0.571,0.408,0.944,40.0,15.6,80.20477375,,,,SI,Sinker,11.2,19,0.0,0.4,1.0,0.58,-6.3,BASEBALL_SAVANT_PITCH_ARSENAL_CURRENT_SEASON,2026-08-28T17:22:48+00:00,SAVANT_ARSENAL_SCHEMA_V1,CURRENT
678368,"Bellozo, Valente",2026,1,1,100.0,14.6,100.0,45.9,0.0,0.316,0.737,50.0,15.6,80.20477375,,,,CU,Curveball,4.7,8,50.0,0.0,0.0,0.0,-0.3,BASEBALL_SAVANT_PITCH_ARSENAL_CURRENT_SEASON,2026-08-28T17:22:48+00:00,SAVANT_ARSENAL_SCHEMA_V1,CURRENT
669622,"Bender, Anthony",2026,83,31,37.3,8.6,26.8,40.3,0.201,0.158,0.242,29.8,7.1,78.737444286,,,,ST,Sweeper,51.8,279,27.4,0.143,0.169,0.17,3.3,BASEBALL_SAVANT_PITCH_ARSENAL_CURRENT_SEASON,2026-08-28T17:22:48+00:00,SAVANT_ARSENAL_SCHEMA_V1,CURRENT
669622,"Bender, Anthony",2026,40,7,17.5,8.6,18.2,40.3,0.327,0.235,0.341,34.6,7.1,78.737444286,,,,SI,Sinker,31.7,171,21.9,0.212,0.364,0.37,0.1,BASEBALL_SAVANT_PITCH_ARSENAL_CURRENT_SEASON,2026-08-28T17:22:48+00:00,SAVANT_ARSENAL_SCHEMA_V1,CURRENT
669622,"Bender, Anthony",2026,14,2,14.3,8.6,23.3,40.3,0.359,0.31,0.389,40.0,7.1,78.737444286,,,,SL,Slider,12.8,69,11.1,0.25,0.25,0.293,-1.0,BASEBALL_SAVANT_PITCH_ARSENAL_CURRENT_SEASON,2026-08-28T17:22:48+00:00,SAVANT_ARSENAL_SCHEMA_V1,CURRENT
669622,"Bender, Anthony",2026,2,1,50.0,8.6,33.3,40.3,0.204,0.19,0.298,100.0,7.1,78.737444286,,,,CH,Changeup,2.2,12,14.3,0.0,0.0,0.0,0.6,BASEBALL_SAVANT_PITCH_ARSENAL_CURRENT_SEASON,2026-08-28T17:22:48+00:00,SAVANT_ARSENAL_SCHEMA_V1,CURRENT
687562,"Bennett, Jake",2026,127,22,17.3,5.1,21.5,53.0,0.33,0.25,0.45,41.5,6.4,76.677817422,,,,FF,4-Seam Fastball,34.4,424,18.0,0.241,0.393,0.308,0.8,BASEBALL_SAVANT_PITCH_ARSENAL_CURRENT_SEASON,2026-08-28T17:22:48+00:00,SAVANT_ARSENAL_SCHEMA_V1,CURRENT
687562,"Bennett, Jake",2026,87,24,27.6,5.1,34.7,53.0,0.19,0.184,0.255,28.6,6.4,76.677817422,,,,CH,Changeup,26.4,325,21.1,0.2,0.271,0.201,1.6,BASEBALL_SAVANT_PITCH_ARSENAL_CURRENT_SEASON,2026-08-28T17:22:48+00:00,SAVANT_ARSENAL_SCHEMA_V1,CURRENT
687562,"Bennett, Jake",2026,93,14,15.1,5.1,9.6,53.0,0.283,0.252,0.372,36.8,6.4,76.677817422,,,,SI,Sinker,24.5,302,28.6,0.244,0.344,0.27,2.0,BASEBALL_SAVANT_PITCH_ARSENAL_CURRENT_SEASON,2026-08-28T17:22:48+00:00,SAVANT_ARSENAL_SCHEMA_V1,CURRENT
687562,"Bennett, Jake",2026,20,5,25.0,5.1,40.0,53.0,0.27,0.216,0.296,30.8,6.4,76.677817422,,,,ST,Sweeper,7.3,90,13.2,0.222,0.222,0.25,-0.6,BASEBALL_SAVANT_PITCH_ARSENAL_CURRENT_SEASON,2026-08-28T17:22:48+00:00,SAVANT_ARSENAL_SCHEMA_V1,CURRENT
687562,"Bennett, Jake",2026,12,0,0.0,5.1,33.3,53.0,0.316,0.277,0.371,45.5,6.4,76.677817422,,,,FC,Cutter,4.2,52,0.0,0.364,0.364,0.358,0.9,BASEBALL_SAVANT_PITCH_ARSENAL_CURRENT_SEASON,2026-08-28T17:22:48+00:00,SAVANT_ARSENAL_SCHEMA_V1,CURRENT
687562,"Bennett, Jake",2026,11,2,18.2,5.1,17.6,53.0,0.426,0.273,0.6,28.6,6.4,76.677817422,,,,CU,Curveball,3.2,40,9.5,0.222,0.222,0.291,-2.0,BASEBALL_SAVANT_PITCH_ARSENAL_CURRENT_SEASON,2026-08-28T17:22:48+00:00,SAVANT_ARSENAL_SCHEMA_V1,CURRENT
657514,"Bernardino, Brennan",2026,106,13,12.3,6.3,15.0,46.4,0.329,0.278,0.415,39.3,5.5,76.345437875,,,,SI,Sinker,40.6,341,19.4,0.302,0.438,0.37,1.1,BASEBALL_SAVANT_PITCH_ARSENAL_CURRENT_SEASON,2026-08-28T17:22:48+00:00,SAVANT_ARSENAL_SCHEMA_V1,CURRENT
657514,"Bernardino, Brennan",2026,64,20,31.3,6.3,35.1,46.4,0.212,0.175,0.241,22.5,5.5,76.345437875,,,,CU,Curveball,33.6,282,20.8,0.138,0.19,0.204,0.6,BASEBALL_SAVANT_PITCH_ARSENAL_CURRENT_SEASON,2026-08-28T17:22:48+00:00,SAVANT_ARSENAL_SCHEMA_V1,CURRENT
657514,"Bernardino, Brennan",2026,24,0,0.0,6.3,20.8,46.4,0.403,0.292,0.598,27.3,5.5,76.345437875,,,,FC,Cutter,12.3,103,0.0,0.25,0.55,0.366,-0.9,BASEBALL_SAVANT_PITCH_ARSENAL_CURRENT_SEASON,2026-08-28T17:22:48+00:00,SAVANT_ARSENAL_SCHEMA_V1,CURRENT
657514,"Bernardino, Brennan",2026,16,5,31.3,6.3,26.9,46.4,0.393,0.34,0.59,45.5,5.5,76.345437875,,,,CH,Changeup,7.1,60,20.0,0.25,0.438,0.294,-1.4,BASEBALL_SAVANT_PITCH_ARSENAL_CURRENT_SEASON,2026-08-28T17:22:48+00:00,SAVANT_ARSENAL_SCHEMA_V1,CURRENT
657514,"Bernardino, Brennan",2026,10,2,20.0,6.3,11.1,46.4,0.384,0.332,0.363,0.0,5.5,76.345437875,,,,FF,4-Seam Fastball,5.4,45,8.7,0.375,0.5,0.445,-2.1,BASEBALL_SAVANT_PITCH_ARSENAL_CURRENT_SEASON,2026-08-28T17:22:48+00:00,SAVANT_ARSENAL_SCHEMA_V1,CURRENT
657514,"Bernardino, Brennan",2026,1,0,0.0,6.3,20.0,46.4,0.334,0.371,0.39,0.0,5.5,76.345437875,,,,ST,Sweeper,1.1,9,0.0,0.0,0.0,0.0,2.9,BASEBALL_SAVANT_PITCH_ARSENAL_CURRENT_SEASON,2026-08-28T17:22:48+00:00,SAVANT_ARSENAL_SCHEMA_V1,CURRENT
676440,"Bibee, Tanner",2026,147,33,22.4,6.9,31.3,47.2,0.331,0.248,0.468,40.6,8.2,78.884766157,,,,FC,Cutter,24.4,596,19.0,0.199,0.441,0.29,0.8,BASEBALL_SAVANT_PITCH_ARSENAL_CURRENT_SEASON,2026-08-28T17:22:48+00:00,SAVANT_ARSENAL_SCHEMA_V1,CURRENT
676440,"Bibee, Tanner",2026,144,21,14.6,6.9,15.9,47.2,0.325,0.274,0.44,47.8,8.2,78.884766157,,,,FF,4-Seam Fastball,22.9,559,13.0,0.259,0.378,0.306,0.4,BASEBALL_SAVANT_PITCH_ARSENAL_CURRENT_SEASON,2026-08-28T17:22:48+00:00,SAVANT_ARSENAL_SCHEMA_V1,CURRENT
676440,"Bibee, Tanner",2026,156,25,16.0,6.9,14.7,47.2,0.358,0.292,0.45,45.2,8.2,78.884766157,,,,SI,Sinker,21.9,535,20.7,0.279,0.421,0.353,0.6,BASEBALL_SAVANT_PITCH_ARSENAL_CURRENT_SEASON,2026-08-28T17:22:48+00:00,SAVANT_ARSENAL_SCHEMA_V1,CURRENT
676440,"Bibee, Tanner",2026,92,27,29.3,6.9,36.6,47.2,0.239,0.183,0.275,21.1,8.2,78.884766157,,,,CH,Changeup,15.0,365,21.6,0.181,0.325,0.265,-0.7,BASEBALL_SAVANT_PITCH_ARSENAL_CURRENT_SEASON,2026-08-28T17:22:48+00:00,SAVANT_ARSENAL_SCHEMA_V1,CURRENT
676440,"Bibee, Tanner",2026,66,11,16.7,6.9,25.2,47.2,0.324,0.231,0.445,32.7,8.2,78.884766157,,,,CU,Curveball,10.9,265,13.6,0.22,0.475,0.342,-0.8,BASEBALL_SAVANT_PITCH_ARSENAL_CURRENT_SEASON,2026-08-28T17:22:48+00:00,SAVANT_ARSENAL_SCHEMA_V1,CURRENT
676440,"Bibee, Tanner",2026,32,6,18.8,6.9,20.0,47.2,0.304,0.239,0.376,30.4,8.2,78.884766157,,,,ST,Sweeper,4.9,119,10.9,0.207,0.345,0.28,0.2,BASEBALL_SAVANT_PITCH_ARSENAL_CURRENT_SEASON,2026-08-28T17:22:48+00:00,SAVANT_ARSENAL_SCHEMA_V1,CURRENT
674370,"Bido, Osvaldo",2026,26,3,11.5,12.3,19.0,45.7,0.412,0.277,0.442,50.0,8.9,76.63963,,,,FF,4-Seam Fastball,29.0,92,9.4,0.158,0.263,0.319,0.0,BASEBALL_SAVANT_PITCH_ARSENAL_CURRENT_SEASON,2026-08-28T17:22:48+00:00,SAVANT_ARSENAL_SCHEMA_V1,CURRENT
674370,"Bido, Osvaldo",2026,16,2,12.5,12.3,29.0,45.7,0.429,0.343,0.513,45.5,8.9,76.63963,,,,SL,Slider,24.3,77,8.0,0.385,0.692,0.503,-3.3,BASEBALL_SAVANT_PITCH_ARSENAL_CURRENT_SEASON,2026-08-28T17:22:48+00:00,SAVANT_ARSENAL_SCHEMA_V1,CURRENT
674370,"Bido, Osvaldo",2026,20,1,5.0,12.3,9.4,45.7,0.457,0.299,0.644,46.7,8.9,76.63963,,,,SI,Sinker,20.5,65,10.0,0.25,0.625,0.43,-2.9,BASEBALL_SAVANT_PITCH_ARSENAL_CURRENT_SEASON,2026-08-28T17:22:48+00:00,SAVANT_ARSENAL_SCHEMA_V1,CURRENT
674370,"Bido, Osvaldo",2026,16,5,31.3,12.3,38.2,45.7,0.202,0.203,0.26,27.3,8.9,76.63963,,,,ST,Sweeper,19.9,63,20.0,0.188,0.188,0.169,2.6,BASEBALL_SAVANT_PITCH_ARSENAL_CURRENT_SEASON,2026-08-28T17:22:48+00:00,SAVANT_ARSENAL_SCHEMA_V1,CURRENT
674370,"Bido, Osvaldo",2026,3,0,0.0,12.3,16.7,45.7,0.153,0.169,0.174,0.0,8.9,76.63963,,,,CH,Changeup,6.3,20,0.0,0.0,0.0,0.0,1.2,BASEBALL_SAVANT_PITCH_ARSENAL_CURRENT_SEASON,2026-08-28T17:22:48+00:00,SAVANT_ARSENAL_SCHEMA_V1,CURRENT
684049,"Bidois, Brandan",2026,44,10,22.7,15.0,34.4,48.9,0.375,0.263,0.545,53.6,17.0,80.742756957,,,,FF,4-Seam Fastball,54.8,178,23.3,0.314,0.743,0.477,-4.1,BASEBALL_SAVANT_PITCH_ARSENAL_CURRENT_SEASON,2026-08-28T17:22:48+00:00,SAVANT_ARSENAL_SCHEMA_V1,CURRENT
684049,"Bidois, Brandan",2026,33,9,27.3,15.0,44.8,48.9,0.376,0.233,0.38,41.2,17.0,80.742756957,,,,SL,Slider,41.8,136,24.3,0.269,0.308,0.371,-0.6,BASEBALL_SAVANT_PITCH_ARSENAL_CURRENT_SEASON,2026-08-28T17:22:48+00:00,SAVANT_ARSENAL_SCHEMA_V1,CURRENT
684049,"Bidois, Brandan",2026,3,1,33.3,15.0,20.0,48.9,0.521,0.314,0.343,0.0,17.0,80.742756957,,,,CH,Changeup,3.4,11,14.3,0.333,0.333,0.533,-8.7,BASEBALL_SAVANT_PITCH_ARSENAL_CURRENT_SEASON,2026-08-28T17:22:48+00:00,SAVANT_ARSENAL_SCHEMA_V1,CURRENT
669456,"Bieber, Shane",2026,71,12,16.9,9.9,11.8,43.0,0.361,0.243,0.521,47.1,10.9,78.436498046,,,,FF,4-Seam Fastball,36.6,340,16.4,0.194,0.452,0.325,0.5,BASEBALL_SAVANT_PITCH_ARSENAL_CURRENT_SEASON,2026-08-28T17:22:48+00:00,SAVANT_ARSENAL_SCHEMA_V1,CURRENT
669456,"Bieber, Shane",2026,54,12,22.2,9.9,36.1,43.0,0.394,0.333,0.534,60.5,10.9,78.436498046,,,,CU,Curveball,18.5,172,23.5,0.38,0.52,0.415,-1.8,BASEBALL_SAVANT_PITCH_ARSENAL_CURRENT_SEASON,2026-08-28T17:22:48+00:00,SAVANT_ARSENAL_SCHEMA_V1,CURRENT
669456,"Bieber, Shane",2026,43,5,11.6,9.9,24.3,43.0,0.319,0.241,0.36,46.9,10.9,78.436498046,,,,CH,Changeup,18.4,171,14.3,0.135,0.27,0.244,2.1,BASEBALL_SAVANT_PITCH_ARSENAL_CURRENT_SEASON,2026-08-28T17:22:48+00:00,SAVANT_ARSENAL_SCHEMA_V1,CURRENT
669456,"Bieber, Shane",2026,23,0,0.0,9.9,21.4,43.0,0.444,0.349,0.635,33.3,10.9,78.436498046,,,,FC,Cutter,12.2,113,0.0,0.286,0.571,0.391,-1.2,BASEBALL_SAVANT_PITCH_ARSENAL_CURRENT_SEASON,2026-08-28T17:22:48+00:00,SAVANT_ARSENAL_SCHEMA_V1,CURRENT
669456,"Bieber, Shane",2026,36,14,38.9,9.9,36.5,43.0,0.38,0.3,0.552,50.0,10.9,78.436498046,,,,SL,Slider,10.0,93,25.9,0.324,0.5,0.375,-3.5,BASEBALL_SAVANT_PITCH_ARSENAL_CURRENT_SEASON,2026-08-28T17:22:48+00:00,SAVANT_ARSENAL_SCHEMA_V1,CURRENT
669456,"Bieber, Shane",2026,15,1,6.7,9.9,10.0,43.0,0.303,0.242,0.309,8.3,10.9,78.436498046,,,,SI,Sinker,4.4,41,33.3,0.154,0.154,0.213,4.4,BASEBALL_SAVANT_PITCH_ARSENAL_CURRENT_SEASON,2026-08-28T17:22:48+00:00,SAVANT_ARSENAL_SCHEMA_V1,CURRENT
685801,"Bigge, Hunter",2026,46,6,13.0,16.5,18.3,43.6,0.297,0.214,0.312,36.4,5.3,80.581132069,,,,FF,4-Seam Fastball,51.4,164,24.0,0.179,0.256,0.267,1.4,BASEBALL_SAVANT_PITCH_ARSENAL_CURRENT_SEASON,2026-08-28T17:22:48+00:00,SAVANT_ARSENAL_SCHEMA_V1,CURRENT
685801,"Bigge, Hunter",2026,30,6,20.0,16.5,36.2,43.6,0.356,0.272,0.389,38.9,5.3,80.581132069,,,,SL,Slider,41.1,131,14.0,0.261,0.478,0.408,-1.3,BASEBALL_SAVANT_PITCH_ARSENAL_CURRENT_SEASON,2026-08-28T17:22:48+00:00,SAVANT_ARSENAL_SCHEMA_V1,CURRENT
685801,"Bigge, Hunter",2026,4,2,50.0,16.5,40.0,43.6,0.235,0.229,0.321,50.0,5.3,80.581132069,,,,FS,Split-Finger,5.3,17,22.2,0.0,0.0,0.0,3.1,BASEBALL_SAVANT_PITCH_ARSENAL_CURRENT_SEASON,2026-08-28T17:22:48+00:00,SAVANT_ARSENAL_SCHEMA_V1,CURRENT
685801,"Bigge, Hunter",2026,4,0,0.0,16.5,0.0,43.6,0.211,0.146,0.362,25.0,5.3,80.581132069,,,,CU,Curveball,2.2,7,0.0,0.25,0.5,0.313,-4.5,BASEBALL_SAVANT_PITCH_ARSENAL_CURRENT_SEASON,2026-08-28T17:22:48+00:00,SAVANT_ARSENAL_SCHEMA_V1,CURRENT
656234,"Bird, Jake",2026,56,19,33.9,7.6,35.8,41.3,0.228,0.17,0.31,26.5,8.8,78.859093333,,,,ST,Sweeper,38.3,260,25.0,0.192,0.365,0.256,1.2,BASEBALL_SAVANT_PITCH_ARSENAL_CURRENT_SEASON,2026-08-28T17:22:48+00:00,SAVANT_ARSENAL_SCHEMA_V1,CURRENT
656234,"Bird, Jake",2026,68,8,11.8,7.6,18.8,41.3,0.353,0.264,0.44,41.2,8.8,78.859093333,,,,SI,Sinker,33.2,225,20.5,0.305,0.458,0.392,-0.3,BASEBALL_SAVANT_PITCH_ARSENAL_CURRENT_SEASON,2026-08-28T17:22:48+00:00,SAVANT_ARSENAL_SCHEMA_V1,CURRENT
656234,"Bird, Jake",2026,25,9,36.0,7.6,29.1,41.3,0.236,0.137,0.208,25.0,8.8,78.859093333,,,,FF,4-Seam Fastball,16.2,110,18.4,0.19,0.19,0.256,0.4,BASEBALL_SAVANT_PITCH_ARSENAL_CURRENT_SEASON,2026-08-28T17:22:48+00:00,SAVANT_ARSENAL_SCHEMA_V1,CURRENT
656234,"Bird, Jake",2026,22,4,18.2,7.6,22.6,41.3,0.538,0.439,0.836,50.0,8.8,78.859093333,,,,CU,Curveball,11.4,77,12.9,0.526,1.0,0.62,-8.3,BASEBALL_SAVANT_PITCH_ARSENAL_CURRENT_SEASON,2026-08-28T17:22:48+00:00,SAVANT_ARSENAL_SCHEMA_V1,CURRENT
656234,"Bird, Jake",2026,1,1,100.0,7.6,33.3,41.3,0.0,0.234,0.41,36.3,8.8,78.859093333,,,,CH,Changeup,90.0,6,25.0,0.0,0.0,0.0,2.8,BASEBALL_SAVANT_PITCH_ARSENAL_CURRENT_SEASON,2026-08-28T17:22:48+00:00,SAVANT_ARSENAL_SCHEMA_V1,CURRENT
702352,"Bivens, Spencer",2026,7,3,42.9,16.7,18.8,41.6,0.17,0.164,0.227,25.0,10.0,84.87651,,,,SI,Sinker,49.4,38,37.5,0.143,0.143,0.129,3.9,BASEBALL_SAVANT_PITCH_ARSENAL_CURRENT_SEASON,2026-08-28T17:22:48+00:00,SAVANT_ARSENAL_SCHEMA_V1,CURRENT
702352,"Bivens, Spencer",2026,4,1,25.0,16.7,28.6,41.6,0.325,0.201,0.255,0.0,10.0,84.87651,,,,ST,Sweeper,28.6,22,12.5,0.333,0.333,0.4,-2.3,BASEBALL_SAVANT_PITCH_ARSENAL_CURRENT_SEASON,2026-08-28T17:22:48+00:00,SAVANT_ARSENAL_SCHEMA_V1,CURRENT
702352,"Bivens, Spencer",2026,3,1,33.3,16.7,33.3,41.6,0.418,0.297,0.335,100.0,10.0,84.87651,,,,FF,4-Seam Fastball,7.8,6,33.3,0.5,0.5,0.533,-5.4,BASEBALL_SAVANT_PITCH_ARSENAL_CURRENT_SEASON,2026-08-28T17:22:48+00:00,SAVANT_ARSENAL_SCHEMA_V1,CURRENT
702352,"Bivens, Spencer",2026,2,0,0.0,16.7,0.0,41.6,0.24,0.25,0.284,0.0,10.0,84.87651,,,,CH,Changeup,7.8,6,0.0,1.0,1.0,0.9,-23.1,BASEBALL_SAVANT_PITCH_ARSENAL_CURRENT_SEASON,2026-08-28T17:22:48+00:00,SAVANT_ARSENAL_SCHEMA_V1,CURRENT
702352,"Bivens, Spencer",2026,2,0,0.0,16.7,25.0,41.6,1.362,0.991,3.968,100.0,10.0,84.87651,,,,FC,Cutter,6.5,5,0.0,1.0,4.0,1.35,-25.4,BASEBALL_SAVANT_PITCH_ARSENAL_CURRENT_SEASON,2026-08-28T17:22:48+00:00,SAVANT_ARSENAL_SCHEMA_V1,CURRENT
621389,"Blach, Ty",2026,5,1,20.0,0.0,14.3,46.7,0.244,0.264,0.303,75.0,0.0,89.8917925,,,,SI,Sinker,63.3,19,33.3,0.0,0.0,0.0,7.4,BASEBALL_SAVANT_PITCH_ARSENAL_CURRENT_SEASON,2026-08-28T17:22:48+00:00,SAVANT_ARSENAL_SCHEMA_V1,CURRENT
621389,"Blach, Ty",2026,2,1,50.0,0.0,50.0,46.7,0.259,0.276,0.344,0.0,0.0,89.8917925,,,,FC,Cutter,26.7,8,25.0,0.0,0.0,0.0,4.8,BASEBALL_SAVANT_PITCH_ARSENAL_CURRENT_SEASON,2026-08-28T17:22:48+00:00,SAVANT_ARSENAL_SCHEMA_V1,CURRENT
621389,"Blach, Ty",2026,2,0,0.0,0.0,33.3,46.7,0.344,0.378,0.419,50.0,0.0,89.8917925,,,,CH,Changeup,10.0,3,,0.5,0.5,0.45,-4.2,BASEBALL_SAVANT_PITCH_ARSENAL_CURRENT_SEASON,2026-08-28T17:22:48+00:00,SAVANT_ARSENAL_SCHEMA_V1,CURRENT
696131,"Black, Mason",2026,39,4,10.3,14.1,18.6,41.7,0.412,0.307,0.511,48.3,9.9,82.276597451,,,,SI,Sinker,25.9,144,16.7,0.219,0.375,0.315,0.9,BASEBALL_SAVANT_PITCH_ARSENAL_CURRENT_SEASON,2026-08-28T17:22:48+00:00,SAVANT_ARSENAL_SCHEMA_V1,CURRENT
696131,"Black, Mason",2026,33,5,15.2,14.1,15.7,41.7,0.424,0.237,0.386,43.8,9.9,82.276597451,,,,FF,4-Seam Fastball,21.2,118,9.1,0.286,0.571,0.485,-3.8,BASEBALL_SAVANT_PITCH_ARSENAL_CURRENT_SEASON,2026-08-28T17:22:48+00:00,SAVANT_ARSENAL_SCHEMA_V1,CURRENT
696131,"Black, Mason",2026,31,5,16.1,14.1,16.3,41.7,0.324,0.247,0.491,44.0,9.9,82.276597451,,,,ST,Sweeper,20.3,113,15.6,0.2,0.333,0.244,1.2,BASEBALL_SAVANT_PITCH_ARSENAL_CURRENT_SEASON,2026-08-28T17:22:48+00:00,SAVANT_ARSENAL_SCHEMA_V1,CURRENT
696131,"Black, Mason",2026,18,3,16.7,14.1,23.5,41.7,0.397,0.334,0.556,57.1,9.9,82.276597451,,,,SL,Slider,14.0,78,12.0,0.235,0.412,0.3,-1.1,BASEBALL_SAVANT_PITCH_ARSENAL_CURRENT_SEASON,2026-08-28T17:22:48+00:00,SAVANT_ARSENAL_SCHEMA_V1,CURRENT
696131,"Black, Mason",2026,7,0,0.0,14.1,23.1,41.7,0.473,0.405,0.471,20.0,9.9,82.276597451,,,,FC,Cutter,7.7,43,0.0,0.4,0.4,0.457,-3.1,BASEBALL_SAVANT_PITCH_ARSENAL_CURRENT_SEASON,2026-08-28T17:22:48+00:00,SAVANT_ARSENAL_SCHEMA_V1,CURRENT
696131,"Black, Mason",2026,8,1,12.5,14.1,16.7,41.7,0.307,0.246,0.477,42.9,9.9,82.276597451,,,,CU,Curveball,6.7,37,10.0,0.375,0.75,0.475,-5.0,BASEBALL_SAVANT_PITCH_ARSENAL_CURRENT_SEASON,2026-08-28T17:22:48+00:00,SAVANT_ARSENAL_SCHEMA_V1,CURRENT
696131,"Black, Mason",2026,6,1,16.7,14.1,25.0,41.7,0.321,0.321,0.419,60.0,9.9,82.276597451,,,,CH,Changeup,4.1,23,16.7,0.333,0.333,0.3,-0.1,BASEBALL_SAVANT_PITCH_ARSENAL_CURRENT_SEASON,2026-08-28T17:22:48+00:00,SAVANT_ARSENAL_SCHEMA_V1,CURRENT
621112,"Blackburn, Paul",2026,102,13,12.7,9.7,10.7,45.8,0.352,0.295,0.378,45.9,6.0,74.8537373,,,,SI,Sinker,33.7,358,18.6,0.241,0.287,0.32,1.5,BASEBALL_SAVANT_PITCH_ARSENAL_CURRENT_SEASON,2026-08-28T17:22:48+00:00,SAVANT_ARSENAL_SCHEMA_V1,CURRENT
621112,"Blackburn, Paul",2026,68,16,23.5,9.7,32.0,45.8,0.207,0.184,0.263,30.0,6.0,74.8537373,,,,CH,Changeup,21.3,226,24.2,0.076,0.136,0.108,4.9,BASEBALL_SAVANT_PITCH_ARSENAL_CURRENT_SEASON,2026-08-28T17:22:48+00:00,SAVANT_ARSENAL_SCHEMA_V1,CURRENT
621112,"Blackburn, Paul",2026,49,7,14.3,9.7,17.0,45.8,0.373,0.289,0.541,41.0,6.0,74.8537373,,,,FC,Cutter,21.2,225,17.9,0.283,0.457,0.341,-0.2,BASEBALL_SAVANT_PITCH_ARSENAL_CURRENT_SEASON,2026-08-28T17:22:48+00:00,SAVANT_ARSENAL_SCHEMA_V1,CURRENT
621112,"Blackburn, Paul",2026,36,17,47.2,9.7,41.7,45.8,0.193,0.107,0.197,13.3,6.0,74.8537373,,,,CU,Curveball,14.2,151,30.9,0.094,0.188,0.183,1.7,BASEBALL_SAVANT_PITCH_ARSENAL_CURRENT_SEASON,2026-08-28T17:22:48+00:00,SAVANT_ARSENAL_SCHEMA_V1,CURRENT
621112,"Blackburn, Paul",2026,24,6,25.0,9.7,31.4,45.8,0.252,0.197,0.35,5.9,6.0,74.8537373,,,,ST,Sweeper,6.2,66,23.1,0.174,0.304,0.225,-0.9,BASEBALL_SAVANT_PITCH_ARSENAL_CURRENT_SEASON,2026-08-28T17:22:48+00:00,SAVANT_ARSENAL_SCHEMA_V1,CURRENT
621112,"Blackburn, Paul",2026,8,1,12.5,9.7,11.1,45.8,0.359,0.157,0.199,50.0,6.0,74.8537373,,,,FF,4-Seam Fastball,2.9,31,11.1,0.4,1.0,0.625,-5.2,BASEBALL_SAVANT_PITCH_ARSENAL_CURRENT_SEASON,2026-08-28T17:22:48+00:00,SAVANT_ARSENAL_SCHEMA_V1,CURRENT
621112,"Blackburn, Paul",2026,2,0,0.0,9.7,0.0,45.8,0.319,0.347,0.372,50.0,6.0,74.8537373,,,,SL,Slider,60.0,6,0.0,0.5,0.5,0.45,-6.3,BASEBALL_SAVANT_PITCH_ARSENAL_CURRENT_SEASON,2026-08-28T17:22:48+00:00,SAVANT_ARSENAL_SCHEMA_V1,CURRENT
669854,"Blanco, Ronel",2026,30,3,10.0,11.9,19.4,50.8,0.443,0.27,0.626,38.1,11.8,79.889672353,,,,FF,4-Seam Fastball,36.4,142,9.7,0.304,0.652,0.462,-2.4,BASEBALL_SAVANT_PITCH_ARSENAL_CURRENT_SEASON,2026-08-28T17:22:48+00:00,SAVANT_ARSENAL_SCHEMA_V1,CURRENT
669854,"Blanco, Ronel",2026,33,8,24.2,11.9,36.2,50.8,0.221,0.188,0.254,39.1,11.8,79.889672353,,,,CH,Changeup,29.2,114,19.0,0.194,0.29,0.265,0.7,BASEBALL_SAVANT_PITCH_ARSENAL_CURRENT_SEASON,2026-08-28T17:22:48+00:00,SAVANT_ARSENAL_SCHEMA_V1,CURRENT
669854,"Blanco, Ronel",2026,23,6,26.1,11.9,17.9,50.8,0.484,0.355,0.712,28.6,11.8,79.889672353,,,,SL,Slider,17.7,69,21.4,0.3,0.75,0.47,-7.9,BASEBALL_SAVANT_PITCH_ARSENAL_CURRENT_SEASON,2026-08-28T17:22:48+00:00,SAVANT_ARSENAL_SCHEMA_V1,CURRENT
669854,"Blanco, Ronel",2026,15,3,20.0,11.9,25.0,50.8,0.276,0.172,0.328,40.0,11.8,79.889672353,,,,CU,Curveball,16.7,65,20.0,0.231,0.692,0.42,-0.3,BASEBALL_SAVANT_PITCH_ARSENAL_CURRENT_SEASON,2026-08-28T17:22:48+00:00,SAVANT_ARSENAL_SCHEMA_V1,CURRENT
656240,"Blewett, Scott",2026,20,2,10.0,6.4,34.6,54.2,0.381,0.321,0.378,37.5,3.3,75.656864667,,,,FC,Cutter,29.8,88,22.2,0.375,0.438,0.358,0.5,BASEBALL_SAVANT_PITCH_ARSENAL_CURRENT_SEASON,2026-08-28T17:22:48+00:00,SAVANT_ARSENAL_SCHEMA_V1,CURRENT
656240,"Blewett, Scott",2026,22,6,27.3,6.4,30.4,54.2,0.19,0.17,0.206,13.3,3.3,75.656864667,,,,SL,Slider,26.4,78,16.2,0.1,0.1,0.119,4.1,BASEBALL_SAVANT_PITCH_ARSENAL_CURRENT_SEASON,2026-08-28T17:22:48+00:00,SAVANT_ARSENAL_SCHEMA_V1,CURRENT
656240,"Blewett, Scott",2026,19,4,21.1,6.4,11.8,54.2,0.303,0.218,0.338,38.5,3.3,75.656864667,,,,FF,4-Seam Fastball,25.1,74,13.8,0.375,0.5,0.442,-2.8,BASEBALL_SAVANT_PITCH_ARSENAL_CURRENT_SEASON,2026-08-28T17:22:48+00:00,SAVANT_ARSENAL_SCHEMA_V1,CURRENT
656240,"Blewett, Scott",2026,10,0,0.0,6.4,5.6,54.2,0.233,0.249,0.285,20.0,3.3,75.656864667,,,,SI,Sinker,10.8,32,0.0,0.3,0.4,0.305,2.3,BASEBALL_SAVANT_PITCH_ARSENAL_CURRENT_SEASON,2026-08-28T17:22:48+00:00,SAVANT_ARSENAL_SCHEMA_V1,CURRENT
656240,"Blewett, Scott",2026,7,0,0.0,6.4,0.0,54.2,0.47,0.489,0.604,28.6,3.3,75.656864667,,,,FS,Split-Finger,7.8,23,0.0,0.429,0.429,0.386,-5.0,BASEBALL_SAVANT_PITCH_ARSENAL_CURRENT_SEASON,2026-08-28T17:22:48+00:00,SAVANT_ARSENAL_SCHEMA_V1,CURRENT
805123,"Blubaugh, AJ",2026,182,44,24.2,10.0,23.7,49.1,0.333,0.226,0.419,42.5,9.2,79.174819057,,,,FF,4-Seam Fastball,50.9,711,19.4,0.2,0.406,0.318,0.6,BASEBALL_SAVANT_PITCH_ARSENAL_CURRENT_SEASON,2026-08-28T17:22:48+00:00,SAVANT_ARSENAL_SCHEMA_V1,CURRENT
805123,"Blubaugh, AJ",2026,64,17,26.6,10.0,33.8,49.1,0.233,0.161,0.236,20.9,9.2,79.174819057,,,,ST,Sweeper,22.3,312,17.5,0.207,0.241,0.223,2.3,BASEBALL_SAVANT_PITCH_ARSENAL_CURRENT_SEASON,2026-08-28T17:22:48+00:00,SAVANT_ARSENAL_SCHEMA_V1,CURRENT
805123,"Blubaugh, AJ",2026,83,23,27.7,10.0,33.6,49.1,0.268,0.224,0.342,38.9,9.2,79.174819057,,,,CH,Changeup,21.5,300,18.4,0.219,0.315,0.269,-0.2,BASEBALL_SAVANT_PITCH_ARSENAL_CURRENT_SEASON,2026-08-28T17:22:48+00:00,SAVANT_ARSENAL_SCHEMA_V1,CURRENT
805123,"Blubaugh, AJ",2026,9,0,0.0,10.0,50.0,49.1,0.339,0.259,0.43,12.5,9.2,79.174819057,,,,FC,Cutter,4.4,61,0.0,0.25,0.25,0.278,0.2,BASEBALL_SAVANT_PITCH_ARSENAL_CURRENT_SEASON,2026-08-28T17:22:48+00:00,SAVANT_ARSENAL_SCHEMA_V1,CURRENT
805123,"Blubaugh, AJ",2026,1,0,0.0,10.0,20.0,49.1,1.265,0.663,2.439,100.0,9.2,79.174819057,,,,CU,Curveball,100.0,14,0.0,1.0,4.0,2.0,-8.7,BASEBALL_SAVANT_PITCH_ARSENAL_CURRENT_SEASON,2026-08-28T17:22:48+00:00,SAVANT_ARSENAL_SCHEMA_V1,CURRENT
675989,"Bolton, Cody",2026,29,10,34.5,14.7,25.0,41.7,0.418,0.265,0.503,50.0,10.3,80.021337143,,,,FF,4-Seam Fastball,28.4,111,21.7,0.333,0.429,0.425,-1.8,BASEBALL_SAVANT_PITCH_ARSENAL_CURRENT_SEASON,2026-08-28T17:22:48+00:00,SAVANT_ARSENAL_SCHEMA_V1,CURRENT
675989,"Bolton, Cody",2026,24,6,25.0,14.7,18.9,41.7,0.351,0.247,0.353,46.2,10.3,80.021337143,,,,FC,Cutter,23.8,93,33.3,0.158,0.316,0.304,-0.5,BASEBALL_SAVANT_PITCH_ARSENAL_CURRENT_SEASON,2026-08-28T17:22:48+00:00,SAVANT_ARSENAL_SCHEMA_V1,CURRENT
675989,"Bolton, Cody",2026,13,1,7.7,14.7,10.0,41.7,0.466,0.352,0.704,54.5,10.3,80.021337143,,,,SI,Sinker,15.1,59,12.5,0.417,0.917,0.569,-3.2,BASEBALL_SAVANT_PITCH_ARSENAL_CURRENT_SEASON,2026-08-28T17:22:48+00:00,SAVANT_ARSENAL_SCHEMA_V1,CURRENT
675989,"Bolton, Cody",2026,12,2,16.7,14.7,0.0,41.7,0.411,0.327,0.583,44.4,10.3,80.021337143,,,,CU,Curveball,11.5,45,11.1,0.273,0.455,0.342,0.6,BASEBALL_SAVANT_PITCH_ARSENAL_CURRENT_SEASON,2026-08-28T17:22:48+00:00,SAVANT_ARSENAL_SCHEMA_V1,CURRENT
675989,"Bolton, Cody",2026,6,0,0.0,14.7,26.7,41.7,0.4,0.407,0.521,50.0,10.3,80.021337143,,,,CH,Changeup,10.7,42,0.0,0.167,0.167,0.15,0.1,BASEBALL_SAVANT_PITCH_ARSENAL_CURRENT_SEASON,2026-08-28T17:22:48+00:00,SAVANT_ARSENAL_SCHEMA_V1,CURRENT
675989,"Bolton, Cody",2026,11,3,27.3,14.7,30.0,41.7,0.196,0.111,0.173,42.9,10.3,80.021337143,,,,ST,Sweeper,10.5,41,20.0,0.222,0.444,0.291,-0.1,BASEBALL_SAVANT_PITCH_ARSENAL_CURRENT_SEASON,2026-08-28T17:22:48+00:00,SAVANT_ARSENAL_SCHEMA_V1,CURRENT
592155,"Booser, Cam",2026,51,14,27.5,5.1,25.7,54.9,0.215,0.181,0.276,40.0,6.8,79.995763611,,,,FF,4-Seam Fastball,46.5,210,22.6,0.125,0.146,0.14,3.8,BASEBALL_SAVANT_PITCH_ARSENAL_CURRENT_SEASON,2026-08-28T17:22:48+00:00,SAVANT_ARSENAL_SCHEMA_V1,CURRENT
592155,"Booser, Cam",2026,45,12,26.7,5.1,26.9,54.9,0.335,0.225,0.489,44.8,6.8,79.995763611,,,,FC,Cutter,42.5,192,20.3,0.268,0.561,0.38,-0.9,BASEBALL_SAVANT_PITCH_ARSENAL_CURRENT_SEASON,2026-08-28T17:22:48+00:00,SAVANT_ARSENAL_SCHEMA_V1,CURRENT
592155,"Booser, Cam",2026,18,11,61.1,5.1,50.0,54.9,0.133,0.117,0.194,28.6,6.8,79.995763611,,,,ST,Sweeper,9.5,43,44.0,0.111,0.333,0.191,1.8,BASEBALL_SAVANT_PITCH_ARSENAL_CURRENT_SEASON,2026-08-28T17:22:48+00:00,SAVANT_ARSENAL_SCHEMA_V1,CURRENT
592155,"Booser, Cam",2026,3,1,33.3,5.1,20.0,54.9,0.151,0.126,0.235,50.0,6.8,79.995763611,,,,CH,Changeup,1.5,7,14.3,0.0,0.0,0.0,7.1,BASEBALL_SAVANT_PITCH_ARSENAL_CURRENT_SEASON,2026-08-28T17:22:48+00:00,SAVANT_ARSENAL_SCHEMA_V1,CURRENT
621366,"Borucki, Ryan",2026,37,9,24.3,8.7,40.5,49.5,0.275,0.254,0.334,38.5,5.1,77.339069231,,,,SL,Slider,37.6,143,24.3,0.294,0.412,0.319,0.2,BASEBALL_SAVANT_PITCH_ARSENAL_CURRENT_SEASON,2026-08-28T17:22:48+00:00,SAVANT_ARSENAL_SCHEMA_V1,CURRENT
621366,"Borucki, Ryan",2026,37,2,5.4,8.7,11.5,49.5,0.389,0.309,0.421,46.4,5.1,77.339069231,,,,SI,Sinker,35.0,133,11.8,0.333,0.467,0.439,-1.2,BASEBALL_SAVANT_PITCH_ARSENAL_CURRENT_SEASON,2026-08-28T17:22:48+00:00,SAVANT_ARSENAL_SCHEMA_V1,CURRENT
621366,"Borucki, Ryan",2026,14,1,7.1,8.7,26.7,49.5,0.348,0.256,0.5,41.7,5.1,77.339069231,,,,FS,Split-Finger,13.2,50,5.3,0.385,0.846,0.525,-6.0,BASEBALL_SAVANT_PITCH_ARSENAL_CURRENT_SEASON,2026-08-28T17:22:48+00:00,SAVANT_ARSENAL_SCHEMA_V1,CURRENT
621366,"Borucki, Ryan",2026,8,2,25.0,8.7,35.7,49.5,0.089,0.094,0.111,16.7,5.1,77.339069231,,,,ST,Sweeper,9.5,36,14.3,0.125,0.125,0.113,2.5,BASEBALL_SAVANT_PITCH_ARSENAL_CURRENT_SEASON,2026-08-28T17:22:48+00:00,SAVANT_ARSENAL_SCHEMA_V1,CURRENT
621366,"Borucki, Ryan",2026,7,1,14.3,8.7,15.4,49.5,0.253,0.181,0.424,33.3,5.1,77.339069231,,,,FC,Cutter,4.7,18,14.3,0.143,0.571,0.286,-7.5,BASEBALL_SAVANT_PITCH_ARSENAL_CURRENT_SEASON,2026-08-28T17:22:48+00:00,SAVANT_ARSENAL_SCHEMA_V1,CURRENT
641386,"Bowden, Ben",2026,6,0,0.0,25.0,18.2,35.0,0.556,0.298,0.689,33.3,20.0,78.30372,,,,FF,4-Seam Fastball,70.0,28,0.0,0.333,0.667,0.558,-2.2,BASEBALL_SAVANT_PITCH_ARSENAL_CURRENT_SEASON,2026-08-28T17:22:48+00:00,SAVANT_ARSENAL_SCHEMA_V1,CURRENT
641386,"Bowden, Ben",2026,2,0,0.0,25.0,0.0,35.0,0.472,0.52,0.547,50.0,20.0,78.30372,,,,CH,Changeup,22.5,9,0.0,0.5,0.5,0.45,-5.0,BASEBALL_SAVANT_PITCH_ARSENAL_CURRENT_SEASON,2026-08-28T17:22:48+00:00,SAVANT_ARSENAL_SCHEMA_V1,CURRENT
680742,"Bowlan, Jonathan",2026,69,36,52.2,7.3,36.4,49.7,0.189,0.113,0.218,42.9,5.1,75.322648103,,,,FF,4-Seam Fastball,45.3,358,28.3,0.127,0.222,0.187,2.5,BASEBALL_SAVANT_PITCH_ARSENAL_CURRENT_SEASON,2026-08-28T17:22:48+00:00,SAVANT_ARSENAL_SCHEMA_V1,CURRENT
680742,"Bowlan, Jonathan",2026,43,12,27.9,7.3,38.6,49.7,0.253,0.2,0.323,42.9,5.1,75.322648103,,,,SL,Slider,17.7,140,22.6,0.154,0.333,0.274,-0.2,BASEBALL_SAVANT_PITCH_ARSENAL_CURRENT_SEASON,2026-08-28T17:22:48+00:00,SAVANT_ARSENAL_SCHEMA_V1,CURRENT
680742,"Bowlan, Jonathan",2026,37,5,13.5,7.3,31.7,49.7,0.306,0.233,0.373,32.1,5.1,75.322648103,,,,CH,Changeup,14.9,118,15.2,0.242,0.364,0.309,0.6,BASEBALL_SAVANT_PITCH_ARSENAL_CURRENT_SEASON,2026-08-28T17:22:48+00:00,SAVANT_ARSENAL_SCHEMA_V1,CURRENT
680742,"Bowlan, Jonathan",2026,28,1,3.6,7.3,6.0,49.7,0.403,0.389,0.444,29.2,5.1,75.322648103,,,,SI,Sinker,11.9,94,12.5,0.36,0.36,0.444,-1.0,BASEBALL_SAVANT_PITCH_ARSENAL_CURRENT_SEASON,2026-08-28T17:22:48+00:00,SAVANT_ARSENAL_SCHEMA_V1,CURRENT
680742,"Bowlan, Jonathan",2026,12,4,33.3,7.3,29.2,49.7,0.166,0.158,0.222,25.0,5.1,75.322648103,,,,ST,Sweeper,9.1,72,12.1,0.25,0.25,0.225,-1.3,BASEBALL_SAVANT_PITCH_ARSENAL_CURRENT_SEASON,2026-08-28T17:22:48+00:00,SAVANT_ARSENAL_SCHEMA_V1,CURRENT
680742,"Bowlan, Jonathan",2026,2,0,0.0,7.3,0.0,49.7,0.408,0.121,0.142,0.0,5.1,75.322648103,,,,CU,Curveball,100.0,8,0.0,1.0,1.0,0.8,-12.7,BASEBALL_SAVANT_PITCH_ARSENAL_CURRENT_SEASON,2026-08-28T17:22:48+00:00,SAVANT_ARSENAL_SCHEMA_V1,CURRENT
571510,"Boyd, Matthew",2026,185,21,11.4,7.5,15.0,49.1,0.396,0.3,0.544,53.8,10.1,76.083516761,,,,FF,4-Seam Fastball,45.0,680,11.5,0.28,0.47,0.369,-0.6,BASEBALL_SAVANT_PITCH_ARSENAL_CURRENT_SEASON,2026-08-28T17:22:48+00:00,SAVANT_ARSENAL_SCHEMA_V1,CURRENT
571510,"Boyd, Matthew",2026,120,19,15.8,7.5,26.4,49.1,0.336,0.281,0.457,23.2,10.1,76.083516761,,,,CH,Changeup,26.1,394,12.8,0.263,0.447,0.331,-0.1,BASEBALL_SAVANT_PITCH_ARSENAL_CURRENT_SEASON,2026-08-28T17:22:48+00:00,SAVANT_ARSENAL_SCHEMA_V1,CURRENT
571510,"Boyd, Matthew",2026,62,26,41.9,7.5,40.0,49.1,0.241,0.183,0.265,30.0,10.1,76.083516761,,,,SL,Slider,15.2,230,25.2,0.161,0.232,0.222,0.8,BASEBALL_SAVANT_PITCH_ARSENAL_CURRENT_SEASON,2026-08-28T17:22:48+00:00,SAVANT_ARSENAL_SCHEMA_V1,CURRENT
571510,"Boyd, Matthew",2026,32,10,31.3,7.5,28.3,49.1,0.22,0.159,0.188,11.1,10.1,76.083516761,,,,CU,Curveball,12.9,195,20.4,0.071,0.143,0.166,1.4,BASEBALL_SAVANT_PITCH_ARSENAL_CURRENT_SEASON,2026-08-28T17:22:48+00:00,SAVANT_ARSENAL_SCHEMA_V1,CURRENT
571510,"Boyd, Matthew",2026,2,0,0.0,7.5,0.0,49.1,0.423,0.469,0.508,0.0,10.1,76.083516761,,,,SI,Sinker,80.0,12,0.0,0.5,0.5,0.45,-2.9,BASEBALL_SAVANT_PITCH_ARSENAL_CURRENT_SEASON,2026-08-28T17:22:48+00:00,SAVANT_ARSENAL_SCHEMA_V1,CURRENT
671212,"Boyle, Joe",2026,21,3,14.3,11.1,22.9,45.2,0.303,0.248,0.334,25.0,4.0,73.4467232,,,,SL,Slider,32.3,112,10.3,0.235,0.353,0.314,0.2,BASEBALL_SAVANT_PITCH_ARSENAL_CURRENT_SEASON,2026-08-28T17:22:48+00:00,SAVANT_ARSENAL_SCHEMA_V1,CURRENT
671212,"Boyle, Joe",2026,20,5,25.0,11.1,27.0,45.2,0.456,0.32,0.561,50.0,4.0,73.4467232,,,,FF,4-Seam Fastball,22.2,77,27.8,0.2,0.267,0.328,1.1,BASEBALL_SAVANT_PITCH_ARSENAL_CURRENT_SEASON,2026-08-28T17:22:48+00:00,SAVANT_ARSENAL_SCHEMA_V1,CURRENT
671212,"Boyle, Joe",2026,13,1,7.7,11.1,14.8,45.2,0.333,0.25,0.457,36.4,4.0,73.4467232,,,,SI,Sinker,18.7,65,12.5,0.167,0.25,0.288,1.3,BASEBALL_SAVANT_PITCH_ARSENAL_CURRENT_SEASON,2026-08-28T17:22:48+00:00,SAVANT_ARSENAL_SCHEMA_V1,CURRENT
671212,"Boyle, Joe",2026,14,5,35.7,11.1,33.3,45.2,0.262,0.227,0.29,62.5,4.0,73.4467232,,,,FS,Split-Finger,14.4,50,21.7,0.154,0.231,0.219,-0.2,BASEBALL_SAVANT_PITCH_ARSENAL_CURRENT_SEASON,2026-08-28T17:22:48+00:00,SAVANT_ARSENAL_SCHEMA_V1,CURRENT
671212,"Boyle, Joe",2026,13,7,53.8,11.1,22.2,45.2,0.108,0.107,0.143,33.3,4.0,73.4467232,,,,ST,Sweeper,12.4,43,31.8,0.154,0.462,0.25,0.3,BASEBALL_SAVANT_PITCH_ARSENAL_CURRENT_SEASON,2026-08-28T17:22:48+00:00,SAVANT_ARSENAL_SCHEMA_V1,CURRENT
674003,"Bradford, Cody",2026,49,6,12.2,4.6,22.0,50.7,0.367,0.315,0.49,45.0,11.8,81.736492424,,,,FF,4-Seam Fastball,50.0,153,12.8,0.356,0.467,0.38,-0.4,BASEBALL_SAVANT_PITCH_ARSENAL_CURRENT_SEASON,2026-08-28T17:22:48+00:00,SAVANT_ARSENAL_SCHEMA_V1,CURRENT
674003,"Bradford, Cody",2026,27,6,22.2,4.6,27.5,50.7,0.232,0.183,0.266,15.8,11.8,81.736492424,,,,CH,Changeup,35.9,110,18.2,0.2,0.24,0.24,1.9,BASEBALL_SAVANT_PITCH_ARSENAL_CURRENT_SEASON,2026-08-28T17:22:48+00:00,SAVANT_ARSENAL_SCHEMA_V1,CURRENT
674003,"Bradford, Cody",2026,9,1,11.1,4.6,10.0,50.7,0.513,0.395,0.975,75.0,11.8,81.736492424,,,,SL,Slider,8.2,25,25.0,0.375,0.875,0.461,-5.3,BASEBALL_SAVANT_PITCH_ARSENAL_CURRENT_SEASON,2026-08-28T17:22:48+00:00,SAVANT_ARSENAL_SCHEMA_V1,CURRENT
674003,"Bradford, Cody",2026,2,0,0.0,4.6,0.0,50.7,0.677,0.435,1.169,50.0,11.8,81.736492424,,,,CU,Curveball,5.9,18,0.0,0.5,0.5,0.45,0.4,BASEBALL_SAVANT_PITCH_ARSENAL_CURRENT_SEASON,2026-08-28T17:22:48+00:00,SAVANT_ARSENAL_SCHEMA_V1,CURRENT
680694,"Bradish, Kyle",2026,255,53,20.8,10.2,11.4,45.0,0.32,0.241,0.391,38.7,8.1,76.901362426,,,,SI,Sinker,35.6,853,20.9,0.248,0.356,0.313,0.3,BASEBALL_SAVANT_PITCH_ARSENAL_CURRENT_SEASON,2026-08-28T17:22:48+00:00,SAVANT_ARSENAL_SCHEMA_V1,CURRENT
680694,"Bradish, Kyle",2026,139,38,27.3,10.2,35.2,45.0,0.317,0.22,0.4,32.1,8.1,76.901362426,,,,SL,Slider,25.2,604,18.0,0.254,0.525,0.379,-1.1,BASEBALL_SAVANT_PITCH_ARSENAL_CURRENT_SEASON,2026-08-28T17:22:48+00:00,SAVANT_ARSENAL_SCHEMA_V1,CURRENT
680694,"Bradish, Kyle",2026,112,33,29.5,10.2,37.0,45.0,0.262,0.211,0.326,45.2,8.1,76.901362426,,,,CU,Curveball,21.7,519,19.0,0.229,0.371,0.286,0.0,BASEBALL_SAVANT_PITCH_ARSENAL_CURRENT_SEASON,2026-08-28T17:22:48+00:00,SAVANT_ARSENAL_SCHEMA_V1,CURRENT
680694,"Bradish, Kyle",2026,103,9,8.7,10.2,13.5,45.0,0.388,0.327,0.478,37.8,8.1,76.901362426,,,,FF,4-Seam Fastball,16.8,403,18.4,0.33,0.44,0.4,0.2,BASEBALL_SAVANT_PITCH_ARSENAL_CURRENT_SEASON,2026-08-28T17:22:48+00:00,SAVANT_ARSENAL_SCHEMA_V1,CURRENT
671737,"Bradley, Taj",2026,299,56,18.7,10.0,16.4,47.3,0.378,0.273,0.484,53.0,9.4,80.751560513,,,,FF,4-Seam Fastball,46.7,1175,18.5,0.241,0.423,0.35,0.4,BASEBALL_SAVANT_PITCH_ARSENAL_CURRENT_SEASON,2026-08-28T17:22:48+00:00,SAVANT_ARSENAL_SCHEMA_V1,CURRENT
671737,"Bradley, Taj",2026,165,54,32.7,10.0,35.8,47.3,0.229,0.158,0.26,32.6,9.4,80.751560513,,,,FC,Cutter,24.1,607,25.8,0.181,0.309,0.257,1.0,BASEBALL_SAVANT_PITCH_ARSENAL_CURRENT_SEASON,2026-08-28T17:22:48+00:00,SAVANT_ARSENAL_SCHEMA_V1,CURRENT
671737,"Bradley, Taj",2026,113,33,29.2,10.0,37.1,47.3,0.244,0.222,0.304,43.4,9.4,80.751560513,,,,FS,Split-Finger,20.1,507,19.5,0.248,0.349,0.275,-0.3,BASEBALL_SAVANT_PITCH_ARSENAL_CURRENT_SEASON,2026-08-28T17:22:48+00:00,SAVANT_ARSENAL_SCHEMA_V1,CURRENT
671737,"Bradley, Taj",2026,50,26,52.0,10.0,34.7,47.3,0.252,0.186,0.336,33.3,9.4,80.751560513,,,,CU,Curveball,9.1,228,21.5,0.213,0.468,0.31,-2.9,BASEBALL_SAVANT_PITCH_ARSENAL_CURRENT_SEASON,2026-08-28T17:22:48+00:00,SAVANT_ARSENAL_SCHEMA_V1,CURRENT
666374,"Brash, Matt",2026,37,12,32.4,9.4,38.1,40.5,0.256,0.157,0.277,35.0,5.0,77.5157275,,,,SL,Slider,59.5,156,23.1,0.097,0.161,0.192,2.4,BASEBALL_SAVANT_PITCH_ARSENAL_CURRENT_SEASON,2026-08-28T17:22:48+00:00,SAVANT_ARSENAL_SCHEMA_V1,CURRENT
666374,"Brash, Matt",2026,16,3,18.8,9.4,22.7,40.5,0.412,0.303,0.427,70.0,5.0,77.5157275,,,,SI,Sinker,21.0,55,37.5,0.333,0.333,0.356,0.7,BASEBALL_SAVANT_PITCH_ARSENAL_CURRENT_SEASON,2026-08-28T17:22:48+00:00,SAVANT_ARSENAL_SCHEMA_V1,CURRENT
666374,"Brash, Matt",2026,9,0,0.0,9.4,27.8,40.5,0.402,0.423,0.51,22.2,5.0,77.5157275,,,,CH,Changeup,13.4,35,0.0,0.111,0.111,0.1,5.0,BASEBALL_SAVANT_PITCH_ARSENAL_CURRENT_SEASON,2026-08-28T17:22:48+00:00,SAVANT_ARSENAL_SCHEMA_V1,CURRENT
666374,"Brash, Matt",2026,1,0,0.0,9.4,0.0,40.5,0.08,0.089,0.106,0.0,5.0,77.5157275,,,,FF,4-Seam Fastball,6.1,16,0.0,0.0,0.0,0.0,1.8,BASEBALL_SAVANT_PITCH_ARSENAL_CURRENT_SEASON,2026-08-28T17:22:48+00:00,SAVANT_ARSENAL_SCHEMA_V1,CURRENT
683352,"Bratt, Mitch",2026,79,14,17.7,14.2,13.8,47.9,0.363,0.253,0.433,41.2,7.4,76.705643833,,,,FF,4-Seam Fastball,44.7,301,14.6,0.262,0.462,0.377,-1.0,BASEBALL_SAVANT_PITCH_ARSENAL_CURRENT_SEASON,2026-08-28T17:22:48+00:00,SAVANT_ARSENAL_SCHEMA_V1,CURRENT
683352,"Bratt, Mitch",2026,49,13,26.5,14.2,19.1,47.9,0.246,0.175,0.253,20.0,7.4,76.705643833,,,,SV,Slurve,23.7,160,21.0,0.186,0.326,0.294,0.0,BASEBALL_SAVANT_PITCH_ARSENAL_CURRENT_SEASON,2026-08-28T17:22:48+00:00,SAVANT_ARSENAL_SCHEMA_V1,CURRENT
683352,"Bratt, Mitch",2026,19,1,5.3,14.2,11.1,47.9,0.277,0.273,0.365,44.4,7.4,76.705643833,,,,CH,Changeup,10.2,69,5.9,0.316,0.368,0.303,-1.0,BASEBALL_SAVANT_PITCH_ARSENAL_CURRENT_SEASON,2026-08-28T17:22:48+00:00,SAVANT_ARSENAL_SCHEMA_V1,CURRENT
683352,"Bratt, Mitch",2026,13,0,0.0,14.2,28.6,47.9,0.467,0.315,0.508,33.3,7.4,76.705643833,,,,SL,Slider,9.5,64,0.0,0.375,0.625,0.517,-2.0,BASEBALL_SAVANT_PITCH_ARSENAL_CURRENT_SEASON,2026-08-28T17:22:48+00:00,SAVANT_ARSENAL_SCHEMA_V1,CURRENT
683352,"Bratt, Mitch",2026,12,0,0.0,14.2,0.0,47.9,0.231,0.179,0.371,33.3,7.4,76.705643833,,,,SI,Sinker,8.3,56,0.0,0.25,0.75,0.408,-0.9,BASEBALL_SAVANT_PITCH_ARSENAL_CURRENT_SEASON,2026-08-28T17:22:48+00:00,SAVANT_ARSENAL_SCHEMA_V1,CURRENT
683352,"Bratt, Mitch",2026,3,0,0.0,14.2,20.0,47.9,0.237,0.006,0.007,0.0,7.4,76.705643833,,,,CU,Curveball,3.6,24,,0.0,0.0,0.233,1.9,BASEBALL_SAVANT_PITCH_ARSENAL_CURRENT_SEASON,2026-08-28T17:22:48+00:00,SAVANT_ARSENAL_SCHEMA_V1,CURRENT
623211,"Brazobán, Huascar",2026,128,14,10.9,11.5,19.3,49.2,0.33,0.258,0.372,35.1,4.8,74.235745904,,,,SI,Sinker,51.1,501,20.0,0.211,0.367,0.321,1.1,BASEBALL_SAVANT_PITCH_ARSENAL_CURRENT_SEASON,2026-08-28T17:22:48+00:00,SAVANT_ARSENAL_SCHEMA_V1,CURRENT
623211,"Brazobán, Huascar",2026,99,28,28.3,11.5,33.7,49.2,0.232,0.173,0.244,19.4,4.8,74.235745904,,,,CH,Changeup,39.1,384,16.3,0.17,0.261,0.249,0.9,BASEBALL_SAVANT_PITCH_ARSENAL_CURRENT_SEASON,2026-08-28T17:22:48+00:00,SAVANT_ARSENAL_SCHEMA_V1,CURRENT
623211,"Brazobán, Huascar",2026,15,7,46.7,11.5,17.1,49.2,0.34,0.167,0.525,66.7,4.8,74.235745904,,,,FF,4-Seam Fastball,6.2,61,15.6,0.154,0.462,0.31,-1.5,BASEBALL_SAVANT_PITCH_ARSENAL_CURRENT_SEASON,2026-08-28T17:22:48+00:00,SAVANT_ARSENAL_SCHEMA_V1,CURRENT
623211,"Brazobán, Huascar",2026,3,2,66.7,11.5,33.3,49.2,0.268,0.283,0.337,100.0,4.8,74.235745904,,,,FC,Cutter,3.0,29,16.7,0.333,0.667,0.417,-0.6,BASEBALL_SAVANT_PITCH_ARSENAL_CURRENT_SEASON,2026-08-28T17:22:48+00:00,SAVANT_ARSENAL_SCHEMA_V1,CURRENT
623211,"Brazobán, Huascar",2026,4,2,50.0,11.5,40.0,49.2,0.392,0.401,0.501,50.0,4.8,74.235745904,,,,SL,Slider,60.0,6,40.0,0.25,0.25,0.225,3.3,BASEBALL_SAVANT_PITCH_ARSENAL_CURRENT_SEASON,2026-08-28T17:22:48+00:00,SAVANT_ARSENAL_SCHEMA_V1,CURRENT
605154,"Brebbia, John",2026,11,1,9.1,0.0,10.3,56.4,0.426,0.353,0.655,40.0,10.5,79.314039,,,,SL,Slider,47.9,45,6.7,0.364,0.636,0.591,-4.2,BASEBALL_SAVANT_PITCH_ARSENAL_CURRENT_SEASON,2026-08-28T17:22:48+00:00,SAVANT_ARSENAL_SCHEMA_V1,CURRENT
605154,"Brebbia, John",2026,7,0,0.0,0.0,11.8,56.4,0.514,0.354,0.891,42.9,10.5,79.314039,,,,FF,4-Seam Fastball,39.4,37,0.0,0.286,0.714,0.414,-1.2,BASEBALL_SAVANT_PITCH_ARSENAL_CURRENT_SEASON,2026-08-28T17:22:48+00:00,SAVANT_ARSENAL_SCHEMA_V1,CURRENT
605154,"Brebbia, John",2026,1,0,0.0,0.0,33.3,56.4,0.055,0.049,0.089,0.0,10.5,79.314039,,,,CH,Changeup,7.4,7,0.0,0.0,0.0,0.0,1.9,BASEBALL_SAVANT_PITCH_ARSENAL_CURRENT_SEASON,2026-08-28T17:22:48+00:00,SAVANT_ARSENAL_SCHEMA_V1,CURRENT
605154,"Brebbia, John",2026,2,1,50.0,0.0,75.0,56.4,0.175,0.124,0.299,100.0,10.5,79.314039,,,,ST,Sweeper,5.3,5,50.0,0.5,1.0,0.625,-7.7,BASEBALL_SAVANT_PITCH_ARSENAL_CURRENT_SEASON,2026-08-28T17:22:48+00:00,SAVANT_ARSENAL_SCHEMA_V1,CURRENT
689225,"Brieske, Beau",2026,22,4,18.2,10.3,20.5,53.7,0.405,0.248,0.553,57.1,11.1,77.643400714,,,,FF,4-Seam Fastball,48.3,72,16.0,0.333,0.833,0.523,-6.4,BASEBALL_SAVANT_PITCH_ARSENAL_CURRENT_SEASON,2026-08-28T17:22:48+00:00,SAVANT_ARSENAL_SCHEMA_V1,CURRENT
689225,"Brieske, Beau",2026,8,3,37.5,10.3,31.8,53.7,0.132,0.143,0.157,0.0,11.1,77.643400714,,,,SL,Slider,24.2,36,18.8,0.125,0.125,0.113,3.1,BASEBALL_SAVANT_PITCH_ARSENAL_CURRENT_SEASON,2026-08-28T17:22:48+00:00,SAVANT_ARSENAL_SCHEMA_V1,CURRENT
689225,"Brieske, Beau",2026,5,1,20.0,10.3,20.0,53.7,0.327,0.288,0.487,75.0,11.1,77.643400714,,,,SI,Sinker,14.8,22,16.7,0.2,0.2,0.18,4.5,BASEBALL_SAVANT_PITCH_ARSENAL_CURRENT_SEASON,2026-08-28T17:22:48+00:00,SAVANT_ARSENAL_SCHEMA_V1,CURRENT
689225,"Brieske, Beau",2026,4,0,0.0,10.3,0.0,53.7,0.32,0.345,0.396,50.0,11.1,77.643400714,,,,CH,Changeup,12.8,19,0.0,0.25,0.25,0.225,-0.3,BASEBALL_SAVANT_PITCH_ARSENAL_CURRENT_SEASON,2026-08-28T17:22:48+00:00,SAVANT_ARSENAL_SCHEMA_V1,CURRENT
666745,"Brito, Jhony",2026,10,2,20.0,5.0,30.0,59.0,0.172,0.179,0.215,12.5,6.7,78.43264375,,,,CH,Changeup,29.5,23,14.3,0.1,0.2,0.125,5.8,BASEBALL_SAVANT_PITCH_ARSENAL_CURRENT_SEASON,2026-08-28T17:22:48+00:00,SAVANT_ARSENAL_SCHEMA_V1,CURRENT
666745,"Brito, Jhony",2026,2,2,100.0,5.0,50.0,59.0,0.0,0.206,0.337,33.3,6.7,78.43264375,,,,ST,Sweeper,23.1,18,20.0,0.0,0.0,0.0,1.8,BASEBALL_SAVANT_PITCH_ARSENAL_CURRENT_SEASON,2026-08-28T17:22:48+00:00,SAVANT_ARSENAL_SCHEMA_V1,CURRENT
666745,"Brito, Jhony",2026,5,0,0.0,5.0,16.7,59.0,0.439,0.372,0.656,60.0,6.7,78.43264375,,,,SI,Sinker,21.8,17,0.0,0.6,1.2,0.76,-5.7,BASEBALL_SAVANT_PITCH_ARSENAL_CURRENT_SEASON,2026-08-28T17:22:48+00:00,SAVANT_ARSENAL_SCHEMA_V1,CURRENT
666745,"Brito, Jhony",2026,1,0,0.0,5.0,40.0,59.0,0.008,0.006,0.009,0.0,6.7,78.43264375,,,,SL,Slider,16.7,13,,0.0,0.0,0.0,4.1,BASEBALL_SAVANT_PITCH_ARSENAL_CURRENT_SEASON,2026-08-28T17:22:48+00:00,SAVANT_ARSENAL_SCHEMA_V1,CURRENT
666745,"Brito, Jhony",2026,2,0,0.0,5.0,0.0,59.0,0.601,0.254,0.953,100.0,6.7,78.43264375,,,,FF,4-Seam Fastball,9.0,7,0.0,0.0,0.0,0.35,-0.7,BASEBALL_SAVANT_PITCH_ARSENAL_CURRENT_SEASON,2026-08-28T17:22:48+00:00,SAVANT_ARSENAL_SCHEMA_V1,CURRENT
641401,"Brogdon, Connor",2026,34,10,29.4,4.5,28.4,49.1,0.35,0.238,0.54,45.5,14.0,82.188572083,,,,FF,4-Seam Fastball,48.3,129,24.4,0.267,0.633,0.394,-0.6,BASEBALL_SAVANT_PITCH_ARSENAL_CURRENT_SEASON,2026-08-28T17:22:48+00:00,SAVANT_ARSENAL_SCHEMA_V1,CURRENT
641401,"Brogdon, Connor",2026,26,3,11.5,4.5,23.5,49.1,0.336,0.283,0.462,45.5,14.0,82.188572083,,,,CH,Changeup,39.0,104,15.8,0.208,0.375,0.374,-0.6,BASEBALL_SAVANT_PITCH_ARSENAL_CURRENT_SEASON,2026-08-28T17:22:48+00:00,SAVANT_ARSENAL_SCHEMA_V1,CURRENT
641401,"Brogdon, Connor",2026,5,0,0.0,4.5,36.4,49.1,0.429,0.297,0.734,40.0,14.0,82.188572083,,,,FC,Cutter,10.1,27,0.0,0.2,0.8,0.4,0.1,BASEBALL_SAVANT_PITCH_ARSENAL_CURRENT_SEASON,2026-08-28T17:22:48+00:00,SAVANT_ARSENAL_SCHEMA_V1,CURRENT
641401,"Brogdon, Connor",2026,2,1,50.0,4.5,0.0,49.1,0.166,0.175,0.199,0.0,14.0,82.188572083,,,,CU,Curveball,2.6,7,33.3,0.0,0.0,0.45,-6.0,BASEBALL_SAVANT_PITCH_ARSENAL_CURRENT_SEASON,2026-08-28T17:22:48+00:00,SAVANT_ARSENAL_SCHEMA_V1,CURRENT
605156,"Brooks, Aaron",2026,1,0,0.0,50.0,50.0,35.3,0.7,0.189,0.556,50.0,50.0,72.95787,,,,SI,Sinker,41.2,7,,,,0.7,-3.0,BASEBALL_SAVANT_PITCH_ARSENAL_CURRENT_SEASON,2026-08-28T17:22:48+00:00,SAVANT_ARSENAL_SCHEMA_V1,CURRENT
605156,"Brooks, Aaron",2026,1,0,0.0,50.0,0.0,35.3,0.61,0.374,1.108,100.0,50.0,72.95787,,,,FF,4-Seam Fastball,29.4,5,0.0,1.0,4.0,2.0,-17.8,BASEBALL_SAVANT_PITCH_ARSENAL_CURRENT_SEASON,2026-08-28T17:22:48+00:00,SAVANT_ARSENAL_SCHEMA_V1,CURRENT
605156,"Brooks, Aaron",2026,1,0,0.0,50.0,16.7,35.3,0.7,0.189,0.556,50.0,50.0,72.95787,,,,SL,Slider,23.5,4,0.0,,,0.7,-11.2,BASEBALL_SAVANT_PITCH_ARSENAL_CURRENT_SEASON,2026-08-28T17:22:48+00:00,SAVANT_ARSENAL_SCHEMA_V1,CURRENT
605156,"Brooks, Aaron",2026,1,0,0.0,50.0,0.0,35.3,0.003,0.003,0.004,0.0,50.0,72.95787,,,,CH,Changeup,5.9,1,,0.0,0.0,0.0,28.8,BASEBALL_SAVANT_PITCH_ARSENAL_CURRENT_SEASON,2026-08-28T17:22:48+00:00,SAVANT_ARSENAL_SCHEMA_V1,CURRENT
676962,"Brown, Ben",2026,94,15,16.0,7.2,15.6,47.1,0.352,0.268,0.438,52.2,7.3,80.433868295,,,,FF,4-Seam Fastball,37.0,371,14.6,0.247,0.321,0.326,0.5,BASEBALL_SAVANT_PITCH_ARSENAL_CURRENT_SEASON,2026-08-28T17:22:48+00:00,SAVANT_ARSENAL_SCHEMA_V1,CURRENT
676962,"Brown, Ben",2026,103,42,40.8,7.2,44.3,47.1,0.222,0.177,0.263,39.3,7.3,80.433868295,,,,CU,Curveball,36.5,366,29.6,0.124,0.186,0.16,3.4,BASEBALL_SAVANT_PITCH_ARSENAL_CURRENT_SEASON,2026-08-28T17:22:48+00:00,SAVANT_ARSENAL_SCHEMA_V1,CURRENT
676962,"Brown, Ben",2026,53,4,7.5,7.2,13.0,47.1,0.276,0.242,0.313,33.3,7.3,80.433868295,,,,SI,Sinker,20.6,207,18.2,0.224,0.245,0.268,2.2,BASEBALL_SAVANT_PITCH_ARSENAL_CURRENT_SEASON,2026-08-28T17:22:48+00:00,SAVANT_ARSENAL_SCHEMA_V1,CURRENT
676962,"Brown, Ben",2026,15,4,26.7,7.2,34.8,47.1,0.229,0.212,0.321,45.5,7.3,80.433868295,,,,CH,Changeup,6.0,60,28.6,0.133,0.267,0.167,1.2,BASEBALL_SAVANT_PITCH_ARSENAL_CURRENT_SEASON,2026-08-28T17:22:48+00:00,SAVANT_ARSENAL_SCHEMA_V1,CURRENT
686613,"Brown, Hunter",2026,82,24,29.3,13.7,19.4,41.4,0.239,0.139,0.241,47.8,6.3,73.005569684,,,,FF,4-Seam Fastball,32.9,427,19.4,0.13,0.29,0.261,0.6,BASEBALL_SAVANT_PITCH_ARSENAL_CURRENT_SEASON,2026-08-28T17:22:48+00:00,SAVANT_ARSENAL_SCHEMA_V1,CURRENT
686613,"Brown, Hunter",2026,101,19,18.8,13.7,19.1,41.4,0.31,0.198,0.331,25.0,6.3,73.005569684,,,,SI,Sinker,29.6,385,22.9,0.205,0.373,0.345,1.0,BASEBALL_SAVANT_PITCH_ARSENAL_CURRENT_SEASON,2026-08-28T17:22:48+00:00,SAVANT_ARSENAL_SCHEMA_V1,CURRENT
686613,"Brown, Hunter",2026,69,23,33.3,13.7,33.9,41.4,0.279,0.225,0.348,48.8,6.3,73.005569684,,,,CU,Curveball,19.6,255,20.9,0.25,0.313,0.28,-0.8,BASEBALL_SAVANT_PITCH_ARSENAL_CURRENT_SEASON,2026-08-28T17:22:48+00:00,SAVANT_ARSENAL_SCHEMA_V1,CURRENT
686613,"Brown, Hunter",2026,29,3,10.3,13.7,40.0,41.4,0.446,0.315,0.543,31.6,6.3,73.005569684,,,,CH,Changeup,9.8,127,12.0,0.318,0.591,0.46,-1.7,BASEBALL_SAVANT_PITCH_ARSENAL_CURRENT_SEASON,2026-08-28T17:22:48+00:00,SAVANT_ARSENAL_SCHEMA_V1,CURRENT
686613,"Brown, Hunter",2026,34,7,20.6,13.7,25.0,41.4,0.347,0.257,0.414,27.3,6.3,73.005569684,,,,SL,Slider,8.1,105,15.9,0.241,0.345,0.347,-1.5,BASEBALL_SAVANT_PITCH_ARSENAL_CURRENT_SEASON,2026-08-28T17:22:48+00:00,SAVANT_ARSENAL_SCHEMA_V1,CURRENT
664141,"Brubaker, JT",2026,112,18,16.1,10.4,9.8,45.0,0.383,0.314,0.511,48.8,5.5,77.08366011,,,,SI,Sinker,45.1,451,20.2,0.255,0.429,0.338,0.4,BASEBALL_SAVANT_PITCH_ARSENAL_CURRENT_SEASON,2026-08-28T17:22:48+00:00,SAVANT_ARSENAL_SCHEMA_V1,CURRENT
664141,"Brubaker, JT",2026,65,11,16.9,10.4,38.3,45.0,0.295,0.225,0.337,21.7,5.5,77.08366011,,,,SL,Slider,26.4,264,12.1,0.2,0.345,0.283,0.3,BASEBALL_SAVANT_PITCH_ARSENAL_CURRENT_SEASON,2026-08-28T17:22:48+00:00,SAVANT_ARSENAL_SCHEMA_V1,CURRENT
664141,"Brubaker, JT",2026,34,4,11.8,10.4,23.4,45.0,0.257,0.208,0.287,18.5,5.5,77.08366011,,,,CH,Changeup,13.8,138,11.8,0.161,0.161,0.194,2.7,BASEBALL_SAVANT_PITCH_ARSENAL_CURRENT_SEASON,2026-08-28T17:22:48+00:00,SAVANT_ARSENAL_SCHEMA_V1,CURRENT
664141,"Brubaker, JT",2026,22,5,22.7,10.4,20.6,45.0,0.343,0.277,0.384,21.4,5.5,77.08366011,,,,CU,Curveball,8.7,87,14.7,0.211,0.263,0.275,-0.2,BASEBALL_SAVANT_PITCH_ARSENAL_CURRENT_SEASON,2026-08-28T17:22:48+00:00,SAVANT_ARSENAL_SCHEMA_V1,CURRENT
664141,"Brubaker, JT",2026,17,1,5.9,10.4,8.3,45.0,0.412,0.326,0.552,57.1,5.5,77.08366011,,,,FF,4-Seam Fastball,6.0,60,2.8,0.267,0.333,0.315,-0.8,BASEBALL_SAVANT_PITCH_ARSENAL_CURRENT_SEASON,2026-08-28T17:22:48+00:00,SAVANT_ARSENAL_SCHEMA_V1,CURRENT
677865,"Bruihl, Justin",2026,133,9,6.8,8.5,9.8,45.3,0.346,0.294,0.378,44.9,4.6,74.223234762,,,,SI,Sinker,44.7,501,10.7,0.298,0.377,0.344,1.4,BASEBALL_SAVANT_PITCH_ARSENAL_CURRENT_SEASON,2026-08-28T17:22:48+00:00,SAVANT_ARSENAL_SCHEMA_V1,CURRENT
677865,"Bruihl, Justin",2026,115,26,22.6,8.5,23.1,45.3,0.25,0.192,0.264,26.9,4.6,74.223234762,,,,ST,Sweeper,39.5,443,15.9,0.22,0.3,0.274,0.4,BASEBALL_SAVANT_PITCH_ARSENAL_CURRENT_SEASON,2026-08-28T17:22:48+00:00,SAVANT_ARSENAL_SCHEMA_V1,CURRENT
677865,"Bruihl, Justin",2026,27,5,18.5,8.5,28.9,45.3,0.262,0.202,0.325,14.3,4.6,74.223234762,,,,CH,Changeup,9.2,103,15.2,0.12,0.24,0.224,-0.1,BASEBALL_SAVANT_PITCH_ARSENAL_CURRENT_SEASON,2026-08-28T17:22:48+00:00,SAVANT_ARSENAL_SCHEMA_V1,CURRENT
677865,"Bruihl, Justin",2026,13,4,30.8,8.5,17.4,45.3,0.398,0.253,0.639,28.6,4.6,74.223234762,,,,FF,4-Seam Fastball,5.6,63,8.9,0.4,0.8,0.496,-6.4,BASEBALL_SAVANT_PITCH_ARSENAL_CURRENT_SEASON,2026-08-28T17:22:48+00:00,SAVANT_ARSENAL_SCHEMA_V1,CURRENT
677865,"Bruihl, Justin",2026,3,0,0.0,8.5,14.3,45.3,0.759,0.711,1.042,33.3,4.6,74.223234762,,,,FC,Cutter,1.1,12,,1.0,1.333,1.017,-12.6,BASEBALL_SAVANT_PITCH_ARSENAL_CURRENT_SEASON,2026-08-28T17:22:48+00:00,SAVANT_ARSENAL_SCHEMA_V1,CURRENT
694350,"Brzykcy, Zach",2026,7,1,14.3,16.7,11.1,37.5,0.374,0.261,0.3,25.0,0.0,84.1722025,,,,FF,4-Seam Fastball,47.9,23,14.3,0.4,0.6,0.507,-3.5,BASEBALL_SAVANT_PITCH_ARSENAL_CURRENT_SEASON,2026-08-28T17:22:48+00:00,SAVANT_ARSENAL_SCHEMA_V1,CURRENT
694350,"Brzykcy, Zach",2026,2,0,0.0,16.7,0.0,37.5,0.27,0.3,0.329,100.0,0.0,84.1722025,,,,SL,Slider,22.9,11,0.0,0.0,0.0,0.0,4.0,BASEBALL_SAVANT_PITCH_ARSENAL_CURRENT_SEASON,2026-08-28T17:22:48+00:00,SAVANT_ARSENAL_SCHEMA_V1,CURRENT
694350,"Brzykcy, Zach",2026,1,0,0.0,16.7,33.3,37.5,0.414,0.449,0.504,0.0,0.0,84.1722025,,,,CH,Changeup,14.6,7,0.0,1.0,1.0,0.9,-4.9,BASEBALL_SAVANT_PITCH_ARSENAL_CURRENT_SEASON,2026-08-28T17:22:48+00:00,SAVANT_ARSENAL_SCHEMA_V1,CURRENT
694350,"Brzykcy, Zach",2026,2,1,50.0,16.7,50.0,37.5,0.05,0.056,0.062,0.0,0.0,84.1722025,,,,CU,Curveball,12.5,6,33.3,0.0,0.0,0.0,6.3,BASEBALL_SAVANT_PITCH_ARSENAL_CURRENT_SEASON,2026-08-28T17:22:48+00:00,SAVANT_ARSENAL_SCHEMA_V1,CURRENT
663460,"Bubic, Kris",2026,88,22,25.0,12.6,25.2,46.9,0.378,0.241,0.474,38.8,7.8,79.03376375,,,,FF,4-Seam Fastball,41.2,334,21.6,0.225,0.394,0.348,-0.8,BASEBALL_SAVANT_PITCH_ARSENAL_CURRENT_SEASON,2026-08-28T17:22:48+00:00,SAVANT_ARSENAL_SCHEMA_V1,CURRENT
663460,"Bubic, Kris",2026,37,9,24.3,12.6,31.9,46.9,0.216,0.183,0.249,34.6,7.8,79.03376375,,,,CH,Changeup,20.0,162,14.1,0.114,0.114,0.139,2.9,BASEBALL_SAVANT_PITCH_ARSENAL_CURRENT_SEASON,2026-08-28T17:22:48+00:00,SAVANT_ARSENAL_SCHEMA_V1,CURRENT
663460,"Bubic, Kris",2026,34,12,35.3,12.6,29.1,46.9,0.325,0.265,0.474,38.1,7.8,79.03376375,,,,ST,Sweeper,17.3,140,32.4,0.273,0.545,0.354,-1.4,BASEBALL_SAVANT_PITCH_ARSENAL_CURRENT_SEASON,2026-08-28T17:22:48+00:00,SAVANT_ARSENAL_SCHEMA_V1,CURRENT
663460,"Bubic, Kris",2026,29,0,0.0,12.6,8.2,46.9,0.348,0.283,0.347,50.0,7.8,79.03376375,,,,SI,Sinker,12.7,103,0.0,0.208,0.25,0.288,2.8,BASEBALL_SAVANT_PITCH_ARSENAL_CURRENT_SEASON,2026-08-28T17:22:48+00:00,SAVANT_ARSENAL_SCHEMA_V1,CURRENT
663460,"Bubic, Kris",2026,19,8,42.1,12.6,36.7,46.9,0.274,0.24,0.269,33.3,7.8,79.03376375,,,,SL,Slider,8.9,72,23.5,0.118,0.118,0.168,1.7,BASEBALL_SAVANT_PITCH_ARSENAL_CURRENT_SEASON,2026-08-28T17:22:48+00:00,SAVANT_ARSENAL_SCHEMA_V1,CURRENT
621111,"Buehler, Walker",2026,128,20,15.6,9.1,19.8,45.0,0.302,0.228,0.34,30.4,8.0,78.825651444,,,,FC,Cutter,24.5,525,20.2,0.225,0.324,0.298,1.1,BASEBALL_SAVANT_PITCH_ARSENAL_CURRENT_SEASON,2026-08-28T17:22:48+00:00,SAVANT_ARSENAL_SCHEMA_V1,CURRENT
621111,"Buehler, Walker",2026,86,9,10.5,9.1,13.1,45.0,0.392,0.31,0.491,49.2,8.0,78.825651444,,,,FF,4-Seam Fastball,19.5,419,7.8,0.338,0.514,0.414,-0.4,BASEBALL_SAVANT_PITCH_ARSENAL_CURRENT_SEASON,2026-08-28T17:22:48+00:00,SAVANT_ARSENAL_SCHEMA_V1,CURRENT
621111,"Buehler, Walker",2026,106,20,18.9,9.1,13.2,45.0,0.279,0.223,0.289,35.6,8.0,78.825651444,,,,SI,Sinker,19.5,418,18.3,0.217,0.283,0.275,2.0,BASEBALL_SAVANT_PITCH_ARSENAL_CURRENT_SEASON,2026-08-28T17:22:48+00:00,SAVANT_ARSENAL_SCHEMA_V1,CURRENT
621111,"Buehler, Walker",2026,57,18,31.6,9.1,25.2,45.0,0.214,0.175,0.289,43.2,8.0,78.825651444,,,,SL,Slider,10.5,226,22.8,0.127,0.182,0.154,3.3,BASEBALL_SAVANT_PITCH_ARSENAL_CURRENT_SEASON,2026-08-28T17:22:48+00:00,SAVANT_ARSENAL_SCHEMA_V1,CURRENT
621111,"Buehler, Walker",2026,52,12,23.1,9.1,26.8,45.0,0.39,0.346,0.553,51.3,8.0,78.825651444,,,,CH,Changeup,10.0,214,15.8,0.373,0.667,0.464,-4.8,BASEBALL_SAVANT_PITCH_ARSENAL_CURRENT_SEASON,2026-08-28T17:22:48+00:00,SAVANT_ARSENAL_SCHEMA_V1,CURRENT
621111,"Buehler, Walker",2026,57,15,26.3,9.1,27.4,45.0,0.365,0.275,0.51,40.5,8.0,78.825651444,,,,CU,Curveball,8.6,185,18.5,0.288,0.5,0.368,-2.7,BASEBALL_SAVANT_PITCH_ARSENAL_CURRENT_SEASON,2026-08-28T17:22:48+00:00,SAVANT_ARSENAL_SCHEMA_V1,CURRENT
621111,"Buehler, Walker",2026,49,14,28.6,9.1,27.4,45.0,0.269,0.176,0.395,25.0,8.0,78.825651444,,,,ST,Sweeper,7.4,158,17.1,0.217,0.5,0.323,-1.3,BASEBALL_SAVANT_PITCH_ARSENAL_CURRENT_SEASON,2026-08-28T17:22:48+00:00,SAVANT_ARSENAL_SCHEMA_V1,CURRENT
607481,"Bummer, Aaron",2026,31,4,12.9,12.5,11.5,47.0,0.402,0.285,0.493,57.1,12.7,82.032936129,,,,SI,Sinker,38.7,127,22.2,0.4,0.8,0.544,-2.6,BASEBALL_SAVANT_PITCH_ARSENAL_CURRENT_SEASON,2026-08-28T17:22:48+00:00,SAVANT_ARSENAL_SCHEMA_V1,CURRENT
607481,"Bummer, Aaron",2026,18,4,22.2,12.5,33.3,47.0,0.301,0.238,0.42,23.1,12.7,82.032936129,,,,ST,Sweeper,21.6,71,14.8,0.313,0.688,0.432,-3.0,BASEBALL_SAVANT_PITCH_ARSENAL_CURRENT_SEASON,2026-08-28T17:22:48+00:00,SAVANT_ARSENAL_SCHEMA_V1,CURRENT
607481,"Bummer, Aaron",2026,24,4,16.7,12.5,17.1,47.0,0.381,0.272,0.517,52.9,12.7,82.032936129,,,,CU,Curveball,21.3,70,14.3,0.286,0.571,0.479,-5.2,BASEBALL_SAVANT_PITCH_ARSENAL_CURRENT_SEASON,2026-08-28T17:22:48+00:00,SAVANT_ARSENAL_SCHEMA_V1,CURRENT
607481,"Bummer, Aaron",2026,9,0,0.0,12.5,20.0,47.0,0.268,0.089,0.289,28.6,12.7,82.032936129,,,,FC,Cutter,10.1,33,0.0,0.0,0.0,0.156,5.1,BASEBALL_SAVANT_PITCH_ARSENAL_CURRENT_SEASON,2026-08-28T17:22:48+00:00,SAVANT_ARSENAL_SCHEMA_V1,CURRENT
607481,"Bummer, Aaron",2026,6,1,16.7,12.5,12.5,47.0,0.678,0.478,1.145,100.0,12.7,82.032936129,,,,FF,4-Seam Fastball,8.2,27,10.0,0.5,1.167,0.692,-6.0,BASEBALL_SAVANT_PITCH_ARSENAL_CURRENT_SEASON,2026-08-28T17:22:48+00:00,SAVANT_ARSENAL_SCHEMA_V1,CURRENT
686228,"Burgos, Juan",2026,7,0,0.0,0.0,10.0,54.7,0.317,0.234,0.327,33.3,6.3,71.981467143,,,,SI,Sinker,35.8,19,0.0,0.2,0.4,0.325,-1.1,BASEBALL_SAVANT_PITCH_ARSENAL_CURRENT_SEASON,2026-08-28T17:22:48+00:00,SAVANT_ARSENAL_SCHEMA_V1,CURRENT
686228,"Burgos, Juan",2026,4,0,0.0,0.0,11.1,54.7,0.25,0.253,0.315,0.0,6.3,71.981467143,,,,FC,Cutter,35.8,19,0.0,0.667,0.667,0.6,-3.4,BASEBALL_SAVANT_PITCH_ARSENAL_CURRENT_SEASON,2026-08-28T17:22:48+00:00,SAVANT_ARSENAL_SCHEMA_V1,CURRENT
686228,"Burgos, Juan",2026,5,0,0.0,0.0,12.5,54.7,0.02,0.02,0.026,20.0,6.3,71.981467143,,,,ST,Sweeper,22.6,12,0.0,0.0,0.0,0.0,8.6,BASEBALL_SAVANT_PITCH_ARSENAL_CURRENT_SEASON,2026-08-28T17:22:48+00:00,SAVANT_ARSENAL_SCHEMA_V1,CURRENT
686228,"Burgos, Juan",2026,1,0,0.0,0.0,0.0,54.7,1.33,0.711,2.533,100.0,6.3,71.981467143,,,,FF,4-Seam Fastball,5.7,3,,0.0,0.0,0.0,11.5,BASEBALL_SAVANT_PITCH_ARSENAL_CURRENT_SEASON,2026-08-28T17:22:48+00:00,SAVANT_ARSENAL_SCHEMA_V1,CURRENT
670103,"Burgos, Raymond",2026,10,1,10.0,2.9,4.0,58.8,0.127,0.134,0.158,44.4,7.1,82.334787857,,,,SI,Sinker,35.3,42,11.1,0.1,0.1,0.09,5.6,BASEBALL_SAVANT_PITCH_ARSENAL_CURRENT_SEASON,2026-08-28T17:22:48+00:00,SAVANT_ARSENAL_SCHEMA_V1,CURRENT
670103,"Burgos, Raymond",2026,10,0,0.0,2.9,0.0,58.8,0.409,0.27,0.646,22.2,7.1,82.334787857,,,,FC,Cutter,21.0,25,0.0,0.111,0.444,0.27,3.2,BASEBALL_SAVANT_PITCH_ARSENAL_CURRENT_SEASON,2026-08-28T17:22:48+00:00,SAVANT_ARSENAL_SCHEMA_V1,CURRENT
670103,"Burgos, Raymond",2026,7,2,28.6,2.9,35.7,58.8,0.139,0.119,0.203,20.0,7.1,82.334787857,,,,ST,Sweeper,20.2,24,15.4,0.0,0.0,0.0,7.4,BASEBALL_SAVANT_PITCH_ARSENAL_CURRENT_SEASON,2026-08-28T17:22:48+00:00,SAVANT_ARSENAL_SCHEMA_V1,CURRENT
670103,"Burgos, Raymond",2026,4,1,25.0,2.9,28.6,58.8,0.24,0.261,0.29,33.3,7.1,82.334787857,,,,CH,Changeup,18.5,22,11.1,0.0,0.0,0.0,3.3,BASEBALL_SAVANT_PITCH_ARSENAL_CURRENT_SEASON,2026-08-28T17:22:48+00:00,SAVANT_ARSENAL_SCHEMA_V1,CURRENT
670103,"Burgos, Raymond",2026,3,1,33.3,2.9,25.0,58.8,0.923,0.626,1.588,100.0,7.1,82.334787857,,,,FF,4-Seam Fastball,5.0,6,25.0,0.667,1.667,0.967,-36.5,BASEBALL_SAVANT_PITCH_ARSENAL_CURRENT_SEASON,2026-08-28T17:22:48+00:00,SAVANT_ARSENAL_SCHEMA_V1,CURRENT
656271,"Burke, Brock",2026,111,35,31.5,13.5,27.5,45.2,0.262,0.167,0.257,39.0,7.4,77.01186,,,,FF,4-Seam Fastball,41.0,427,22.4,0.194,0.333,0.312,0.2,BASEBALL_SAVANT_PITCH_ARSENAL_CURRENT_SEASON,2026-08-28T17:22:48+00:00,SAVANT_ARSENAL_SCHEMA_V1,CURRENT
656271,"Burke, Brock",2026,58,15,25.9,13.5,35.8,45.2,0.306,0.215,0.416,31.6,7.4,77.01186,,,,SL,Slider,28.3,295,23.8,0.173,0.327,0.274,0.2,BASEBALL_SAVANT_PITCH_ARSENAL_CURRENT_SEASON,2026-08-28T17:22:48+00:00,SAVANT_ARSENAL_SCHEMA_V1,CURRENT
656271,"Burke, Brock",2026,55,11,20.0,13.5,31.9,45.2,0.357,0.274,0.462,34.2,7.4,77.01186,,,,CH,Changeup,17.3,180,16.2,0.245,0.408,0.337,-0.7,BASEBALL_SAVANT_PITCH_ARSENAL_CURRENT_SEASON,2026-08-28T17:22:48+00:00,SAVANT_ARSENAL_SCHEMA_V1,CURRENT
656271,"Burke, Brock",2026,45,3,6.7,13.5,14.9,45.2,0.308,0.235,0.269,11.8,7.4,77.01186,,,,SI,Sinker,13.4,139,17.6,0.216,0.216,0.311,1.3,BASEBALL_SAVANT_PITCH_ARSENAL_CURRENT_SEASON,2026-08-28T17:22:48+00:00,SAVANT_ARSENAL_SCHEMA_V1,CURRENT
680732,"Burke, Sean",2026,249,85,34.1,8.2,26.7,49.0,0.269,0.186,0.342,35.0,7.6,79.038404691,,,,FF,4-Seam Fastball,37.0,906,20.7,0.176,0.315,0.255,1.3,BASEBALL_SAVANT_PITCH_ARSENAL_CURRENT_SEASON,2026-08-28T17:22:48+00:00,SAVANT_ARSENAL_SCHEMA_V1,CURRENT
680732,"Burke, Sean",2026,110,35,31.8,8.2,27.1,49.0,0.266,0.216,0.287,35.8,7.6,79.038404691,,,,CU,Curveball,20.1,492,20.6,0.208,0.337,0.278,-0.5,BASEBALL_SAVANT_PITCH_ARSENAL_CURRENT_SEASON,2026-08-28T17:22:48+00:00,SAVANT_ARSENAL_SCHEMA_V1,CURRENT
680732,"Burke, Sean",2026,109,26,23.9,8.2,33.8,49.0,0.324,0.254,0.41,36.5,7.6,79.038404691,,,,SL,Slider,17.0,417,21.0,0.29,0.48,0.367,-0.1,BASEBALL_SAVANT_PITCH_ARSENAL_CURRENT_SEASON,2026-08-28T17:22:48+00:00,SAVANT_ARSENAL_SCHEMA_V1,CURRENT
680732,"Burke, Sean",2026,93,8,8.6,8.2,10.3,49.0,0.362,0.285,0.455,37.8,7.6,79.038404691,,,,SI,Sinker,14.5,354,11.0,0.256,0.427,0.344,-0.1,BASEBALL_SAVANT_PITCH_ARSENAL_CURRENT_SEASON,2026-08-28T17:22:48+00:00,SAVANT_ARSENAL_SCHEMA_V1,CURRENT
680732,"Burke, Sean",2026,45,7,15.6,8.2,28.3,49.0,0.37,0.271,0.452,58.1,7.6,79.038404691,,,,FC,Cutter,9.3,227,25.0,0.263,0.5,0.381,0.9,BASEBALL_SAVANT_PITCH_ARSENAL_CURRENT_SEASON,2026-08-28T17:22:48+00:00,SAVANT_ARSENAL_SCHEMA_V1,CURRENT
680732,"Burke, Sean",2026,7,0,0.0,8.2,23.8,49.0,0.467,0.485,0.585,28.6,7.6,79.038404691,,,,CH,Changeup,2.0,50,0.0,0.286,0.429,0.307,-0.6,BASEBALL_SAVANT_PITCH_ARSENAL_CURRENT_SEASON,2026-08-28T17:22:48+00:00,SAVANT_ARSENAL_SCHEMA_V1,CURRENT
695505,"Burns, Chase",2026,311,49,15.8,8.6,17.1,49.0,0.328,0.24,0.408,38.4,8.1,79.574546901,,,,FF,4-Seam Fastball,56.1,1291,14.1,0.25,0.404,0.34,0.4,BASEBALL_SAVANT_PITCH_ARSENAL_CURRENT_SEASON,2026-08-28T17:22:48+00:00,SAVANT_ARSENAL_SCHEMA_V1,CURRENT
695505,"Burns, Chase",2026,235,111,47.2,8.6,51.7,49.0,0.199,0.153,0.246,38.4,8.1,79.574546901,,,,SL,Slider,38.6,888,32.0,0.158,0.261,0.214,1.6,BASEBALL_SAVANT_PITCH_ARSENAL_CURRENT_SEASON,2026-08-28T17:22:48+00:00,SAVANT_ARSENAL_SCHEMA_V1,CURRENT
695505,"Burns, Chase",2026,21,4,19.0,8.6,37.0,49.0,0.407,0.317,0.608,25.0,8.1,79.574546901,,,,CH,Changeup,5.3,122,21.1,0.45,0.8,0.54,-5.1,BASEBALL_SAVANT_PITCH_ARSENAL_CURRENT_SEASON,2026-08-28T17:22:48+00:00,SAVANT_ARSENAL_SCHEMA_V1,CURRENT
681347,"Burrows, Mike",2026,104,18,17.3,8.3,12.7,49.3,0.397,0.301,0.569,53.2,8.4,77.094696234,,,,FF,4-Seam Fastball,28.5,447,14.9,0.316,0.716,0.454,-2.0,BASEBALL_SAVANT_PITCH_ARSENAL_CURRENT_SEASON,2026-08-28T17:22:48+00:00,SAVANT_ARSENAL_SCHEMA_V1,CURRENT
681347,"Burrows, Mike",2026,119,26,21.8,8.3,31.4,49.3,0.28,0.222,0.299,26.6,8.4,77.094696234,,,,CH,Changeup,27.1,424,19.0,0.248,0.305,0.305,0.1,BASEBALL_SAVANT_PITCH_ARSENAL_CURRENT_SEASON,2026-08-28T17:22:48+00:00,SAVANT_ARSENAL_SCHEMA_V1,CURRENT
681347,"Burrows, Mike",2026,77,15,19.5,8.3,27.3,49.3,0.308,0.255,0.421,32.8,8.4,77.094696234,,,,SL,Slider,16.5,258,19.0,0.301,0.521,0.369,-1.1,BASEBALL_SAVANT_PITCH_ARSENAL_CURRENT_SEASON,2026-08-28T17:22:48+00:00,SAVANT_ARSENAL_SCHEMA_V1,CURRENT
681347,"Burrows, Mike",2026,45,12,26.7,8.3,24.4,49.3,0.32,0.229,0.44,37.9,8.4,77.094696234,,,,CU,Curveball,14.4,226,15.4,0.195,0.415,0.3,-0.5,BASEBALL_SAVANT_PITCH_ARSENAL_CURRENT_SEASON,2026-08-28T17:22:48+00:00,SAVANT_ARSENAL_SCHEMA_V1,CURRENT
681347,"Burrows, Mike",2026,76,4,5.3,8.3,9.9,49.3,0.372,0.303,0.504,42.4,8.4,77.094696234,,,,SI,Sinker,13.5,212,16.0,0.371,0.571,0.441,-1.8,BASEBALL_SAVANT_PITCH_ARSENAL_CURRENT_SEASON,2026-08-28T17:22:48+00:00,SAVANT_ARSENAL_SCHEMA_V1,CURRENT
676130,"Buttó, José",2026,5,0,0.0,25.0,12.5,34.9,0.563,0.467,0.765,25.0,14.3,70.763685,,,,SI,Sinker,39.7,25,,0.75,1.5,0.9,-8.3,BASEBALL_SAVANT_PITCH_ARSENAL_CURRENT_SEASON,2026-08-28T17:22:48+00:00,SAVANT_ARSENAL_SCHEMA_V1,CURRENT
676130,"Buttó, José",2026,5,2,40.0,25.0,50.0,34.9,0.351,0.09,0.188,100.0,14.3,70.763685,,,,FF,4-Seam Fastball,25.4,16,66.7,0.333,0.667,0.53,-4.4,BASEBALL_SAVANT_PITCH_ARSENAL_CURRENT_SEASON,2026-08-28T17:22:48+00:00,SAVANT_ARSENAL_SCHEMA_V1,CURRENT
676130,"Buttó, José",2026,4,2,50.0,25.0,57.1,34.9,0.661,0.423,1.161,50.0,14.3,70.763685,,,,SL,Slider,20.6,13,33.3,0.5,1.25,0.725,-12.8,BASEBALL_SAVANT_PITCH_ARSENAL_CURRENT_SEASON,2026-08-28T17:22:48+00:00,SAVANT_ARSENAL_SCHEMA_V1,CURRENT
676130,"Buttó, José",2026,2,1,50.0,25.0,100.0,34.9,0.35,0.319,0.689,42.9,14.3,70.763685,,,,CH,Changeup,12.7,8,100.0,0.0,0.0,0.35,-1.8,BASEBALL_SAVANT_PITCH_ARSENAL_CURRENT_SEASON,2026-08-28T17:22:48+00:00,SAVANT_ARSENAL_SCHEMA_V1,CURRENT
665795,"Cabrera, Edward",2026,111,26,23.4,9.7,32.0,47.8,0.316,0.266,0.411,42.3,11.9,80.755532411,,,,CH,Changeup,30.5,390,19.8,0.279,0.404,0.333,-0.3,BASEBALL_SAVANT_PITCH_ARSENAL_CURRENT_SEASON,2026-08-28T17:22:48+00:00,SAVANT_ARSENAL_SCHEMA_V1,CURRENT
665795,"Cabrera, Edward",2026,87,6,6.9,9.7,7.2,47.8,0.404,0.334,0.507,44.9,11.9,80.755532411,,,,SI,Sinker,21.2,271,15.4,0.301,0.479,0.383,0.2,BASEBALL_SAVANT_PITCH_ARSENAL_CURRENT_SEASON,2026-08-28T17:22:48+00:00,SAVANT_ARSENAL_SCHEMA_V1,CURRENT
665795,"Cabrera, Edward",2026,56,21,37.5,9.7,34.1,47.8,0.279,0.194,0.342,43.3,11.9,80.755532411,,,,CU,Curveball,19.7,252,24.4,0.18,0.44,0.292,0.4,BASEBALL_SAVANT_PITCH_ARSENAL_CURRENT_SEASON,2026-08-28T17:22:48+00:00,SAVANT_ARSENAL_SCHEMA_V1,CURRENT
665795,"Cabrera, Edward",2026,44,5,11.4,9.7,19.5,47.8,0.472,0.291,0.7,50.0,11.9,80.755532411,,,,FF,4-Seam Fastball,17.0,217,10.4,0.343,0.771,0.513,-2.9,BASEBALL_SAVANT_PITCH_ARSENAL_CURRENT_SEASON,2026-08-28T17:22:48+00:00,SAVANT_ARSENAL_SCHEMA_V1,CURRENT
665795,"Cabrera, Edward",2026,31,9,29.0,9.7,45.3,47.8,0.223,0.197,0.297,23.8,11.9,80.755532411,,,,SL,Slider,11.7,150,15.0,0.207,0.31,0.232,-0.6,BASEBALL_SAVANT_PITCH_ARSENAL_CURRENT_SEASON,2026-08-28T17:22:48+00:00,SAVANT_ARSENAL_SCHEMA_V1,CURRENT
703615,"Cabrera, Jose",2026,25,3,12.0,8.1,14.3,44.4,0.355,0.27,0.496,30.0,8.3,77.305399063,,,,FC,Cutter,25.5,89,20.0,0.261,0.391,0.352,1.3,BASEBALL_SAVANT_PITCH_ARSENAL_CURRENT_SEASON,2026-08-28T17:22:48+00:00,SAVANT_ARSENAL_SCHEMA_V1,CURRENT
703615,"Cabrera, Jose",2026,22,2,9.1,8.1,15.6,44.4,0.503,0.372,0.673,46.7,8.3,77.305399063,,,,FF,4-Seam Fastball,24.6,86,10.0,0.235,0.235,0.323,0.8,BASEBALL_SAVANT_PITCH_ARSENAL_CURRENT_SEASON,2026-08-28T17:22:48+00:00,SAVANT_ARSENAL_SCHEMA_V1,CURRENT
703615,"Cabrera, Jose",2026,10,3,30.0,8.1,40.0,44.4,0.365,0.222,0.56,33.3,8.3,77.305399063,,,,ST,Sweeper,16.6,58,25.0,0.333,1.0,0.56,-4.3,BASEBALL_SAVANT_PITCH_ARSENAL_CURRENT_SEASON,2026-08-28T17:22:48+00:00,SAVANT_ARSENAL_SCHEMA_V1,CURRENT
703615,"Cabrera, Jose",2026,12,0,0.0,8.1,8.7,44.4,0.26,0.25,0.35,33.3,8.3,77.305399063,,,,CH,Changeup,12.0,42,0.0,0.25,0.333,0.254,1.0,BASEBALL_SAVANT_PITCH_ARSENAL_CURRENT_SEASON,2026-08-28T17:22:48+00:00,SAVANT_ARSENAL_SCHEMA_V1,CURRENT
703615,"Cabrera, Jose",2026,14,1,7.1,8.1,20.0,44.4,0.382,0.286,0.479,45.5,8.3,77.305399063,,,,SI,Sinker,11.5,40,100.0,0.364,0.636,0.469,-3.3,BASEBALL_SAVANT_PITCH_ARSENAL_CURRENT_SEASON,2026-08-28T17:22:48+00:00,SAVANT_ARSENAL_SCHEMA_V1,CURRENT
703615,"Cabrera, Jose",2026,16,7,43.8,8.1,27.8,44.4,0.168,0.134,0.168,25.0,8.3,77.305399063,,,,CU,Curveball,9.7,34,24.1,0.2,0.333,0.256,-2.9,BASEBALL_SAVANT_PITCH_ARSENAL_CURRENT_SEASON,2026-08-28T17:22:48+00:00,SAVANT_ARSENAL_SCHEMA_V1,CURRENT
682997,"Callihan, Tyler",2026,6,0,0.0,20.0,0.0,35.8,0.389,0.315,0.449,60.0,0.0,85.19323,,,,SL,Slider,34.0,18,0.0,0.2,0.2,0.267,1.9,BASEBALL_SAVANT_PITCH_ARSENAL_CURRENT_SEASON,2026-08-28T17:22:48+00:00,SAVANT_ARSENAL_SCHEMA_V1,CURRENT
682997,"Callihan, Tyler",2026,2,0,0.0,20.0,0.0,35.8,0.211,0.226,0.255,0.0,0.0,85.19323,,,,CH,Changeup,18.9,10,,0.5,0.5,0.45,-0.4,BASEBALL_SAVANT_PITCH_ARSENAL_CURRENT_SEASON,2026-08-28T17:22:48+00:00,SAVANT_ARSENAL_SCHEMA_V1,CURRENT
702070,"Cameron, Noah",2026,130,15,11.5,7.7,17.0,47.7,0.381,0.297,0.516,48.5,7.9,77.884766728,,,,FF,4-Seam Fastball,24.7,599,9.0,0.261,0.391,0.345,0.2,BASEBALL_SAVANT_PITCH_ARSENAL_CURRENT_SEASON,2026-08-28T17:22:48+00:00,SAVANT_ARSENAL_SCHEMA_V1,CURRENT
702070,"Cameron, Noah",2026,130,28,21.5,7.7,35.9,47.7,0.284,0.221,0.35,25.3,7.9,77.884766728,,,,CH,Changeup,21.1,512,19.6,0.198,0.336,0.283,0.9,BASEBALL_SAVANT_PITCH_ARSENAL_CURRENT_SEASON,2026-08-28T17:22:48+00:00,SAVANT_ARSENAL_SCHEMA_V1,CURRENT
702070,"Cameron, Noah",2026,135,14,10.4,7.7,22.3,47.7,0.32,0.278,0.39,37.3,7.9,77.884766728,,,,FC,Cutter,20.7,503,18.2,0.293,0.439,0.351,1.1,BASEBALL_SAVANT_PITCH_ARSENAL_CURRENT_SEASON,2026-08-28T17:22:48+00:00,SAVANT_ARSENAL_SCHEMA_V1,CURRENT
702070,"Cameron, Noah",2026,115,44,38.3,7.7,29.2,47.7,0.23,0.177,0.289,35.9,7.9,77.884766728,,,,CU,Curveball,16.9,411,21.9,0.148,0.25,0.21,0.3,BASEBALL_SAVANT_PITCH_ARSENAL_CURRENT_SEASON,2026-08-28T17:22:48+00:00,SAVANT_ARSENAL_SCHEMA_V1,CURRENT
702070,"Cameron, Noah",2026,86,29,33.7,7.7,34.8,47.7,0.319,0.246,0.485,44.4,7.9,77.884766728,,,,SL,Slider,12.3,299,25.0,0.222,0.42,0.291,0.1,BASEBALL_SAVANT_PITCH_ARSENAL_CURRENT_SEASON,2026-08-28T17:22:48+00:00,SAVANT_ARSENAL_SCHEMA_V1,CURRENT
702070,"Cameron, Noah",2026,28,1,3.6,7.7,5.9,47.7,0.425,0.338,0.546,39.1,7.9,77.884766728,,,,SI,Sinker,4.2,103,7.7,0.478,0.739,0.552,-3.7,BASEBALL_SAVANT_PITCH_ARSENAL_CURRENT_SEASON,2026-08-28T17:22:48+00:00,SAVANT_ARSENAL_SCHEMA_V1,CURRENT
656288,"Canning, Griffin",2026,75,16,21.3,10.4,18.4,44.9,0.423,0.277,0.593,56.5,9.0,79.261739009,,,,FF,4-Seam Fastball,25.0,332,17.2,0.274,0.532,0.403,-0.8,BASEBALL_SAVANT_PITCH_ARSENAL_CURRENT_SEASON,2026-08-28T17:22:48+00:00,SAVANT_ARSENAL_SCHEMA_V1,CURRENT
656288,"Canning, Griffin",2026,73,27,37.0,10.4,37.6,44.9,0.272,0.22,0.323,50.0,9.0,79.261739009,,,,SL,Slider,23.9,317,28.7,0.288,0.394,0.326,-0.5,BASEBALL_SAVANT_PITCH_ARSENAL_CURRENT_SEASON,2026-08-28T17:22:48+00:00,SAVANT_ARSENAL_SCHEMA_V1,CURRENT
656288,"Canning, Griffin",2026,99,17,17.2,10.4,24.4,44.9,0.283,0.236,0.328,42.5,9.0,79.261739009,,,,CH,Changeup,23.7,315,18.9,0.281,0.438,0.351,-1.7,BASEBALL_SAVANT_PITCH_ARSENAL_CURRENT_SEASON,2026-08-28T17:22:48+00:00,SAVANT_ARSENAL_SCHEMA_V1,CURRENT
656288,"Canning, Griffin",2026,39,2,5.1,10.4,5.6,44.9,0.437,0.332,0.553,53.3,9.0,79.261739009,,,,SI,Sinker,9.6,127,10.0,0.29,0.484,0.4,-1.5,BASEBALL_SAVANT_PITCH_ARSENAL_CURRENT_SEASON,2026-08-28T17:22:48+00:00,SAVANT_ARSENAL_SCHEMA_V1,CURRENT
656288,"Canning, Griffin",2026,28,8,28.6,10.4,34.7,44.9,0.294,0.229,0.341,17.6,9.0,79.261739009,,,,CU,Curveball,8.2,109,23.5,0.2,0.32,0.275,0.1,BASEBALL_SAVANT_PITCH_ARSENAL_CURRENT_SEASON,2026-08-28T17:22:48+00:00,SAVANT_ARSENAL_SCHEMA_V1,CURRENT
656288,"Canning, Griffin",2026,17,0,0.0,10.4,24.2,44.9,0.393,0.275,0.563,33.3,9.0,79.261739009,,,,FC,Cutter,6.3,84,0.0,0.4,0.8,0.526,-3.0,BASEBALL_SAVANT_PITCH_ARSENAL_CURRENT_SEASON,2026-08-28T17:22:48+00:00,SAVANT_ARSENAL_SCHEMA_V1,CURRENT
656288,"Canning, Griffin",2026,6,4,66.7,10.4,30.0,44.9,0.124,0.01,0.012,0.0,9.0,79.261739009,,,,ST,Sweeper,3.3,44,25.0,0.0,0.0,0.117,1.4,BASEBALL_SAVANT_PITCH_ARSENAL_CURRENT_SEASON,2026-08-28T17:22:48+00:00,SAVANT_ARSENAL_SCHEMA_V1,CURRENT
686563,"Cannon, Jonathan",2026,10,2,20.0,27.8,29.2,50.0,0.479,0.3,0.612,20.0,11.1,79.021142,,,,FF,4-Seam Fastball,55.0,44,13.3,0.286,0.429,0.425,-2.2,BASEBALL_SAVANT_PITCH_ARSENAL_CURRENT_SEASON,2026-08-28T17:22:48+00:00,SAVANT_ARSENAL_SCHEMA_V1,CURRENT
686563,"Cannon, Jonathan",2026,3,2,66.7,27.8,50.0,50.0,0.233,0.252,0.45,22.2,11.1,79.021142,,,,ST,Sweeper,12.5,10,66.7,0.0,0.0,0.233,3.8,BASEBALL_SAVANT_PITCH_ARSENAL_CURRENT_SEASON,2026-08-28T17:22:48+00:00,SAVANT_ARSENAL_SCHEMA_V1,CURRENT
686563,"Cannon, Jonathan",2026,2,0,0.0,27.8,25.0,50.0,0.04,0.038,0.053,0.0,11.1,79.021142,,,,SI,Sinker,11.3,9,,0.5,0.5,0.45,-1.3,BASEBALL_SAVANT_PITCH_ARSENAL_CURRENT_SEASON,2026-08-28T17:22:48+00:00,SAVANT_ARSENAL_SCHEMA_V1,CURRENT
686563,"Cannon, Jonathan",2026,1,0,0.0,27.8,0.0,50.0,0.961,0.946,1.284,100.0,11.1,79.021142,,,,CH,Changeup,8.8,7,0.0,1.0,2.0,1.25,-14.2,BASEBALL_SAVANT_PITCH_ARSENAL_CURRENT_SEASON,2026-08-28T17:22:48+00:00,SAVANT_ARSENAL_SCHEMA_V1,CURRENT
686563,"Cannon, Jonathan",2026,1,0,0.0,27.8,100.0,50.0,0.7,0.252,0.45,22.2,11.1,79.021142,,,,SL,Slider,6.3,5,0.0,,,0.7,-6.7,BASEBALL_SAVANT_PITCH_ARSENAL_CURRENT_SEASON,2026-08-28T17:22:48+00:00,SAVANT_ARSENAL_SCHEMA_V1,CURRENT
686563,"Cannon, Jonathan",2026,1,0,0.0,27.8,0.0,50.0,0.137,0.152,0.177,0.0,11.1,79.021142,,,,FC,Cutter,6.3,5,0.0,0.0,0.0,0.0,3.9,BASEBALL_SAVANT_PITCH_ARSENAL_CURRENT_SEASON,2026-08-28T17:22:48+00:00,SAVANT_ARSENAL_SCHEMA_V1,CURRENT
666974,"Cano, Yennier",2026,94,15,16.0,5.2,21.8,45.2,0.254,0.211,0.272,37.5,5.8,78.250568833,,,,SI,Sinker,54.0,361,25.9,0.198,0.233,0.253,2.4,BASEBALL_SAVANT_PITCH_ARSENAL_CURRENT_SEASON,2026-08-28T17:22:48+00:00,SAVANT_ARSENAL_SCHEMA_V1,CURRENT
666974,"Cano, Yennier",2026,50,14,28.0,5.2,33.0,45.2,0.331,0.293,0.439,38.2,5.8,78.250568833,,,,FS,Split-Finger,27.1,181,18.2,0.313,0.354,0.318,-0.9,BASEBALL_SAVANT_PITCH_ARSENAL_CURRENT_SEASON,2026-08-28T17:22:48+00:00,SAVANT_ARSENAL_SCHEMA_V1,CURRENT
666974,"Cano, Yennier",2026,19,6,31.6,5.2,30.8,45.2,0.1,0.099,0.133,23.1,5.8,78.250568833,,,,ST,Sweeper,12.7,85,17.1,0.105,0.105,0.095,2.4,BASEBALL_SAVANT_PITCH_ARSENAL_CURRENT_SEASON,2026-08-28T17:22:48+00:00,SAVANT_ARSENAL_SCHEMA_V1,CURRENT
666974,"Cano, Yennier",2026,9,3,33.3,5.2,42.9,45.2,0.563,0.295,0.985,100.0,5.8,78.250568833,,,,FF,4-Seam Fastball,4.9,33,25.0,0.286,0.857,0.517,-5.4,BASEBALL_SAVANT_PITCH_ARSENAL_CURRENT_SEASON,2026-08-28T17:22:48+00:00,SAVANT_ARSENAL_SCHEMA_V1,CURRENT
666974,"Cano, Yennier",2026,1,0,0.0,5.2,0.0,45.2,0.026,0.023,0.036,100.0,5.8,78.250568833,,,,SL,Slider,1.2,8,0.0,0.0,0.0,0.0,2.1,BASEBALL_SAVANT_PITCH_ARSENAL_CURRENT_SEASON,2026-08-28T17:22:48+00:00,SAVANT_ARSENAL_SCHEMA_V1,CURRENT
676282,"Cantillo, Joey",2026,187,28,15.0,11.9,15.9,44.6,0.376,0.26,0.485,54.3,7.6,76.521808077,,,,FF,4-Seam Fastball,33.0,777,16.2,0.297,0.523,0.401,-1.3,BASEBALL_SAVANT_PITCH_ARSENAL_CURRENT_SEASON,2026-08-28T17:22:48+00:00,SAVANT_ARSENAL_SCHEMA_V1,CURRENT
676282,"Cantillo, Joey",2026,186,66,35.5,11.9,36.8,44.6,0.233,0.187,0.242,35.0,7.6,76.521808077,,,,CU,Curveball,30.3,714,25.9,0.201,0.243,0.266,0.7,BASEBALL_SAVANT_PITCH_ARSENAL_CURRENT_SEASON,2026-08-28T17:22:48+00:00,SAVANT_ARSENAL_SCHEMA_V1,CURRENT
676282,"Cantillo, Joey",2026,146,47,32.2,11.9,40.4,44.6,0.265,0.188,0.276,21.3,7.6,76.521808077,,,,CH,Changeup,25.1,591,24.1,0.21,0.355,0.296,-0.2,BASEBALL_SAVANT_PITCH_ARSENAL_CURRENT_SEASON,2026-08-28T17:22:48+00:00,SAVANT_ARSENAL_SCHEMA_V1,CURRENT
676282,"Cantillo, Joey",2026,46,2,4.3,11.9,24.1,44.6,0.444,0.355,0.613,35.9,7.6,76.521808077,,,,FC,Cutter,7.0,164,22.2,0.366,0.634,0.467,-0.7,BASEBALL_SAVANT_PITCH_ARSENAL_CURRENT_SEASON,2026-08-28T17:22:48+00:00,SAVANT_ARSENAL_SCHEMA_V1,CURRENT
676282,"Cantillo, Joey",2026,23,1,4.3,11.9,26.8,44.6,0.38,0.343,0.471,35.0,7.6,76.521808077,,,,SL,Slider,4.7,111,4.0,0.333,0.524,0.396,-0.8,BASEBALL_SAVANT_PITCH_ARSENAL_CURRENT_SEASON,2026-08-28T17:22:48+00:00,SAVANT_ARSENAL_SCHEMA_V1,CURRENT
471911,"Carrasco, Carlos",2026,20,3,15.0,4.1,21.4,55.7,0.353,0.345,0.423,37.5,9.8,78.3841,,,,CH,Changeup,30.9,76,10.0,0.316,0.368,0.323,-1.0,BASEBALL_SAVANT_PITCH_ARSENAL_CURRENT_SEASON,2026-08-28T17:22:48+00:00,SAVANT_ARSENAL_SCHEMA_V1,CURRENT
471911,"Carrasco, Carlos",2026,16,1,6.3,4.1,13.3,55.7,0.413,0.311,0.665,40.0,9.8,78.3841,,,,SI,Sinker,27.2,67,9.1,0.333,0.6,0.397,-0.9,BASEBALL_SAVANT_PITCH_ARSENAL_CURRENT_SEASON,2026-08-28T17:22:48+00:00,SAVANT_ARSENAL_SCHEMA_V1,CURRENT
471911,"Carrasco, Carlos",2026,11,0,0.0,4.1,10.0,55.7,0.532,0.412,0.692,25.0,9.8,78.3841,,,,FC,Cutter,15.4,38,0.0,0.5,0.875,0.618,-5.6,BASEBALL_SAVANT_PITCH_ARSENAL_CURRENT_SEASON,2026-08-28T17:22:48+00:00,SAVANT_ARSENAL_SCHEMA_V1,CURRENT
471911,"Carrasco, Carlos",2026,14,3,21.4,4.1,32.0,55.7,0.452,0.38,0.63,50.0,9.8,78.3841,,,,SL,Slider,13.8,34,27.3,0.385,0.615,0.45,-2.8,BASEBALL_SAVANT_PITCH_ARSENAL_CURRENT_SEASON,2026-08-28T17:22:48+00:00,SAVANT_ARSENAL_SCHEMA_V1,CURRENT
471911,"Carrasco, Carlos",2026,12,0,0.0,4.1,15.0,55.7,0.469,0.46,0.631,50.0,9.8,78.3841,,,,FF,4-Seam Fastball,12.6,31,0.0,0.091,0.091,0.082,7.9,BASEBALL_SAVANT_PITCH_ARSENAL_CURRENT_SEASON,2026-08-28T17:22:48+00:00,SAVANT_ARSENAL_SCHEMA_V1,CURRENT
672629,"Carrillo, Gerardo",2026,16,1,6.3,16.1,10.7,41.3,0.312,0.129,0.185,30.0,3.0,75.099536471,,,,FC,Cutter,29.8,72,16.7,0.273,0.455,0.431,-0.3,BASEBALL_SAVANT_PITCH_ARSENAL_CURRENT_SEASON,2026-08-28T17:22:48+00:00,SAVANT_ARSENAL_SCHEMA_V1,CURRENT
672629,"Carrillo, Gerardo",2026,22,12,54.5,16.1,53.6,41.3,0.127,0.077,0.085,0.0,3.0,75.099536471,,,,FS,Split-Finger,26.0,63,30.8,0.05,0.1,0.12,3.9,BASEBALL_SAVANT_PITCH_ARSENAL_CURRENT_SEASON,2026-08-28T17:22:48+00:00,SAVANT_ARSENAL_SCHEMA_V1,CURRENT
672629,"Carrillo, Gerardo",2026,10,0,0.0,16.1,11.8,41.3,0.316,0.161,0.365,25.0,3.0,75.099536471,,,,SI,Sinker,20.2,49,0.0,0.125,0.125,0.23,3.2,BASEBALL_SAVANT_PITCH_ARSENAL_CURRENT_SEASON,2026-08-28T17:22:48+00:00,SAVANT_ARSENAL_SCHEMA_V1,CURRENT
672629,"Carrillo, Gerardo",2026,9,4,44.4,16.1,52.9,41.3,0.248,0.21,0.227,0.0,3.0,75.099536471,,,,ST,Sweeper,13.2,32,40.0,0.125,0.125,0.178,4.7,BASEBALL_SAVANT_PITCH_ARSENAL_CURRENT_SEASON,2026-08-28T17:22:48+00:00,SAVANT_ARSENAL_SCHEMA_V1,CURRENT
672629,"Carrillo, Gerardo",2026,4,1,25.0,16.1,20.0,41.3,0.285,0.308,0.338,33.3,3.0,75.099536471,,,,FF,4-Seam Fastball,10.7,26,10.0,0.5,0.5,0.45,-3.5,BASEBALL_SAVANT_PITCH_ARSENAL_CURRENT_SEASON,2026-08-28T17:22:48+00:00,SAVANT_ARSENAL_SCHEMA_V1,CURRENT
676508,"Casparius, Ben",2026,11,2,18.2,17.4,43.8,40.4,0.532,0.414,0.689,33.3,13.3,80.81503375,,,,FF,4-Seam Fastball,41.4,41,22.2,0.375,0.375,0.436,-1.7,BASEBALL_SAVANT_PITCH_ARSENAL_CURRENT_SEASON,2026-08-28T17:22:48+00:00,SAVANT_ARSENAL_SCHEMA_V1,CURRENT
676508,"Casparius, Ben",2026,6,1,16.7,17.4,25.0,40.4,0.207,0.225,0.245,20.0,13.3,80.81503375,,,,ST,Sweeper,27.3,27,10.0,0.167,0.167,0.15,1.3,BASEBALL_SAVANT_PITCH_ARSENAL_CURRENT_SEASON,2026-08-28T17:22:48+00:00,SAVANT_ARSENAL_SCHEMA_V1,CURRENT
676508,"Casparius, Ben",2026,3,0,0.0,17.4,20.0,40.4,0.346,0.218,0.617,33.3,13.3,80.81503375,,,,CU,Curveball,16.2,16,0.0,0.667,1.667,0.967,-15.4,BASEBALL_SAVANT_PITCH_ARSENAL_CURRENT_SEASON,2026-08-28T17:22:48+00:00,SAVANT_ARSENAL_SCHEMA_V1,CURRENT
676508,"Casparius, Ben",2026,2,0,0.0,17.4,42.9,40.4,0.362,0.026,0.04,0.0,13.3,80.81503375,,,,FC,Cutter,13.1,13,0.0,0.0,0.0,0.35,2.8,BASEBALL_SAVANT_PITCH_ARSENAL_CURRENT_SEASON,2026-08-28T17:22:48+00:00,SAVANT_ARSENAL_SCHEMA_V1,CURRENT
676508,"Casparius, Ben",2026,1,1,100.0,17.4,35.0,40.4,0.0,0.281,0.467,26.7,13.3,80.81503375,,,,CH,Changeup,2.0,2,100.0,0.0,0.0,0.0,6.7,BASEBALL_SAVANT_PITCH_ARSENAL_CURRENT_SEASON,2026-08-28T17:22:48+00:00,SAVANT_ARSENAL_SCHEMA_V1,CURRENT
680604,"Castaño, Blas",2026,32,5,15.6,7.1,12.5,45.8,0.368,0.283,0.47,47.8,10.2,84.444405667,,,,SI,Sinker,40.8,140,16.7,0.25,0.357,0.347,0.9,BASEBALL_SAVANT_PITCH_ARSENAL_CURRENT_SEASON,2026-08-28T17:22:48+00:00,SAVANT_ARSENAL_SCHEMA_V1,CURRENT
680604,"Castaño, Blas",2026,21,9,42.9,7.1,37.8,45.8,0.214,0.141,0.308,45.5,10.2,84.444405667,,,,ST,Sweeper,24.8,85,25.7,0.15,0.4,0.248,0.5,BASEBALL_SAVANT_PITCH_ARSENAL_CURRENT_SEASON,2026-08-28T17:22:48+00:00,SAVANT_ARSENAL_SCHEMA_V1,CURRENT
680604,"Castaño, Blas",2026,11,1,9.1,7.1,20.8,45.8,0.699,0.577,1.3,75.0,10.2,84.444405667,,,,FC,Cutter,14.9,51,11.1,0.75,1.875,0.914,-8.5,BASEBALL_SAVANT_PITCH_ARSENAL_CURRENT_SEASON,2026-08-28T17:22:48+00:00,SAVANT_ARSENAL_SCHEMA_V1,CURRENT
680604,"Castaño, Blas",2026,12,1,8.3,7.1,11.1,45.8,0.254,0.266,0.316,54.5,10.2,84.444405667,,,,CH,Changeup,10.8,37,6.7,0.333,0.417,0.329,-0.4,BASEBALL_SAVANT_PITCH_ARSENAL_CURRENT_SEASON,2026-08-28T17:22:48+00:00,SAVANT_ARSENAL_SCHEMA_V1,CURRENT
680604,"Castaño, Blas",2026,9,1,11.1,7.1,14.3,45.8,0.476,0.434,0.595,28.6,10.2,84.444405667,,,,FF,4-Seam Fastball,8.7,30,5.9,0.25,0.25,0.313,0.6,BASEBALL_SAVANT_PITCH_ARSENAL_CURRENT_SEASON,2026-08-28T17:22:48+00:00,SAVANT_ARSENAL_SCHEMA_V1,CURRENT
682769,"Castellano, Eiberson",2026,3,2,66.7,0.0,75.0,54.3,0.055,0.061,0.072,0.0,0.0,83.911392,,,,CU,Curveball,37.1,13,50.0,0.0,0.0,0.0,5.7,BASEBALL_SAVANT_PITCH_ARSENAL_CURRENT_SEASON,2026-08-28T17:22:48+00:00,SAVANT_ARSENAL_SCHEMA_V1,CURRENT
682769,"Castellano, Eiberson",2026,3,0,0.0,0.0,28.6,54.3,0.448,0.336,0.409,0.0,0.0,83.911392,,,,FF,4-Seam Fastball,34.3,12,0.0,0.0,0.0,0.233,2.1,BASEBALL_SAVANT_PITCH_ARSENAL_CURRENT_SEASON,2026-08-28T17:22:48+00:00,SAVANT_ARSENAL_SCHEMA_V1,CURRENT
682769,"Castellano, Eiberson",2026,4,0,0.0,0.0,16.7,54.3,0.488,0.486,0.649,50.0,0.0,83.911392,,,,SI,Sinker,22.9,8,0.0,0.75,1.0,0.763,-16.0,BASEBALL_SAVANT_PITCH_ARSENAL_CURRENT_SEASON,2026-08-28T17:22:48+00:00,SAVANT_ARSENAL_SCHEMA_V1,CURRENT
682769,"Castellano, Eiberson",2026,2,0,0.0,0.0,0.0,54.3,0.511,0.549,0.631,100.0,0.0,83.911392,,,,CH,Changeup,5.7,2,,0.5,0.5,0.45,-3.6,BASEBALL_SAVANT_PITCH_ARSENAL_CURRENT_SEASON,2026-08-28T17:22:48+00:00,SAVANT_ARSENAL_SCHEMA_V1,CURRENT
622491,"Castillo, Luis",2026,226,55,24.3,7.0,27.5,52.2,0.343,0.25,0.447,45.8,9.8,79.859414054,,,,FF,4-Seam Fastball,42.6,903,16.2,0.254,0.503,0.37,-0.8,BASEBALL_SAVANT_PITCH_ARSENAL_CURRENT_SEASON,2026-08-28T17:22:48+00:00,SAVANT_ARSENAL_SCHEMA_V1,CURRENT
622491,"Castillo, Luis",2026,114,24,21.1,7.0,28.0,52.2,0.313,0.241,0.452,38.1,9.8,79.859414054,,,,SL,Slider,25.3,537,12.8,0.28,0.57,0.384,-1.2,BASEBALL_SAVANT_PITCH_ARSENAL_CURRENT_SEASON,2026-08-28T17:22:48+00:00,SAVANT_ARSENAL_SCHEMA_V1,CURRENT
622491,"Castillo, Luis",2026,105,14,13.3,7.0,11.5,52.2,0.415,0.36,0.558,51.2,9.8,79.859414054,,,,SI,Sinker,17.9,380,16.9,0.296,0.367,0.336,0.6,BASEBALL_SAVANT_PITCH_ARSENAL_CURRENT_SEASON,2026-08-28T17:22:48+00:00,SAVANT_ARSENAL_SCHEMA_V1,CURRENT
622491,"Castillo, Luis",2026,78,11,14.1,7.0,25.2,52.2,0.275,0.253,0.365,29.2,9.8,79.859414054,,,,CH,Changeup,14.1,299,11.2,0.293,0.373,0.323,-1.3,BASEBALL_SAVANT_PITCH_ARSENAL_CURRENT_SEASON,2026-08-28T17:22:48+00:00,SAVANT_ARSENAL_SCHEMA_V1,CURRENT
665645,"Castro, Kervin",2026,7,2,28.6,8.7,21.7,51.1,0.357,0.304,0.387,25.0,0.0,85.029327143,,,,FF,4-Seam Fastball,52.1,49,13.3,0.167,0.333,0.279,0.9,BASEBALL_SAVANT_PITCH_ARSENAL_CURRENT_SEASON,2026-08-28T17:22:48+00:00,SAVANT_ARSENAL_SCHEMA_V1,CURRENT
665645,"Castro, Kervin",2026,7,2,28.6,8.7,16.7,51.1,0.202,0.218,0.245,40.0,0.0,85.029327143,,,,FC,Cutter,19.1,18,25.0,0.143,0.143,0.129,5.4,BASEBALL_SAVANT_PITCH_ARSENAL_CURRENT_SEASON,2026-08-28T17:22:48+00:00,SAVANT_ARSENAL_SCHEMA_V1,CURRENT
665645,"Castro, Kervin",2026,7,3,42.9,8.7,40.0,51.1,0.178,0.101,0.112,33.3,0.0,85.029327143,,,,SI,Sinker,17.0,16,37.5,0.167,0.167,0.229,5.2,BASEBALL_SAVANT_PITCH_ARSENAL_CURRENT_SEASON,2026-08-28T17:22:48+00:00,SAVANT_ARSENAL_SCHEMA_V1,CURRENT
665645,"Castro, Kervin",2026,2,1,50.0,8.7,33.3,51.1,0.118,0.07,0.212,0.0,0.0,85.029327143,,,,CU,Curveball,11.7,11,33.3,0.0,0.0,0.0,3.5,BASEBALL_SAVANT_PITCH_ARSENAL_CURRENT_SEASON,2026-08-28T17:22:48+00:00,SAVANT_ARSENAL_SCHEMA_V1,CURRENT
676917,"Cavalli, Cade",2026,197,48,24.4,6.9,22.1,48.0,0.341,0.258,0.459,46.9,7.5,78.319712437,,,,FF,4-Seam Fastball,33.0,803,19.4,0.299,0.503,0.38,-0.9,BASEBALL_SAVANT_PITCH_ARSENAL_CURRENT_SEASON,2026-08-28T17:22:48+00:00,SAVANT_ARSENAL_SCHEMA_V1,CURRENT
676917,"Cavalli, Cade",2026,161,63,39.1,6.9,39.0,48.0,0.243,0.207,0.275,32.2,7.5,78.319712437,,,,CU,Curveball,27.2,661,28.0,0.196,0.25,0.244,0.9,BASEBALL_SAVANT_PITCH_ARSENAL_CURRENT_SEASON,2026-08-28T17:22:48+00:00,SAVANT_ARSENAL_SCHEMA_V1,CURRENT
676917,"Cavalli, Cade",2026,96,10,10.4,6.9,12.2,48.0,0.349,0.292,0.403,50.0,7.5,78.319712437,,,,SI,Sinker,13.2,321,19.6,0.357,0.44,0.404,0.1,BASEBALL_SAVANT_PITCH_ARSENAL_CURRENT_SEASON,2026-08-28T17:22:48+00:00,SAVANT_ARSENAL_SCHEMA_V1,CURRENT
676917,"Cavalli, Cade",2026,95,38,40.0,6.9,33.1,48.0,0.232,0.174,0.258,36.7,7.5,78.319712437,,,,ST,Sweeper,13.2,321,27.3,0.105,0.151,0.188,2.2,BASEBALL_SAVANT_PITCH_ARSENAL_CURRENT_SEASON,2026-08-28T17:22:48+00:00,SAVANT_ARSENAL_SCHEMA_V1,CURRENT
676917,"Cavalli, Cade",2026,46,9,19.6,6.9,24.4,48.0,0.356,0.265,0.475,31.3,7.5,78.319712437,,,,CH,Changeup,7.8,190,14.5,0.22,0.439,0.343,-1.2,BASEBALL_SAVANT_PITCH_ARSENAL_CURRENT_SEASON,2026-08-28T17:22:48+00:00,SAVANT_ARSENAL_SCHEMA_V1,CURRENT
676917,"Cavalli, Cade",2026,29,1,3.4,6.9,17.3,48.0,0.399,0.339,0.564,46.4,7.5,78.319712437,,,,FC,Cutter,5.7,138,3.4,0.25,0.571,0.341,1.2,BASEBALL_SAVANT_PITCH_ARSENAL_CURRENT_SEASON,2026-08-28T17:22:48+00:00,SAVANT_ARSENAL_SCHEMA_V1,CURRENT
656302,"Cease, Dylan",2026,231,78,33.8,11.1,27.9,45.8,0.285,0.183,0.27,38.4,4.7,73.571805533,,,,FF,4-Seam Fastball,36.8,905,24.4,0.201,0.296,0.296,1.1,BASEBALL_SAVANT_PITCH_ARSENAL_CURRENT_SEASON,2026-08-28T17:22:48+00:00,SAVANT_ARSENAL_SCHEMA_V1,CURRENT
656302,"Cease, Dylan",2026,196,82,41.8,11.1,44.2,45.8,0.207,0.16,0.216,25.5,4.7,73.571805533,,,,SL,Slider,29.7,731,27.1,0.124,0.18,0.186,3.3,BASEBALL_SAVANT_PITCH_ARSENAL_CURRENT_SEASON,2026-08-28T17:22:48+00:00,SAVANT_ARSENAL_SCHEMA_V1,CURRENT
656302,"Cease, Dylan",2026,54,25,46.3,11.1,52.9,45.8,0.176,0.157,0.207,25.9,4.7,73.571805533,,,,CH,Changeup,11.6,285,27.2,0.118,0.157,0.139,1.0,BASEBALL_SAVANT_PITCH_ARSENAL_CURRENT_SEASON,2026-08-28T17:22:48+00:00,SAVANT_ARSENAL_SCHEMA_V1,CURRENT
656302,"Cease, Dylan",2026,24,8,33.3,11.1,29.8,45.8,0.362,0.277,0.547,46.7,4.7,73.571805533,,,,CU,Curveball,9.6,237,19.0,0.261,0.391,0.338,-0.9,BASEBALL_SAVANT_PITCH_ARSENAL_CURRENT_SEASON,2026-08-28T17:22:48+00:00,SAVANT_ARSENAL_SCHEMA_V1,CURRENT
656302,"Cease, Dylan",2026,58,13,22.4,11.1,14.0,45.8,0.328,0.244,0.409,31.6,4.7,73.571805533,,,,SI,Sinker,8.3,203,24.5,0.216,0.333,0.292,0.7,BASEBALL_SAVANT_PITCH_ARSENAL_CURRENT_SEASON,2026-08-28T17:22:48+00:00,SAVANT_ARSENAL_SCHEMA_V1,CURRENT
656302,"Cease, Dylan",2026,16,3,18.8,11.1,23.3,45.8,0.243,0.216,0.353,30.8,4.7,73.571805533,,,,ST,Sweeper,3.9,97,16.7,0.375,0.625,0.428,-1.3,BASEBALL_SAVANT_PITCH_ARSENAL_CURRENT_SEASON,2026-08-28T17:22:48+00:00,SAVANT_ARSENAL_SCHEMA_V1,CURRENT
677944,"Cecconi, Slade",2026,124,29,23.4,7.6,17.8,46.8,0.338,0.26,0.484,46.0,8.9,78.218429438,,,,FF,4-Seam Fastball,26.7,495,17.0,0.289,0.465,0.357,-0.3,BASEBALL_SAVANT_PITCH_ARSENAL_CURRENT_SEASON,2026-08-28T17:22:48+00:00,SAVANT_ARSENAL_SCHEMA_V1,CURRENT
677944,"Cecconi, Slade",2026,121,23,19.0,7.6,21.4,46.8,0.327,0.24,0.421,35.7,8.9,78.218429438,,,,FC,Cutter,25.1,465,18.7,0.238,0.448,0.343,0.2,BASEBALL_SAVANT_PITCH_ARSENAL_CURRENT_SEASON,2026-08-28T17:22:48+00:00,SAVANT_ARSENAL_SCHEMA_V1,CURRENT
677944,"Cecconi, Slade",2026,129,11,8.5,7.6,10.9,46.8,0.373,0.331,0.471,42.6,8.9,78.218429438,,,,SI,Sinker,20.8,386,11.7,0.361,0.513,0.418,-1.0,BASEBALL_SAVANT_PITCH_ARSENAL_CURRENT_SEASON,2026-08-28T17:22:48+00:00,SAVANT_ARSENAL_SCHEMA_V1,CURRENT
677944,"Cecconi, Slade",2026,57,14,24.6,7.6,28.7,46.8,0.332,0.25,0.463,31.6,8.9,78.218429438,,,,CU,Curveball,14.8,275,13.9,0.255,0.431,0.324,-1.1,BASEBALL_SAVANT_PITCH_ARSENAL_CURRENT_SEASON,2026-08-28T17:22:48+00:00,SAVANT_ARSENAL_SCHEMA_V1,CURRENT
677944,"Cecconi, Slade",2026,20,4,20.0,7.6,34.8,46.8,0.358,0.256,0.56,40.0,8.9,78.218429438,,,,ST,Sweeper,5.3,98,14.3,0.389,0.833,0.495,-2.3,BASEBALL_SAVANT_PITCH_ARSENAL_CURRENT_SEASON,2026-08-28T17:22:48+00:00,SAVANT_ARSENAL_SCHEMA_V1,CURRENT
677944,"Cecconi, Slade",2026,25,4,16.0,7.6,30.4,46.8,0.212,0.188,0.259,35.0,8.9,78.218429438,,,,SL,Slider,5.0,92,7.8,0.087,0.087,0.179,1.4,BASEBALL_SAVANT_PITCH_ARSENAL_CURRENT_SEASON,2026-08-28T17:22:48+00:00,SAVANT_ARSENAL_SCHEMA_V1,CURRENT
677944,"Cecconi, Slade",2026,11,3,27.3,7.6,27.8,46.8,0.302,0.322,0.366,37.5,8.9,78.218429438,,,,CH,Changeup,2.2,41,15.8,0.455,0.455,0.409,-5.0,BASEBALL_SAVANT_PITCH_ARSENAL_CURRENT_SEASON,2026-08-28T17:22:48+00:00,SAVANT_ARSENAL_SCHEMA_V1,CURRENT
672021,"Cerantola, Eric",2026,12,5,41.7,39.3,52.9,30.3,0.234,0.144,0.18,60.0,20.0,79.782102,,,,SL,Slider,40.2,49,26.3,0.3,0.6,0.433,-6.2,BASEBALL_SAVANT_PITCH_ARSENAL_CURRENT_SEASON,2026-08-28T17:22:48+00:00,SAVANT_ARSENAL_SCHEMA_V1,CURRENT
672021,"Cerantola, Eric",2026,13,1,7.7,39.3,16.7,30.3,0.551,0.252,0.49,50.0,20.0,79.782102,,,,FF,4-Seam Fastball,36.9,45,14.3,0.2,0.8,0.585,-3.1,BASEBALL_SAVANT_PITCH_ARSENAL_CURRENT_SEASON,2026-08-28T17:22:48+00:00,SAVANT_ARSENAL_SCHEMA_V1,CURRENT
672021,"Cerantola, Eric",2026,3,1,33.3,39.3,50.0,30.3,0.437,0.187,0.554,100.0,20.0,79.782102,,,,FC,Cutter,23.0,28,20.0,0.0,0.0,0.233,-0.2,BASEBALL_SAVANT_PITCH_ARSENAL_CURRENT_SEASON,2026-08-28T17:22:48+00:00,SAVANT_ARSENAL_SCHEMA_V1,CURRENT
696149,"Chandler, Bubba",2026,256,50,19.5,12.0,21.6,47.4,0.35,0.247,0.422,42.4,5.6,78.254833011,,,,FF,4-Seam Fastball,48.1,1079,15.2,0.235,0.399,0.345,-0.3,BASEBALL_SAVANT_PITCH_ARSENAL_CURRENT_SEASON,2026-08-28T17:22:48+00:00,SAVANT_ARSENAL_SCHEMA_V1,CURRENT
696149,"Chandler, Bubba",2026,136,31,22.8,12.0,25.1,47.4,0.28,0.218,0.336,44.6,5.6,78.254833011,,,,SL,Slider,21.2,476,18.1,0.23,0.369,0.324,0.3,BASEBALL_SAVANT_PITCH_ARSENAL_CURRENT_SEASON,2026-08-28T17:22:48+00:00,SAVANT_ARSENAL_SCHEMA_V1,CURRENT
696149,"Chandler, Bubba",2026,98,23,23.5,12.0,25.2,47.4,0.279,0.232,0.313,22.7,5.6,78.254833011,,,,CH,Changeup,15.2,342,17.7,0.202,0.27,0.261,0.5,BASEBALL_SAVANT_PITCH_ARSENAL_CURRENT_SEASON,2026-08-28T17:22:48+00:00,SAVANT_ARSENAL_SCHEMA_V1,CURRENT
696149,"Chandler, Bubba",2026,38,4,10.5,12.0,14.9,47.4,0.319,0.226,0.314,37.0,5.6,78.254833011,,,,SI,Sinker,7.2,162,20.0,0.194,0.194,0.295,1.4,BASEBALL_SAVANT_PITCH_ARSENAL_CURRENT_SEASON,2026-08-28T17:22:48+00:00,SAVANT_ARSENAL_SCHEMA_V1,CURRENT
696149,"Chandler, Bubba",2026,17,5,29.4,12.0,27.5,47.4,0.217,0.191,0.267,27.3,5.6,78.254833011,,,,ST,Sweeper,4.6,104,13.5,0.2,0.267,0.221,0.2,BASEBALL_SAVANT_PITCH_ARSENAL_CURRENT_SEASON,2026-08-28T17:22:48+00:00,SAVANT_ARSENAL_SCHEMA_V1,CURRENT
696149,"Chandler, Bubba",2026,23,4,17.4,12.0,17.2,47.4,0.307,0.215,0.368,37.5,5.6,78.254833011,,,,CU,Curveball,3.7,82,12.9,0.25,0.5,0.365,-2.6,BASEBALL_SAVANT_PITCH_ARSENAL_CURRENT_SEASON,2026-08-28T17:22:48+00:00,SAVANT_ARSENAL_SCHEMA_V1,CURRENT
547973,"Chapman, Aroldis",2026,63,6,9.5,10.8,17.7,52.5,0.411,0.298,0.487,43.2,7.5,77.096671569,,,,FF,4-Seam Fastball,36.0,263,13.3,0.327,0.449,0.414,-1.1,BASEBALL_SAVANT_PITCH_ARSENAL_CURRENT_SEASON,2026-08-28T17:22:48+00:00,SAVANT_ARSENAL_SCHEMA_V1,CURRENT
547973,"Chapman, Aroldis",2026,69,28,40.6,10.8,29.7,52.5,0.196,0.14,0.206,42.9,7.5,77.096671569,,,,SI,Sinker,34.4,251,25.0,0.127,0.238,0.227,1.8,BASEBALL_SAVANT_PITCH_ARSENAL_CURRENT_SEASON,2026-08-28T17:22:48+00:00,SAVANT_ARSENAL_SCHEMA_V1,CURRENT
547973,"Chapman, Aroldis",2026,29,14,48.3,10.8,45.9,52.5,0.145,0.122,0.168,14.3,7.5,77.096671569,,,,SL,Slider,18.4,134,35.9,0.143,0.179,0.191,1.9,BASEBALL_SAVANT_PITCH_ARSENAL_CURRENT_SEASON,2026-08-28T17:22:48+00:00,SAVANT_ARSENAL_SCHEMA_V1,CURRENT
547973,"Chapman, Aroldis",2026,25,10,40.0,10.8,36.0,52.5,0.188,0.142,0.247,35.7,7.5,77.096671569,,,,FS,Split-Finger,11.2,82,25.0,0.167,0.292,0.216,1.9,BASEBALL_SAVANT_PITCH_ARSENAL_CURRENT_SEASON,2026-08-28T17:22:48+00:00,SAVANT_ARSENAL_SCHEMA_V1,CURRENT
683409,"Chivilli, Angel",2026,35,10,28.6,9.6,34.8,50.5,0.29,0.192,0.369,33.3,6.3,75.91804375,,,,CH,Changeup,41.8,119,24.4,0.161,0.355,0.306,0.5,BASEBALL_SAVANT_PITCH_ARSENAL_CURRENT_SEASON,2026-08-28T17:22:48+00:00,SAVANT_ARSENAL_SCHEMA_V1,CURRENT
683409,"Chivilli, Angel",2026,20,4,20.0,9.6,39.2,50.5,0.28,0.206,0.407,33.3,6.3,75.91804375,,,,SL,Slider,37.5,107,21.1,0.263,0.474,0.333,0.3,BASEBALL_SAVANT_PITCH_ARSENAL_CURRENT_SEASON,2026-08-28T17:22:48+00:00,SAVANT_ARSENAL_SCHEMA_V1,CURRENT
683409,"Chivilli, Angel",2026,18,2,11.1,9.6,14.8,50.5,0.378,0.296,0.432,53.8,6.3,75.91804375,,,,FF,4-Seam Fastball,20.7,59,20.0,0.267,0.533,0.397,-0.8,BASEBALL_SAVANT_PITCH_ARSENAL_CURRENT_SEASON,2026-08-28T17:22:48+00:00,SAVANT_ARSENAL_SCHEMA_V1,CURRENT
650644,"Civale, Aaron",2026,143,30,21.0,6.6,26.2,46.7,0.283,0.219,0.361,39.2,8.9,78.856375732,,,,FC,Cutter,36.5,588,20.3,0.269,0.423,0.329,1.3,BASEBALL_SAVANT_PITCH_ARSENAL_CURRENT_SEASON,2026-08-28T17:22:48+00:00,SAVANT_ARSENAL_SCHEMA_V1,CURRENT
650644,"Civale, Aaron",2026,105,24,22.9,6.6,24.9,46.7,0.299,0.241,0.383,34.2,8.9,78.856375732,,,,CU,Curveball,24.8,400,17.6,0.216,0.34,0.274,0.6,BASEBALL_SAVANT_PITCH_ARSENAL_CURRENT_SEASON,2026-08-28T17:22:48+00:00,SAVANT_ARSENAL_SCHEMA_V1,CURRENT
650644,"Civale, Aaron",2026,75,14,18.7,6.6,14.6,46.7,0.392,0.308,0.545,52.7,8.9,78.856375732,,,,SI,Sinker,17.2,277,18.4,0.353,0.632,0.448,-2.8,BASEBALL_SAVANT_PITCH_ARSENAL_CURRENT_SEASON,2026-08-28T17:22:48+00:00,SAVANT_ARSENAL_SCHEMA_V1,CURRENT
650644,"Civale, Aaron",2026,50,5,10.0,6.6,11.3,46.7,0.427,0.311,0.662,64.3,8.9,78.856375732,,,,FF,4-Seam Fastball,11.7,189,7.1,0.348,0.783,0.476,-3.5,BASEBALL_SAVANT_PITCH_ARSENAL_CURRENT_SEASON,2026-08-28T17:22:48+00:00,SAVANT_ARSENAL_SCHEMA_V1,CURRENT
650644,"Civale, Aaron",2026,30,1,3.3,6.6,17.0,46.7,0.29,0.303,0.361,27.6,8.9,78.856375732,,,,FS,Split-Finger,6.3,102,5.0,0.367,0.467,0.365,-2.3,BASEBALL_SAVANT_PITCH_ARSENAL_CURRENT_SEASON,2026-08-28T17:22:48+00:00,SAVANT_ARSENAL_SCHEMA_V1,CURRENT
650644,"Civale, Aaron",2026,18,2,11.1,6.6,17.9,46.7,0.449,0.401,0.576,42.9,8.9,78.856375732,,,,SL,Slider,3.5,57,8.7,0.438,0.688,0.508,-5.0,BASEBALL_SAVANT_PITCH_ARSENAL_CURRENT_SEASON,2026-08-28T17:22:48+00:00,SAVANT_ARSENAL_SCHEMA_V1,CURRENT
664199,"Clarke, Taylor",2026,65,17,26.2,4.4,35.5,49.0,0.291,0.2,0.44,37.8,8.8,75.015519,,,,SL,Slider,31.4,264,19.1,0.098,0.213,0.155,2.8,BASEBALL_SAVANT_PITCH_ARSENAL_CURRENT_SEASON,2026-08-28T17:22:48+00:00,SAVANT_ARSENAL_SCHEMA_V1,CURRENT
664199,"Clarke, Taylor",2026,75,12,16.0,4.4,21.1,49.0,0.312,0.262,0.396,30.0,8.8,75.015519,,,,CH,Changeup,28.3,238,14.8,0.221,0.309,0.243,1.1,BASEBALL_SAVANT_PITCH_ARSENAL_CURRENT_SEASON,2026-08-28T17:22:48+00:00,SAVANT_ARSENAL_SCHEMA_V1,CURRENT
664199,"Clarke, Taylor",2026,47,4,8.5,4.4,12.3,49.0,0.271,0.235,0.309,23.1,8.8,75.015519,,,,SI,Sinker,19.8,167,16.7,0.167,0.238,0.255,2.7,BASEBALL_SAVANT_PITCH_ARSENAL_CURRENT_SEASON,2026-08-28T17:22:48+00:00,SAVANT_ARSENAL_SCHEMA_V1,CURRENT
664199,"Clarke, Taylor",2026,39,1,2.6,4.4,7.7,49.0,0.406,0.332,0.584,38.9,8.8,75.015519,,,,FC,Cutter,18.6,157,4.2,0.324,0.595,0.405,-2.0,BASEBALL_SAVANT_PITCH_ARSENAL_CURRENT_SEASON,2026-08-28T17:22:48+00:00,SAVANT_ARSENAL_SCHEMA_V1,CURRENT
664199,"Clarke, Taylor",2026,2,0,0.0,4.4,0.0,49.0,0.472,0.5,0.579,0.0,8.8,75.015519,,,,FF,4-Seam Fastball,1.9,16,0.0,1.0,1.0,0.9,-6.2,BASEBALL_SAVANT_PITCH_ARSENAL_CURRENT_SEASON,2026-08-28T17:22:48+00:00,SAVANT_ARSENAL_SCHEMA_V1,CURRENT
664076,"Cleavinger, Garrett",2026,65,25,38.5,10.2,34.4,48.1,0.226,0.19,0.284,35.1,7.3,74.011540213,,,,SL,Slider,44.1,297,32.9,0.177,0.29,0.224,1.7,BASEBALL_SAVANT_PITCH_ARSENAL_CURRENT_SEASON,2026-08-28T17:22:48+00:00,SAVANT_ARSENAL_SCHEMA_V1,CURRENT
664076,"Cleavinger, Garrett",2026,39,2,5.1,10.2,17.6,48.1,0.507,0.425,0.62,57.1,7.3,74.011540213,,,,SI,Sinker,27.6,186,9.1,0.4,0.6,0.494,-1.9,BASEBALL_SAVANT_PITCH_ARSENAL_CURRENT_SEASON,2026-08-28T17:22:48+00:00,SAVANT_ARSENAL_SCHEMA_V1,CURRENT
664076,"Cleavinger, Garrett",2026,31,14,45.2,10.2,26.0,48.1,0.252,0.161,0.282,38.5,7.3,74.011540213,,,,FF,4-Seam Fastball,15.3,103,19.7,0.115,0.308,0.235,-1.3,BASEBALL_SAVANT_PITCH_ARSENAL_CURRENT_SEASON,2026-08-28T17:22:48+00:00,SAVANT_ARSENAL_SCHEMA_V1,CURRENT
664076,"Cleavinger, Garrett",2026,30,11,36.7,10.2,30.6,48.1,0.24,0.169,0.345,22.2,7.3,74.011540213,,,,ST,Sweeper,12.9,87,28.9,0.28,0.48,0.293,-0.6,BASEBALL_SAVANT_PITCH_ARSENAL_CURRENT_SEASON,2026-08-28T17:22:48+00:00,SAVANT_ARSENAL_SCHEMA_V1,CURRENT
543037,"Cole, Gerrit",2026,200,66,33.0,5.2,22.8,49.0,0.268,0.213,0.339,45.0,7.9,80.686166493,,,,FF,4-Seam Fastball,49.0,724,25.5,0.199,0.328,0.259,1.7,BASEBALL_SAVANT_PITCH_ARSENAL_CURRENT_SEASON,2026-08-28T17:22:48+00:00,SAVANT_ARSENAL_SCHEMA_V1,CURRENT
543037,"Cole, Gerrit",2026,74,17,23.0,5.2,27.3,49.0,0.283,0.231,0.373,39.6,7.9,80.686166493,,,,SL,Slider,19.5,288,20.5,0.229,0.386,0.286,0.8,BASEBALL_SAVANT_PITCH_ARSENAL_CURRENT_SEASON,2026-08-28T17:22:48+00:00,SAVANT_ARSENAL_SCHEMA_V1,CURRENT
543037,"Cole, Gerrit",2026,58,12,20.7,5.2,22.1,49.0,0.256,0.236,0.335,24.4,7.9,80.686166493,,,,CH,Changeup,13.9,206,19.4,0.211,0.351,0.248,0.2,BASEBALL_SAVANT_PITCH_ARSENAL_CURRENT_SEASON,2026-08-28T17:22:48+00:00,SAVANT_ARSENAL_SCHEMA_V1,CURRENT
543037,"Cole, Gerrit",2026,45,7,15.6,5.2,19.5,49.0,0.302,0.256,0.382,51.4,7.9,80.686166493,,,,CU,Curveball,13.7,202,15.9,0.31,0.619,0.411,-1.8,BASEBALL_SAVANT_PITCH_ARSENAL_CURRENT_SEASON,2026-08-28T17:22:48+00:00,SAVANT_ARSENAL_SCHEMA_V1,CURRENT
543037,"Cole, Gerrit",2026,16,1,6.3,5.2,7.4,49.0,0.546,0.492,0.696,58.3,7.9,80.686166493,,,,SI,Sinker,3.9,57,7.7,0.462,0.538,0.491,-2.1,BASEBALL_SAVANT_PITCH_ARSENAL_CURRENT_SEASON,2026-08-28T17:22:48+00:00,SAVANT_ARSENAL_SCHEMA_V1,CURRENT
686560,"Collyer, Gavin",2026,34,5,14.7,18.1,23.3,37.2,0.348,0.294,0.402,40.0,3.4,75.467354828,,,,FC,Cutter,34.3,153,18.5,0.233,0.267,0.278,1.3,BASEBALL_SAVANT_PITCH_ARSENAL_CURRENT_SEASON,2026-08-28T17:22:48+00:00,SAVANT_ARSENAL_SCHEMA_V1,CURRENT
686560,"Collyer, Gavin",2026,24,9,37.5,18.1,39.0,37.2,0.32,0.087,0.225,14.3,3.4,75.467354828,,,,FF,4-Seam Fastball,25.6,114,18.0,0.125,0.313,0.354,-2.6,BASEBALL_SAVANT_PITCH_ARSENAL_CURRENT_SEASON,2026-08-28T17:22:48+00:00,SAVANT_ARSENAL_SCHEMA_V1,CURRENT
686560,"Collyer, Gavin",2026,28,8,28.6,18.1,31.3,37.2,0.185,0.146,0.193,16.7,3.4,75.467354828,,,,ST,Sweeper,22.2,99,19.0,0.192,0.308,0.248,0.4,BASEBALL_SAVANT_PITCH_ARSENAL_CURRENT_SEASON,2026-08-28T17:22:48+00:00,SAVANT_ARSENAL_SCHEMA_V1,CURRENT
686560,"Collyer, Gavin",2026,18,0,0.0,18.1,0.0,37.2,0.46,0.166,0.2,37.5,3.4,75.467354828,,,,SI,Sinker,17.9,80,0.0,0.125,0.125,0.439,-0.6,BASEBALL_SAVANT_PITCH_ARSENAL_CURRENT_SEASON,2026-08-28T17:22:48+00:00,SAVANT_ARSENAL_SCHEMA_V1,CURRENT
702047,"Cook, Alex",2026,12,0,0.0,11.8,13.0,40.3,0.359,0.229,0.468,50.0,7.7,84.347542857,,,,FF,4-Seam Fastball,72.2,52,0.0,0.3,0.7,0.463,-0.7,BASEBALL_SAVANT_PITCH_ARSENAL_CURRENT_SEASON,2026-08-28T17:22:48+00:00,SAVANT_ARSENAL_SCHEMA_V1,CURRENT
702047,"Cook, Alex",2026,2,0,0.0,11.8,25.0,40.3,0.218,0.23,0.306,0.0,7.7,84.347542857,,,,SL,Slider,15.3,11,0.0,0.5,0.5,0.45,-3.1,BASEBALL_SAVANT_PITCH_ARSENAL_CURRENT_SEASON,2026-08-28T17:22:48+00:00,SAVANT_ARSENAL_SCHEMA_V1,CURRENT
702047,"Cook, Alex",2026,3,2,66.7,11.8,50.0,40.3,0.079,0.088,0.1,100.0,7.7,84.347542857,,,,CH,Changeup,12.5,9,66.7,0.0,0.0,0.0,6.1,BASEBALL_SAVANT_PITCH_ARSENAL_CURRENT_SEASON,2026-08-28T17:22:48+00:00,SAVANT_ARSENAL_SCHEMA_V1,CURRENT
571578,"Corbin, Patrick",2026,92,32,34.8,6.9,37.1,47.3,0.227,0.159,0.252,25.0,7.5,76.479630152,,,,SL,Slider,27.4,387,20.1,0.169,0.301,0.241,0.7,BASEBALL_SAVANT_PITCH_ARSENAL_CURRENT_SEASON,2026-08-28T17:22:48+00:00,SAVANT_ARSENAL_SCHEMA_V1,CURRENT
571578,"Corbin, Patrick",2026,115,11,9.6,6.9,9.1,47.3,0.423,0.36,0.551,53.3,7.5,76.479630152,,,,SI,Sinker,27.1,383,12.5,0.35,0.524,0.423,-1.4,BASEBALL_SAVANT_PITCH_ARSENAL_CURRENT_SEASON,2026-08-28T17:22:48+00:00,SAVANT_ARSENAL_SCHEMA_V1,CURRENT
571578,"Corbin, Patrick",2026,51,8,15.7,6.9,29.0,47.3,0.29,0.258,0.365,29.3,7.5,76.479630152,,,,CH,Changeup,17.5,247,10.7,0.208,0.271,0.242,0.4,BASEBALL_SAVANT_PITCH_ARSENAL_CURRENT_SEASON,2026-08-28T17:22:48+00:00,SAVANT_ARSENAL_SCHEMA_V1,CURRENT
571578,"Corbin, Patrick",2026,62,3,4.8,6.9,13.8,47.3,0.487,0.376,0.719,56.9,7.5,76.479630152,,,,FC,Cutter,15.2,214,8.1,0.462,0.788,0.561,-3.5,BASEBALL_SAVANT_PITCH_ARSENAL_CURRENT_SEASON,2026-08-28T17:22:48+00:00,SAVANT_ARSENAL_SCHEMA_V1,CURRENT
571578,"Corbin, Patrick",2026,40,9,22.5,6.9,12.5,47.3,0.338,0.306,0.462,30.0,7.5,76.479630152,,,,FF,4-Seam Fastball,11.3,159,16.1,0.359,0.564,0.405,-1.9,BASEBALL_SAVANT_PITCH_ARSENAL_CURRENT_SEASON,2026-08-28T17:22:48+00:00,SAVANT_ARSENAL_SCHEMA_V1,CURRENT
683000,"Cornelio, Riley",2026,40,15,37.5,20.8,49.0,48.5,0.225,0.135,0.19,30.0,10.7,73.547621481,,,,SL,Slider,51.2,210,18.3,0.176,0.324,0.268,-0.7,BASEBALL_SAVANT_PITCH_ARSENAL_CURRENT_SEASON,2026-08-28T17:22:48+00:00,SAVANT_ARSENAL_SCHEMA_V1,CURRENT
683000,"Cornelio, Riley",2026,52,5,9.6,20.8,15.8,48.5,0.38,0.242,0.388,50.0,10.7,73.547621481,,,,FF,4-Seam Fastball,44.6,183,10.0,0.286,0.343,0.386,-0.4,BASEBALL_SAVANT_PITCH_ARSENAL_CURRENT_SEASON,2026-08-28T17:22:48+00:00,SAVANT_ARSENAL_SCHEMA_V1,CURRENT
683000,"Cornelio, Riley",2026,4,0,0.0,20.8,0.0,48.5,0.479,0.279,0.31,50.0,10.7,73.547621481,,,,FC,Cutter,4.1,17,0.0,0.5,0.5,0.575,-3.8,BASEBALL_SAVANT_PITCH_ARSENAL_CURRENT_SEASON,2026-08-28T17:22:48+00:00,SAVANT_ARSENAL_SCHEMA_V1,CURRENT
692030,"Corniell, Jose",2026,7,1,14.3,14.3,20.0,50.0,0.474,0.239,0.483,66.7,10.0,82.908282,,,,FF,4-Seam Fastball,26.0,27,16.7,0.5,1.5,0.764,-9.4,BASEBALL_SAVANT_PITCH_ARSENAL_CURRENT_SEASON,2026-08-28T17:22:48+00:00,SAVANT_ARSENAL_SCHEMA_V1,CURRENT
692030,"Corniell, Jose",2026,6,2,33.3,14.3,57.1,50.0,0.313,0.203,0.552,75.0,10.0,82.908282,,,,CH,Changeup,26.0,27,25.0,0.5,1.167,0.692,-7.2,BASEBALL_SAVANT_PITCH_ARSENAL_CURRENT_SEASON,2026-08-28T17:22:48+00:00,SAVANT_ARSENAL_SCHEMA_V1,CURRENT
692030,"Corniell, Jose",2026,3,0,0.0,14.3,0.0,50.0,0.631,0.628,0.842,33.3,10.0,82.908282,,,,ST,Sweeper,17.3,18,0.0,0.667,1.667,0.95,-10.8,BASEBALL_SAVANT_PITCH_ARSENAL_CURRENT_SEASON,2026-08-28T17:22:48+00:00,SAVANT_ARSENAL_SCHEMA_V1,CURRENT
692030,"Corniell, Jose",2026,5,0,0.0,14.3,18.2,50.0,0.279,0.259,0.391,40.0,10.0,82.908282,,,,FC,Cutter,14.4,15,0.0,0.4,0.6,0.43,-4.1,BASEBALL_SAVANT_PITCH_ARSENAL_CURRENT_SEASON,2026-08-28T17:22:48+00:00,SAVANT_ARSENAL_SCHEMA_V1,CURRENT
692030,"Corniell, Jose",2026,2,0,0.0,14.3,14.3,50.0,0.289,0.316,0.352,0.0,10.0,82.908282,,,,SI,Sinker,8.7,9,0.0,0.5,0.5,0.45,-1.1,BASEBALL_SAVANT_PITCH_ARSENAL_CURRENT_SEASON,2026-08-28T17:22:48+00:00,SAVANT_ARSENAL_SCHEMA_V1,CURRENT
692030,"Corniell, Jose",2026,4,1,25.0,14.3,25.0,50.0,0.149,0.1,0.259,33.3,10.0,82.908282,,,,SL,Slider,7.7,8,100.0,0.333,0.667,0.417,-3.7,BASEBALL_SAVANT_PITCH_ARSENAL_CURRENT_SEASON,2026-08-28T17:22:48+00:00,SAVANT_ARSENAL_SCHEMA_V1,CURRENT
676680,"Cosgrove, Tom",2026,41,10,24.4,6.3,14.5,53.1,0.243,0.211,0.289,28.6,6.5,72.88014087,,,,ST,Sweeper,66.7,152,21.7,0.229,0.429,0.31,0.5,BASEBALL_SAVANT_PITCH_ARSENAL_CURRENT_SEASON,2026-08-28T17:22:48+00:00,SAVANT_ARSENAL_SCHEMA_V1,CURRENT
676680,"Cosgrove, Tom",2026,17,3,17.6,6.3,21.6,53.1,0.286,0.214,0.401,46.2,6.5,72.88014087,,,,FF,4-Seam Fastball,26.8,61,16.7,0.313,0.625,0.412,-0.5,BASEBALL_SAVANT_PITCH_ARSENAL_CURRENT_SEASON,2026-08-28T17:22:48+00:00,SAVANT_ARSENAL_SCHEMA_V1,CURRENT
676680,"Cosgrove, Tom",2026,6,0,0.0,6.3,12.5,53.1,0.468,0.406,0.572,40.0,6.5,72.88014087,,,,SI,Sinker,6.6,15,0.0,0.4,0.6,0.475,-5.2,BASEBALL_SAVANT_PITCH_ARSENAL_CURRENT_SEASON,2026-08-28T17:22:48+00:00,SAVANT_ARSENAL_SCHEMA_V1,CURRENT
543056,"Coulombe, Danny",2026,34,5,14.7,15.6,19.4,44.0,0.26,0.202,0.259,12.0,1.4,69.504240571,,,,FC,Cutter,37.1,143,16.1,0.167,0.267,0.247,1.1,BASEBALL_SAVANT_PITCH_ARSENAL_CURRENT_SEASON,2026-08-28T17:22:48+00:00,SAVANT_ARSENAL_SCHEMA_V1,CURRENT
543056,"Coulombe, Danny",2026,32,0,0.0,15.6,10.4,44.0,0.418,0.347,0.431,40.0,1.4,69.504240571,,,,SI,Sinker,29.6,114,0.0,0.36,0.36,0.406,-0.7,BASEBALL_SAVANT_PITCH_ARSENAL_CURRENT_SEASON,2026-08-28T17:22:48+00:00,SAVANT_ARSENAL_SCHEMA_V1,CURRENT
543056,"Coulombe, Danny",2026,14,4,28.6,15.6,26.5,44.0,0.231,0.205,0.246,22.2,1.4,69.504240571,,,,ST,Sweeper,17.1,66,12.5,0.154,0.231,0.204,1.4,BASEBALL_SAVANT_PITCH_ARSENAL_CURRENT_SEASON,2026-08-28T17:22:48+00:00,SAVANT_ARSENAL_SCHEMA_V1,CURRENT
543056,"Coulombe, Danny",2026,11,0,0.0,15.6,6.3,44.0,0.446,0.324,0.365,0.0,1.4,69.504240571,,,,FF,4-Seam Fastball,9.9,38,0.0,0.286,0.286,0.418,-1.5,BASEBALL_SAVANT_PITCH_ARSENAL_CURRENT_SEASON,2026-08-28T17:22:48+00:00,SAVANT_ARSENAL_SCHEMA_V1,CURRENT
543056,"Coulombe, Danny",2026,5,1,20.0,15.6,20.0,44.0,0.085,0.077,0.119,0.0,1.4,69.504240571,,,,CU,Curveball,6.2,24,9.1,0.0,0.0,0.0,3.8,BASEBALL_SAVANT_PITCH_ARSENAL_CURRENT_SEASON,2026-08-28T17:22:48+00:00,SAVANT_ARSENAL_SCHEMA_V1,CURRENT
681867,"Criswell, Cooper",2026,41,8,19.5,6.6,23.5,48.3,0.28,0.247,0.357,25.8,4.5,74.785562273,,,,CH,Changeup,26.8,124,14.3,0.289,0.447,0.35,-1.6,BASEBALL_SAVANT_PITCH_ARSENAL_CURRENT_SEASON,2026-08-28T17:22:48+00:00,SAVANT_ARSENAL_SCHEMA_V1,CURRENT
681867,"Criswell, Cooper",2026,31,0,0.0,6.6,12.3,48.3,0.347,0.323,0.385,50.0,4.5,74.785562273,,,,SI,Sinker,26.0,120,0.0,0.321,0.357,0.34,1.2,BASEBALL_SAVANT_PITCH_ARSENAL_CURRENT_SEASON,2026-08-28T17:22:48+00:00,SAVANT_ARSENAL_SCHEMA_V1,CURRENT
681867,"Criswell, Cooper",2026,21,7,33.3,6.6,27.7,48.3,0.349,0.219,0.522,41.7,4.5,74.785562273,,,,FC,Cutter,21.2,98,25.9,0.167,0.556,0.333,0.7,BASEBALL_SAVANT_PITCH_ARSENAL_CURRENT_SEASON,2026-08-28T17:22:48+00:00,SAVANT_ARSENAL_SCHEMA_V1,CURRENT
681867,"Criswell, Cooper",2026,20,5,25.0,6.6,22.2,48.3,0.202,0.168,0.24,28.6,4.5,74.785562273,,,,ST,Sweeper,19.0,88,15.6,0.222,0.222,0.215,1.7,BASEBALL_SAVANT_PITCH_ARSENAL_CURRENT_SEASON,2026-08-28T17:22:48+00:00,SAVANT_ARSENAL_SCHEMA_V1,CURRENT
681867,"Criswell, Cooper",2026,5,3,60.0,6.6,38.5,48.3,0.053,0.057,0.064,0.0,4.5,74.785562273,,,,FF,4-Seam Fastball,6.1,28,20.0,0.0,0.0,0.0,3.1,BASEBALL_SAVANT_PITCH_ARSENAL_CURRENT_SEASON,2026-08-28T17:22:48+00:00,SAVANT_ARSENAL_SCHEMA_V1,CURRENT
681867,"Criswell, Cooper",2026,2,0,0.0,6.6,0.0,48.3,0.226,0.233,0.282,50.0,4.5,74.785562273,,,,SV,Slurve,90.0,4,0.0,0.5,0.5,0.45,-5.6,BASEBALL_SAVANT_PITCH_ARSENAL_CURRENT_SEASON,2026-08-28T17:22:48+00:00,SAVANT_ARSENAL_SCHEMA_V1,CURRENT
676105,"Criswell, Jeff",2026,9,1,11.1,16.7,33.3,46.8,0.469,0.344,0.705,28.6,16.7,72.343555,,,,SL,Slider,46.8,37,7.7,0.25,0.625,0.4,-2.5,BASEBALL_SAVANT_PITCH_ARSENAL_CURRENT_SEASON,2026-08-28T17:22:48+00:00,SAVANT_ARSENAL_SCHEMA_V1,CURRENT
676105,"Criswell, Jeff",2026,7,2,28.6,16.7,22.2,46.8,0.411,0.28,0.579,25.0,16.7,72.343555,,,,FF,4-Seam Fastball,41.8,33,28.6,0.333,0.833,0.514,-1.6,BASEBALL_SAVANT_PITCH_ARSENAL_CURRENT_SEASON,2026-08-28T17:22:48+00:00,SAVANT_ARSENAL_SCHEMA_V1,CURRENT
676105,"Criswell, Jeff",2026,2,0,0.0,16.7,25.0,46.8,0.382,0.072,0.077,0.0,16.7,72.343555,,,,CH,Changeup,11.4,9,0.0,0.0,0.0,0.35,-1.3,BASEBALL_SAVANT_PITCH_ARSENAL_CURRENT_SEASON,2026-08-28T17:22:48+00:00,SAVANT_ARSENAL_SCHEMA_V1,CURRENT
676979,"Crochet, Garrett",2026,40,10,25.0,8.0,25.6,49.0,0.304,0.239,0.434,39.3,10.7,78.163401905,,,,FF,4-Seam Fastball,33.6,174,18.5,0.237,0.474,0.327,-0.8,BASEBALL_SAVANT_PITCH_ARSENAL_CURRENT_SEASON,2026-08-28T17:22:48+00:00,SAVANT_ARSENAL_SCHEMA_V1,CURRENT
676979,"Crochet, Garrett",2026,40,8,20.0,8.0,19.4,49.0,0.39,0.32,0.453,50.0,10.7,78.163401905,,,,FC,Cutter,24.7,128,38.1,0.265,0.382,0.399,-0.2,BASEBALL_SAVANT_PITCH_ARSENAL_CURRENT_SEASON,2026-08-28T17:22:48+00:00,SAVANT_ARSENAL_SCHEMA_V1,CURRENT
676979,"Crochet, Garrett",2026,35,7,20.0,8.0,20.8,49.0,0.388,0.262,0.462,38.1,10.7,78.163401905,,,,SI,Sinker,22.4,116,33.3,0.296,0.444,0.399,-1.8,BASEBALL_SAVANT_PITCH_ARSENAL_CURRENT_SEASON,2026-08-28T17:22:48+00:00,SAVANT_ARSENAL_SCHEMA_V1,CURRENT
676979,"Crochet, Garrett",2026,22,11,50.0,8.0,25.0,49.0,0.278,0.227,0.437,63.6,10.7,78.163401905,,,,ST,Sweeper,14.3,74,20.8,0.318,0.636,0.441,-4.9,BASEBALL_SAVANT_PITCH_ARSENAL_CURRENT_SEASON,2026-08-28T17:22:48+00:00,SAVANT_ARSENAL_SCHEMA_V1,CURRENT
676979,"Crochet, Garrett",2026,1,1,100.0,8.0,62.5,49.0,0.0,0.262,0.442,45.3,10.7,78.163401905,,,,CH,Changeup,4.2,22,20.0,0.0,0.0,0.0,0.9,BASEBALL_SAVANT_PITCH_ARSENAL_CURRENT_SEASON,2026-08-28T17:22:48+00:00,SAVANT_ARSENAL_SCHEMA_V1,CURRENT
689441,"Crow, Coleman",2026,28,1,3.6,7.1,22.2,51.9,0.39,0.279,0.518,50.0,7.4,79.119521471,,,,FC,Cutter,36.3,107,6.7,0.348,0.609,0.409,-0.7,BASEBALL_SAVANT_PITCH_ARSENAL_CURRENT_SEASON,2026-08-28T17:22:48+00:00,SAVANT_ARSENAL_SCHEMA_V1,CURRENT
689441,"Crow, Coleman",2026,18,8,44.4,7.1,21.9,51.9,0.287,0.198,0.359,25.0,7.4,79.119521471,,,,CU,Curveball,20.7,61,25.8,0.125,0.125,0.178,2.4,BASEBALL_SAVANT_PITCH_ARSENAL_CURRENT_SEASON,2026-08-28T17:22:48+00:00,SAVANT_ARSENAL_SCHEMA_V1,CURRENT
689441,"Crow, Coleman",2026,14,1,7.1,7.1,12.0,51.9,0.346,0.275,0.47,33.3,7.4,79.119521471,,,,FF,4-Seam Fastball,18.3,54,4.5,0.385,0.615,0.511,-4.5,BASEBALL_SAVANT_PITCH_ARSENAL_CURRENT_SEASON,2026-08-28T17:22:48+00:00,SAVANT_ARSENAL_SCHEMA_V1,CURRENT
689441,"Crow, Coleman",2026,14,0,0.0,7.1,7.4,51.9,0.36,0.327,0.508,35.7,7.4,79.119521471,,,,SI,Sinker,16.9,50,0.0,0.286,0.643,0.45,-0.9,BASEBALL_SAVANT_PITCH_ARSENAL_CURRENT_SEASON,2026-08-28T17:22:48+00:00,SAVANT_ARSENAL_SCHEMA_V1,CURRENT
689441,"Crow, Coleman",2026,10,0,0.0,7.1,6.7,51.9,0.257,0.269,0.317,20.0,7.4,79.119521471,,,,ST,Sweeper,7.8,23,0.0,0.2,0.3,0.305,-1.3,BASEBALL_SAVANT_PITCH_ARSENAL_CURRENT_SEASON,2026-08-28T17:22:48+00:00,SAVANT_ARSENAL_SCHEMA_V1,CURRENT
518585,"Cruz, Fernando",2026,134,60,44.8,13.7,52.0,43.6,0.214,0.134,0.226,22.0,9.0,76.176082879,,,,FS,Split-Finger,51.3,484,29.7,0.161,0.288,0.247,0.6,BASEBALL_SAVANT_PITCH_ARSENAL_CURRENT_SEASON,2026-08-28T17:22:48+00:00,SAVANT_ARSENAL_SCHEMA_V1,CURRENT
518585,"Cruz, Fernando",2026,73,5,6.8,13.7,13.4,43.6,0.392,0.288,0.522,33.3,9.0,76.176082879,,,,FF,4-Seam Fastball,31.9,301,13.5,0.311,0.541,0.408,-0.6,BASEBALL_SAVANT_PITCH_ARSENAL_CURRENT_SEASON,2026-08-28T17:22:48+00:00,SAVANT_ARSENAL_SCHEMA_V1,CURRENT
518585,"Cruz, Fernando",2026,16,0,0.0,13.7,38.6,43.6,0.298,0.166,0.212,8.3,9.0,76.176082879,,,,ST,Sweeper,13.9,131,0.0,0.167,0.167,0.288,1.4,BASEBALL_SAVANT_PITCH_ARSENAL_CURRENT_SEASON,2026-08-28T17:22:48+00:00,SAVANT_ARSENAL_SCHEMA_V1,CURRENT
518585,"Cruz, Fernando",2026,9,2,22.2,13.7,16.7,43.6,0.363,0.19,0.449,60.0,9.0,76.176082879,,,,SI,Sinker,3.0,28,50.0,0.143,0.571,0.378,-4.4,BASEBALL_SAVANT_PITCH_ARSENAL_CURRENT_SEASON,2026-08-28T17:22:48+00:00,SAVANT_ARSENAL_SCHEMA_V1,CURRENT
674444,"Cruz, Steven",2026,113,30,26.5,9.0,26.9,52.1,0.351,0.258,0.45,40.6,11.0,78.059357761,,,,FF,4-Seam Fastball,55.8,444,23.4,0.253,0.515,0.37,-0.6,BASEBALL_SAVANT_PITCH_ARSENAL_CURRENT_SEASON,2026-08-28T17:22:48+00:00,SAVANT_ARSENAL_SCHEMA_V1,CURRENT
674444,"Cruz, Steven",2026,58,11,19.0,9.0,30.4,52.1,0.245,0.219,0.284,27.3,11.0,78.059357761,,,,FC,Cutter,28.1,223,29.7,0.204,0.259,0.261,2.2,BASEBALL_SAVANT_PITCH_ARSENAL_CURRENT_SEASON,2026-08-28T17:22:48+00:00,SAVANT_ARSENAL_SCHEMA_V1,CURRENT
674444,"Cruz, Steven",2026,37,13,35.1,9.0,21.3,52.1,0.317,0.244,0.484,43.5,11.0,78.059357761,,,,SL,Slider,15.7,125,16.3,0.222,0.583,0.342,-3.1,BASEBALL_SAVANT_PITCH_ARSENAL_CURRENT_SEASON,2026-08-28T17:22:48+00:00,SAVANT_ARSENAL_SCHEMA_V1,CURRENT
672442,"Cruz, Yovanny",2026,24,6,25.0,13.6,32.6,46.0,0.333,0.306,0.429,58.8,0.0,79.534652857,,,,SL,Slider,55.3,89,22.2,0.391,0.565,0.427,-3.4,BASEBALL_SAVANT_PITCH_ARSENAL_CURRENT_SEASON,2026-08-28T17:22:48+00:00,SAVANT_ARSENAL_SCHEMA_V1,CURRENT
672442,"Cruz, Yovanny",2026,15,0,0.0,13.6,5.0,46.0,0.494,0.335,0.495,44.4,0.0,79.534652857,,,,FF,4-Seam Fastball,35.4,57,0.0,0.333,0.444,0.483,-2.4,BASEBALL_SAVANT_PITCH_ARSENAL_CURRENT_SEASON,2026-08-28T17:22:48+00:00,SAVANT_ARSENAL_SCHEMA_V1,CURRENT
672442,"Cruz, Yovanny",2026,5,4,80.0,13.6,50.0,46.0,0.029,0.032,0.033,0.0,0.0,79.534652857,,,,FS,Split-Finger,9.3,15,36.4,0.0,0.0,0.0,5.1,BASEBALL_SAVANT_PITCH_ARSENAL_CURRENT_SEASON,2026-08-28T17:22:48+00:00,SAVANT_ARSENAL_SCHEMA_V1,CURRENT
621016,"Cuas, Jose",2026,22,8,36.4,12.9,32.0,48.4,0.277,0.151,0.283,30.0,2.5,73.3494975,,,,FF,4-Seam Fastball,36.0,99,15.1,0.0,0.0,0.127,2.8,BASEBALL_SAVANT_PITCH_ARSENAL_CURRENT_SEASON,2026-08-28T17:22:48+00:00,SAVANT_ARSENAL_SCHEMA_V1,CURRENT
621016,"Cuas, Jose",2026,20,1,5.0,12.9,13.6,48.4,0.361,0.342,0.454,38.9,2.5,73.3494975,,,,SI,Sinker,29.8,82,9.1,0.421,0.579,0.448,-0.2,BASEBALL_SAVANT_PITCH_ARSENAL_CURRENT_SEASON,2026-08-28T17:22:48+00:00,SAVANT_ARSENAL_SCHEMA_V1,CURRENT
621016,"Cuas, Jose",2026,14,4,28.6,12.9,33.3,48.4,0.38,0.373,0.44,11.1,2.5,73.3494975,,,,ST,Sweeper,25.5,70,22.2,0.385,0.462,0.396,-1.8,BASEBALL_SAVANT_PITCH_ARSENAL_CURRENT_SEASON,2026-08-28T17:22:48+00:00,SAVANT_ARSENAL_SCHEMA_V1,CURRENT
621016,"Cuas, Jose",2026,3,1,33.3,12.9,30.0,48.4,0.378,0.233,0.256,0.0,2.5,73.3494975,,,,FC,Cutter,8.0,22,25.0,0.0,0.0,0.233,0.6,BASEBALL_SAVANT_PITCH_ARSENAL_CURRENT_SEASON,2026-08-28T17:22:48+00:00,SAVANT_ARSENAL_SCHEMA_V1,CURRENT
621016,"Cuas, Jose",2026,2,0,0.0,12.9,0.0,48.4,0.759,0.802,0.934,100.0,2.5,73.3494975,,,,CH,Changeup,70.0,2,0.0,1.0,1.5,1.075,-61.4,BASEBALL_SAVANT_PITCH_ARSENAL_CURRENT_SEASON,2026-08-28T17:22:48+00:00,SAVANT_ARSENAL_SCHEMA_V1,CURRENT
675540,"Curry, Xzavion",2026,28,5,17.9,10.3,13.3,46.3,0.304,0.207,0.401,55.0,8.8,79.913874483,,,,FF,4-Seam Fastball,33.1,95,20.8,0.24,0.4,0.32,-0.1,BASEBALL_SAVANT_PITCH_ARSENAL_CURRENT_SEASON,2026-08-28T17:22:48+00:00,SAVANT_ARSENAL_SCHEMA_V1,CURRENT
675540,"Curry, Xzavion",2026,18,1,5.6,10.3,20.0,46.3,0.249,0.169,0.197,21.4,8.8,79.913874483,,,,SL,Slider,30.7,88,8.3,0.2,0.2,0.267,2.8,BASEBALL_SAVANT_PITCH_ARSENAL_CURRENT_SEASON,2026-08-28T17:22:48+00:00,SAVANT_ARSENAL_SCHEMA_V1,CURRENT
675540,"Curry, Xzavion",2026,13,5,38.5,10.3,45.5,46.3,0.135,0.09,0.115,14.3,8.8,79.913874483,,,,FS,Split-Finger,16.0,46,35.7,0.167,0.167,0.192,1.4,BASEBALL_SAVANT_PITCH_ARSENAL_CURRENT_SEASON,2026-08-28T17:22:48+00:00,SAVANT_ARSENAL_SCHEMA_V1,CURRENT
675540,"Curry, Xzavion",2026,11,0,0.0,10.3,0.0,46.3,0.383,0.284,0.619,36.4,8.8,79.913874483,,,,CU,Curveball,11.1,32,0.0,0.273,0.909,0.477,-6.7,BASEBALL_SAVANT_PITCH_ARSENAL_CURRENT_SEASON,2026-08-28T17:22:48+00:00,SAVANT_ARSENAL_SCHEMA_V1,CURRENT
675540,"Curry, Xzavion",2026,8,1,12.5,10.3,7.1,46.3,0.431,0.31,0.486,40.0,8.8,79.913874483,,,,SI,Sinker,9.1,26,33.3,0.333,0.5,0.444,-0.6,BASEBALL_SAVANT_PITCH_ARSENAL_CURRENT_SEASON,2026-08-28T17:22:48+00:00,SAVANT_ARSENAL_SCHEMA_V1,CURRENT
694753,"Curtis, Khristian",2026,9,1,11.1,11.1,20.0,47.7,0.321,0.272,0.48,25.0,5.3,76.532552,,,,FF,4-Seam Fastball,34.9,38,9.1,0.222,0.222,0.2,2.6,BASEBALL_SAVANT_PITCH_ARSENAL_CURRENT_SEASON,2026-08-28T17:22:48+00:00,SAVANT_ARSENAL_SCHEMA_V1,CURRENT
694753,"Curtis, Khristian",2026,6,1,16.7,11.1,38.5,47.7,0.384,0.071,0.083,0.0,5.3,76.532552,,,,FC,Cutter,29.4,32,25.0,0.0,0.0,0.35,1.2,BASEBALL_SAVANT_PITCH_ARSENAL_CURRENT_SEASON,2026-08-28T17:22:48+00:00,SAVANT_ARSENAL_SCHEMA_V1,CURRENT
694753,"Curtis, Khristian",2026,7,0,0.0,11.1,0.0,47.7,0.398,0.405,0.513,28.6,5.3,76.532552,,,,CH,Changeup,20.2,22,0.0,0.0,0.0,0.0,6.5,BASEBALL_SAVANT_PITCH_ARSENAL_CURRENT_SEASON,2026-08-28T17:22:48+00:00,SAVANT_ARSENAL_SCHEMA_V1,CURRENT
694753,"Curtis, Khristian",2026,4,3,75.0,11.1,50.0,47.7,0.02,0.022,0.024,0.0,5.3,76.532552,,,,SL,Slider,10.1,11,60.0,0.0,0.0,0.0,8.6,BASEBALL_SAVANT_PITCH_ARSENAL_CURRENT_SEASON,2026-08-28T17:22:48+00:00,SAVANT_ARSENAL_SCHEMA_V1,CURRENT
694753,"Curtis, Khristian",2026,1,0,0.0,11.1,0.0,47.7,0.215,0.151,0.361,0.0,5.3,76.532552,,,,CU,Curveball,5.5,6,0.0,0.0,0.0,0.0,0.6,BASEBALL_SAVANT_PITCH_ARSENAL_CURRENT_SEASON,2026-08-28T17:22:48+00:00,SAVANT_ARSENAL_SCHEMA_V1,CURRENT
681168,"Curvelo, Luis",2026,14,1,7.1,11.1,10.3,54.0,0.317,0.251,0.34,54.5,9.5,80.712816667,,,,FF,4-Seam Fastball,30.5,57,11.1,0.167,0.25,0.318,0.9,BASEBALL_SAVANT_PITCH_ARSENAL_CURRENT_SEASON,2026-08-28T17:22:48+00:00,SAVANT_ARSENAL_SCHEMA_V1,CURRENT
681168,"Curvelo, Luis",2026,12,0,0.0,11.1,34.5,54.0,0.518,0.411,0.767,36.4,9.5,80.712816667,,,,SL,Slider,28.9,54,0.0,0.545,1.182,0.721,-8.4,BASEBALL_SAVANT_PITCH_ARSENAL_CURRENT_SEASON,2026-08-28T17:22:48+00:00,SAVANT_ARSENAL_SCHEMA_V1,CURRENT
681168,"Curvelo, Luis",2026,15,4,26.7,11.1,28.6,54.0,0.2,0.147,0.331,36.4,9.5,80.712816667,,,,FS,Split-Finger,20.3,38,16.7,0.2,0.467,0.277,-1.8,BASEBALL_SAVANT_PITCH_ARSENAL_CURRENT_SEASON,2026-08-28T17:22:48+00:00,SAVANT_ARSENAL_SCHEMA_V1,CURRENT
681168,"Curvelo, Luis",2026,11,1,9.1,11.1,13.6,54.0,0.59,0.499,0.863,77.8,9.5,80.712816667,,,,SI,Sinker,20.3,38,20.0,0.6,1.1,0.718,-9.3,BASEBALL_SAVANT_PITCH_ARSENAL_CURRENT_SEASON,2026-08-28T17:22:48+00:00,SAVANT_ARSENAL_SCHEMA_V1,CURRENT
689149,"Dallas, Chad",2026,20,4,20.0,12.8,18.4,48.7,0.254,0.204,0.267,50.0,3.2,82.23614375,,,,FC,Cutter,42.5,82,16.7,0.111,0.167,0.178,3.6,BASEBALL_SAVANT_PITCH_ARSENAL_CURRENT_SEASON,2026-08-28T17:22:48+00:00,SAVANT_ARSENAL_SCHEMA_V1,CURRENT
689149,"Dallas, Chad",2026,14,5,35.7,12.8,40.0,48.7,0.13,0.142,0.158,22.2,3.2,82.23614375,,,,ST,Sweeper,28.0,54,31.3,0.357,0.357,0.321,-0.1,BASEBALL_SAVANT_PITCH_ARSENAL_CURRENT_SEASON,2026-08-28T17:22:48+00:00,SAVANT_ARSENAL_SCHEMA_V1,CURRENT
689149,"Dallas, Chad",2026,13,1,7.7,12.8,19.0,48.7,0.516,0.386,0.652,50.0,3.2,82.23614375,,,,CU,Curveball,28.0,54,4.8,0.375,0.75,0.508,-4.4,BASEBALL_SAVANT_PITCH_ARSENAL_CURRENT_SEASON,2026-08-28T17:22:48+00:00,SAVANT_ARSENAL_SCHEMA_V1,CURRENT
689546,"Davila, Nick",2026,78,11,14.1,9.9,16.5,46.7,0.298,0.247,0.352,23.7,4.8,79.175224048,,,,SL,Slider,65.3,273,11.8,0.191,0.25,0.252,1.6,BASEBALL_SAVANT_PITCH_ARSENAL_CURRENT_SEASON,2026-08-28T17:22:48+00:00,SAVANT_ARSENAL_SCHEMA_V1,CURRENT
689546,"Davila, Nick",2026,22,1,4.5,9.9,10.6,46.7,0.354,0.326,0.456,35.0,4.8,79.175224048,,,,SI,Sinker,23.2,97,6.7,0.238,0.381,0.286,1.7,BASEBALL_SAVANT_PITCH_ARSENAL_CURRENT_SEASON,2026-08-28T17:22:48+00:00,SAVANT_ARSENAL_SCHEMA_V1,CURRENT
689546,"Davila, Nick",2026,11,1,9.1,9.9,23.8,46.7,0.512,0.337,0.491,60.0,4.8,79.175224048,,,,FF,4-Seam Fastball,11.2,47,7.1,0.5,0.833,0.627,-6.1,BASEBALL_SAVANT_PITCH_ARSENAL_CURRENT_SEASON,2026-08-28T17:22:48+00:00,SAVANT_ARSENAL_SCHEMA_V1,CURRENT
699823,"Davis, Tyler",2026,68,17,25.0,14.2,25.6,50.0,0.294,0.184,0.317,43.6,4.3,80.584496,,,,FF,4-Seam Fastball,61.7,243,23.3,0.148,0.278,0.267,1.8,BASEBALL_SAVANT_PITCH_ARSENAL_CURRENT_SEASON,2026-08-28T17:22:48+00:00,SAVANT_ARSENAL_SCHEMA_V1,CURRENT
699823,"Davis, Tyler",2026,29,2,6.9,14.2,18.0,50.0,0.274,0.269,0.327,42.3,4.3,80.584496,,,,SL,Slider,32.0,126,6.9,0.214,0.214,0.272,0.9,BASEBALL_SAVANT_PITCH_ARSENAL_CURRENT_SEASON,2026-08-28T17:22:48+00:00,SAVANT_ARSENAL_SCHEMA_V1,CURRENT
699823,"Davis, Tyler",2026,7,3,42.9,14.2,27.3,50.0,0.285,0.294,0.362,50.0,4.3,80.584496,,,,FS,Split-Finger,6.3,25,21.4,0.429,0.571,0.436,-4.7,BASEBALL_SAVANT_PITCH_ARSENAL_CURRENT_SEASON,2026-08-28T17:22:48+00:00,SAVANT_ARSENAL_SCHEMA_V1,CURRENT
701474,"Davitt, Duncan",2026,4,0,0.0,12.5,0.0,46.4,0.432,0.351,0.444,66.7,16.7,85.98606,,,,SL,Slider,42.9,12,0.0,0.333,0.667,0.488,-2.4,BASEBALL_SAVANT_PITCH_ARSENAL_CURRENT_SEASON,2026-08-28T17:22:48+00:00,SAVANT_ARSENAL_SCHEMA_V1,CURRENT
701474,"Davitt, Duncan",2026,2,1,50.0,12.5,25.0,46.4,0.26,0.281,0.313,100.0,16.7,85.98606,,,,FF,4-Seam Fastball,28.6,8,25.0,0.0,0.0,0.0,6.0,BASEBALL_SAVANT_PITCH_ARSENAL_CURRENT_SEASON,2026-08-28T17:22:48+00:00,SAVANT_ARSENAL_SCHEMA_V1,CURRENT
701474,"Davitt, Duncan",2026,1,0,0.0,12.5,0.0,46.4,0.78,0.451,1.437,100.0,16.7,85.98606,,,,ST,Sweeper,10.7,3,0.0,0.0,0.0,0.0,5.8,BASEBALL_SAVANT_PITCH_ARSENAL_CURRENT_SEASON,2026-08-28T17:22:48+00:00,SAVANT_ARSENAL_SCHEMA_V1,CURRENT
701474,"Davitt, Duncan",2026,1,0,0.0,12.5,0.0,46.4,0.555,0.429,0.905,100.0,16.7,85.98606,,,,SI,Sinker,7.1,2,,1.0,4.0,2.0,-53.2,BASEBALL_SAVANT_PITCH_ARSENAL_CURRENT_SEASON,2026-08-28T17:22:48+00:00,SAVANT_ARSENAL_SCHEMA_V1,CURRENT
646241,"De Jesus, Enmanuel",2026,65,17,26.2,8.4,25.4,47.5,0.35,0.242,0.446,51.3,7.4,81.234065167,,,,FF,4-Seam Fastball,42.3,283,20.2,0.218,0.327,0.315,0.7,BASEBALL_SAVANT_PITCH_ARSENAL_CURRENT_SEASON,2026-08-28T17:22:48+00:00,SAVANT_ARSENAL_SCHEMA_V1,CURRENT
646241,"De Jesus, Enmanuel",2026,42,11,26.2,8.4,29.0,47.5,0.268,0.216,0.335,39.3,7.4,81.234065167,,,,CH,Changeup,22.0,147,22.0,0.128,0.205,0.183,2.2,BASEBALL_SAVANT_PITCH_ARSENAL_CURRENT_SEASON,2026-08-28T17:22:48+00:00,SAVANT_ARSENAL_SCHEMA_V1,CURRENT
646241,"De Jesus, Enmanuel",2026,33,8,24.2,8.4,32.8,47.5,0.336,0.292,0.464,41.7,7.4,81.234065167,,,,FC,Cutter,16.6,111,21.1,0.29,0.419,0.319,-1.3,BASEBALL_SAVANT_PITCH_ARSENAL_CURRENT_SEASON,2026-08-28T17:22:48+00:00,SAVANT_ARSENAL_SCHEMA_V1,CURRENT
646241,"De Jesus, Enmanuel",2026,29,2,6.9,8.4,4.4,47.5,0.279,0.261,0.307,40.0,7.4,81.234065167,,,,SI,Sinker,13.3,89,25.0,0.333,0.444,0.364,0.9,BASEBALL_SAVANT_PITCH_ARSENAL_CURRENT_SEASON,2026-08-28T17:22:48+00:00,SAVANT_ARSENAL_SCHEMA_V1,CURRENT
646241,"De Jesus, Enmanuel",2026,9,1,11.1,8.4,16.7,47.5,0.477,0.339,0.632,33.3,7.4,81.234065167,,,,SL,Slider,5.8,39,9.1,0.429,0.857,0.578,-5.8,BASEBALL_SAVANT_PITCH_ARSENAL_CURRENT_SEASON,2026-08-28T17:22:48+00:00,SAVANT_ARSENAL_SCHEMA_V1,CURRENT
660853,"De Los Santos, Enyel",2026,114,23,20.2,5.5,19.1,54.5,0.332,0.272,0.459,44.7,4.9,77.133327912,,,,FF,4-Seam Fastball,43.6,430,14.6,0.308,0.495,0.364,-0.5,BASEBALL_SAVANT_PITCH_ARSENAL_CURRENT_SEASON,2026-08-28T17:22:48+00:00,SAVANT_ARSENAL_SCHEMA_V1,CURRENT
660853,"De Los Santos, Enyel",2026,66,15,22.7,5.5,33.8,54.5,0.257,0.197,0.296,31.1,4.9,77.133327912,,,,SL,Slider,30.4,300,18.1,0.237,0.424,0.333,-0.4,BASEBALL_SAVANT_PITCH_ARSENAL_CURRENT_SEASON,2026-08-28T17:22:48+00:00,SAVANT_ARSENAL_SCHEMA_V1,CURRENT
660853,"De Los Santos, Enyel",2026,75,19,25.3,5.5,36.1,54.5,0.227,0.197,0.292,29.6,4.9,77.133327912,,,,CH,Changeup,26.0,256,27.5,0.167,0.278,0.225,2.5,BASEBALL_SAVANT_PITCH_ARSENAL_CURRENT_SEASON,2026-08-28T17:22:48+00:00,SAVANT_ARSENAL_SCHEMA_V1,CURRENT
660787,"De los Santos, Yerry",2026,52,5,9.6,10.1,11.1,47.9,0.353,0.271,0.425,45.0,5.2,80.468308929,,,,SI,Sinker,62.7,183,10.6,0.205,0.364,0.323,0.4,BASEBALL_SAVANT_PITCH_ARSENAL_CURRENT_SEASON,2026-08-28T17:22:48+00:00,SAVANT_ARSENAL_SCHEMA_V1,CURRENT
660787,"De los Santos, Yerry",2026,14,5,35.7,10.1,24.1,47.9,0.265,0.283,0.324,33.3,5.2,80.468308929,,,,CH,Changeup,19.9,58,17.9,0.214,0.214,0.193,0.5,BASEBALL_SAVANT_PITCH_ARSENAL_CURRENT_SEASON,2026-08-28T17:22:48+00:00,SAVANT_ARSENAL_SCHEMA_V1,CURRENT
660787,"De los Santos, Yerry",2026,8,2,25.0,10.1,7.7,47.9,0.232,0.191,0.352,50.0,5.2,80.468308929,,,,FF,4-Seam Fastball,10.6,31,25.0,0.286,0.286,0.257,1.8,BASEBALL_SAVANT_PITCH_ARSENAL_CURRENT_SEASON,2026-08-28T17:22:48+00:00,SAVANT_ARSENAL_SCHEMA_V1,CURRENT
660787,"De los Santos, Yerry",2026,4,1,25.0,10.1,37.5,47.9,0.076,0.083,0.087,0.0,5.2,80.468308929,,,,SL,Slider,6.8,20,25.0,0.25,0.25,0.225,-0.3,BASEBALL_SAVANT_PITCH_ARSENAL_CURRENT_SEASON,2026-08-28T17:22:48+00:00,SAVANT_ARSENAL_SCHEMA_V1,CURRENT
672282,"Detmers, Reid",2026,282,62,22.0,7.3,22.0,49.1,0.318,0.236,0.427,48.7,8.1,80.188808085,,,,FF,4-Seam Fastball,45.5,1091,17.5,0.22,0.396,0.301,0.4,BASEBALL_SAVANT_PITCH_ARSENAL_CURRENT_SEASON,2026-08-28T17:22:48+00:00,SAVANT_ARSENAL_SCHEMA_V1,CURRENT
672282,"Detmers, Reid",2026,215,83,38.6,7.3,35.6,49.1,0.223,0.183,0.257,29.7,8.1,80.188808085,,,,SL,Slider,32.4,777,26.7,0.19,0.255,0.232,1.8,BASEBALL_SAVANT_PITCH_ARSENAL_CURRENT_SEASON,2026-08-28T17:22:48+00:00,SAVANT_ARSENAL_SCHEMA_V1,CURRENT
672282,"Detmers, Reid",2026,47,18,38.3,7.3,38.9,49.1,0.304,0.218,0.358,13.6,8.1,80.188808085,,,,CU,Curveball,11.0,264,25.4,0.184,0.368,0.311,0.6,BASEBALL_SAVANT_PITCH_ARSENAL_CURRENT_SEASON,2026-08-28T17:22:48+00:00,SAVANT_ARSENAL_SCHEMA_V1,CURRENT
672282,"Detmers, Reid",2026,50,8,16.0,7.3,37.7,49.1,0.318,0.259,0.484,32.5,8.1,80.188808085,,,,CH,Changeup,9.9,237,14.5,0.261,0.5,0.324,-0.6,BASEBALL_SAVANT_PITCH_ARSENAL_CURRENT_SEASON,2026-08-28T17:22:48+00:00,SAVANT_ARSENAL_SCHEMA_V1,CURRENT
672282,"Detmers, Reid",2026,9,1,11.1,7.3,7.7,49.1,0.405,0.145,0.409,20.0,8.1,80.188808085,,,,SI,Sinker,1.2,29,14.3,0.167,0.167,0.375,-2.4,BASEBALL_SAVANT_PITCH_ARSENAL_CURRENT_SEASON,2026-08-28T17:22:48+00:00,SAVANT_ARSENAL_SCHEMA_V1,CURRENT
606965,"Devenski, Chris",2026,4,2,50.0,0.0,25.0,48.7,0.193,0.21,0.238,50.0,22.2,86.852416,,,,CH,Changeup,46.2,18,28.6,0.25,0.25,0.225,1.9,BASEBALL_SAVANT_PITCH_ARSENAL_CURRENT_SEASON,2026-08-28T17:22:48+00:00,SAVANT_ARSENAL_SCHEMA_V1,CURRENT
606965,"Devenski, Chris",2026,6,1,16.7,0.0,12.5,48.7,0.247,0.218,0.363,40.0,22.2,86.852416,,,,FF,4-Seam Fastball,38.5,15,14.3,0.333,0.333,0.3,-1.2,BASEBALL_SAVANT_PITCH_ARSENAL_CURRENT_SEASON,2026-08-28T17:22:48+00:00,SAVANT_ARSENAL_SCHEMA_V1,CURRENT
606965,"Devenski, Chris",2026,1,0,0.0,0.0,50.0,48.7,0.399,0.266,0.72,100.0,22.2,86.852416,,,,ST,Sweeper,10.3,4,,1.0,4.0,2.0,-53.5,BASEBALL_SAVANT_PITCH_ARSENAL_CURRENT_SEASON,2026-08-28T17:22:48+00:00,SAVANT_ARSENAL_SCHEMA_V1,CURRENT
606965,"Devenski, Chris",2026,1,0,0.0,0.0,0.0,48.7,0.911,0.871,1.25,100.0,22.2,86.852416,,,,SI,Sinker,5.1,2,,1.0,1.0,0.9,-33.0,BASEBALL_SAVANT_PITCH_ARSENAL_CURRENT_SEASON,2026-08-28T17:22:48+00:00,SAVANT_ARSENAL_SCHEMA_V1,CURRENT
702021,"Dion, Will",2026,64,23,35.9,6.5,28.1,51.6,0.248,0.177,0.336,45.9,5.7,77.209915349,,,,FF,4-Seam Fastball,42.2,226,29.5,0.217,0.417,0.309,1.2,BASEBALL_SAVANT_PITCH_ARSENAL_CURRENT_SEASON,2026-08-28T17:22:48+00:00,SAVANT_ARSENAL_SCHEMA_V1,CURRENT
702021,"Dion, Will",2026,38,14,36.8,6.5,42.3,51.6,0.215,0.153,0.254,9.5,5.7,77.209915349,,,,CH,Changeup,25.4,136,25.0,0.057,0.143,0.132,2.4,BASEBALL_SAVANT_PITCH_ARSENAL_CURRENT_SEASON,2026-08-28T17:22:48+00:00,SAVANT_ARSENAL_SCHEMA_V1,CURRENT
702021,"Dion, Will",2026,18,3,16.7,6.5,10.8,51.6,0.375,0.364,0.448,42.9,5.7,77.209915349,,,,CU,Curveball,19.6,105,14.3,0.412,0.588,0.45,-1.4,BASEBALL_SAVANT_PITCH_ARSENAL_CURRENT_SEASON,2026-08-28T17:22:48+00:00,SAVANT_ARSENAL_SCHEMA_V1,CURRENT
702021,"Dion, Will",2026,13,0,0.0,6.5,26.1,51.6,0.513,0.441,0.671,27.3,5.7,77.209915349,,,,FC,Cutter,8.8,47,0.0,0.545,1.0,0.662,-7.3,BASEBALL_SAVANT_PITCH_ARSENAL_CURRENT_SEASON,2026-08-28T17:22:48+00:00,SAVANT_ARSENAL_SCHEMA_V1,CURRENT
702021,"Dion, Will",2026,6,1,16.7,6.5,10.0,51.6,0.143,0.15,0.178,20.0,5.7,77.209915349,,,,SI,Sinker,3.9,21,25.0,0.333,0.333,0.3,-0.7,BASEBALL_SAVANT_PITCH_ARSENAL_CURRENT_SEASON,2026-08-28T17:22:48+00:00,SAVANT_ARSENAL_SCHEMA_V1,CURRENT
690928,"Dobbins, Hunter",2026,71,12,16.9,10.4,17.2,44.5,0.396,0.307,0.453,47.8,7.2,77.503833553,,,,FF,4-Seam Fastball,32.2,300,19.7,0.368,0.491,0.436,-0.7,BASEBALL_SAVANT_PITCH_ARSENAL_CURRENT_SEASON,2026-08-28T17:22:48+00:00,SAVANT_ARSENAL_SCHEMA_V1,CURRENT
690928,"Dobbins, Hunter",2026,31,6,19.4,10.4,21.5,44.5,0.32,0.257,0.436,34.8,7.2,77.503833553,,,,SL,Slider,17.0,158,15.8,0.172,0.379,0.26,1.1,BASEBALL_SAVANT_PITCH_ARSENAL_CURRENT_SEASON,2026-08-28T17:22:48+00:00,SAVANT_ARSENAL_SCHEMA_V1,CURRENT
690928,"Dobbins, Hunter",2026,40,12,30.0,10.4,26.1,44.5,0.199,0.161,0.277,25.9,7.2,77.503833553,,,,ST,Sweeper,14.7,137,20.7,0.231,0.513,0.32,-1.6,BASEBALL_SAVANT_PITCH_ARSENAL_CURRENT_SEASON,2026-08-28T17:22:48+00:00,SAVANT_ARSENAL_SCHEMA_V1,CURRENT
690928,"Dobbins, Hunter",2026,36,6,16.7,10.4,18.8,44.5,0.312,0.265,0.308,60.0,7.2,77.503833553,,,,SI,Sinker,13.1,122,20.0,0.194,0.194,0.272,1.5,BASEBALL_SAVANT_PITCH_ARSENAL_CURRENT_SEASON,2026-08-28T17:22:48+00:00,SAVANT_ARSENAL_SCHEMA_V1,CURRENT
690928,"Dobbins, Hunter",2026,25,6,24.0,10.4,29.5,44.5,0.253,0.162,0.347,29.4,7.2,77.503833553,,,,FS,Split-Finger,11.7,109,18.8,0.13,0.304,0.222,0.9,BASEBALL_SAVANT_PITCH_ARSENAL_CURRENT_SEASON,2026-08-28T17:22:48+00:00,SAVANT_ARSENAL_SCHEMA_V1,CURRENT
690928,"Dobbins, Hunter",2026,28,10,35.7,10.4,38.6,44.5,0.263,0.178,0.315,20.0,7.2,77.503833553,,,,CU,Curveball,11.4,106,25.6,0.2,0.36,0.288,-1.1,BASEBALL_SAVANT_PITCH_ARSENAL_CURRENT_SEASON,2026-08-28T17:22:48+00:00,SAVANT_ARSENAL_SCHEMA_V1,CURRENT
677976,"Dobnak, Randy",2026,103,7,6.8,9.5,7.9,45.5,0.377,0.338,0.432,47.6,3.6,79.047333659,,,,SI,Sinker,39.5,354,10.3,0.275,0.352,0.319,1.2,BASEBALL_SAVANT_PITCH_ARSENAL_CURRENT_SEASON,2026-08-28T17:22:48+00:00,SAVANT_ARSENAL_SCHEMA_V1,CURRENT
677976,"Dobnak, Randy",2026,42,9,21.4,9.5,31.3,45.5,0.332,0.251,0.404,40.7,3.6,79.047333659,,,,ST,Sweeper,25.2,226,14.5,0.2,0.371,0.301,0.6,BASEBALL_SAVANT_PITCH_ARSENAL_CURRENT_SEASON,2026-08-28T17:22:48+00:00,SAVANT_ARSENAL_SCHEMA_V1,CURRENT
677976,"Dobnak, Randy",2026,43,11,25.6,9.5,27.5,45.5,0.254,0.24,0.306,29.0,3.6,79.047333659,,,,CH,Changeup,21.0,188,15.3,0.25,0.35,0.265,0.4,BASEBALL_SAVANT_PITCH_ARSENAL_CURRENT_SEASON,2026-08-28T17:22:48+00:00,SAVANT_ARSENAL_SCHEMA_V1,CURRENT
677976,"Dobnak, Randy",2026,20,4,20.0,9.5,15.6,45.5,0.236,0.208,0.283,20.0,3.6,79.047333659,,,,FF,4-Seam Fastball,9.3,83,11.4,0.211,0.263,0.233,1.6,BASEBALL_SAVANT_PITCH_ARSENAL_CURRENT_SEASON,2026-08-28T17:22:48+00:00,SAVANT_ARSENAL_SCHEMA_V1,CURRENT
677976,"Dobnak, Randy",2026,13,3,23.1,9.5,29.6,45.5,0.31,0.294,0.347,33.3,3.6,79.047333659,,,,SL,Slider,5.1,46,12.0,0.333,0.333,0.331,-1.8,BASEBALL_SAVANT_PITCH_ARSENAL_CURRENT_SEASON,2026-08-28T17:22:48+00:00,SAVANT_ARSENAL_SCHEMA_V1,CURRENT
689266,"Dodd, Dylan",2026,91,23,25.3,8.0,24.6,53.2,0.275,0.175,0.353,41.4,6.7,79.227021731,,,,SI,Sinker,61.4,408,16.0,0.15,0.313,0.25,1.0,BASEBALL_SAVANT_PITCH_ARSENAL_CURRENT_SEASON,2026-08-28T17:22:48+00:00,SAVANT_ARSENAL_SCHEMA_V1,CURRENT
689266,"Dodd, Dylan",2026,63,15,23.8,8.0,31.4,53.2,0.266,0.233,0.319,27.3,6.7,79.227021731,,,,FC,Cutter,33.3,221,21.4,0.186,0.271,0.23,2.0,BASEBALL_SAVANT_PITCH_ARSENAL_CURRENT_SEASON,2026-08-28T17:22:48+00:00,SAVANT_ARSENAL_SCHEMA_V1,CURRENT
689266,"Dodd, Dylan",2026,8,5,62.5,8.0,60.0,53.2,0.196,0.201,0.249,33.3,6.7,79.227021731,,,,SL,Slider,5.1,34,25.0,0.25,0.375,0.269,-2.9,BASEBALL_SAVANT_PITCH_ARSENAL_CURRENT_SEASON,2026-08-28T17:22:48+00:00,SAVANT_ARSENAL_SCHEMA_V1,CURRENT
801403,"Dollander, Chase",2026,84,27,32.1,9.5,29.7,48.0,0.285,0.147,0.368,53.3,9.9,79.78262,,,,FF,4-Seam Fastball,37.7,280,23.5,0.197,0.38,0.31,1.2,BASEBALL_SAVANT_PITCH_ARSENAL_CURRENT_SEASON,2026-08-28T17:22:48+00:00,SAVANT_ARSENAL_SCHEMA_V1,CURRENT
801403,"Dollander, Chase",2026,47,3,6.4,9.5,15.4,48.0,0.343,0.283,0.407,44.7,9.9,79.78262,,,,SI,Sinker,24.0,178,15.0,0.225,0.325,0.331,0.8,BASEBALL_SAVANT_PITCH_ARSENAL_CURRENT_SEASON,2026-08-28T17:22:48+00:00,SAVANT_ARSENAL_SCHEMA_V1,CURRENT
801403,"Dollander, Chase",2026,26,5,19.2,9.5,31.3,48.0,0.364,0.301,0.484,68.4,9.9,79.78262,,,,SL,Slider,14.5,108,19.2,0.25,0.417,0.315,0.6,BASEBALL_SAVANT_PITCH_ARSENAL_CURRENT_SEASON,2026-08-28T17:22:48+00:00,SAVANT_ARSENAL_SCHEMA_V1,CURRENT
801403,"Dollander, Chase",2026,19,6,31.6,9.5,31.4,48.0,0.314,0.265,0.406,38.5,9.9,79.78262,,,,CH,Changeup,10.5,78,17.6,0.444,0.833,0.513,-6.2,BASEBALL_SAVANT_PITCH_ARSENAL_CURRENT_SEASON,2026-08-28T17:22:48+00:00,SAVANT_ARSENAL_SCHEMA_V1,CURRENT
801403,"Dollander, Chase",2026,9,4,44.4,9.5,45.0,48.0,0.251,0.23,0.271,50.0,9.9,79.78262,,,,CU,Curveball,7.9,59,28.6,0.286,0.286,0.278,-1.4,BASEBALL_SAVANT_PITCH_ARSENAL_CURRENT_SEASON,2026-08-28T17:22:48+00:00,SAVANT_ARSENAL_SCHEMA_V1,CURRENT
801403,"Dollander, Chase",2026,4,2,50.0,9.5,36.4,48.0,0.06,0.062,0.074,100.0,9.9,79.78262,,,,ST,Sweeper,5.4,40,25.0,0.0,0.0,0.0,1.6,BASEBALL_SAVANT_PITCH_ARSENAL_CURRENT_SEASON,2026-08-28T17:22:48+00:00,SAVANT_ARSENAL_SCHEMA_V1,CURRENT
622554,"Domínguez, Seranthony",2026,94,23,24.5,13.5,23.7,45.7,0.329,0.223,0.345,33.3,8.5,78.18718,,,,FF,4-Seam Fastball,42.4,381,18.3,0.247,0.416,0.36,-0.3,BASEBALL_SAVANT_PITCH_ARSENAL_CURRENT_SEASON,2026-08-28T17:22:48+00:00,SAVANT_ARSENAL_SCHEMA_V1,CURRENT
622554,"Domínguez, Seranthony",2026,48,15,31.3,13.5,31.6,45.7,0.243,0.173,0.315,26.7,8.5,78.18718,,,,ST,Sweeper,27.8,250,21.1,0.205,0.364,0.303,-0.9,BASEBALL_SAVANT_PITCH_ARSENAL_CURRENT_SEASON,2026-08-28T17:22:48+00:00,SAVANT_ARSENAL_SCHEMA_V1,CURRENT
622554,"Domínguez, Seranthony",2026,35,3,8.6,13.5,14.3,45.7,0.479,0.33,0.648,62.5,8.5,78.18718,,,,SI,Sinker,16.5,148,21.4,0.296,0.556,0.439,-0.3,BASEBALL_SAVANT_PITCH_ARSENAL_CURRENT_SEASON,2026-08-28T17:22:48+00:00,SAVANT_ARSENAL_SCHEMA_V1,CURRENT
622554,"Domínguez, Seranthony",2026,27,16,59.3,13.5,53.1,45.7,0.179,0.129,0.244,20.0,8.5,78.18718,,,,FS,Split-Finger,11.6,104,24.6,0.077,0.192,0.133,1.7,BASEBALL_SAVANT_PITCH_ARSENAL_CURRENT_SEASON,2026-08-28T17:22:48+00:00,SAVANT_ARSENAL_SCHEMA_V1,CURRENT
622554,"Domínguez, Seranthony",2026,1,0,0.0,13.5,66.7,45.7,0.245,0.261,0.292,0.0,8.5,78.18718,,,,CU,Curveball,1.7,15,0.0,0.0,0.0,0.0,1.2,BASEBALL_SAVANT_PITCH_ARSENAL_CURRENT_SEASON,2026-08-28T17:22:48+00:00,SAVANT_ARSENAL_SCHEMA_V1,CURRENT
696062,"Dotel, Wilber",2026,55,15,27.3,10.6,17.5,46.8,0.29,0.219,0.32,61.8,3.8,82.216991026,,,,FF,4-Seam Fastball,46.2,225,22.1,0.17,0.234,0.231,1.7,BASEBALL_SAVANT_PITCH_ARSENAL_CURRENT_SEASON,2026-08-28T17:22:48+00:00,SAVANT_ARSENAL_SCHEMA_V1,CURRENT
696062,"Dotel, Wilber",2026,33,12,36.4,10.6,32.8,46.8,0.19,0.166,0.281,33.3,3.8,82.216991026,,,,SL,Slider,24.0,117,30.0,0.273,0.394,0.289,0.6,BASEBALL_SAVANT_PITCH_ARSENAL_CURRENT_SEASON,2026-08-28T17:22:48+00:00,SAVANT_ARSENAL_SCHEMA_V1,CURRENT
696062,"Dotel, Wilber",2026,28,3,10.7,10.6,32.7,46.8,0.456,0.366,0.54,42.1,3.8,82.216991026,,,,FC,Cutter,21.8,106,20.0,0.409,0.545,0.479,-1.0,BASEBALL_SAVANT_PITCH_ARSENAL_CURRENT_SEASON,2026-08-28T17:22:48+00:00,SAVANT_ARSENAL_SCHEMA_V1,CURRENT
696062,"Dotel, Wilber",2026,6,1,16.7,10.6,20.0,46.8,0.355,0.36,0.447,40.0,3.8,82.216991026,,,,CH,Changeup,8.0,39,7.7,0.167,0.167,0.15,1.0,BASEBALL_SAVANT_PITCH_ARSENAL_CURRENT_SEASON,2026-08-28T17:22:48+00:00,SAVANT_ARSENAL_SCHEMA_V1,CURRENT
666808,"Doval, Camilo",2026,98,13,13.3,11.9,17.5,46.4,0.319,0.25,0.359,52.8,6.3,81.045472714,,,,SI,Sinker,40.6,353,24.5,0.22,0.317,0.291,1.1,BASEBALL_SAVANT_PITCH_ARSENAL_CURRENT_SEASON,2026-08-28T17:22:48+00:00,SAVANT_ARSENAL_SCHEMA_V1,CURRENT
666808,"Doval, Camilo",2026,67,32,47.8,11.9,46.3,46.4,0.233,0.149,0.295,44.8,6.3,81.045472714,,,,SL,Slider,29.7,258,30.2,0.18,0.41,0.3,-0.5,BASEBALL_SAVANT_PITCH_ARSENAL_CURRENT_SEASON,2026-08-28T17:22:48+00:00,SAVANT_ARSENAL_SCHEMA_V1,CURRENT
666808,"Doval, Camilo",2026,56,5,8.9,11.9,16.7,46.4,0.337,0.243,0.325,41.5,6.3,81.045472714,,,,FC,Cutter,27.0,235,11.6,0.349,0.465,0.43,-1.6,BASEBALL_SAVANT_PITCH_ARSENAL_CURRENT_SEASON,2026-08-28T17:22:48+00:00,SAVANT_ARSENAL_SCHEMA_V1,CURRENT
666808,"Doval, Camilo",2026,5,3,60.0,11.9,62.5,46.4,0.055,0.039,0.096,0.0,6.3,81.045472714,,,,CH,Changeup,2.8,24,23.1,0.0,0.0,0.0,2.3,BASEBALL_SAVANT_PITCH_ARSENAL_CURRENT_SEASON,2026-08-28T17:22:48+00:00,SAVANT_ARSENAL_SCHEMA_V1,CURRENT
684442,"Drake, Kohl",2026,43,7,16.3,7.8,12.9,44.3,0.427,0.316,0.636,54.8,16.4,82.506151852,,,,FF,4-Seam Fastball,44.0,143,17.5,0.297,0.514,0.378,0.4,BASEBALL_SAVANT_PITCH_ARSENAL_CURRENT_SEASON,2026-08-28T17:22:48+00:00,SAVANT_ARSENAL_SCHEMA_V1,CURRENT
684442,"Drake, Kohl",2026,10,4,40.0,7.8,40.0,44.3,0.197,0.211,0.234,16.7,16.4,82.506151852,,,,CH,Changeup,17.2,56,25.0,0.1,0.1,0.09,2.5,BASEBALL_SAVANT_PITCH_ARSENAL_CURRENT_SEASON,2026-08-28T17:22:48+00:00,SAVANT_ARSENAL_SCHEMA_V1,CURRENT
684442,"Drake, Kohl",2026,8,1,12.5,7.8,27.8,44.3,0.601,0.316,1.112,66.7,16.4,82.506151852,,,,CU,Curveball,17.2,56,4.2,0.571,1.714,0.9,-10.3,BASEBALL_SAVANT_PITCH_ARSENAL_CURRENT_SEASON,2026-08-28T17:22:48+00:00,SAVANT_ARSENAL_SCHEMA_V1,CURRENT
684442,"Drake, Kohl",2026,9,0,0.0,7.8,29.4,44.3,0.592,0.552,0.74,42.9,16.4,82.506151852,,,,FC,Cutter,12.6,41,0.0,0.571,0.714,0.594,-5.0,BASEBALL_SAVANT_PITCH_ARSENAL_CURRENT_SEASON,2026-08-28T17:22:48+00:00,SAVANT_ARSENAL_SCHEMA_V1,CURRENT
684442,"Drake, Kohl",2026,7,1,14.3,7.8,14.3,44.3,0.363,0.227,0.505,40.0,16.4,82.506151852,,,,SL,Slider,8.9,29,8.3,0.0,0.0,0.1,3.5,BASEBALL_SAVANT_PITCH_ARSENAL_CURRENT_SEASON,2026-08-28T17:22:48+00:00,SAVANT_ARSENAL_SCHEMA_V1,CURRENT
676263,"Dreyer, Jack",2026,97,33,34.0,8.4,26.6,48.6,0.297,0.201,0.359,51.9,7.0,77.595505397,,,,FF,4-Seam Fastball,46.8,404,26.0,0.217,0.386,0.316,1.0,BASEBALL_SAVANT_PITCH_ARSENAL_CURRENT_SEASON,2026-08-28T17:22:48+00:00,SAVANT_ARSENAL_SCHEMA_V1,CURRENT
676263,"Dreyer, Jack",2026,94,27,28.7,8.4,33.3,48.6,0.262,0.216,0.353,30.2,7.0,77.595505397,,,,SL,Slider,37.7,325,24.8,0.189,0.322,0.258,1.0,BASEBALL_SAVANT_PITCH_ARSENAL_CURRENT_SEASON,2026-08-28T17:22:48+00:00,SAVANT_ARSENAL_SCHEMA_V1,CURRENT
676263,"Dreyer, Jack",2026,21,6,28.6,8.4,25.0,48.6,0.243,0.237,0.263,42.9,7.0,77.595505397,,,,CU,Curveball,15.5,134,13.6,0.1,0.1,0.119,2.5,BASEBALL_SAVANT_PITCH_ARSENAL_CURRENT_SEASON,2026-08-28T17:22:48+00:00,SAVANT_ARSENAL_SCHEMA_V1,CURRENT
675660,"Drohan, Shane",2026,112,36,32.1,8.1,30.6,48.3,0.222,0.145,0.256,38.5,8.0,76.554286712,,,,FF,4-Seam Fastball,28.5,474,22.1,0.149,0.248,0.229,1.6,BASEBALL_SAVANT_PITCH_ARSENAL_CURRENT_SEASON,2026-08-28T17:22:48+00:00,SAVANT_ARSENAL_SCHEMA_V1,CURRENT
675660,"Drohan, Shane",2026,112,42,37.5,8.1,39.5,48.3,0.208,0.184,0.258,30.3,8.0,76.554286712,,,,SL,Slider,20.8,346,26.9,0.17,0.283,0.216,1.9,BASEBALL_SAVANT_PITCH_ARSENAL_CURRENT_SEASON,2026-08-28T17:22:48+00:00,SAVANT_ARSENAL_SCHEMA_V1,CURRENT
675660,"Drohan, Shane",2026,102,9,8.8,8.1,13.2,48.3,0.399,0.305,0.53,49.4,8.0,76.554286712,,,,SI,Sinker,20.0,332,20.0,0.396,0.637,0.482,-2.5,BASEBALL_SAVANT_PITCH_ARSENAL_CURRENT_SEASON,2026-08-28T17:22:48+00:00,SAVANT_ARSENAL_SCHEMA_V1,CURRENT
675660,"Drohan, Shane",2026,50,13,26.0,8.1,28.7,48.3,0.326,0.272,0.386,31.3,8.0,76.554286712,,,,CU,Curveball,13.4,223,18.3,0.318,0.455,0.38,-1.0,BASEBALL_SAVANT_PITCH_ARSENAL_CURRENT_SEASON,2026-08-28T17:22:48+00:00,SAVANT_ARSENAL_SCHEMA_V1,CURRENT
675660,"Drohan, Shane",2026,57,2,3.5,8.1,15.0,48.3,0.374,0.313,0.463,33.3,8.0,76.554286712,,,,FC,Cutter,12.3,205,11.1,0.286,0.367,0.364,1.1,BASEBALL_SAVANT_PITCH_ARSENAL_CURRENT_SEASON,2026-08-28T17:22:48+00:00,SAVANT_ARSENAL_SCHEMA_V1,CURRENT
675660,"Drohan, Shane",2026,11,2,18.2,8.1,33.3,48.3,0.39,0.327,0.417,14.3,8.0,76.554286712,,,,CH,Changeup,4.9,82,8.3,0.333,0.444,0.405,-3.2,BASEBALL_SAVANT_PITCH_ARSENAL_CURRENT_SEASON,2026-08-28T17:22:48+00:00,SAVANT_ARSENAL_SCHEMA_V1,CURRENT
650960,"Duarte, Daniel",2026,24,2,8.3,6.0,25.0,53.4,0.218,0.184,0.222,5.0,5.6,68.356094074,,,,FC,Cutter,33.6,117,9.1,0.182,0.273,0.238,2.9,BASEBALL_SAVANT_PITCH_ARSENAL_CURRENT_SEASON,2026-08-28T17:22:48+00:00,SAVANT_ARSENAL_SCHEMA_V1,CURRENT
650960,"Duarte, Daniel",2026,23,11,47.8,6.0,33.3,53.4,0.177,0.083,0.218,20.0,5.6,68.356094074,,,,ST,Sweeper,27.0,94,20.0,0.095,0.238,0.187,1.6,BASEBALL_SAVANT_PITCH_ARSENAL_CURRENT_SEASON,2026-08-28T17:22:48+00:00,SAVANT_ARSENAL_SCHEMA_V1,CURRENT
650960,"Duarte, Daniel",2026,11,4,36.4,6.0,18.2,53.4,0.153,0.147,0.208,28.6,5.6,68.356094074,,,,FF,4-Seam Fastball,14.4,50,17.4,0.091,0.091,0.082,2.3,BASEBALL_SAVANT_PITCH_ARSENAL_CURRENT_SEASON,2026-08-28T17:22:48+00:00,SAVANT_ARSENAL_SCHEMA_V1,CURRENT
650960,"Duarte, Daniel",2026,16,5,31.3,6.0,23.1,53.4,0.327,0.244,0.395,55.6,5.6,68.356094074,,,,SI,Sinker,13.5,47,31.3,0.143,0.143,0.256,2.4,BASEBALL_SAVANT_PITCH_ARSENAL_CURRENT_SEASON,2026-08-28T17:22:48+00:00,SAVANT_ARSENAL_SCHEMA_V1,CURRENT
650960,"Duarte, Daniel",2026,9,1,11.1,6.0,15.4,53.4,0.335,0.354,0.416,25.0,5.6,68.356094074,,,,CH,Changeup,11.5,40,5.3,0.111,0.111,0.1,3.9,BASEBALL_SAVANT_PITCH_ARSENAL_CURRENT_SEASON,2026-08-28T17:22:48+00:00,SAVANT_ARSENAL_SCHEMA_V1,CURRENT
679922,"Duran, Carlos",2026,3,0,0.0,33.3,20.0,28.6,0.152,0.167,0.194,0.0,0.0,67.74778,,,,SI,Sinker,37.1,13,,0.333,0.333,0.3,-0.4,BASEBALL_SAVANT_PITCH_ARSENAL_CURRENT_SEASON,2026-08-28T17:22:48+00:00,SAVANT_ARSENAL_SCHEMA_V1,CURRENT
679922,"Duran, Carlos",2026,3,0,0.0,33.3,33.3,28.6,0.601,0.44,0.553,0.0,0.0,67.74778,,,,FF,4-Seam Fastball,37.1,13,0.0,1.0,1.0,0.767,-6.1,BASEBALL_SAVANT_PITCH_ARSENAL_CURRENT_SEASON,2026-08-28T17:22:48+00:00,SAVANT_ARSENAL_SCHEMA_V1,CURRENT
679922,"Duran, Carlos",2026,3,1,33.3,33.3,50.0,28.6,0.249,0.026,0.028,0.0,0.0,67.74778,,,,SL,Slider,22.9,8,33.3,0.0,0.0,0.233,0.4,BASEBALL_SAVANT_PITCH_ARSENAL_CURRENT_SEASON,2026-08-28T17:22:48+00:00,SAVANT_ARSENAL_SCHEMA_V1,CURRENT
661395,"Duran, Jhoan",2026,97,19,19.6,4.2,29.3,52.2,0.268,0.25,0.334,46.7,2.8,80.030109259,,,,FS,Split-Finger,47.3,361,30.6,0.309,0.351,0.293,1.9,BASEBALL_SAVANT_PITCH_ARSENAL_CURRENT_SEASON,2026-08-28T17:22:48+00:00,SAVANT_ARSENAL_SCHEMA_V1,CURRENT
661395,"Duran, Jhoan",2026,46,21,45.7,4.2,39.8,52.2,0.238,0.16,0.195,38.9,2.8,80.030109259,,,,FF,4-Seam Fastball,26.6,203,27.3,0.154,0.179,0.232,2.3,BASEBALL_SAVANT_PITCH_ARSENAL_CURRENT_SEASON,2026-08-28T17:22:48+00:00,SAVANT_ARSENAL_SCHEMA_V1,CURRENT
661395,"Duran, Jhoan",2026,21,15,71.4,4.2,65.7,52.2,0.063,0.033,0.039,0.0,2.8,80.030109259,,,,ST,Sweeper,10.9,83,38.5,0.05,0.05,0.076,3.8,BASEBALL_SAVANT_PITCH_ARSENAL_CURRENT_SEASON,2026-08-28T17:22:48+00:00,SAVANT_ARSENAL_SCHEMA_V1,CURRENT
661395,"Duran, Jhoan",2026,14,7,50.0,4.2,46.7,52.2,0.285,0.297,0.362,42.9,2.8,80.030109259,,,,CU,Curveball,9.9,76,22.6,0.357,0.429,0.346,-1.7,BASEBALL_SAVANT_PITCH_ARSENAL_CURRENT_SEASON,2026-08-28T17:22:48+00:00,SAVANT_ARSENAL_SCHEMA_V1,CURRENT
661395,"Duran, Jhoan",2026,11,5,45.5,4.2,12.5,52.2,0.026,0.025,0.034,0.0,2.8,80.030109259,,,,CH,Changeup,5.4,41,23.8,0.0,0.0,0.0,3.4,BASEBALL_SAVANT_PITCH_ARSENAL_CURRENT_SEASON,2026-08-28T17:22:48+00:00,SAVANT_ARSENAL_SCHEMA_V1,CURRENT
660710,"Durán, Rodolfo",2026,1,0,0.0,,0.0,,0.673,0.537,1.076,100.0,,,,,,CU,Curveball,2.2,1,0.0,1.0,2.0,1.25,-63.4,BASEBALL_SAVANT_PITCH_ARSENAL_CURRENT_SEASON,2026-08-28T17:22:48+00:00,SAVANT_ARSENAL_SCHEMA_V1,CURRENT
621242,"Díaz, Edwin",2026,39,9,23.1,12.7,17.1,44.6,0.378,0.306,0.46,56.0,8.7,82.717115217,,,,FF,4-Seam Fastball,57.4,179,22.0,0.441,0.735,0.517,-3.3,BASEBALL_SAVANT_PITCH_ARSENAL_CURRENT_SEASON,2026-08-28T17:22:48+00:00,SAVANT_ARSENAL_SCHEMA_V1,CURRENT
621242,"Díaz, Edwin",2026,38,10,26.3,12.7,27.5,44.6,0.375,0.299,0.452,50.0,8.7,82.717115217,,,,SL,Slider,42.6,133,20.0,0.323,0.516,0.405,-2.3,BASEBALL_SAVANT_PITCH_ARSENAL_CURRENT_SEASON,2026-08-28T17:22:48+00:00,SAVANT_ARSENAL_SCHEMA_V1,CURRENT
646242,"Díaz, Jhonathan",2026,4,1,25.0,0.0,0.0,36.0,0.187,0.203,0.223,0.0,20.0,79.036543333,,,,SI,Sinker,60.0,15,33.3,0.25,0.25,0.225,4.2,BASEBALL_SAVANT_PITCH_ARSENAL_CURRENT_SEASON,2026-08-28T17:22:48+00:00,SAVANT_ARSENAL_SCHEMA_V1,CURRENT
646242,"Díaz, Jhonathan",2026,1,0,0.0,0.0,0.0,36.0,1.991,0.977,3.875,100.0,20.0,79.036543333,,,,ST,Sweeper,28.0,7,0.0,1.0,4.0,2.0,-22.4,BASEBALL_SAVANT_PITCH_ARSENAL_CURRENT_SEASON,2026-08-28T17:22:48+00:00,SAVANT_ARSENAL_SCHEMA_V1,CURRENT
646242,"Díaz, Jhonathan",2026,1,0,0.0,0.0,0.0,36.0,0.005,0.006,0.006,0.0,20.0,79.036543333,,,,CH,Changeup,8.0,2,0.0,0.0,0.0,0.0,2.5,BASEBALL_SAVANT_PITCH_ARSENAL_CURRENT_SEASON,2026-08-28T17:22:48+00:00,SAVANT_ARSENAL_SCHEMA_V1,CURRENT
700270,"Díaz, Yilber",2026,10,1,10.0,13.3,16.7,39.2,0.614,0.453,0.985,37.5,20.0,87.94417,,,,FF,4-Seam Fastball,54.1,40,6.7,0.667,1.222,0.79,-8.4,BASEBALL_SAVANT_PITCH_ARSENAL_CURRENT_SEASON,2026-08-28T17:22:48+00:00,SAVANT_ARSENAL_SCHEMA_V1,CURRENT
700270,"Díaz, Yilber",2026,5,2,40.0,13.3,20.0,39.2,0.448,0.399,0.482,50.0,20.0,87.94417,,,,SL,Slider,40.5,30,20.0,0.5,0.75,0.57,-4.1,BASEBALL_SAVANT_PITCH_ARSENAL_CURRENT_SEASON,2026-08-28T17:22:48+00:00,SAVANT_ARSENAL_SCHEMA_V1,CURRENT
813349,"Early, Connelly",2026,120,34,28.3,8.7,24.1,46.9,0.326,0.207,0.456,43.1,10.6,80.91466121,,,,FF,4-Seam Fastball,35.1,536,20.1,0.219,0.448,0.327,0.2,BASEBALL_SAVANT_PITCH_ARSENAL_CURRENT_SEASON,2026-08-28T17:22:48+00:00,SAVANT_ARSENAL_SCHEMA_V1,CURRENT
813349,"Early, Connelly",2026,75,11,14.7,8.7,12.7,46.9,0.364,0.292,0.397,38.5,10.6,80.91466121,,,,SI,Sinker,19.9,304,24.4,0.286,0.349,0.345,0.6,BASEBALL_SAVANT_PITCH_ARSENAL_CURRENT_SEASON,2026-08-28T17:22:48+00:00,SAVANT_ARSENAL_SCHEMA_V1,CURRENT
813349,"Early, Connelly",2026,83,13,15.7,8.7,22.7,46.9,0.318,0.288,0.432,48.5,10.6,80.91466121,,,,CH,Changeup,18.3,279,13.1,0.272,0.407,0.314,-0.2,BASEBALL_SAVANT_PITCH_ARSENAL_CURRENT_SEASON,2026-08-28T17:22:48+00:00,SAVANT_ARSENAL_SCHEMA_V1,CURRENT
813349,"Early, Connelly",2026,38,11,28.9,8.7,21.7,46.9,0.398,0.251,0.536,35.0,10.6,80.91466121,,,,CU,Curveball,10.9,166,16.9,0.29,0.613,0.438,-3.8,BASEBALL_SAVANT_PITCH_ARSENAL_CURRENT_SEASON,2026-08-28T17:22:48+00:00,SAVANT_ARSENAL_SCHEMA_V1,CURRENT
813349,"Early, Connelly",2026,31,3,9.7,8.7,28.6,46.9,0.366,0.256,0.442,43.5,10.6,80.91466121,,,,SL,Slider,8.0,123,18.8,0.2,0.52,0.393,0.5,BASEBALL_SAVANT_PITCH_ARSENAL_CURRENT_SEASON,2026-08-28T17:22:48+00:00,SAVANT_ARSENAL_SCHEMA_V1,CURRENT
813349,"Early, Connelly",2026,43,21,48.8,8.7,43.1,46.9,0.146,0.074,0.126,15.8,10.6,80.91466121,,,,ST,Sweeper,7.9,120,31.3,0.103,0.103,0.149,2.9,BASEBALL_SAVANT_PITCH_ARSENAL_CURRENT_SEASON,2026-08-28T17:22:48+00:00,SAVANT_ARSENAL_SCHEMA_V1,CURRENT
671109,"Eder, Jake",2026,13,1,7.7,6.7,4.8,58.9,0.415,0.316,0.673,63.6,30.8,88.66917,,,,FF,4-Seam Fastball,60.7,34,10.0,0.182,0.182,0.192,4.7,BASEBALL_SAVANT_PITCH_ARSENAL_CURRENT_SEASON,2026-08-28T17:22:48+00:00,SAVANT_ARSENAL_SCHEMA_V1,CURRENT
671109,"Eder, Jake",2026,2,0,0.0,6.7,18.2,58.9,0.746,0.619,1.148,100.0,30.8,88.66917,,,,SL,Slider,33.9,19,0.0,0.5,1.0,0.625,-2.4,BASEBALL_SAVANT_PITCH_ARSENAL_CURRENT_SEASON,2026-08-28T17:22:48+00:00,SAVANT_ARSENAL_SCHEMA_V1,CURRENT
605218,"Edwards Jr., Carl",2026,11,5,45.5,16.0,57.1,43.4,0.239,0.142,0.173,25.0,10.0,87.795498,,,,FF,4-Seam Fastball,53.5,53,55.6,0.111,0.111,0.209,3.6,BASEBALL_SAVANT_PITCH_ARSENAL_CURRENT_SEASON,2026-08-28T17:22:48+00:00,SAVANT_ARSENAL_SCHEMA_V1,CURRENT
605218,"Edwards Jr., Carl",2026,9,3,33.3,16.0,38.5,43.4,0.273,0.178,0.344,40.0,10.0,87.795498,,,,CU,Curveball,30.3,30,33.3,0.25,0.625,0.4,-5.4,BASEBALL_SAVANT_PITCH_ARSENAL_CURRENT_SEASON,2026-08-28T17:22:48+00:00,SAVANT_ARSENAL_SCHEMA_V1,CURRENT
605218,"Edwards Jr., Carl",2026,5,3,60.0,16.0,55.6,43.4,0.275,0.159,0.238,100.0,10.0,87.795498,,,,CH,Changeup,16.2,16,50.0,0.0,0.0,0.14,4.6,BASEBALL_SAVANT_PITCH_ARSENAL_CURRENT_SEASON,2026-08-28T17:22:48+00:00,SAVANT_ARSENAL_SCHEMA_V1,CURRENT
621107,"Eflin, Zach",2026,8,3,37.5,11.8,38.5,45.9,0.228,0.132,0.248,50.0,25.0,92.6260325,,,,CH,Changeup,25.7,19,33.3,0.143,0.286,0.244,4.6,BASEBALL_SAVANT_PITCH_ARSENAL_CURRENT_SEASON,2026-08-28T17:22:48+00:00,SAVANT_ARSENAL_SCHEMA_V1,CURRENT
621107,"Eflin, Zach",2026,1,1,100.0,11.8,50.0,45.9,0.0,0.202,0.404,75.0,25.0,92.6260325,,,,CU,Curveball,21.6,16,14.3,0.0,0.0,0.0,1.2,BASEBALL_SAVANT_PITCH_ARSENAL_CURRENT_SEASON,2026-08-28T17:22:48+00:00,SAVANT_ARSENAL_SCHEMA_V1,CURRENT
621107,"Eflin, Zach",2026,5,2,40.0,11.8,50.0,45.9,0.329,0.26,0.283,100.0,25.0,92.6260325,,,,SI,Sinker,18.9,14,40.0,0.5,0.5,0.5,-2.3,BASEBALL_SAVANT_PITCH_ARSENAL_CURRENT_SEASON,2026-08-28T17:22:48+00:00,SAVANT_ARSENAL_SCHEMA_V1,CURRENT
621107,"Eflin, Zach",2026,1,0,0.0,11.8,0.0,45.9,0.699,0.543,1.134,100.0,25.0,92.6260325,,,,FC,Cutter,14.9,11,,0.0,0.0,0.0,2.6,BASEBALL_SAVANT_PITCH_ARSENAL_CURRENT_SEASON,2026-08-28T17:22:48+00:00,SAVANT_ARSENAL_SCHEMA_V1,CURRENT
621107,"Eflin, Zach",2026,2,1,50.0,11.8,33.3,45.9,0.528,0.262,1.03,100.0,25.0,92.6260325,,,,ST,Sweeper,9.5,7,33.3,0.5,2.0,1.0,-14.0,BASEBALL_SAVANT_PITCH_ARSENAL_CURRENT_SEASON,2026-08-28T17:22:48+00:00,SAVANT_ARSENAL_SCHEMA_V1,CURRENT
685126,"Eisert, Brandon",2026,54,16,29.6,8.0,26.4,45.5,0.25,0.176,0.353,45.7,7.1,79.354935417,,,,FF,4-Seam Fastball,37.7,241,22.9,0.224,0.571,0.349,-0.3,BASEBALL_SAVANT_PITCH_ARSENAL_CURRENT_SEASON,2026-08-28T17:22:48+00:00,SAVANT_ARSENAL_SCHEMA_V1,CURRENT
685126,"Eisert, Brandon",2026,53,13,24.5,8.0,35.1,45.5,0.31,0.253,0.396,27.8,7.1,79.354935417,,,,SL,Slider,35.5,227,15.3,0.286,0.469,0.386,-0.6,BASEBALL_SAVANT_PITCH_ARSENAL_CURRENT_SEASON,2026-08-28T17:22:48+00:00,SAVANT_ARSENAL_SCHEMA_V1,CURRENT
685126,"Eisert, Brandon",2026,30,10,33.3,8.0,31.5,45.5,0.303,0.278,0.391,52.6,7.1,79.354935417,,,,CH,Changeup,20.3,130,20.0,0.345,0.448,0.358,-2.3,BASEBALL_SAVANT_PITCH_ARSENAL_CURRENT_SEASON,2026-08-28T17:22:48+00:00,SAVANT_ARSENAL_SCHEMA_V1,CURRENT
685126,"Eisert, Brandon",2026,13,1,7.7,8.0,18.8,45.5,0.356,0.221,0.249,25.0,7.1,79.354935417,,,,SI,Sinker,6.6,42,9.1,0.111,0.111,0.285,1.1,BASEBALL_SAVANT_PITCH_ARSENAL_CURRENT_SEASON,2026-08-28T17:22:48+00:00,SAVANT_ARSENAL_SCHEMA_V1,CURRENT
694795,"Ekness, Josh",2026,38,8,21.1,11.6,21.4,41.8,0.343,0.239,0.339,36.4,8.2,74.696794583,,,,FF,4-Seam Fastball,54.8,160,15.1,0.2,0.2,0.289,1.5,BASEBALL_SAVANT_PITCH_ARSENAL_CURRENT_SEASON,2026-08-28T17:22:48+00:00,SAVANT_ARSENAL_SCHEMA_V1,CURRENT
694795,"Ekness, Josh",2026,19,1,5.3,11.6,20.7,41.8,0.378,0.285,0.568,17.6,8.2,74.696794583,,,,ST,Sweeper,26.0,76,4.8,0.235,0.471,0.319,-2.1,BASEBALL_SAVANT_PITCH_ARSENAL_CURRENT_SEASON,2026-08-28T17:22:48+00:00,SAVANT_ARSENAL_SCHEMA_V1,CURRENT
694795,"Ekness, Josh",2026,8,2,25.0,11.6,14.3,41.8,0.093,0.1,0.114,33.3,8.2,74.696794583,,,,CU,Curveball,10.6,31,14.3,0.0,0.0,0.113,0.7,BASEBALL_SAVANT_PITCH_ARSENAL_CURRENT_SEASON,2026-08-28T17:22:48+00:00,SAVANT_ARSENAL_SCHEMA_V1,CURRENT
694795,"Ekness, Josh",2026,4,0,0.0,11.6,11.1,41.8,0.408,0.346,0.622,75.0,8.2,74.696794583,,,,SI,Sinker,8.6,25,0.0,0.25,0.25,0.225,1.5,BASEBALL_SAVANT_PITCH_ARSENAL_CURRENT_SEASON,2026-08-28T17:22:48+00:00,SAVANT_ARSENAL_SCHEMA_V1,CURRENT
693821,"Elder, Bryce",2026,181,39,21.5,7.6,12.6,46.5,0.309,0.249,0.38,44.8,6.2,79.88921414,,,,SI,Sinker,27.5,595,28.1,0.233,0.362,0.312,1.0,BASEBALL_SAVANT_PITCH_ARSENAL_CURRENT_SEASON,2026-08-28T17:22:48+00:00,SAVANT_ARSENAL_SCHEMA_V1,CURRENT
693821,"Elder, Bryce",2026,160,40,25.0,7.6,29.4,46.5,0.314,0.241,0.424,41.7,6.2,79.88921414,,,,SL,Slider,23.0,498,23.0,0.25,0.473,0.347,-1.3,BASEBALL_SAVANT_PITCH_ARSENAL_CURRENT_SEASON,2026-08-28T17:22:48+00:00,SAVANT_ARSENAL_SCHEMA_V1,CURRENT
693821,"Elder, Bryce",2026,103,18,17.5,7.6,17.6,46.5,0.322,0.267,0.385,37.3,6.2,79.88921414,,,,FF,4-Seam Fastball,22.5,486,16.5,0.267,0.411,0.33,0.3,BASEBALL_SAVANT_PITCH_ARSENAL_CURRENT_SEASON,2026-08-28T17:22:48+00:00,SAVANT_ARSENAL_SCHEMA_V1,CURRENT
693821,"Elder, Bryce",2026,92,5,5.4,7.6,20.7,46.5,0.366,0.306,0.474,41.0,6.2,79.88921414,,,,FC,Cutter,15.3,330,16.1,0.256,0.463,0.351,0.2,BASEBALL_SAVANT_PITCH_ARSENAL_CURRENT_SEASON,2026-08-28T17:22:48+00:00,SAVANT_ARSENAL_SCHEMA_V1,CURRENT
693821,"Elder, Bryce",2026,70,16,22.9,7.6,31.5,46.5,0.212,0.187,0.275,25.0,6.2,79.88921414,,,,CH,Changeup,11.7,252,20.0,0.179,0.209,0.187,1.1,BASEBALL_SAVANT_PITCH_ARSENAL_CURRENT_SEASON,2026-08-28T17:22:48+00:00,SAVANT_ARSENAL_SCHEMA_V1,CURRENT
592288,"Emanuel, Kent",2026,10,0,0.0,13.0,0.0,44.8,0.329,0.24,0.304,50.0,6.7,81.73518875,,,,SI,Sinker,28.1,27,0.0,0.25,0.375,0.355,0.2,BASEBALL_SAVANT_PITCH_ARSENAL_CURRENT_SEASON,2026-08-28T17:22:48+00:00,SAVANT_ARSENAL_SCHEMA_V1,CURRENT
592288,"Emanuel, Kent",2026,6,2,33.3,13.0,0.0,44.8,0.316,0.13,0.166,0.0,6.7,81.73518875,,,,ST,Sweeper,27.1,26,15.4,0.25,0.25,0.383,-2.8,BASEBALL_SAVANT_PITCH_ARSENAL_CURRENT_SEASON,2026-08-28T17:22:48+00:00,SAVANT_ARSENAL_SCHEMA_V1,CURRENT
592288,"Emanuel, Kent",2026,5,2,40.0,13.0,55.6,44.8,0.334,0.252,0.545,66.7,6.7,81.73518875,,,,CH,Changeup,24.0,23,50.0,0.2,0.6,0.32,0.7,BASEBALL_SAVANT_PITCH_ARSENAL_CURRENT_SEASON,2026-08-28T17:22:48+00:00,SAVANT_ARSENAL_SCHEMA_V1,CURRENT
592288,"Emanuel, Kent",2026,2,0,0.0,13.0,40.0,44.8,0.101,0.108,0.142,0.0,6.7,81.73518875,,,,SL,Slider,20.8,20,0.0,0.5,1.0,0.625,-2.4,BASEBALL_SAVANT_PITCH_ARSENAL_CURRENT_SEASON,2026-08-28T17:22:48+00:00,SAVANT_ARSENAL_SCHEMA_V1,CURRENT
669438,"Englert, Mason",2026,44,15,34.1,5.1,30.8,52.7,0.268,0.207,0.402,35.7,14.9,78.097653929,,,,CH,Changeup,27.9,161,19.5,0.233,0.512,0.319,-1.1,BASEBALL_SAVANT_PITCH_ARSENAL_CURRENT_SEASON,2026-08-28T17:22:48+00:00,SAVANT_ARSENAL_SCHEMA_V1,CURRENT
669438,"Englert, Mason",2026,44,3,6.8,5.1,8.8,52.7,0.456,0.371,0.657,41.0,14.9,78.097653929,,,,SI,Sinker,19.8,114,11.1,0.39,0.561,0.436,-0.9,BASEBALL_SAVANT_PITCH_ARSENAL_CURRENT_SEASON,2026-08-28T17:22:48+00:00,SAVANT_ARSENAL_SCHEMA_V1,CURRENT
669438,"Englert, Mason",2026,15,4,26.7,5.1,29.8,52.7,0.257,0.239,0.276,10.0,14.9,78.097653929,,,,CU,Curveball,18.2,105,12.1,0.214,0.214,0.227,2.0,BASEBALL_SAVANT_PITCH_ARSENAL_CURRENT_SEASON,2026-08-28T17:22:48+00:00,SAVANT_ARSENAL_SCHEMA_V1,CURRENT
669438,"Englert, Mason",2026,22,5,22.7,5.1,28.0,52.7,0.456,0.277,0.857,56.3,14.9,78.097653929,,,,FF,4-Seam Fastball,17.3,100,12.5,0.316,1.105,0.552,-4.5,BASEBALL_SAVANT_PITCH_ARSENAL_CURRENT_SEASON,2026-08-28T17:22:48+00:00,SAVANT_ARSENAL_SCHEMA_V1,CURRENT
669438,"Englert, Mason",2026,17,2,11.8,5.1,19.4,52.7,0.358,0.31,0.473,21.4,14.9,78.097653929,,,,FC,Cutter,10.1,58,33.3,0.313,0.438,0.347,1.6,BASEBALL_SAVANT_PITCH_ARSENAL_CURRENT_SEASON,2026-08-28T17:22:48+00:00,SAVANT_ARSENAL_SCHEMA_V1,CURRENT
669438,"Englert, Mason",2026,8,2,25.0,5.1,37.5,52.7,0.324,0.225,0.556,50.0,14.9,78.097653929,,,,SL,Slider,6.4,37,12.5,0.25,0.375,0.269,-0.1,BASEBALL_SAVANT_PITCH_ARSENAL_CURRENT_SEASON,2026-08-28T17:22:48+00:00,SAVANT_ARSENAL_SCHEMA_V1,CURRENT
608650,"Enns, Dietrich",2026,41,7,17.1,15.7,22.5,46.0,0.308,0.207,0.358,53.6,6.5,83.083950455,,,,FF,4-Seam Fastball,55.0,160,15.2,0.171,0.286,0.268,2.8,BASEBALL_SAVANT_PITCH_ARSENAL_CURRENT_SEASON,2026-08-28T17:22:48+00:00,SAVANT_ARSENAL_SCHEMA_V1,CURRENT
608650,"Enns, Dietrich",2026,13,2,15.4,15.7,23.5,46.0,0.36,0.199,0.35,28.6,6.5,83.083950455,,,,CH,Changeup,20.3,59,8.3,0.125,0.25,0.312,-1.7,BASEBALL_SAVANT_PITCH_ARSENAL_CURRENT_SEASON,2026-08-28T17:22:48+00:00,SAVANT_ARSENAL_SCHEMA_V1,CURRENT
608650,"Enns, Dietrich",2026,6,0,0.0,15.7,18.2,46.0,0.287,0.264,0.287,0.0,6.5,83.083950455,,,,FC,Cutter,10.0,29,0.0,1.0,1.0,0.68,-3.8,BASEBALL_SAVANT_PITCH_ARSENAL_CURRENT_SEASON,2026-08-28T17:22:48+00:00,SAVANT_ARSENAL_SCHEMA_V1,CURRENT
608650,"Enns, Dietrich",2026,7,3,42.9,15.7,30.0,46.0,0.188,0.203,0.226,0.0,6.5,83.083950455,,,,ST,Sweeper,9.3,27,18.8,0.167,0.167,0.129,0.2,BASEBALL_SAVANT_PITCH_ARSENAL_CURRENT_SEASON,2026-08-28T17:22:48+00:00,SAVANT_ARSENAL_SCHEMA_V1,CURRENT
608650,"Enns, Dietrich",2026,3,1,33.3,15.7,28.6,46.0,0.247,0.262,0.301,50.0,6.5,83.083950455,,,,CU,Curveball,5.5,16,16.7,0.667,0.667,0.6,-8.6,BASEBALL_SAVANT_PITCH_ARSENAL_CURRENT_SEASON,2026-08-28T17:22:48+00:00,SAVANT_ARSENAL_SCHEMA_V1,CURRENT
543135,"Eovaldi, Nathan",2026,226,65,28.8,5.8,33.6,52.2,0.287,0.231,0.364,47.6,8.7,77.256841852,,,,FS,Split-Finger,36.7,737,26.0,0.196,0.354,0.267,1.4,BASEBALL_SAVANT_PITCH_ARSENAL_CURRENT_SEASON,2026-08-28T17:22:48+00:00,SAVANT_ARSENAL_SCHEMA_V1,CURRENT
543135,"Eovaldi, Nathan",2026,94,31,33.0,5.8,40.6,52.2,0.237,0.196,0.314,32.2,8.7,77.256841852,,,,CU,Curveball,22.4,449,21.7,0.225,0.382,0.276,0.5,BASEBALL_SAVANT_PITCH_ARSENAL_CURRENT_SEASON,2026-08-28T17:22:48+00:00,SAVANT_ARSENAL_SCHEMA_V1,CURRENT
543135,"Eovaldi, Nathan",2026,99,18,18.2,5.8,27.3,52.2,0.365,0.275,0.504,33.3,8.7,77.256841852,,,,FC,Cutter,19.3,387,18.4,0.244,0.433,0.344,-0.1,BASEBALL_SAVANT_PITCH_ARSENAL_CURRENT_SEASON,2026-08-28T17:22:48+00:00,SAVANT_ARSENAL_SCHEMA_V1,CURRENT
543135,"Eovaldi, Nathan",2026,79,21,26.6,5.8,22.7,52.2,0.421,0.308,0.623,54.9,8.7,77.256841852,,,,FF,4-Seam Fastball,13.7,275,30.9,0.375,0.736,0.489,-2.8,BASEBALL_SAVANT_PITCH_ARSENAL_CURRENT_SEASON,2026-08-28T17:22:48+00:00,SAVANT_ARSENAL_SCHEMA_V1,CURRENT
543135,"Eovaldi, Nathan",2026,54,2,3.7,5.8,10.2,52.2,0.342,0.307,0.417,33.3,8.7,77.256841852,,,,SI,Sinker,7.1,142,14.3,0.34,0.48,0.399,-1.5,BASEBALL_SAVANT_PITCH_ARSENAL_CURRENT_SEASON,2026-08-28T17:22:48+00:00,SAVANT_ARSENAL_SCHEMA_V1,CURRENT
543135,"Eovaldi, Nathan",2026,3,0,0.0,5.8,11.1,52.2,0.244,0.134,0.15,33.3,8.7,77.256841852,,,,SL,Slider,80.0,17,0.0,0.5,0.5,0.3,0.2,BASEBALL_SAVANT_PITCH_ARSENAL_CURRENT_SEASON,2026-08-28T17:22:48+00:00,SAVANT_ARSENAL_SCHEMA_V1,CURRENT
668674,"Erceg, Lucas",2026,48,6,12.5,13.9,18.6,47.2,0.39,0.312,0.492,44.4,4.9,73.744503143,,,,FF,4-Seam Fastball,28.9,238,7.7,0.333,0.5,0.402,-1.3,BASEBALL_SAVANT_PITCH_ARSENAL_CURRENT_SEASON,2026-08-28T17:22:48+00:00,SAVANT_ARSENAL_SCHEMA_V1,CURRENT
668674,"Erceg, Lucas",2026,63,17,27.0,13.9,29.6,47.2,0.239,0.174,0.213,28.9,4.9,73.744503143,,,,SL,Slider,28.4,234,15.2,0.241,0.352,0.309,-1.6,BASEBALL_SAVANT_PITCH_ARSENAL_CURRENT_SEASON,2026-08-28T17:22:48+00:00,SAVANT_ARSENAL_SCHEMA_V1,CURRENT
668674,"Erceg, Lucas",2026,62,7,11.3,13.9,14.5,47.2,0.334,0.246,0.293,45.2,4.9,73.744503143,,,,SI,Sinker,28.3,233,12.7,0.271,0.313,0.352,0.9,BASEBALL_SAVANT_PITCH_ARSENAL_CURRENT_SEASON,2026-08-28T17:22:48+00:00,SAVANT_ARSENAL_SCHEMA_V1,CURRENT
668674,"Erceg, Lucas",2026,30,0,0.0,13.9,19.6,47.2,0.487,0.436,0.628,36.0,4.9,73.744503143,,,,CH,Changeup,13.7,113,0.0,0.542,1.0,0.64,-6.1,BASEBALL_SAVANT_PITCH_ARSENAL_CURRENT_SEASON,2026-08-28T17:22:48+00:00,SAVANT_ARSENAL_SCHEMA_V1,CURRENT
668674,"Erceg, Lucas",2026,3,1,33.3,13.9,50.0,47.2,0.233,0.001,0.001,0.0,4.9,73.744503143,,,,FC,Cutter,70.0,6,33.3,0.0,0.0,0.233,-1.7,BASEBALL_SAVANT_PITCH_ARSENAL_CURRENT_SEASON,2026-08-28T17:22:48+00:00,SAVANT_ARSENAL_SCHEMA_V1,CURRENT
664744,"Espada, Jose",2026,2,0,0.0,0.0,0.0,46.7,0.358,0.387,0.43,50.0,0.0,87.53446,,,,SL,Slider,53.3,8,0.0,1.0,1.0,0.9,-12.7,BASEBALL_SAVANT_PITCH_ARSENAL_CURRENT_SEASON,2026-08-28T17:22:48+00:00,SAVANT_ARSENAL_SCHEMA_V1,CURRENT
664744,"Espada, Jose",2026,2,0,0.0,0.0,20.0,46.7,0.323,0.342,0.395,50.0,0.0,87.53446,,,,FF,4-Seam Fastball,40.0,6,0.0,0.0,0.0,0.0,13.0,BASEBALL_SAVANT_PITCH_ARSENAL_CURRENT_SEASON,2026-08-28T17:22:48+00:00,SAVANT_ARSENAL_SCHEMA_V1,CURRENT
682982,"Espino, Daniel",2026,15,9,60.0,14.8,52.8,44.2,0.284,0.106,0.213,50.0,9.1,76.364885,,,,FF,4-Seam Fastball,65.0,78,37.5,0.182,0.273,0.33,0.4,BASEBALL_SAVANT_PITCH_ARSENAL_CURRENT_SEASON,2026-08-28T17:22:48+00:00,SAVANT_ARSENAL_SCHEMA_V1,CURRENT
682982,"Espino, Daniel",2026,9,1,11.1,14.8,20.0,44.2,0.316,0.335,0.393,50.0,9.1,76.364885,,,,SL,Slider,24.2,29,14.3,0.333,0.667,0.422,-3.2,BASEBALL_SAVANT_PITCH_ARSENAL_CURRENT_SEASON,2026-08-28T17:22:48+00:00,SAVANT_ARSENAL_SCHEMA_V1,CURRENT
682982,"Espino, Daniel",2026,3,2,66.7,14.8,50.0,44.2,0.147,0.164,0.173,0.0,9.1,76.364885,,,,CU,Curveball,10.8,13,66.7,0.0,0.0,0.0,4.9,BASEBALL_SAVANT_PITCH_ARSENAL_CURRENT_SEASON,2026-08-28T17:22:48+00:00,SAVANT_ARSENAL_SCHEMA_V1,CURRENT
683155,"Estes, Joey",2026,8,3,37.5,5.6,41.2,52.1,0.253,0.245,0.426,40.0,7.7,86.68129,,,,FF,4-Seam Fastball,42.3,30,33.3,0.286,0.714,0.356,-0.1,BASEBALL_SAVANT_PITCH_ARSENAL_CURRENT_SEASON,2026-08-28T17:22:48+00:00,SAVANT_ARSENAL_SCHEMA_V1,CURRENT
683155,"Estes, Joey",2026,4,0,0.0,5.6,22.2,52.1,0.2,0.188,0.286,50.0,7.7,86.68129,,,,SL,Slider,21.1,15,0.0,0.25,0.5,0.313,0.7,BASEBALL_SAVANT_PITCH_ARSENAL_CURRENT_SEASON,2026-08-28T17:22:48+00:00,SAVANT_ARSENAL_SCHEMA_V1,CURRENT
683155,"Estes, Joey",2026,2,0,0.0,5.6,40.0,52.1,0.591,0.52,0.573,0.0,7.7,86.68129,,,,FC,Cutter,21.1,15,0.0,0.0,0.0,0.35,0.4,BASEBALL_SAVANT_PITCH_ARSENAL_CURRENT_SEASON,2026-08-28T17:22:48+00:00,SAVANT_ARSENAL_SCHEMA_V1,CURRENT
683155,"Estes, Joey",2026,2,1,50.0,5.6,25.0,52.1,0.028,0.023,0.043,0.0,7.7,86.68129,,,,ST,Sweeper,9.9,7,33.3,0.5,2.0,1.0,-14.8,BASEBALL_SAVANT_PITCH_ARSENAL_CURRENT_SEASON,2026-08-28T17:22:48+00:00,SAVANT_ARSENAL_SCHEMA_V1,CURRENT
683155,"Estes, Joey",2026,2,0,0.0,5.6,0.0,52.1,0.341,0.377,0.412,0.0,7.7,86.68129,,,,CH,Changeup,5.6,4,,0.5,0.5,0.45,-9.9,BASEBALL_SAVANT_PITCH_ARSENAL_CURRENT_SEASON,2026-08-28T17:22:48+00:00,SAVANT_ARSENAL_SCHEMA_V1,CURRENT
669093,"Estrada, Jeremiah",2026,78,16,20.5,12.7,24.5,46.9,0.336,0.248,0.377,36.0,6.9,73.665732,,,,FF,4-Seam Fastball,58.4,299,22.2,0.2,0.231,0.282,1.2,BASEBALL_SAVANT_PITCH_ARSENAL_CURRENT_SEASON,2026-08-28T17:22:48+00:00,SAVANT_ARSENAL_SCHEMA_V1,CURRENT
669093,"Estrada, Jeremiah",2026,41,21,51.2,12.7,49.3,46.9,0.203,0.157,0.224,23.5,6.9,73.665732,,,,FS,Split-Finger,32.0,164,32.3,0.132,0.237,0.218,1.3,BASEBALL_SAVANT_PITCH_ARSENAL_CURRENT_SEASON,2026-08-28T17:22:48+00:00,SAVANT_ARSENAL_SCHEMA_V1,CURRENT
669093,"Estrada, Jeremiah",2026,7,1,14.3,12.7,18.8,46.9,0.223,0.124,0.212,40.0,6.9,73.665732,,,,SL,Slider,9.6,49,9.1,0.333,0.833,0.514,-2.4,BASEBALL_SAVANT_PITCH_ARSENAL_CURRENT_SEASON,2026-08-28T17:22:48+00:00,SAVANT_ARSENAL_SCHEMA_V1,CURRENT
681751,"Estrada, Lazaro",2026,29,6,20.7,17.5,22.7,44.3,0.37,0.221,0.32,53.3,8.1,80.22987,,,,FF,4-Seam Fastball,44.3,101,17.6,0.2,0.35,0.355,-0.6,BASEBALL_SAVANT_PITCH_ARSENAL_CURRENT_SEASON,2026-08-28T17:22:48+00:00,SAVANT_ARSENAL_SCHEMA_V1,CURRENT
681751,"Estrada, Lazaro",2026,8,0,0.0,17.5,25.9,44.3,0.319,0.184,0.261,33.3,8.1,80.22987,,,,FC,Cutter,23.2,53,0.0,0.0,0.0,0.175,3.0,BASEBALL_SAVANT_PITCH_ARSENAL_CURRENT_SEASON,2026-08-28T17:22:48+00:00,SAVANT_ARSENAL_SCHEMA_V1,CURRENT
681751,"Estrada, Lazaro",2026,9,2,22.2,17.5,28.6,44.3,0.152,0.109,0.255,42.9,8.1,80.22987,,,,CU,Curveball,16.2,37,20.0,0.0,0.0,0.0,5.2,BASEBALL_SAVANT_PITCH_ARSENAL_CURRENT_SEASON,2026-08-28T17:22:48+00:00,SAVANT_ARSENAL_SCHEMA_V1,CURRENT
681751,"Estrada, Lazaro",2026,7,1,14.3,17.5,18.2,44.3,0.274,0.295,0.339,16.7,8.1,80.22987,,,,SL,Slider,10.1,23,16.7,0.429,0.429,0.386,-2.5,BASEBALL_SAVANT_PITCH_ARSENAL_CURRENT_SEASON,2026-08-28T17:22:48+00:00,SAVANT_ARSENAL_SCHEMA_V1,CURRENT
681751,"Estrada, Lazaro",2026,3,0,0.0,17.5,20.0,44.3,0.699,0.401,1.282,33.3,8.1,80.22987,,,,FS,Split-Finger,6.1,14,0.0,0.333,1.333,0.667,-17.4,BASEBALL_SAVANT_PITCH_ARSENAL_CURRENT_SEASON,2026-08-28T17:22:48+00:00,SAVANT_ARSENAL_SCHEMA_V1,CURRENT
608032,"Estévez, Carlos",2026,5,0,0.0,28.6,16.7,33.3,0.737,0.579,1.242,100.0,20.0,87.839516667,,,,FF,4-Seam Fastball,55.6,15,0.0,1.0,2.0,1.04,-14.9,BASEBALL_SAVANT_PITCH_ARSENAL_CURRENT_SEASON,2026-08-28T17:22:48+00:00,SAVANT_ARSENAL_SCHEMA_V1,CURRENT
608032,"Estévez, Carlos",2026,1,0,0.0,28.6,0.0,33.3,0.708,0.729,0.855,100.0,20.0,87.839516667,,,,CH,Changeup,22.2,6,,1.0,1.0,0.9,-9.1,BASEBALL_SAVANT_PITCH_ARSENAL_CURRENT_SEASON,2026-08-28T17:22:48+00:00,SAVANT_ARSENAL_SCHEMA_V1,CURRENT
608032,"Estévez, Carlos",2026,1,0,0.0,28.6,0.0,33.3,0.005,0.006,0.006,0.0,20.0,87.839516667,,,,SL,Slider,22.2,6,0.0,0.0,0.0,0.0,-0.3,BASEBALL_SAVANT_PITCH_ARSENAL_CURRENT_SEASON,2026-08-28T17:22:48+00:00,SAVANT_ARSENAL_SCHEMA_V1,CURRENT
664126,"Fairbanks, Pete",2026,78,24,30.8,10.7,27.7,45.5,0.36,0.251,0.5,60.0,12.4,81.305678958,,,,FF,4-Seam Fastball,49.2,363,21.8,0.29,0.594,0.41,-2.1,BASEBALL_SAVANT_PITCH_ARSENAL_CURRENT_SEASON,2026-08-28T17:22:48+00:00,SAVANT_ARSENAL_SCHEMA_V1,CURRENT
664126,"Fairbanks, Pete",2026,42,16,38.1,10.7,42.1,45.5,0.232,0.169,0.288,26.1,12.4,81.305678958,,,,SL,Slider,25.7,190,24.2,0.105,0.132,0.165,2.6,BASEBALL_SAVANT_PITCH_ARSENAL_CURRENT_SEASON,2026-08-28T17:22:48+00:00,SAVANT_ARSENAL_SCHEMA_V1,CURRENT
664126,"Fairbanks, Pete",2026,52,17,32.7,10.7,32.9,45.5,0.328,0.178,0.419,30.8,12.4,81.305678958,,,,FC,Cutter,23.2,171,23.6,0.233,0.465,0.363,-0.7,BASEBALL_SAVANT_PITCH_ARSENAL_CURRENT_SEASON,2026-08-28T17:22:48+00:00,SAVANT_ARSENAL_SCHEMA_V1,CURRENT
664126,"Fairbanks, Pete",2026,4,0,0.0,10.7,0.0,45.5,0.249,0.204,0.39,25.0,12.4,81.305678958,,,,CH,Changeup,1.9,14,0.0,0.0,0.0,0.0,3.1,BASEBALL_SAVANT_PITCH_ARSENAL_CURRENT_SEASON,2026-08-28T17:22:48+00:00,SAVANT_ARSENAL_SCHEMA_V1,CURRENT
663559,"Falter, Bailey",2026,33,0,0.0,10.5,9.5,44.4,0.474,0.415,0.596,39.3,6.7,80.644162273,,,,FF,4-Seam Fastball,55.6,100,0.0,0.5,0.786,0.576,-4.5,BASEBALL_SAVANT_PITCH_ARSENAL_CURRENT_SEASON,2026-08-28T17:22:48+00:00,SAVANT_ARSENAL_SCHEMA_V1,CURRENT
663559,"Falter, Bailey",2026,11,2,18.2,10.5,26.3,44.4,0.304,0.251,0.466,44.4,6.7,80.644162273,,,,SL,Slider,22.8,41,18.2,0.455,0.727,0.509,-9.9,BASEBALL_SAVANT_PITCH_ARSENAL_CURRENT_SEASON,2026-08-28T17:22:48+00:00,SAVANT_ARSENAL_SCHEMA_V1,CURRENT
663559,"Falter, Bailey",2026,6,3,50.0,10.5,42.9,44.4,0.19,0.186,0.253,66.7,6.7,80.644162273,,,,FS,Split-Finger,10.0,18,75.0,0.333,0.5,0.358,-3.7,BASEBALL_SAVANT_PITCH_ARSENAL_CURRENT_SEASON,2026-08-28T17:22:48+00:00,SAVANT_ARSENAL_SCHEMA_V1,CURRENT
663559,"Falter, Bailey",2026,6,1,16.7,10.5,27.3,44.4,0.477,0.429,0.682,60.0,6.7,80.644162273,,,,CU,Curveball,9.4,17,25.0,0.5,1.0,0.633,-10.3,BASEBALL_SAVANT_PITCH_ARSENAL_CURRENT_SEASON,2026-08-28T17:22:48+00:00,SAVANT_ARSENAL_SCHEMA_V1,CURRENT
663559,"Falter, Bailey",2026,1,0,0.0,10.5,100.0,44.4,0.7,0.355,0.537,44.4,6.7,80.644162273,,,,SI,Sinker,2.2,4,0.0,,,0.7,-12.1,BASEBALL_SAVANT_PITCH_ARSENAL_CURRENT_SEASON,2026-08-28T17:22:48+00:00,SAVANT_ARSENAL_SCHEMA_V1,CURRENT
815083,"Farris, Mitch",2026,94,21,22.3,11.3,15.7,44.2,0.388,0.269,0.511,51.7,8.5,79.606484769,,,,FF,4-Seam Fastball,48.6,370,21.9,0.253,0.519,0.394,-1.4,BASEBALL_SAVANT_PITCH_ARSENAL_CURRENT_SEASON,2026-08-28T17:22:48+00:00,SAVANT_ARSENAL_SCHEMA_V1,CURRENT
815083,"Farris, Mitch",2026,42,18,42.9,11.3,46.7,44.2,0.232,0.199,0.285,40.9,8.5,79.606484769,,,,CH,Changeup,25.2,192,24.0,0.2,0.4,0.274,0.0,BASEBALL_SAVANT_PITCH_ARSENAL_CURRENT_SEASON,2026-08-28T17:22:48+00:00,SAVANT_ARSENAL_SCHEMA_V1,CURRENT
815083,"Farris, Mitch",2026,39,3,7.7,11.3,28.8,44.2,0.405,0.34,0.527,43.8,8.5,79.606484769,,,,FC,Cutter,13.9,106,17.6,0.343,0.457,0.386,-0.9,BASEBALL_SAVANT_PITCH_ARSENAL_CURRENT_SEASON,2026-08-28T17:22:48+00:00,SAVANT_ARSENAL_SCHEMA_V1,CURRENT
815083,"Farris, Mitch",2026,19,5,26.3,11.3,30.6,44.2,0.327,0.28,0.444,46.2,8.5,79.606484769,,,,SL,Slider,12.2,93,26.3,0.333,0.556,0.397,-1.0,BASEBALL_SAVANT_PITCH_ARSENAL_CURRENT_SEASON,2026-08-28T17:22:48+00:00,SAVANT_ARSENAL_SCHEMA_V1,CURRENT
676534,"Faucher, Calvin",2026,78,8,10.3,13.1,24.8,42.4,0.391,0.311,0.405,48.1,5.5,76.901946528,,,,FC,Cutter,35.0,341,13.6,0.328,0.393,0.397,-0.1,BASEBALL_SAVANT_PITCH_ARSENAL_CURRENT_SEASON,2026-08-28T17:22:48+00:00,SAVANT_ARSENAL_SCHEMA_V1,CURRENT
676534,"Faucher, Calvin",2026,71,28,39.4,13.1,32.7,42.4,0.226,0.158,0.253,30.6,5.5,76.901946528,,,,ST,Sweeper,24.3,236,26.4,0.143,0.19,0.198,2.7,BASEBALL_SAVANT_PITCH_ARSENAL_CURRENT_SEASON,2026-08-28T17:22:48+00:00,SAVANT_ARSENAL_SCHEMA_V1,CURRENT
676534,"Faucher, Calvin",2026,39,6,15.4,13.1,14.3,42.4,0.28,0.196,0.237,50.0,5.5,76.901946528,,,,SI,Sinker,15.2,148,19.4,0.125,0.156,0.227,2.1,BASEBALL_SAVANT_PITCH_ARSENAL_CURRENT_SEASON,2026-08-28T17:22:48+00:00,SAVANT_ARSENAL_SCHEMA_V1,CURRENT
676534,"Faucher, Calvin",2026,37,12,32.4,13.1,24.1,42.4,0.257,0.246,0.362,28.0,5.5,76.901946528,,,,CU,Curveball,14.1,137,19.0,0.278,0.417,0.316,-2.1,BASEBALL_SAVANT_PITCH_ARSENAL_CURRENT_SEASON,2026-08-28T17:22:48+00:00,SAVANT_ARSENAL_SCHEMA_V1,CURRENT
676534,"Faucher, Calvin",2026,13,8,61.5,13.1,42.3,42.4,0.217,0.075,0.087,0.0,5.5,76.901946528,,,,FF,4-Seam Fastball,8.8,86,25.0,0.1,0.1,0.231,1.4,BASEBALL_SAVANT_PITCH_ARSENAL_CURRENT_SEASON,2026-08-28T17:22:48+00:00,SAVANT_ARSENAL_SCHEMA_V1,CURRENT
676534,"Faucher, Calvin",2026,4,1,25.0,13.1,30.0,42.4,0.56,0.426,0.909,33.3,5.5,76.901946528,,,,SL,Slider,2.6,25,11.1,0.25,0.25,0.225,-0.7,BASEBALL_SAVANT_PITCH_ARSENAL_CURRENT_SEASON,2026-08-28T17:22:48+00:00,SAVANT_ARSENAL_SCHEMA_V1,CURRENT
607200,"Fedde, Erick",2026,205,37,18.0,8.4,21.4,42.4,0.293,0.216,0.382,29.3,8.2,77.387381842,,,,ST,Sweeper,37.0,742,15.4,0.216,0.389,0.298,0.9,BASEBALL_SAVANT_PITCH_ARSENAL_CURRENT_SEASON,2026-08-28T17:22:48+00:00,SAVANT_ARSENAL_SCHEMA_V1,CURRENT
607200,"Fedde, Erick",2026,162,26,16.0,8.4,12.7,42.4,0.362,0.292,0.46,50.0,8.2,77.387381842,,,,SI,Sinker,30.5,613,16.7,0.287,0.441,0.36,-0.5,BASEBALL_SAVANT_PITCH_ARSENAL_CURRENT_SEASON,2026-08-28T17:22:48+00:00,SAVANT_ARSENAL_SCHEMA_V1,CURRENT
607200,"Fedde, Erick",2026,96,9,9.4,8.4,15.7,42.4,0.391,0.286,0.559,39.7,8.2,77.387381842,,,,FC,Cutter,19.1,383,11.1,0.302,0.605,0.408,-1.5,BASEBALL_SAVANT_PITCH_ARSENAL_CURRENT_SEASON,2026-08-28T17:22:48+00:00,SAVANT_ARSENAL_SCHEMA_V1,CURRENT
607200,"Fedde, Erick",2026,46,12,26.1,8.4,26.2,42.4,0.297,0.278,0.391,48.5,8.2,77.387381842,,,,CH,Changeup,12.3,246,15.2,0.311,0.444,0.344,-2.6,BASEBALL_SAVANT_PITCH_ARSENAL_CURRENT_SEASON,2026-08-28T17:22:48+00:00,SAVANT_ARSENAL_SCHEMA_V1,CURRENT
607200,"Fedde, Erick",2026,1,0,0.0,8.4,0.0,42.4,0.333,0.169,0.63,100.0,8.2,77.387381842,,,,FF,4-Seam Fastball,1.2,24,0.0,0.0,0.0,0.0,-2.3,BASEBALL_SAVANT_PITCH_ARSENAL_CURRENT_SEASON,2026-08-28T17:22:48+00:00,SAVANT_ARSENAL_SCHEMA_V1,CURRENT
663372,"Feltner, Ryan",2026,142,19,13.4,9.9,12.5,48.3,0.427,0.318,0.571,45.5,10.9,75.352740943,,,,FF,4-Seam Fastball,28.1,453,16.0,0.342,0.583,0.448,-2.1,BASEBALL_SAVANT_PITCH_ARSENAL_CURRENT_SEASON,2026-08-28T17:22:48+00:00,SAVANT_ARSENAL_SCHEMA_V1,CURRENT
663372,"Feltner, Ryan",2026,88,7,8.0,9.9,27.0,48.3,0.426,0.296,0.614,34.8,10.9,75.352740943,,,,SL,Slider,23.7,382,12.5,0.276,0.618,0.416,-1.3,BASEBALL_SAVANT_PITCH_ARSENAL_CURRENT_SEASON,2026-08-28T17:22:48+00:00,SAVANT_ARSENAL_SCHEMA_V1,CURRENT
663372,"Feltner, Ryan",2026,82,31,37.8,9.9,45.8,48.3,0.185,0.142,0.215,26.1,10.9,75.352740943,,,,CH,Changeup,17.2,278,27.0,0.178,0.288,0.22,1.3,BASEBALL_SAVANT_PITCH_ARSENAL_CURRENT_SEASON,2026-08-28T17:22:48+00:00,SAVANT_ARSENAL_SCHEMA_V1,CURRENT
663372,"Feltner, Ryan",2026,62,6,9.7,9.9,15.1,48.3,0.304,0.263,0.363,40.4,10.9,75.352740943,,,,SI,Sinker,14.2,229,12.0,0.298,0.421,0.331,0.9,BASEBALL_SAVANT_PITCH_ARSENAL_CURRENT_SEASON,2026-08-28T17:22:48+00:00,SAVANT_ARSENAL_SCHEMA_V1,CURRENT
663372,"Feltner, Ryan",2026,43,7,16.3,9.9,18.5,48.3,0.364,0.269,0.586,31.4,10.9,75.352740943,,,,ST,Sweeper,9.9,159,10.8,0.22,0.585,0.339,-3.9,BASEBALL_SAVANT_PITCH_ARSENAL_CURRENT_SEASON,2026-08-28T17:22:48+00:00,SAVANT_ARSENAL_SCHEMA_V1,CURRENT
663372,"Feltner, Ryan",2026,19,0,0.0,9.9,14.6,48.3,0.423,0.335,0.72,42.1,10.9,75.352740943,,,,CU,Curveball,7.0,113,0.0,0.389,0.889,0.505,-3.1,BASEBALL_SAVANT_PITCH_ARSENAL_CURRENT_SEASON,2026-08-28T17:22:48+00:00,SAVANT_ARSENAL_SCHEMA_V1,CURRENT
657571,"Ferguson, Caleb",2026,52,15,28.8,12.8,18.1,45.7,0.292,0.21,0.323,36.7,7.2,76.934017959,,,,SI,Sinker,33.6,196,24.2,0.267,0.378,0.325,0.6,BASEBALL_SAVANT_PITCH_ARSENAL_CURRENT_SEASON,2026-08-28T17:22:48+00:00,SAVANT_ARSENAL_SCHEMA_V1,CURRENT
657571,"Ferguson, Caleb",2026,36,9,25.0,12.8,23.3,45.7,0.398,0.274,0.53,42.9,7.2,76.934017959,,,,FC,Cutter,25.5,149,19.1,0.2,0.4,0.328,-1.0,BASEBALL_SAVANT_PITCH_ARSENAL_CURRENT_SEASON,2026-08-28T17:22:48+00:00,SAVANT_ARSENAL_SCHEMA_V1,CURRENT
657571,"Ferguson, Caleb",2026,37,2,5.4,12.8,12.9,45.7,0.337,0.282,0.404,29.0,7.2,76.934017959,,,,FF,4-Seam Fastball,24.8,145,5.1,0.344,0.594,0.422,-1.6,BASEBALL_SAVANT_PITCH_ARSENAL_CURRENT_SEASON,2026-08-28T17:22:48+00:00,SAVANT_ARSENAL_SCHEMA_V1,CURRENT
657571,"Ferguson, Caleb",2026,22,5,22.7,12.8,29.3,45.7,0.328,0.256,0.473,50.0,7.2,76.934017959,,,,SV,Slurve,16.1,94,15.2,0.333,0.571,0.4,-2.5,BASEBALL_SAVANT_PITCH_ARSENAL_CURRENT_SEASON,2026-08-28T17:22:48+00:00,SAVANT_ARSENAL_SCHEMA_V1,CURRENT
621053,"Ferguson, Tyler",2026,32,10,31.3,2.9,28.8,50.4,0.38,0.267,0.59,65.0,17.8,81.933524545,,,,FF,4-Seam Fastball,48.0,123,25.0,0.267,0.733,0.428,-2.0,BASEBALL_SAVANT_PITCH_ARSENAL_CURRENT_SEASON,2026-08-28T17:22:48+00:00,SAVANT_ARSENAL_SCHEMA_V1,CURRENT
621053,"Ferguson, Tyler",2026,14,8,57.1,2.9,54.5,50.4,0.254,0.148,0.38,20.0,17.8,81.933524545,,,,ST,Sweeper,20.3,52,30.8,0.154,0.385,0.257,0.5,BASEBALL_SAVANT_PITCH_ARSENAL_CURRENT_SEASON,2026-08-28T17:22:48+00:00,SAVANT_ARSENAL_SCHEMA_V1,CURRENT
621053,"Ferguson, Tyler",2026,10,2,20.0,2.9,14.3,50.4,0.292,0.199,0.237,0.0,17.8,81.933524545,,,,SI,Sinker,9.0,23,33.3,0.25,0.25,0.32,1.2,BASEBALL_SAVANT_PITCH_ARSENAL_CURRENT_SEASON,2026-08-28T17:22:48+00:00,SAVANT_ARSENAL_SCHEMA_V1,CURRENT
621053,"Ferguson, Tyler",2026,5,0,0.0,2.9,14.3,50.4,0.246,0.183,0.41,40.0,17.8,81.933524545,,,,SL,Slider,9.0,23,0.0,0.2,0.4,0.25,-1.8,BASEBALL_SAVANT_PITCH_ARSENAL_CURRENT_SEASON,2026-08-28T17:22:48+00:00,SAVANT_ARSENAL_SCHEMA_V1,CURRENT
621053,"Ferguson, Tyler",2026,5,0,0.0,2.9,10.0,50.4,0.206,0.224,0.244,40.0,17.8,81.933524545,,,,FC,Cutter,7.8,20,0.0,0.2,0.2,0.18,4.2,BASEBALL_SAVANT_PITCH_ARSENAL_CURRENT_SEASON,2026-08-28T17:22:48+00:00,SAVANT_ARSENAL_SCHEMA_V1,CURRENT
621053,"Ferguson, Tyler",2026,4,0,0.0,2.9,50.0,50.4,0.564,0.433,0.899,75.0,17.8,81.933524545,,,,CH,Changeup,5.9,15,0.0,0.0,0.0,0.0,6.7,BASEBALL_SAVANT_PITCH_ARSENAL_CURRENT_SEASON,2026-08-28T17:22:48+00:00,SAVANT_ARSENAL_SCHEMA_V1,CURRENT
820862,"Fermin, José",2026,112,44,39.3,10.2,38.1,49.6,0.271,0.204,0.378,43.5,9.3,82.384818305,,,,SL,Slider,58.5,471,25.6,0.189,0.33,0.255,1.3,BASEBALL_SAVANT_PITCH_ARSENAL_CURRENT_SEASON,2026-08-28T17:22:48+00:00,SAVANT_ARSENAL_SCHEMA_V1,CURRENT
820862,"Fermin, José",2026,59,7,11.9,10.2,19.0,49.6,0.375,0.304,0.405,45.2,9.3,82.384818305,,,,SI,Sinker,30.3,244,10.9,0.327,0.469,0.405,-0.4,BASEBALL_SAVANT_PITCH_ARSENAL_CURRENT_SEASON,2026-08-28T17:22:48+00:00,SAVANT_ARSENAL_SCHEMA_V1,CURRENT
820862,"Fermin, José",2026,13,2,15.4,10.2,18.2,49.6,0.328,0.255,0.44,40.0,9.3,82.384818305,,,,CH,Changeup,5.6,45,16.7,0.083,0.083,0.123,2.5,BASEBALL_SAVANT_PITCH_ARSENAL_CURRENT_SEASON,2026-08-28T17:22:48+00:00,SAVANT_ARSENAL_SCHEMA_V1,CURRENT
820862,"Fermin, José",2026,10,1,10.0,10.2,15.0,49.6,0.614,0.409,0.848,75.0,9.3,82.384818305,,,,FF,4-Seam Fastball,5.6,45,6.7,0.4,1.2,0.675,-7.7,BASEBALL_SAVANT_PITCH_ARSENAL_CURRENT_SEASON,2026-08-28T17:22:48+00:00,SAVANT_ARSENAL_SCHEMA_V1,CURRENT
681676,"Fernandez, Ryan",2026,37,15,40.5,9.2,42.0,47.8,0.262,0.181,0.356,36.8,6.5,72.003814783,,,,SL,Slider,45.1,132,26.3,0.182,0.333,0.276,0.8,BASEBALL_SAVANT_PITCH_ARSENAL_CURRENT_SEASON,2026-08-28T17:22:48+00:00,SAVANT_ARSENAL_SCHEMA_V1,CURRENT
681676,"Fernandez, Ryan",2026,33,6,18.2,9.2,23.2,47.8,0.297,0.258,0.331,37.5,6.5,72.003814783,,,,FF,4-Seam Fastball,42.7,125,24.0,0.267,0.367,0.341,0.9,BASEBALL_SAVANT_PITCH_ARSENAL_CURRENT_SEASON,2026-08-28T17:22:48+00:00,SAVANT_ARSENAL_SCHEMA_V1,CURRENT
681676,"Fernandez, Ryan",2026,6,2,33.3,9.2,42.9,47.8,0.478,0.334,0.693,66.7,6.5,72.003814783,,,,CH,Changeup,10.6,31,18.2,0.4,1.0,0.75,-6.5,BASEBALL_SAVANT_PITCH_ARSENAL_CURRENT_SEASON,2026-08-28T17:22:48+00:00,SAVANT_ARSENAL_SCHEMA_V1,CURRENT
642759,"Fernández, Julian",2026,12,0,0.0,11.1,14.3,40.8,0.393,0.305,0.62,63.6,7.7,81.960183333,,,,FF,4-Seam Fastball,59.2,42,0.0,0.3,0.6,0.45,0.4,BASEBALL_SAVANT_PITCH_ARSENAL_CURRENT_SEASON,2026-08-28T17:22:48+00:00,SAVANT_ARSENAL_SCHEMA_V1,CURRENT
642759,"Fernández, Julian",2026,6,3,50.0,11.1,62.5,40.8,0.117,0.001,0.001,0.0,7.7,81.960183333,,,,CH,Changeup,40.8,29,21.4,0.0,0.0,0.117,0.7,BASEBALL_SAVANT_PITCH_ARSENAL_CURRENT_SEASON,2026-08-28T17:22:48+00:00,SAVANT_ARSENAL_SCHEMA_V1,CURRENT
678606,"Ferrer, José A.",2026,175,24,13.7,5.8,12.5,51.3,0.321,0.259,0.406,39.0,5.6,75.267165,,,,SI,Sinker,71.0,633,16.1,0.289,0.447,0.363,0.4,BASEBALL_SAVANT_PITCH_ARSENAL_CURRENT_SEASON,2026-08-28T17:22:48+00:00,SAVANT_ARSENAL_SCHEMA_V1,CURRENT
678606,"Ferrer, José A.",2026,35,12,34.3,5.8,41.4,51.3,0.19,0.187,0.253,26.1,5.6,75.267165,,,,CH,Changeup,16.4,146,15.4,0.171,0.2,0.19,0.0,BASEBALL_SAVANT_PITCH_ARSENAL_CURRENT_SEASON,2026-08-28T17:22:48+00:00,SAVANT_ARSENAL_SCHEMA_V1,CURRENT
678606,"Ferrer, José A.",2026,30,7,23.3,5.8,30.6,51.3,0.259,0.203,0.279,30.0,5.6,75.267165,,,,SL,Slider,12.5,111,14.0,0.308,0.385,0.376,-2.6,BASEBALL_SAVANT_PITCH_ARSENAL_CURRENT_SEASON,2026-08-28T17:22:48+00:00,SAVANT_ARSENAL_SCHEMA_V1,CURRENT
670036,"Festa, Matt",2026,111,34,30.6,6.6,29.7,47.7,0.288,0.243,0.347,42.0,8.1,76.125047722,,,,FF,4-Seam Fastball,48.2,440,29.1,0.267,0.386,0.316,0.3,BASEBALL_SAVANT_PITCH_ARSENAL_CURRENT_SEASON,2026-08-28T17:22:48+00:00,SAVANT_ARSENAL_SCHEMA_V1,CURRENT
670036,"Festa, Matt",2026,92,15,16.3,6.6,28.2,47.7,0.338,0.241,0.441,42.4,8.1,76.125047722,,,,ST,Sweeper,39.5,361,16.9,0.284,0.506,0.408,-2.1,BASEBALL_SAVANT_PITCH_ARSENAL_CURRENT_SEASON,2026-08-28T17:22:48+00:00,SAVANT_ARSENAL_SCHEMA_V1,CURRENT
670036,"Festa, Matt",2026,21,8,38.1,6.6,13.0,47.7,0.214,0.187,0.256,50.0,8.1,76.125047722,,,,SI,Sinker,6.5,59,38.1,0.3,0.3,0.29,0.8,BASEBALL_SAVANT_PITCH_ARSENAL_CURRENT_SEASON,2026-08-28T17:22:48+00:00,SAVANT_ARSENAL_SCHEMA_V1,CURRENT
670036,"Festa, Matt",2026,20,5,25.0,6.6,29.6,47.7,0.277,0.186,0.356,23.1,8.1,76.125047722,,,,FC,Cutter,5.8,53,29.4,0.111,0.278,0.215,1.3,BASEBALL_SAVANT_PITCH_ARSENAL_CURRENT_SEASON,2026-08-28T17:22:48+00:00,SAVANT_ARSENAL_SCHEMA_V1,CURRENT
640448,"Finnegan, Kyle",2026,131,17,13.0,13.6,15.6,46.2,0.425,0.315,0.534,47.8,8.6,78.88603775,,,,FF,4-Seam Fastball,52.4,475,16.2,0.324,0.543,0.446,-1.6,BASEBALL_SAVANT_PITCH_ARSENAL_CURRENT_SEASON,2026-08-28T17:22:48+00:00,SAVANT_ARSENAL_SCHEMA_V1,CURRENT
640448,"Finnegan, Kyle",2026,77,19,24.7,13.6,33.6,46.2,0.237,0.179,0.284,34.6,8.6,78.88603775,,,,FS,Split-Finger,32.5,295,17.0,0.183,0.31,0.249,0.6,BASEBALL_SAVANT_PITCH_ARSENAL_CURRENT_SEASON,2026-08-28T17:22:48+00:00,SAVANT_ARSENAL_SCHEMA_V1,CURRENT
640448,"Finnegan, Kyle",2026,28,5,17.9,13.6,38.5,46.2,0.322,0.231,0.422,40.0,8.6,78.88603775,,,,SL,Slider,15.1,137,16.1,0.24,0.36,0.307,-0.7,BASEBALL_SAVANT_PITCH_ARSENAL_CURRENT_SEASON,2026-08-28T17:22:48+00:00,SAVANT_ARSENAL_SCHEMA_V1,CURRENT
680755,"Fisher, Braydon",2026,146,30,20.5,13.2,31.0,44.2,0.295,0.217,0.342,34.3,9.9,76.511607831,,,,SL,Slider,49.6,535,19.6,0.21,0.363,0.301,0.5,BASEBALL_SAVANT_PITCH_ARSENAL_CURRENT_SEASON,2026-08-28T17:22:48+00:00,SAVANT_ARSENAL_SCHEMA_V1,CURRENT
680755,"Fisher, Braydon",2026,65,20,30.8,13.2,25.2,44.2,0.331,0.239,0.426,50.0,9.9,76.511607831,,,,CU,Curveball,29.3,316,24.7,0.22,0.373,0.284,-0.5,BASEBALL_SAVANT_PITCH_ARSENAL_CURRENT_SEASON,2026-08-28T17:22:48+00:00,SAVANT_ARSENAL_SCHEMA_V1,CURRENT
680755,"Fisher, Braydon",2026,50,13,26.0,13.2,22.2,44.2,0.286,0.173,0.243,29.6,9.9,76.511607831,,,,FF,4-Seam Fastball,18.2,196,15.9,0.128,0.154,0.242,0.9,BASEBALL_SAVANT_PITCH_ARSENAL_CURRENT_SEASON,2026-08-28T17:22:48+00:00,SAVANT_ARSENAL_SCHEMA_V1,CURRENT
680755,"Fisher, Braydon",2026,6,0,0.0,13.2,23.5,44.2,0.424,0.329,0.541,20.0,9.9,76.511607831,,,,FC,Cutter,2.8,30,0.0,0.6,0.8,0.625,-4.7,BASEBALL_SAVANT_PITCH_ARSENAL_CURRENT_SEASON,2026-08-28T17:22:48+00:00,SAVANT_ARSENAL_SCHEMA_V1,CURRENT
680755,"Fisher, Braydon",2026,1,0,0.0,13.2,27.9,44.2,0.7,0.218,0.351,36.8,9.9,76.511607831,,,,SI,Sinker,20.0,2,,,,0.7,-15.9,BASEBALL_SAVANT_PITCH_ARSENAL_CURRENT_SEASON,2026-08-28T17:22:48+00:00,SAVANT_ARSENAL_SCHEMA_V1,CURRENT
702153,"Fitzpatrick, Brian",2026,11,2,18.2,10.0,15.0,51.4,0.179,0.194,0.215,0.0,4.5,66.701354545,,,,CH,Changeup,33.0,36,13.3,0.182,0.182,0.245,0.6,BASEBALL_SAVANT_PITCH_ARSENAL_CURRENT_SEASON,2026-08-28T17:22:48+00:00,SAVANT_ARSENAL_SCHEMA_V1,CURRENT
702153,"Fitzpatrick, Brian",2026,5,2,40.0,10.0,20.0,51.4,0.38,0.33,0.353,50.0,4.5,66.701354545,,,,FF,4-Seam Fastball,21.1,23,18.2,0.25,0.25,0.32,0.0,BASEBALL_SAVANT_PITCH_ARSENAL_CURRENT_SEASON,2026-08-28T17:22:48+00:00,SAVANT_ARSENAL_SCHEMA_V1,CURRENT
702153,"Fitzpatrick, Brian",2026,6,1,16.7,10.0,33.3,51.4,0.279,0.242,0.414,40.0,4.5,66.701354545,,,,SI,Sinker,18.3,20,33.3,0.333,0.5,0.358,0.3,BASEBALL_SAVANT_PITCH_ARSENAL_CURRENT_SEASON,2026-08-28T17:22:48+00:00,SAVANT_ARSENAL_SCHEMA_V1,CURRENT
702153,"Fitzpatrick, Brian",2026,5,0,0.0,10.0,33.3,51.4,0.364,0.148,0.164,66.7,4.5,66.701354545,,,,SL,Slider,18.3,20,0.0,0.333,0.333,0.46,-1.2,BASEBALL_SAVANT_PITCH_ARSENAL_CURRENT_SEASON,2026-08-28T17:22:48+00:00,SAVANT_ARSENAL_SCHEMA_V1,CURRENT
702153,"Fitzpatrick, Brian",2026,3,0,0.0,10.0,20.0,51.4,0.114,0.125,0.133,0.0,4.5,66.701354545,,,,ST,Sweeper,9.2,10,0.0,0.333,0.333,0.3,0.2,BASEBALL_SAVANT_PITCH_ARSENAL_CURRENT_SEASON,2026-08-28T17:22:48+00:00,SAVANT_ARSENAL_SCHEMA_V1,CURRENT
656427,"Flaherty, Jack",2026,201,53,26.4,10.8,21.0,45.1,0.332,0.235,0.403,53.3,8.4,80.250628803,,,,FF,4-Seam Fastball,49.2,806,20.9,0.224,0.388,0.324,0.4,BASEBALL_SAVANT_PITCH_ARSENAL_CURRENT_SEASON,2026-08-28T17:22:48+00:00,SAVANT_ARSENAL_SCHEMA_V1,CURRENT
656427,"Flaherty, Jack",2026,101,24,23.8,10.8,32.0,45.1,0.326,0.246,0.41,45.5,8.4,80.250628803,,,,SL,Slider,24.2,397,16.8,0.281,0.494,0.371,-0.5,BASEBALL_SAVANT_PITCH_ARSENAL_CURRENT_SEASON,2026-08-28T17:22:48+00:00,SAVANT_ARSENAL_SCHEMA_V1,CURRENT
656427,"Flaherty, Jack",2026,68,25,36.8,10.8,37.6,45.1,0.302,0.228,0.369,33.3,8.4,80.250628803,,,,CU,Curveball,19.6,321,18.9,0.25,0.433,0.374,-1.5,BASEBALL_SAVANT_PITCH_ARSENAL_CURRENT_SEASON,2026-08-28T17:22:48+00:00,SAVANT_ARSENAL_SCHEMA_V1,CURRENT
656427,"Flaherty, Jack",2026,14,0,0.0,10.8,24.0,45.1,0.25,0.227,0.303,30.8,8.4,80.250628803,,,,SI,Sinker,4.5,73,0.0,0.167,0.25,0.204,0.5,BASEBALL_SAVANT_PITCH_ARSENAL_CURRENT_SEASON,2026-08-28T17:22:48+00:00,SAVANT_ARSENAL_SCHEMA_V1,CURRENT
656427,"Flaherty, Jack",2026,4,0,0.0,10.8,27.3,45.1,0.352,0.253,0.283,0.0,8.4,80.250628803,,,,CH,Changeup,2.6,42,0.0,0.0,0.0,0.175,-1.8,BASEBALL_SAVANT_PITCH_ARSENAL_CURRENT_SEASON,2026-08-28T17:22:48+00:00,SAVANT_ARSENAL_SCHEMA_V1,CURRENT
676596,"Fleming, Josh",2026,6,0,0.0,11.1,0.0,48.1,0.559,0.396,1.021,66.7,7.1,81.500634286,,,,SI,Sinker,37.7,29,0.0,0.6,1.2,0.633,-4.2,BASEBALL_SAVANT_PITCH_ARSENAL_CURRENT_SEASON,2026-08-28T17:22:48+00:00,SAVANT_ARSENAL_SCHEMA_V1,CURRENT
676596,"Fleming, Josh",2026,6,0,0.0,11.1,23.1,48.1,0.448,0.189,0.268,66.7,7.1,81.500634286,,,,CU,Curveball,33.8,26,0.0,0.333,0.333,0.5,-2.1,BASEBALL_SAVANT_PITCH_ARSENAL_CURRENT_SEASON,2026-08-28T17:22:48+00:00,SAVANT_ARSENAL_SCHEMA_V1,CURRENT
676596,"Fleming, Josh",2026,5,1,20.0,11.1,25.0,48.1,0.377,0.39,0.467,50.0,7.1,81.500634286,,,,CH,Changeup,23.4,18,20.0,0.4,0.4,0.36,-0.6,BASEBALL_SAVANT_PITCH_ARSENAL_CURRENT_SEASON,2026-08-28T17:22:48+00:00,SAVANT_ARSENAL_SCHEMA_V1,CURRENT
676596,"Fleming, Josh",2026,1,0,0.0,11.1,0.0,48.1,0.508,0.549,0.605,100.0,7.1,81.500634286,,,,FC,Cutter,5.2,4,0.0,0.0,0.0,0.9,-12.0,BASEBALL_SAVANT_PITCH_ARSENAL_CURRENT_SEASON,2026-08-28T17:22:48+00:00,SAVANT_ARSENAL_SCHEMA_V1,CURRENT
804668,"Flores Jr., Rafael",2026,5,0,0.0,,16.7,,0.362,0.356,0.482,80.0,,,,,,SL,Slider,87.5,7,,0.4,0.4,0.36,-1.2,BASEBALL_SAVANT_PITCH_ARSENAL_CURRENT_SEASON,2026-08-28T17:22:48+00:00,SAVANT_ARSENAL_SCHEMA_V1,CURRENT
689254,"Fluharty, Mason",2026,110,29,26.4,10.2,24.5,49.8,0.292,0.208,0.335,38.8,6.9,75.121297465,,,,FC,Cutter,49.0,431,24.6,0.255,0.34,0.318,0.7,BASEBALL_SAVANT_PITCH_ARSENAL_CURRENT_SEASON,2026-08-28T17:22:48+00:00,SAVANT_ARSENAL_SCHEMA_V1,CURRENT
689254,"Fluharty, Mason",2026,89,24,27.0,10.2,34.7,49.8,0.23,0.167,0.286,22.4,6.9,75.121297465,,,,ST,Sweeper,41.3,363,22.2,0.203,0.38,0.277,0.1,BASEBALL_SAVANT_PITCH_ARSENAL_CURRENT_SEASON,2026-08-28T17:22:48+00:00,SAVANT_ARSENAL_SCHEMA_V1,CURRENT
689254,"Fluharty, Mason",2026,25,4,16.0,10.2,26.2,49.8,0.232,0.181,0.318,35.0,6.9,75.121297465,,,,CH,Changeup,9.8,86,14.3,0.167,0.208,0.186,1.0,BASEBALL_SAVANT_PITCH_ARSENAL_CURRENT_SEASON,2026-08-28T17:22:48+00:00,SAVANT_ARSENAL_SCHEMA_V1,CURRENT
671345,"Foley, Jason",2026,25,4,16.0,8.8,7.7,42.2,0.281,0.268,0.34,45.0,4.8,73.972502381,,,,SI,Sinker,46.4,98,28.6,0.375,0.417,0.366,0.8,BASEBALL_SAVANT_PITCH_ARSENAL_CURRENT_SEASON,2026-08-28T17:22:48+00:00,SAVANT_ARSENAL_SCHEMA_V1,CURRENT
671345,"Foley, Jason",2026,12,1,8.3,8.8,26.1,42.2,0.28,0.229,0.427,27.3,4.8,73.972502381,,,,SL,Slider,25.6,54,9.1,0.167,0.5,0.271,0.2,BASEBALL_SAVANT_PITCH_ARSENAL_CURRENT_SEASON,2026-08-28T17:22:48+00:00,SAVANT_ARSENAL_SCHEMA_V1,CURRENT
671345,"Foley, Jason",2026,12,1,8.3,8.8,18.8,42.2,0.251,0.155,0.242,22.2,4.8,73.972502381,,,,FS,Split-Finger,14.2,30,14.3,0.111,0.333,0.25,2.4,BASEBALL_SAVANT_PITCH_ARSENAL_CURRENT_SEASON,2026-08-28T17:22:48+00:00,SAVANT_ARSENAL_SCHEMA_V1,CURRENT
671345,"Foley, Jason",2026,7,4,57.1,8.8,36.4,42.2,0.233,0.162,0.2,50.0,4.8,73.972502381,,,,FF,4-Seam Fastball,13.7,29,28.6,0.167,0.167,0.229,0.1,BASEBALL_SAVANT_PITCH_ARSENAL_CURRENT_SEASON,2026-08-28T17:22:48+00:00,SAVANT_ARSENAL_SCHEMA_V1,CURRENT
671382,"Foster, Cameron",2026,28,5,17.9,16.3,22.9,45.5,0.376,0.275,0.344,31.3,6.5,77.011053125,,,,FF,4-Seam Fastball,58.2,110,20.8,0.381,0.429,0.445,-1.5,BASEBALL_SAVANT_PITCH_ARSENAL_CURRENT_SEASON,2026-08-28T17:22:48+00:00,SAVANT_ARSENAL_SCHEMA_V1,CURRENT
671382,"Foster, Cameron",2026,8,2,25.0,16.3,29.4,45.5,0.17,0.185,0.206,33.3,6.5,77.011053125,,,,SL,Slider,21.7,41,11.1,0.5,0.625,0.494,-4.3,BASEBALL_SAVANT_PITCH_ARSENAL_CURRENT_SEASON,2026-08-28T17:22:48+00:00,SAVANT_ARSENAL_SCHEMA_V1,CURRENT
671382,"Foster, Cameron",2026,13,2,15.4,16.3,38.1,45.5,0.356,0.265,0.497,20.0,6.5,77.011053125,,,,FC,Cutter,20.1,38,25.0,0.417,0.667,0.525,-4.0,BASEBALL_SAVANT_PITCH_ARSENAL_CURRENT_SEASON,2026-08-28T17:22:48+00:00,SAVANT_ARSENAL_SCHEMA_V1,CURRENT
641585,"France, J.P.",2026,8,3,37.5,16.1,21.4,45.3,0.247,0.166,0.261,25.0,14.3,78.453961818,,,,CU,Curveball,28.2,33,18.8,0.143,0.286,0.244,-0.7,BASEBALL_SAVANT_PITCH_ARSENAL_CURRENT_SEASON,2026-08-28T17:22:48+00:00,SAVANT_ARSENAL_SCHEMA_V1,CURRENT
641585,"France, J.P.",2026,3,0,0.0,16.1,12.5,45.3,0.161,0.17,0.199,66.7,14.3,78.453961818,,,,FC,Cutter,23.1,27,0.0,0.0,0.0,0.0,3.4,BASEBALL_SAVANT_PITCH_ARSENAL_CURRENT_SEASON,2026-08-28T17:22:48+00:00,SAVANT_ARSENAL_SCHEMA_V1,CURRENT
641585,"France, J.P.",2026,10,1,10.0,16.1,0.0,45.3,0.426,0.182,0.388,40.0,14.3,78.453961818,,,,FF,4-Seam Fastball,22.2,26,12.5,0.333,0.333,0.46,-2.9,BASEBALL_SAVANT_PITCH_ARSENAL_CURRENT_SEASON,2026-08-28T17:22:48+00:00,SAVANT_ARSENAL_SCHEMA_V1,CURRENT
641585,"France, J.P.",2026,7,0,0.0,16.1,25.0,45.3,0.692,0.592,1.033,33.3,14.3,78.453961818,,,,CH,Changeup,15.4,18,0.0,0.333,0.333,0.357,-0.2,BASEBALL_SAVANT_PITCH_ARSENAL_CURRENT_SEASON,2026-08-28T17:22:48+00:00,SAVANT_ARSENAL_SCHEMA_V1,CURRENT
641585,"France, J.P.",2026,3,0,0.0,16.1,0.0,45.3,0.478,0.338,0.802,66.7,14.3,78.453961818,,,,SI,Sinker,5.1,6,0.0,0.333,1.333,0.667,-26.4,BASEBALL_SAVANT_PITCH_ARSENAL_CURRENT_SEASON,2026-08-28T17:22:48+00:00,SAVANT_ARSENAL_SCHEMA_V1,CURRENT
683742,"Franco, Jose",2026,48,6,12.5,16.3,9.6,44.5,0.417,0.28,0.504,45.2,10.0,77.378844333,,,,FF,4-Seam Fastball,46.0,160,17.6,0.243,0.514,0.405,-0.6,BASEBALL_SAVANT_PITCH_ARSENAL_CURRENT_SEASON,2026-08-28T17:22:48+00:00,SAVANT_ARSENAL_SCHEMA_V1,CURRENT
683742,"Franco, Jose",2026,36,8,22.2,16.3,28.8,44.5,0.243,0.164,0.24,24.0,10.0,77.378844333,,,,SL,Slider,40.5,141,21.1,0.219,0.375,0.299,-0.5,BASEBALL_SAVANT_PITCH_ARSENAL_CURRENT_SEASON,2026-08-28T17:22:48+00:00,SAVANT_ARSENAL_SCHEMA_V1,CURRENT
683742,"Franco, Jose",2026,8,1,12.5,16.3,37.5,44.5,0.375,0.313,0.443,16.7,10.0,77.378844333,,,,CH,Changeup,13.5,47,11.1,0.429,0.571,0.469,-2.8,BASEBALL_SAVANT_PITCH_ARSENAL_CURRENT_SEASON,2026-08-28T17:22:48+00:00,SAVANT_ARSENAL_SCHEMA_V1,CURRENT
693308,"Frasso, Nick",2026,28,4,14.3,4.5,15.1,50.9,0.398,0.337,0.507,36.4,6.3,84.923629333,,,,FF,4-Seam Fastball,60.1,98,18.2,0.417,0.542,0.424,-1.3,BASEBALL_SAVANT_PITCH_ARSENAL_CURRENT_SEASON,2026-08-28T17:22:48+00:00,SAVANT_ARSENAL_SCHEMA_V1,CURRENT
693308,"Frasso, Nick",2026,8,3,37.5,4.5,41.2,50.9,0.225,0.156,0.209,0.0,6.3,84.923629333,,,,CH,Changeup,23.9,39,16.7,0.143,0.143,0.2,1.4,BASEBALL_SAVANT_PITCH_ARSENAL_CURRENT_SEASON,2026-08-28T17:22:48+00:00,SAVANT_ARSENAL_SCHEMA_V1,CURRENT
693308,"Frasso, Nick",2026,4,2,50.0,4.5,50.0,50.9,0.31,0.077,0.257,50.0,6.3,84.923629333,,,,SL,Slider,8.6,14,28.6,0.0,0.0,0.175,-0.9,BASEBALL_SAVANT_PITCH_ARSENAL_CURRENT_SEASON,2026-08-28T17:22:48+00:00,SAVANT_ARSENAL_SCHEMA_V1,CURRENT
693308,"Frasso, Nick",2026,4,0,0.0,4.5,14.3,50.9,0.441,0.309,0.747,50.0,6.3,84.923629333,,,,FC,Cutter,7.4,12,0.0,0.5,0.75,0.538,-8.4,BASEBALL_SAVANT_PITCH_ARSENAL_CURRENT_SEASON,2026-08-28T17:22:48+00:00,SAVANT_ARSENAL_SCHEMA_V1,CURRENT
624428,"Frazier, Adam",2026,1,0,0.0,,0.0,,0.492,0.523,0.583,0.0,,,,,,CU,Curveball,8.9,4,0.0,0.0,0.0,0.0,4.2,BASEBALL_SAVANT_PITCH_ARSENAL_CURRENT_SEASON,2026-08-28T17:22:48+00:00,SAVANT_ARSENAL_SCHEMA_V1,CURRENT
607536,"Freeland, Kyle",2026,118,13,11.0,5.1,13.0,50.9,0.396,0.3,0.555,41.3,10.6,79.248897136,,,,FF,4-Seam Fastball,23.6,473,9.0,0.346,0.702,0.473,-2.4,BASEBALL_SAVANT_PITCH_ARSENAL_CURRENT_SEASON,2026-08-28T17:22:48+00:00,SAVANT_ARSENAL_SCHEMA_V1,CURRENT
607536,"Freeland, Kyle",2026,108,13,12.0,5.1,19.2,50.9,0.357,0.314,0.484,39.6,10.6,79.248897136,,,,FC,Cutter,21.7,436,18.3,0.317,0.49,0.369,0.5,BASEBALL_SAVANT_PITCH_ARSENAL_CURRENT_SEASON,2026-08-28T17:22:48+00:00,SAVANT_ARSENAL_SCHEMA_V1,CURRENT
607536,"Freeland, Kyle",2026,127,39,30.7,5.1,33.5,50.9,0.331,0.258,0.443,51.9,10.6,79.248897136,,,,CU,Curveball,21.5,432,23.1,0.274,0.538,0.375,-2.0,BASEBALL_SAVANT_PITCH_ARSENAL_CURRENT_SEASON,2026-08-28T17:22:48+00:00,SAVANT_ARSENAL_SCHEMA_V1,CURRENT
607536,"Freeland, Kyle",2026,83,10,12.0,5.1,22.4,50.9,0.368,0.32,0.52,52.1,10.6,79.248897136,,,,CH,Changeup,13.4,269,12.7,0.296,0.469,0.37,-1.4,BASEBALL_SAVANT_PITCH_ARSENAL_CURRENT_SEASON,2026-08-28T17:22:48+00:00,SAVANT_ARSENAL_SCHEMA_V1,CURRENT
607536,"Freeland, Kyle",2026,75,24,32.0,5.1,32.0,50.9,0.261,0.188,0.354,25.5,10.6,79.248897136,,,,ST,Sweeper,10.6,213,26.1,0.157,0.286,0.222,1.9,BASEBALL_SAVANT_PITCH_ARSENAL_CURRENT_SEASON,2026-08-28T17:22:48+00:00,SAVANT_ARSENAL_SCHEMA_V1,CURRENT
607536,"Freeland, Kyle",2026,43,4,9.3,5.1,14.1,50.9,0.349,0.302,0.472,35.1,10.6,79.248897136,,,,SI,Sinker,9.1,183,16.0,0.415,0.683,0.479,-1.2,BASEBALL_SAVANT_PITCH_ARSENAL_CURRENT_SEASON,2026-08-28T17:22:48+00:00,SAVANT_ARSENAL_SCHEMA_V1,CURRENT
608331,"Fried, Max",2026,78,21,26.9,8.1,28.1,45.4,0.249,0.179,0.245,36.2,1.8,74.965359455,,,,FC,Cutter,22.6,293,31.8,0.194,0.254,0.258,2.0,BASEBALL_SAVANT_PITCH_ARSENAL_CURRENT_SEASON,2026-08-28T17:22:48+00:00,SAVANT_ARSENAL_SCHEMA_V1,CURRENT
608331,"Fried, Max",2026,78,7,9.0,8.1,18.0,45.4,0.27,0.239,0.299,34.8,1.8,74.965359455,,,,SI,Sinker,22.1,286,12.7,0.264,0.319,0.294,1.4,BASEBALL_SAVANT_PITCH_ARSENAL_CURRENT_SEASON,2026-08-28T17:22:48+00:00,SAVANT_ARSENAL_SCHEMA_V1,CURRENT
608331,"Fried, Max",2026,67,22,32.8,8.1,21.9,45.4,0.265,0.178,0.256,33.3,1.8,74.965359455,,,,FF,4-Seam Fastball,18.4,239,25.3,0.228,0.368,0.311,0.0,BASEBALL_SAVANT_PITCH_ARSENAL_CURRENT_SEASON,2026-08-28T17:22:48+00:00,SAVANT_ARSENAL_SCHEMA_V1,CURRENT
608331,"Fried, Max",2026,38,9,23.7,8.1,27.6,45.4,0.218,0.21,0.262,17.9,1.8,74.965359455,,,,CU,Curveball,12.8,166,16.4,0.167,0.167,0.189,1.4,BASEBALL_SAVANT_PITCH_ARSENAL_CURRENT_SEASON,2026-08-28T17:22:48+00:00,SAVANT_ARSENAL_SCHEMA_V1,CURRENT
608331,"Fried, Max",2026,49,13,26.5,8.1,29.3,45.4,0.24,0.227,0.279,29.4,1.8,74.965359455,,,,CH,Changeup,12.2,158,20.6,0.17,0.213,0.19,2.3,BASEBALL_SAVANT_PITCH_ARSENAL_CURRENT_SEASON,2026-08-28T17:22:48+00:00,SAVANT_ARSENAL_SCHEMA_V1,CURRENT
608331,"Fried, Max",2026,18,5,27.8,8.1,23.7,45.4,0.173,0.122,0.214,25.0,1.8,74.965359455,,,,ST,Sweeper,10.6,138,16.7,0.0,0.0,0.039,2.2,BASEBALL_SAVANT_PITCH_ARSENAL_CURRENT_SEASON,2026-08-28T17:22:48+00:00,SAVANT_ARSENAL_SCHEMA_V1,CURRENT
608331,"Fried, Max",2026,4,2,50.0,8.1,60.0,45.4,0.217,0.057,0.069,0.0,1.8,74.965359455,,,,SL,Slider,1.2,16,18.2,0.0,0.0,0.175,-1.3,BASEBALL_SAVANT_PITCH_ARSENAL_CURRENT_SEASON,2026-08-28T17:22:48+00:00,SAVANT_ARSENAL_SCHEMA_V1,CURRENT
800311,"Fuentes, Didier",2026,160,49,30.6,7.4,27.6,52.7,0.302,0.235,0.377,37.5,6.2,78.339237639,,,,FF,4-Seam Fastball,69.1,688,21.7,0.239,0.352,0.306,0.7,BASEBALL_SAVANT_PITCH_ARSENAL_CURRENT_SEASON,2026-08-28T17:22:48+00:00,SAVANT_ARSENAL_SCHEMA_V1,CURRENT
800311,"Fuentes, Didier",2026,61,22,36.1,7.4,39.8,52.7,0.168,0.148,0.203,27.0,6.2,78.339237639,,,,SL,Slider,24.1,240,28.2,0.193,0.228,0.203,1.5,BASEBALL_SAVANT_PITCH_ARSENAL_CURRENT_SEASON,2026-08-28T17:22:48+00:00,SAVANT_ARSENAL_SCHEMA_V1,CURRENT
800311,"Fuentes, Didier",2026,17,4,23.5,7.4,24.1,52.7,0.237,0.213,0.266,33.3,6.2,78.339237639,,,,FS,Split-Finger,6.3,63,19.0,0.063,0.063,0.147,2.8,BASEBALL_SAVANT_PITCH_ARSENAL_CURRENT_SEASON,2026-08-28T17:22:48+00:00,SAVANT_ARSENAL_SCHEMA_V1,CURRENT
800311,"Fuentes, Didier",2026,2,0,0.0,7.4,0.0,52.7,0.754,0.695,1.078,100.0,6.2,78.339237639,,,,CU,Curveball,40.0,4,,1.0,2.0,1.25,-39.2,BASEBALL_SAVANT_PITCH_ARSENAL_CURRENT_SEASON,2026-08-28T17:22:48+00:00,SAVANT_ARSENAL_SCHEMA_V1,CURRENT
605242,"Fulmer, Michael",2026,4,1,25.0,11.1,33.3,45.7,0.5,0.512,0.633,66.7,0.0,79.071343333,,,,FC,Cutter,32.9,23,25.0,0.5,0.5,0.45,1.1,BASEBALL_SAVANT_PITCH_ARSENAL_CURRENT_SEASON,2026-08-28T17:22:48+00:00,SAVANT_ARSENAL_SCHEMA_V1,CURRENT
605242,"Fulmer, Michael",2026,5,1,20.0,11.1,28.6,45.7,0.347,0.275,0.321,0.0,0.0,79.071343333,,,,SI,Sinker,17.1,12,14.3,0.0,0.0,0.14,6.1,BASEBALL_SAVANT_PITCH_ARSENAL_CURRENT_SEASON,2026-08-28T17:22:48+00:00,SAVANT_ARSENAL_SCHEMA_V1,CURRENT
605242,"Fulmer, Michael",2026,3,3,100.0,11.1,80.0,45.7,0.0,0.311,0.365,18.2,0.0,79.071343333,,,,ST,Sweeper,15.7,11,37.5,0.0,0.0,0.0,4.5,BASEBALL_SAVANT_PITCH_ARSENAL_CURRENT_SEASON,2026-08-28T17:22:48+00:00,SAVANT_ARSENAL_SCHEMA_V1,CURRENT
605242,"Fulmer, Michael",2026,3,0,0.0,11.1,0.0,45.7,0.464,0.504,0.55,0.0,0.0,79.071343333,,,,CU,Curveball,14.3,10,0.0,0.0,0.0,0.0,6.5,BASEBALL_SAVANT_PITCH_ARSENAL_CURRENT_SEASON,2026-08-28T17:22:48+00:00,SAVANT_ARSENAL_SCHEMA_V1,CURRENT
605242,"Fulmer, Michael",2026,2,0,0.0,11.1,0.0,45.7,0.141,0.154,0.188,0.0,0.0,79.071343333,,,,CH,Changeup,11.4,8,0.0,0.0,0.0,0.0,5.1,BASEBALL_SAVANT_PITCH_ARSENAL_CURRENT_SEASON,2026-08-28T17:22:48+00:00,SAVANT_ARSENAL_SCHEMA_V1,CURRENT
690978,"Fulton, Dax",2026,10,3,30.0,16.4,36.1,43.0,0.21,0.165,0.185,16.7,5.3,76.525644211,,,,ST,Sweeper,36.9,92,10.0,0.111,0.111,0.16,0.4,BASEBALL_SAVANT_PITCH_ARSENAL_CURRENT_SEASON,2026-08-28T17:22:48+00:00,SAVANT_ARSENAL_SCHEMA_V1,CURRENT
690978,"Fulton, Dax",2026,33,8,24.2,16.4,27.0,43.0,0.315,0.179,0.212,31.3,5.3,76.525644211,,,,FF,4-Seam Fastball,33.3,83,34.8,0.208,0.333,0.359,0.1,BASEBALL_SAVANT_PITCH_ARSENAL_CURRENT_SEASON,2026-08-28T17:22:48+00:00,SAVANT_ARSENAL_SCHEMA_V1,CURRENT
690978,"Fulton, Dax",2026,11,2,18.2,16.4,22.2,43.0,0.301,0.251,0.455,44.4,5.3,76.525644211,,,,SL,Slider,16.9,42,18.2,0.273,0.455,0.309,0.2,BASEBALL_SAVANT_PITCH_ARSENAL_CURRENT_SEASON,2026-08-28T17:22:48+00:00,SAVANT_ARSENAL_SCHEMA_V1,CURRENT
690978,"Fulton, Dax",2026,2,0,0.0,16.4,14.3,43.0,0.558,0.522,0.795,100.0,5.3,76.525644211,,,,SI,Sinker,6.8,17,0.0,0.0,0.0,0.0,2.0,BASEBALL_SAVANT_PITCH_ARSENAL_CURRENT_SEASON,2026-08-28T17:22:48+00:00,SAVANT_ARSENAL_SCHEMA_V1,CURRENT
690978,"Fulton, Dax",2026,5,0,0.0,16.4,33.3,43.0,0.261,0.284,0.308,20.0,5.3,76.525644211,,,,CH,Changeup,6.0,15,0.0,0.2,0.2,0.18,3.5,BASEBALL_SAVANT_PITCH_ARSENAL_CURRENT_SEASON,2026-08-28T17:22:48+00:00,SAVANT_ARSENAL_SCHEMA_V1,CURRENT
681892,"Funderburk, Kody",2026,56,14,25.0,13.3,33.9,44.0,0.237,0.157,0.214,20.6,5.8,72.221792807,,,,FC,Cutter,34.6,243,23.3,0.188,0.208,0.251,1.8,BASEBALL_SAVANT_PITCH_ARSENAL_CURRENT_SEASON,2026-08-28T17:22:48+00:00,SAVANT_ARSENAL_SCHEMA_V1,CURRENT
681892,"Funderburk, Kody",2026,59,7,11.9,13.3,10.5,44.0,0.377,0.281,0.437,33.3,5.8,72.221792807,,,,SI,Sinker,34.4,242,20.0,0.239,0.391,0.363,0.5,BASEBALL_SAVANT_PITCH_ARSENAL_CURRENT_SEASON,2026-08-28T17:22:48+00:00,SAVANT_ARSENAL_SCHEMA_V1,CURRENT
681892,"Funderburk, Kody",2026,49,14,28.6,13.3,21.9,44.0,0.295,0.209,0.332,13.8,5.8,72.221792807,,,,ST,Sweeper,20.2,142,17.1,0.167,0.238,0.237,-0.8,BASEBALL_SAVANT_PITCH_ARSENAL_CURRENT_SEASON,2026-08-28T17:22:48+00:00,SAVANT_ARSENAL_SCHEMA_V1,CURRENT
681892,"Funderburk, Kody",2026,11,0,0.0,13.3,6.7,44.0,0.403,0.395,0.54,60.0,5.8,72.221792807,,,,CH,Changeup,5.7,40,0.0,0.556,0.556,0.473,-4.1,BASEBALL_SAVANT_PITCH_ARSENAL_CURRENT_SEASON,2026-08-28T17:22:48+00:00,SAVANT_ARSENAL_SCHEMA_V1,CURRENT
681892,"Funderburk, Kody",2026,5,0,0.0,13.3,18.2,44.0,0.208,0.229,0.247,40.0,5.8,72.221792807,,,,SL,Slider,5.1,36,0.0,0.0,0.0,0.0,2.2,BASEBALL_SAVANT_PITCH_ARSENAL_CURRENT_SEASON,2026-08-28T17:22:48+00:00,SAVANT_ARSENAL_SCHEMA_V1,CURRENT
683769,"Gaddis, Hunter",2026,97,21,21.6,9.5,34.5,51.0,0.324,0.25,0.387,27.0,8.3,77.250751667,,,,SL,Slider,49.9,382,20.6,0.226,0.321,0.305,0.4,BASEBALL_SAVANT_PITCH_ARSENAL_CURRENT_SEASON,2026-08-28T17:22:48+00:00,SAVANT_ARSENAL_SCHEMA_V1,CURRENT
683769,"Gaddis, Hunter",2026,77,14,18.2,9.5,21.9,51.0,0.328,0.247,0.417,44.4,8.3,77.250751667,,,,FF,4-Seam Fastball,29.2,224,19.2,0.269,0.433,0.344,0.5,BASEBALL_SAVANT_PITCH_ARSENAL_CURRENT_SEASON,2026-08-28T17:22:48+00:00,SAVANT_ARSENAL_SCHEMA_V1,CURRENT
683769,"Gaddis, Hunter",2026,24,8,33.3,9.5,37.7,51.0,0.246,0.262,0.3,0.0,8.3,77.250751667,,,,CH,Changeup,20.0,153,20.5,0.208,0.208,0.188,0.5,BASEBALL_SAVANT_PITCH_ARSENAL_CURRENT_SEASON,2026-08-28T17:22:48+00:00,SAVANT_ARSENAL_SCHEMA_V1,CURRENT
683769,"Gaddis, Hunter",2026,1,1,100.0,9.5,100.0,51.0,0.0,0.249,0.384,30.8,8.3,77.250751667,,,,FS,Split-Finger,90.0,7,50.0,0.0,0.0,0.0,-0.1,BASEBALL_SAVANT_PITCH_ARSENAL_CURRENT_SEASON,2026-08-28T17:22:48+00:00,SAVANT_ARSENAL_SCHEMA_V1,CURRENT
657424,"Gage, Matt",2026,57,7,12.3,13.5,24.8,47.5,0.432,0.313,0.601,38.1,10.5,75.21335907,,,,SL,Slider,44.9,236,12.7,0.313,0.667,0.46,-2.5,BASEBALL_SAVANT_PITCH_ARSENAL_CURRENT_SEASON,2026-08-28T17:22:48+00:00,SAVANT_ARSENAL_SCHEMA_V1,CURRENT
657424,"Gage, Matt",2026,34,8,23.5,13.5,25.8,47.5,0.286,0.175,0.276,15.0,10.5,75.21335907,,,,FF,4-Seam Fastball,33.1,174,16.0,0.222,0.444,0.383,0.7,BASEBALL_SAVANT_PITCH_ARSENAL_CURRENT_SEASON,2026-08-28T17:22:48+00:00,SAVANT_ARSENAL_SCHEMA_V1,CURRENT
657424,"Gage, Matt",2026,19,5,26.3,13.5,20.0,47.5,0.159,0.165,0.207,21.4,10.5,75.21335907,,,,CH,Changeup,14.3,75,17.2,0.167,0.222,0.161,0.8,BASEBALL_SAVANT_PITCH_ARSENAL_CURRENT_SEASON,2026-08-28T17:22:48+00:00,SAVANT_ARSENAL_SCHEMA_V1,CURRENT
657424,"Gage, Matt",2026,16,2,12.5,13.5,22.7,47.5,0.432,0.358,0.429,50.0,10.5,75.21335907,,,,SI,Sinker,7.8,41,10.0,0.333,0.417,0.422,-3.2,BASEBALL_SAVANT_PITCH_ARSENAL_CURRENT_SEASON,2026-08-28T17:22:48+00:00,SAVANT_ARSENAL_SCHEMA_V1,CURRENT
668678,"Gallen, Zac",2026,158,18,11.4,7.0,6.6,46.0,0.44,0.354,0.649,48.8,11.0,80.244577427,,,,FF,4-Seam Fastball,37.0,605,13.1,0.331,0.545,0.405,-1.1,BASEBALL_SAVANT_PITCH_ARSENAL_CURRENT_SEASON,2026-08-28T17:22:48+00:00,SAVANT_ARSENAL_SCHEMA_V1,CURRENT
668678,"Gallen, Zac",2026,106,17,16.0,7.0,29.7,46.0,0.36,0.281,0.471,43.6,11.0,80.244577427,,,,SL,Slider,21.6,353,15.7,0.298,0.511,0.382,-2.1,BASEBALL_SAVANT_PITCH_ARSENAL_CURRENT_SEASON,2026-08-28T17:22:48+00:00,SAVANT_ARSENAL_SCHEMA_V1,CURRENT
668678,"Gallen, Zac",2026,76,12,15.8,7.0,22.9,46.0,0.373,0.309,0.5,46.6,11.0,80.244577427,,,,CU,Curveball,18.6,304,10.1,0.357,0.571,0.421,-2.3,BASEBALL_SAVANT_PITCH_ARSENAL_CURRENT_SEASON,2026-08-28T17:22:48+00:00,SAVANT_ARSENAL_SCHEMA_V1,CURRENT
668678,"Gallen, Zac",2026,73,13,17.8,7.0,26.5,46.0,0.273,0.245,0.338,33.9,11.0,80.244577427,,,,CH,Changeup,17.6,288,15.5,0.147,0.191,0.201,1.6,BASEBALL_SAVANT_PITCH_ARSENAL_CURRENT_SEASON,2026-08-28T17:22:48+00:00,SAVANT_ARSENAL_SCHEMA_V1,CURRENT
668678,"Gallen, Zac",2026,23,0,0.0,7.0,9.1,46.0,0.491,0.414,0.687,42.9,11.0,80.244577427,,,,SI,Sinker,5.3,86,0.0,0.476,0.905,0.593,-3.8,BASEBALL_SAVANT_PITCH_ARSENAL_CURRENT_SEASON,2026-08-28T17:22:48+00:00,SAVANT_ARSENAL_SCHEMA_V1,CURRENT
687941,"Gamboa, Alec",2026,40,7,17.5,7.5,18.8,55.7,0.222,0.157,0.192,25.0,3.4,77.585932414,,,,FF,4-Seam Fastball,50.0,140,16.7,0.212,0.273,0.276,1.9,BASEBALL_SAVANT_PITCH_ARSENAL_CURRENT_SEASON,2026-08-28T17:22:48+00:00,SAVANT_ARSENAL_SCHEMA_V1,CURRENT
687941,"Gamboa, Alec",2026,26,3,11.5,7.5,20.4,55.7,0.338,0.246,0.42,31.8,3.4,77.585932414,,,,SL,Slider,32.9,92,9.1,0.25,0.5,0.352,-1.2,BASEBALL_SAVANT_PITCH_ARSENAL_CURRENT_SEASON,2026-08-28T17:22:48+00:00,SAVANT_ARSENAL_SCHEMA_V1,CURRENT
687941,"Gamboa, Alec",2026,12,3,25.0,7.5,11.1,55.7,0.133,0.137,0.168,44.4,3.4,77.585932414,,,,SI,Sinker,13.2,37,30.0,0.083,0.083,0.075,6.4,BASEBALL_SAVANT_PITCH_ARSENAL_CURRENT_SEASON,2026-08-28T17:22:48+00:00,SAVANT_ARSENAL_SCHEMA_V1,CURRENT
687941,"Gamboa, Alec",2026,1,0,0.0,7.5,0.0,55.7,0.379,0.2,0.733,100.0,3.4,77.585932414,,,,CU,Curveball,2.1,6,0.0,0.0,0.0,0.0,1.0,BASEBALL_SAVANT_PITCH_ARSENAL_CURRENT_SEASON,2026-08-28T17:22:48+00:00,SAVANT_ARSENAL_SCHEMA_V1,CURRENT
687941,"Gamboa, Alec",2026,1,1,100.0,7.5,50.0,55.7,0.0,0.182,0.271,31.7,3.4,77.585932414,,,,CH,Changeup,1.8,5,33.3,0.0,0.0,0.0,1.1,BASEBALL_SAVANT_PITCH_ARSENAL_CURRENT_SEASON,2026-08-28T17:22:48+00:00,SAVANT_ARSENAL_SCHEMA_V1,CURRENT
805299,"Garcia, Brandyn",2026,75,10,13.3,6.9,12.0,44.3,0.293,0.231,0.337,38.6,4.6,78.27466881,,,,SI,Sinker,49.2,261,21.3,0.242,0.318,0.295,1.8,BASEBALL_SAVANT_PITCH_ARSENAL_CURRENT_SEASON,2026-08-28T17:22:48+00:00,SAVANT_ARSENAL_SCHEMA_V1,CURRENT
805299,"Garcia, Brandyn",2026,50,30,60.0,6.9,52.0,44.3,0.116,0.085,0.128,16.7,4.6,78.27466881,,,,ST,Sweeper,30.6,162,35.7,0.063,0.063,0.1,3.2,BASEBALL_SAVANT_PITCH_ARSENAL_CURRENT_SEASON,2026-08-28T17:22:48+00:00,SAVANT_ARSENAL_SCHEMA_V1,CURRENT
805299,"Garcia, Brandyn",2026,19,4,21.1,6.9,19.2,44.3,0.311,0.191,0.368,33.3,4.6,78.27466881,,,,FC,Cutter,20.2,107,20.0,0.188,0.438,0.376,0.2,BASEBALL_SAVANT_PITCH_ARSENAL_CURRENT_SEASON,2026-08-28T17:22:48+00:00,SAVANT_ARSENAL_SCHEMA_V1,CURRENT
670062,"Garcia, Julian",2026,81,22,27.2,10.2,32.9,45.8,0.249,0.203,0.354,33.9,6.1,77.923437805,,,,ST,Sweeper,54.9,284,21.8,0.197,0.461,0.286,-0.5,BASEBALL_SAVANT_PITCH_ARSENAL_CURRENT_SEASON,2026-08-28T17:22:48+00:00,SAVANT_ARSENAL_SCHEMA_V1,CURRENT
670062,"Garcia, Julian",2026,37,7,18.9,10.2,19.3,45.8,0.341,0.183,0.301,45.0,6.1,77.923437805,,,,FF,4-Seam Fastball,29.2,151,15.9,0.111,0.222,0.292,1.8,BASEBALL_SAVANT_PITCH_ARSENAL_CURRENT_SEASON,2026-08-28T17:22:48+00:00,SAVANT_ARSENAL_SCHEMA_V1,CURRENT
670062,"Garcia, Julian",2026,10,2,20.0,10.2,29.4,45.8,0.242,0.208,0.233,14.3,6.1,77.923437805,,,,SL,Slider,15.9,82,25.0,0.0,0.0,0.07,3.5,BASEBALL_SAVANT_PITCH_ARSENAL_CURRENT_SEASON,2026-08-28T17:22:48+00:00,SAVANT_ARSENAL_SCHEMA_V1,CURRENT
670329,"Garcia, Rico",2026,67,14,20.9,8.6,23.2,49.1,0.367,0.273,0.455,41.9,6.3,74.941790143,,,,FF,4-Seam Fastball,34.7,292,23.7,0.228,0.456,0.349,0.9,BASEBALL_SAVANT_PITCH_ARSENAL_CURRENT_SEASON,2026-08-28T17:22:48+00:00,SAVANT_ARSENAL_SCHEMA_V1,CURRENT
670329,"Garcia, Rico",2026,60,21,35.0,8.6,44.7,49.1,0.21,0.145,0.287,22.2,6.3,74.941790143,,,,CH,Changeup,26.9,226,25.3,0.105,0.333,0.219,2.2,BASEBALL_SAVANT_PITCH_ARSENAL_CURRENT_SEASON,2026-08-28T17:22:48+00:00,SAVANT_ARSENAL_SCHEMA_V1,CURRENT
670329,"Garcia, Rico",2026,44,18,40.9,8.6,39.2,49.1,0.169,0.137,0.228,40.0,6.3,74.941790143,,,,CU,Curveball,21.0,177,25.7,0.093,0.116,0.106,3.3,BASEBALL_SAVANT_PITCH_ARSENAL_CURRENT_SEASON,2026-08-28T17:22:48+00:00,SAVANT_ARSENAL_SCHEMA_V1,CURRENT
670329,"Garcia, Rico",2026,48,6,12.5,8.6,26.0,49.1,0.307,0.255,0.375,34.2,6.3,74.941790143,,,,SL,Slider,17.4,146,24.0,0.209,0.349,0.279,1.3,BASEBALL_SAVANT_PITCH_ARSENAL_CURRENT_SEASON,2026-08-28T17:22:48+00:00,SAVANT_ARSENAL_SCHEMA_V1,CURRENT
676395,"Garcia, Robert",2026,15,3,20.0,20.6,28.1,40.5,0.323,0.214,0.317,55.6,0.0,78.782930909,,,,FF,4-Seam Fastball,44.4,68,16.7,0.083,0.083,0.2,3.2,BASEBALL_SAVANT_PITCH_ARSENAL_CURRENT_SEASON,2026-08-28T17:22:48+00:00,SAVANT_ARSENAL_SCHEMA_V1,CURRENT
676395,"Garcia, Robert",2026,15,3,20.0,20.6,23.8,40.5,0.288,0.235,0.281,10.0,0.0,78.782930909,,,,CH,Changeup,32.0,49,12.5,0.231,0.231,0.273,-0.7,BASEBALL_SAVANT_PITCH_ARSENAL_CURRENT_SEASON,2026-08-28T17:22:48+00:00,SAVANT_ARSENAL_SCHEMA_V1,CURRENT
676395,"Garcia, Robert",2026,4,0,0.0,20.6,55.6,40.5,0.538,0.404,0.452,50.0,0.0,78.782930909,,,,SL,Slider,23.5,36,0.0,0.5,1.0,0.663,-3.0,BASEBALL_SAVANT_PITCH_ARSENAL_CURRENT_SEASON,2026-08-28T17:22:48+00:00,SAVANT_ARSENAL_SCHEMA_V1,CURRENT
472610,"García, Luis",2026,38,2,5.3,8.1,9.4,52.5,0.418,0.37,0.548,51.5,5.2,76.053356552,,,,SI,Sinker,46.8,124,11.1,0.441,0.618,0.48,-1.5,BASEBALL_SAVANT_PITCH_ARSENAL_CURRENT_SEASON,2026-08-28T17:22:48+00:00,SAVANT_ARSENAL_SCHEMA_V1,CURRENT
472610,"García, Luis",2026,21,3,14.3,8.1,34.1,52.5,0.313,0.197,0.27,21.4,5.2,76.053356552,,,,FS,Split-Finger,31.3,83,10.7,0.176,0.235,0.325,-0.4,BASEBALL_SAVANT_PITCH_ARSENAL_CURRENT_SEASON,2026-08-28T17:22:48+00:00,SAVANT_ARSENAL_SCHEMA_V1,CURRENT
472610,"García, Luis",2026,12,1,8.3,8.1,30.0,52.5,0.374,0.329,0.555,45.5,5.2,76.053356552,,,,ST,Sweeper,20.0,53,6.3,0.333,0.583,0.388,-2.9,BASEBALL_SAVANT_PITCH_ARSENAL_CURRENT_SEASON,2026-08-28T17:22:48+00:00,SAVANT_ARSENAL_SCHEMA_V1,CURRENT
472610,"García, Luis",2026,3,0,0.0,8.1,0.0,52.5,0.725,0.477,1.263,66.7,5.2,76.053356552,,,,FF,4-Seam Fastball,1.9,5,0.0,0.333,1.333,0.667,-44.2,BASEBALL_SAVANT_PITCH_ARSENAL_CURRENT_SEASON,2026-08-28T17:22:48+00:00,SAVANT_ARSENAL_SCHEMA_V1,CURRENT
666129,"Garrett, Braxton",2026,11,2,18.2,28.6,17.6,39.5,0.517,0.378,0.679,50.0,14.3,72.225621429,,,,SI,Sinker,28.7,37,28.6,0.5,0.75,0.582,-5.5,BASEBALL_SAVANT_PITCH_ARSENAL_CURRENT_SEASON,2026-08-28T17:22:48+00:00,SAVANT_ARSENAL_SCHEMA_V1,CURRENT
666129,"Garrett, Braxton",2026,6,1,16.7,28.6,18.2,39.5,0.379,0.09,0.095,0.0,14.3,72.225621429,,,,FF,4-Seam Fastball,21.7,28,14.3,0.0,0.0,0.35,-0.3,BASEBALL_SAVANT_PITCH_ARSENAL_CURRENT_SEASON,2026-08-28T17:22:48+00:00,SAVANT_ARSENAL_SCHEMA_V1,CURRENT
666129,"Garrett, Braxton",2026,9,2,22.2,28.6,23.1,39.5,0.191,0.121,0.155,16.7,14.3,72.225621429,,,,ST,Sweeper,20.2,26,22.2,0.25,0.5,0.4,-0.9,BASEBALL_SAVANT_PITCH_ARSENAL_CURRENT_SEASON,2026-08-28T17:22:48+00:00,SAVANT_ARSENAL_SCHEMA_V1,CURRENT
666129,"Garrett, Braxton",2026,2,0,0.0,28.6,16.7,39.5,0.47,0.267,0.3,0.0,14.3,72.225621429,,,,SL,Slider,16.3,21,0.0,1.0,1.0,0.8,-4.6,BASEBALL_SAVANT_PITCH_ARSENAL_CURRENT_SEASON,2026-08-28T17:22:48+00:00,SAVANT_ARSENAL_SCHEMA_V1,CURRENT
688107,"Gasser, Robert",2026,95,30,31.6,6.7,25.9,50.0,0.261,0.189,0.336,28.1,6.1,75.30909877,,,,ST,Sweeper,25.6,352,19.7,0.233,0.488,0.342,-1.4,BASEBALL_SAVANT_PITCH_ARSENAL_CURRENT_SEASON,2026-08-28T17:22:48+00:00,SAVANT_ARSENAL_SCHEMA_V1,CURRENT
688107,"Gasser, Robert",2026,91,28,30.8,6.7,25.8,50.0,0.268,0.231,0.347,23.7,6.1,75.30909877,,,,FF,4-Seam Fastball,23.8,327,18.4,0.253,0.391,0.296,-0.4,BASEBALL_SAVANT_PITCH_ARSENAL_CURRENT_SEASON,2026-08-28T17:22:48+00:00,SAVANT_ARSENAL_SCHEMA_V1,CURRENT
688107,"Gasser, Robert",2026,79,12,15.2,6.7,14.4,50.0,0.374,0.306,0.452,52.6,6.1,75.30909877,,,,SI,Sinker,22.5,310,16.0,0.265,0.353,0.325,0.9,BASEBALL_SAVANT_PITCH_ARSENAL_CURRENT_SEASON,2026-08-28T17:22:48+00:00,SAVANT_ARSENAL_SCHEMA_V1,CURRENT
688107,"Gasser, Robert",2026,57,2,3.5,6.7,20.0,50.0,0.358,0.268,0.436,25.5,6.1,75.30909877,,,,FC,Cutter,18.7,257,6.5,0.229,0.479,0.354,0.8,BASEBALL_SAVANT_PITCH_ARSENAL_CURRENT_SEASON,2026-08-28T17:22:48+00:00,SAVANT_ARSENAL_SCHEMA_V1,CURRENT
688107,"Gasser, Robert",2026,35,6,17.1,6.7,23.8,50.0,0.396,0.351,0.532,40.7,6.1,75.30909877,,,,CH,Changeup,9.4,129,17.6,0.333,0.515,0.386,-2.8,BASEBALL_SAVANT_PITCH_ARSENAL_CURRENT_SEASON,2026-08-28T17:22:48+00:00,SAVANT_ARSENAL_SCHEMA_V1,CURRENT
703725,"Gastelum, Luis",2026,48,23,47.9,6.3,53.6,49.3,0.208,0.156,0.286,21.7,10.2,75.012492414,,,,CH,Changeup,38.3,142,33.8,0.156,0.356,0.228,1.7,BASEBALL_SAVANT_PITCH_ARSENAL_CURRENT_SEASON,2026-08-28T17:22:48+00:00,SAVANT_ARSENAL_SCHEMA_V1,CURRENT
703725,"Gastelum, Luis",2026,23,4,17.4,6.3,18.2,49.3,0.389,0.298,0.547,17.6,10.2,75.012492414,,,,FF,4-Seam Fastball,31.8,118,15.4,0.286,0.667,0.422,-1.0,BASEBALL_SAVANT_PITCH_ARSENAL_CURRENT_SEASON,2026-08-28T17:22:48+00:00,SAVANT_ARSENAL_SCHEMA_V1,CURRENT
703725,"Gastelum, Luis",2026,18,3,16.7,6.3,38.7,49.3,0.417,0.282,0.626,53.8,10.2,75.012492414,,,,ST,Sweeper,21.3,79,20.0,0.438,0.813,0.547,-4.4,BASEBALL_SAVANT_PITCH_ARSENAL_CURRENT_SEASON,2026-08-28T17:22:48+00:00,SAVANT_ARSENAL_SCHEMA_V1,CURRENT
703725,"Gastelum, Luis",2026,7,0,0.0,6.3,7.7,49.3,0.261,0.204,0.243,0.0,10.2,75.012492414,,,,SI,Sinker,8.6,32,0.0,0.0,0.0,0.1,6.2,BASEBALL_SAVANT_PITCH_ARSENAL_CURRENT_SEASON,2026-08-28T17:22:48+00:00,SAVANT_ARSENAL_SCHEMA_V1,CURRENT
592332,"Gausman, Kevin",2026,353,68,19.3,6.5,15.6,49.9,0.342,0.279,0.456,46.0,7.0,76.347345622,,,,FF,4-Seam Fastball,51.4,1290,18.8,0.296,0.449,0.349,0.7,BASEBALL_SAVANT_PITCH_ARSENAL_CURRENT_SEASON,2026-08-28T17:22:48+00:00,SAVANT_ARSENAL_SCHEMA_V1,CURRENT
592332,"Gausman, Kevin",2026,234,71,30.3,6.5,41.1,49.9,0.23,0.191,0.271,22.8,7.0,76.347345622,,,,FS,Split-Finger,38.1,957,18.6,0.188,0.28,0.237,0.3,BASEBALL_SAVANT_PITCH_ARSENAL_CURRENT_SEASON,2026-08-28T17:22:48+00:00,SAVANT_ARSENAL_SCHEMA_V1,CURRENT
592332,"Gausman, Kevin",2026,40,9,22.5,6.5,35.2,49.9,0.434,0.318,0.661,57.1,7.0,76.347345622,,,,SL,Slider,9.4,236,17.6,0.324,0.757,0.469,-3.1,BASEBALL_SAVANT_PITCH_ARSENAL_CURRENT_SEASON,2026-08-28T17:22:48+00:00,SAVANT_ARSENAL_SCHEMA_V1,CURRENT
592332,"Gausman, Kevin",2026,5,1,20.0,6.5,23.1,49.9,0.083,0.089,0.103,50.0,7.0,76.347345622,,,,CH,Changeup,100.0,26,16.7,0.2,0.2,0.18,2.6,BASEBALL_SAVANT_PITCH_ARSENAL_CURRENT_SEASON,2026-08-28T17:22:48+00:00,SAVANT_ARSENAL_SCHEMA_V1,CURRENT
680702,"Gerber, Joey",2026,20,4,20.0,11.8,21.4,39.5,0.342,0.214,0.384,58.3,9.1,85.731002727,,,,FF,4-Seam Fastball,54.3,70,26.7,0.125,0.188,0.248,2.1,BASEBALL_SAVANT_PITCH_ARSENAL_CURRENT_SEASON,2026-08-28T17:22:48+00:00,SAVANT_ARSENAL_SCHEMA_V1,CURRENT
680702,"Gerber, Joey",2026,12,3,25.0,11.8,26.3,39.5,0.291,0.274,0.403,55.6,9.1,85.731002727,,,,FC,Cutter,41.9,54,27.3,0.333,0.75,0.45,-3.2,BASEBALL_SAVANT_PITCH_ARSENAL_CURRENT_SEASON,2026-08-28T17:22:48+00:00,SAVANT_ARSENAL_SCHEMA_V1,CURRENT
680702,"Gerber, Joey",2026,2,1,50.0,11.8,50.0,39.5,0.086,0.095,0.11,0.0,9.1,85.731002727,,,,CH,Changeup,1.6,2,50.0,0.0,0.0,0.0,25.5,BASEBALL_SAVANT_PITCH_ARSENAL_CURRENT_SEASON,2026-08-28T17:22:48+00:00,SAVANT_ARSENAL_SCHEMA_V1,CURRENT
801434,"Gervase, Paul",2026,17,7,41.2,14.7,43.5,40.3,0.248,0.145,0.204,57.1,4.8,79.634576,,,,FF,4-Seam Fastball,44.4,55,63.6,0.214,0.214,0.282,1.8,BASEBALL_SAVANT_PITCH_ARSENAL_CURRENT_SEASON,2026-08-28T17:22:48+00:00,SAVANT_ARSENAL_SCHEMA_V1,CURRENT
801434,"Gervase, Paul",2026,9,1,11.1,14.7,23.5,40.3,0.289,0.261,0.277,42.9,4.8,79.634576,,,,SL,Slider,38.7,48,12.5,0.25,0.25,0.278,0.9,BASEBALL_SAVANT_PITCH_ARSENAL_CURRENT_SEASON,2026-08-28T17:22:48+00:00,SAVANT_ARSENAL_SCHEMA_V1,CURRENT
801434,"Gervase, Paul",2026,8,0,0.0,14.7,0.0,40.3,0.451,0.396,0.57,28.6,4.8,79.634576,,,,FC,Cutter,15.3,19,0.0,0.286,0.286,0.313,2.9,BASEBALL_SAVANT_PITCH_ARSENAL_CURRENT_SEASON,2026-08-28T17:22:48+00:00,SAVANT_ARSENAL_SCHEMA_V1,CURRENT
806188,"Gibson, Cade",2026,52,17,32.7,10.8,25.3,44.1,0.297,0.27,0.381,25.0,3.4,74.615909831,,,,ST,Sweeper,27.2,189,20.7,0.319,0.426,0.352,-1.0,BASEBALL_SAVANT_PITCH_ARSENAL_CURRENT_SEASON,2026-08-28T17:22:48+00:00,SAVANT_ARSENAL_SCHEMA_V1,CURRENT
806188,"Gibson, Cade",2026,46,3,6.5,10.8,3.0,44.1,0.344,0.234,0.268,41.9,3.4,74.615909831,,,,SI,Sinker,22.7,158,6.7,0.313,0.438,0.439,-2.8,BASEBALL_SAVANT_PITCH_ARSENAL_CURRENT_SEASON,2026-08-28T17:22:48+00:00,SAVANT_ARSENAL_SCHEMA_V1,CURRENT
806188,"Gibson, Cade",2026,35,9,25.7,10.8,31.3,44.1,0.274,0.209,0.266,42.9,3.4,74.615909831,,,,CU,Curveball,22.7,158,16.7,0.2,0.233,0.264,1.4,BASEBALL_SAVANT_PITCH_ARSENAL_CURRENT_SEASON,2026-08-28T17:22:48+00:00,SAVANT_ARSENAL_SCHEMA_V1,CURRENT
806188,"Gibson, Cade",2026,26,1,3.8,10.8,24.0,44.1,0.369,0.307,0.455,40.9,3.4,74.615909831,,,,SL,Slider,16.2,113,4.5,0.19,0.333,0.308,0.5,BASEBALL_SAVANT_PITCH_ARSENAL_CURRENT_SEASON,2026-08-28T17:22:48+00:00,SAVANT_ARSENAL_SCHEMA_V1,CURRENT
806188,"Gibson, Cade",2026,10,1,10.0,10.8,19.0,44.1,0.23,0.23,0.302,55.6,3.4,74.615909831,,,,CH,Changeup,7.2,50,7.1,0.4,0.5,0.395,-2.2,BASEBALL_SAVANT_PITCH_ARSENAL_CURRENT_SEASON,2026-08-28T17:22:48+00:00,SAVANT_ARSENAL_SCHEMA_V1,CURRENT
806188,"Gibson, Cade",2026,6,1,16.7,10.8,37.5,44.1,0.184,0.086,0.108,25.0,3.4,74.615909831,,,,FF,4-Seam Fastball,4.0,28,33.3,0.2,0.4,0.325,1.5,BASEBALL_SAVANT_PITCH_ARSENAL_CURRENT_SEASON,2026-08-28T17:22:48+00:00,SAVANT_ARSENAL_SCHEMA_V1,CURRENT
694346,"Gibson, Trey",2026,42,6,14.3,15.5,17.9,41.2,0.346,0.238,0.368,39.3,9.6,80.213684808,,,,SI,Sinker,25.4,157,23.1,0.212,0.303,0.31,0.0,BASEBALL_SAVANT_PITCH_ARSENAL_CURRENT_SEASON,2026-08-28T17:22:48+00:00,SAVANT_ARSENAL_SCHEMA_V1,CURRENT
694346,"Gibson, Trey",2026,40,10,25.0,15.5,27.1,41.2,0.332,0.27,0.436,48.1,9.6,80.213684808,,,,SL,Slider,21.0,130,15.6,0.162,0.324,0.295,0.4,BASEBALL_SAVANT_PITCH_ARSENAL_CURRENT_SEASON,2026-08-28T17:22:48+00:00,SAVANT_ARSENAL_SCHEMA_V1,CURRENT
694346,"Gibson, Trey",2026,29,9,31.0,15.5,23.4,41.2,0.322,0.207,0.316,42.9,9.6,80.213684808,,,,FF,4-Seam Fastball,19.2,119,30.0,0.304,0.348,0.374,-0.8,BASEBALL_SAVANT_PITCH_ARSENAL_CURRENT_SEASON,2026-08-28T17:22:48+00:00,SAVANT_ARSENAL_SCHEMA_V1,CURRENT
694346,"Gibson, Trey",2026,24,1,4.2,15.5,21.3,41.2,0.457,0.372,0.548,44.4,9.6,80.213684808,,,,FC,Cutter,19.2,119,5.3,0.474,0.579,0.513,-1.8,BASEBALL_SAVANT_PITCH_ARSENAL_CURRENT_SEASON,2026-08-28T17:22:48+00:00,SAVANT_ARSENAL_SCHEMA_V1,CURRENT
694346,"Gibson, Trey",2026,23,4,17.4,15.5,26.7,41.2,0.564,0.412,0.861,66.7,9.6,80.213684808,,,,CU,Curveball,13.2,82,25.0,0.368,0.895,0.554,-5.2,BASEBALL_SAVANT_PITCH_ARSENAL_CURRENT_SEASON,2026-08-28T17:22:48+00:00,SAVANT_ARSENAL_SCHEMA_V1,CURRENT
694346,"Gibson, Trey",2026,3,0,0.0,15.5,0.0,41.2,0.618,0.485,0.973,66.7,9.6,80.213684808,,,,ST,Sweeper,1.9,12,0.0,0.667,2.0,1.083,-24.8,BASEBALL_SAVANT_PITCH_ARSENAL_CURRENT_SEASON,2026-08-28T17:22:48+00:00,SAVANT_ARSENAL_SCHEMA_V1,CURRENT
661563,"Gil, Luis",2026,41,2,4.9,12.9,9.5,38.6,0.402,0.297,0.554,50.0,9.7,83.967854839,,,,FF,4-Seam Fastball,45.1,152,4.9,0.278,0.583,0.402,-1.2,BASEBALL_SAVANT_PITCH_ARSENAL_CURRENT_SEASON,2026-08-28T17:22:48+00:00,SAVANT_ARSENAL_SCHEMA_V1,CURRENT
661563,"Gil, Luis",2026,20,4,20.0,12.9,32.3,38.6,0.37,0.244,0.435,50.0,9.7,83.967854839,,,,SL,Slider,21.1,71,21.1,0.125,0.375,0.303,-1.8,BASEBALL_SAVANT_PITCH_ARSENAL_CURRENT_SEASON,2026-08-28T17:22:48+00:00,SAVANT_ARSENAL_SCHEMA_V1,CURRENT
661563,"Gil, Luis",2026,11,3,27.3,12.9,32.0,38.6,0.242,0.153,0.443,25.0,9.7,83.967854839,,,,CH,Changeup,20.5,69,14.3,0.091,0.364,0.182,0.5,BASEBALL_SAVANT_PITCH_ARSENAL_CURRENT_SEASON,2026-08-28T17:22:48+00:00,SAVANT_ARSENAL_SCHEMA_V1,CURRENT
661563,"Gil, Luis",2026,13,0,0.0,12.9,0.0,38.6,0.467,0.291,0.453,50.0,9.7,83.967854839,,,,SI,Sinker,13.4,45,0.0,0.25,0.625,0.492,-5.9,BASEBALL_SAVANT_PITCH_ARSENAL_CURRENT_SEASON,2026-08-28T17:22:48+00:00,SAVANT_ARSENAL_SCHEMA_V1,CURRENT
669302,"Gilbert, Logan",2026,221,39,17.6,6.3,23.3,50.1,0.36,0.266,0.501,49.4,10.0,79.217728168,,,,FF,4-Seam Fastball,39.6,973,17.8,0.235,0.485,0.341,0.9,BASEBALL_SAVANT_PITCH_ARSENAL_CURRENT_SEASON,2026-08-28T17:22:48+00:00,SAVANT_ARSENAL_SCHEMA_V1,CURRENT
669302,"Gilbert, Logan",2026,164,44,26.8,6.3,35.0,50.1,0.308,0.254,0.415,43.6,10.0,79.217728168,,,,SL,Slider,24.5,603,23.4,0.208,0.383,0.275,1.3,BASEBALL_SAVANT_PITCH_ARSENAL_CURRENT_SEASON,2026-08-28T17:22:48+00:00,SAVANT_ARSENAL_SCHEMA_V1,CURRENT
669302,"Gilbert, Logan",2026,110,52,47.3,6.3,40.7,50.1,0.188,0.146,0.21,23.5,10.0,79.217728168,,,,FS,Split-Finger,14.4,354,18.7,0.146,0.223,0.201,-0.1,BASEBALL_SAVANT_PITCH_ARSENAL_CURRENT_SEASON,2026-08-28T17:22:48+00:00,SAVANT_ARSENAL_SCHEMA_V1,CURRENT
669302,"Gilbert, Logan",2026,38,10,26.3,6.3,28.8,50.1,0.257,0.227,0.312,30.8,10.0,79.217728168,,,,CH,Changeup,7.7,190,22.2,0.222,0.25,0.236,0.5,BASEBALL_SAVANT_PITCH_ARSENAL_CURRENT_SEASON,2026-08-28T17:22:48+00:00,SAVANT_ARSENAL_SCHEMA_V1,CURRENT
669302,"Gilbert, Logan",2026,43,14,32.6,6.3,36.8,50.1,0.215,0.197,0.303,20.7,10.0,79.217728168,,,,ST,Sweeper,7.3,180,19.7,0.163,0.256,0.2,1.1,BASEBALL_SAVANT_PITCH_ARSENAL_CURRENT_SEASON,2026-08-28T17:22:48+00:00,SAVANT_ARSENAL_SCHEMA_V1,CURRENT
669302,"Gilbert, Logan",2026,39,3,7.7,6.3,16.4,50.1,0.344,0.274,0.434,50.0,10.0,79.217728168,,,,FC,Cutter,5.9,146,18.8,0.343,0.571,0.423,-0.7,BASEBALL_SAVANT_PITCH_ARSENAL_CURRENT_SEASON,2026-08-28T17:22:48+00:00,SAVANT_ARSENAL_SCHEMA_V1,CURRENT
656457,"Gilbert, Tyler",2026,10,1,10.0,18.2,5.6,44.7,0.555,0.417,0.808,42.9,20.0,84.32625375,,,,SI,Sinker,36.2,34,10.0,0.5,1.0,0.645,-7.6,BASEBALL_SAVANT_PITCH_ARSENAL_CURRENT_SEASON,2026-08-28T17:22:48+00:00,SAVANT_ARSENAL_SCHEMA_V1,CURRENT
656457,"Gilbert, Tyler",2026,6,2,33.3,18.2,35.7,44.7,0.257,0.128,0.265,33.3,20.0,84.32625375,,,,ST,Sweeper,36.2,34,12.5,0.2,0.4,0.325,-1.5,BASEBALL_SAVANT_PITCH_ARSENAL_CURRENT_SEASON,2026-08-28T17:22:48+00:00,SAVANT_ARSENAL_SCHEMA_V1,CURRENT
656457,"Gilbert, Tyler",2026,4,0,0.0,18.2,14.3,44.7,0.893,0.635,1.663,100.0,20.0,84.32625375,,,,FC,Cutter,18.1,17,0.0,0.667,2.0,0.988,-8.9,BASEBALL_SAVANT_PITCH_ARSENAL_CURRENT_SEASON,2026-08-28T17:22:48+00:00,SAVANT_ARSENAL_SCHEMA_V1,CURRENT
656457,"Gilbert, Tyler",2026,2,0,0.0,18.2,0.0,44.7,0.137,0.141,0.176,0.0,20.0,84.32625375,,,,FF,4-Seam Fastball,7.4,7,0.0,0.0,0.0,0.0,7.3,BASEBALL_SAVANT_PITCH_ARSENAL_CURRENT_SEASON,2026-08-28T17:22:48+00:00,SAVANT_ARSENAL_SCHEMA_V1,CURRENT
656464,"Ginkel, Kevin",2026,117,35,29.9,7.0,41.9,50.5,0.245,0.186,0.329,36.0,9.4,78.726921795,,,,SL,Slider,49.3,438,21.6,0.174,0.303,0.231,2.0,BASEBALL_SAVANT_PITCH_ARSENAL_CURRENT_SEASON,2026-08-28T17:22:48+00:00,SAVANT_ARSENAL_SCHEMA_V1,CURRENT
656464,"Ginkel, Kevin",2026,94,17,18.1,7.0,17.3,50.5,0.382,0.29,0.523,49.3,9.4,78.726921795,,,,FF,4-Seam Fastball,45.8,407,14.8,0.293,0.512,0.382,-1.1,BASEBALL_SAVANT_PITCH_ARSENAL_CURRENT_SEASON,2026-08-28T17:22:48+00:00,SAVANT_ARSENAL_SCHEMA_V1,CURRENT
656464,"Ginkel, Kevin",2026,15,0,0.0,7.0,12.0,50.5,0.305,0.329,0.372,6.7,9.4,78.726921795,,,,SI,Sinker,4.8,43,0.0,0.467,0.6,0.527,-3.3,BASEBALL_SAVANT_PITCH_ARSENAL_CURRENT_SEASON,2026-08-28T17:22:48+00:00,SAVANT_ARSENAL_SCHEMA_V1,CURRENT
669372,"Ginn, J.T.",2026,233,54,23.2,9.8,21.8,45.7,0.319,0.248,0.371,37.3,6.1,75.767236891,,,,SI,Sinker,36.8,804,27.8,0.226,0.347,0.309,0.8,BASEBALL_SAVANT_PITCH_ARSENAL_CURRENT_SEASON,2026-08-28T17:22:48+00:00,SAVANT_ARSENAL_SCHEMA_V1,CURRENT
669372,"Ginn, J.T.",2026,119,27,22.7,9.8,35.0,45.7,0.228,0.183,0.242,25.3,6.1,75.767236891,,,,CH,Changeup,20.0,436,21.6,0.183,0.239,0.241,1.9,BASEBALL_SAVANT_PITCH_ARSENAL_CURRENT_SEASON,2026-08-28T17:22:48+00:00,SAVANT_ARSENAL_SCHEMA_V1,CURRENT
669372,"Ginn, J.T.",2026,73,4,5.5,9.8,21.7,45.7,0.428,0.332,0.576,37.9,6.1,75.767236891,,,,FC,Cutter,16.1,351,12.9,0.25,0.517,0.37,-0.4,BASEBALL_SAVANT_PITCH_ARSENAL_CURRENT_SEASON,2026-08-28T17:22:48+00:00,SAVANT_ARSENAL_SCHEMA_V1,CURRENT
669372,"Ginn, J.T.",2026,80,22,27.5,9.8,32.7,45.7,0.252,0.231,0.344,38.6,6.1,75.767236891,,,,SL,Slider,15.5,338,17.7,0.278,0.443,0.315,-0.9,BASEBALL_SAVANT_PITCH_ARSENAL_CURRENT_SEASON,2026-08-28T17:22:48+00:00,SAVANT_ARSENAL_SCHEMA_V1,CURRENT
669372,"Ginn, J.T.",2026,72,13,18.1,9.8,22.1,45.7,0.378,0.248,0.443,38.6,6.1,75.767236891,,,,FF,4-Seam Fastball,11.5,251,17.6,0.211,0.439,0.362,-1.6,BASEBALL_SAVANT_PITCH_ARSENAL_CURRENT_SEASON,2026-08-28T17:22:48+00:00,SAVANT_ARSENAL_SCHEMA_V1,CURRENT
669372,"Ginn, J.T.",2026,2,1,50.0,9.8,50.0,45.7,0.188,0.097,0.346,100.0,6.1,75.767236891,,,,CU,Curveball,20.0,5,100.0,0.0,0.0,0.0,9.7,BASEBALL_SAVANT_PITCH_ARSENAL_CURRENT_SEASON,2026-08-28T17:22:48+00:00,SAVANT_ARSENAL_SCHEMA_V1,CURRENT
608337,"Giolito, Lucas",2026,62,5,8.1,16.7,16.7,40.8,0.434,0.323,0.495,64.3,4.2,79.514155,,,,FF,4-Seam Fastball,41.6,229,10.9,0.319,0.404,0.41,-0.4,BASEBALL_SAVANT_PITCH_ARSENAL_CURRENT_SEASON,2026-08-28T17:22:48+00:00,SAVANT_ARSENAL_SCHEMA_V1,CURRENT
608337,"Giolito, Lucas",2026,54,8,14.8,16.7,24.4,40.8,0.319,0.242,0.346,28.9,4.2,79.514155,,,,CH,Changeup,34.7,191,15.4,0.283,0.457,0.391,-1.6,BASEBALL_SAVANT_PITCH_ARSENAL_CURRENT_SEASON,2026-08-28T17:22:48+00:00,SAVANT_ARSENAL_SCHEMA_V1,CURRENT
608337,"Giolito, Lucas",2026,13,5,38.5,16.7,48.6,40.8,0.165,0.132,0.146,14.3,4.2,79.514155,,,,SL,Slider,17.1,94,22.7,0.167,0.167,0.192,-0.6,BASEBALL_SAVANT_PITCH_ARSENAL_CURRENT_SEASON,2026-08-28T17:22:48+00:00,SAVANT_ARSENAL_SCHEMA_V1,CURRENT
608337,"Giolito, Lucas",2026,9,0,0.0,16.7,7.1,40.8,0.34,0.226,0.593,33.3,4.2,79.514155,,,,CU,Curveball,6.7,37,0.0,0.222,0.556,0.322,-2.7,BASEBALL_SAVANT_PITCH_ARSENAL_CURRENT_SEASON,2026-08-28T17:22:48+00:00,SAVANT_ARSENAL_SCHEMA_V1,CURRENT
607192,"Glasnow, Tyler",2026,50,10,20.0,7.7,13.5,44.0,0.337,0.27,0.486,43.2,7.0,81.465825,,,,FF,4-Seam Fastball,31.4,216,18.5,0.261,0.543,0.352,-0.3,BASEBALL_SAVANT_PITCH_ARSENAL_CURRENT_SEASON,2026-08-28T17:22:48+00:00,SAVANT_ARSENAL_SCHEMA_V1,CURRENT
607192,"Glasnow, Tyler",2026,56,31,55.4,7.7,49.4,44.0,0.145,0.099,0.148,40.9,7.0,81.465825,,,,CU,Curveball,27.5,189,32.3,0.115,0.212,0.166,0.4,BASEBALL_SAVANT_PITCH_ARSENAL_CURRENT_SEASON,2026-08-28T17:22:48+00:00,SAVANT_ARSENAL_SCHEMA_V1,CURRENT
607192,"Glasnow, Tyler",2026,40,8,20.0,7.7,24.2,44.0,0.316,0.211,0.374,30.8,7.0,81.465825,,,,SI,Sinker,23.8,164,26.7,0.118,0.206,0.245,3.4,BASEBALL_SAVANT_PITCH_ARSENAL_CURRENT_SEASON,2026-08-28T17:22:48+00:00,SAVANT_ARSENAL_SCHEMA_V1,CURRENT
607192,"Glasnow, Tyler",2026,22,7,31.8,7.7,41.7,44.0,0.17,0.156,0.245,33.3,7.0,81.465825,,,,SL,Slider,17.3,119,22.6,0.182,0.227,0.18,2.4,BASEBALL_SAVANT_PITCH_ARSENAL_CURRENT_SEASON,2026-08-28T17:22:48+00:00,SAVANT_ARSENAL_SCHEMA_V1,CURRENT
808970,"Go, Woo-Suk",2026,7,1,14.3,9.1,14.3,51.2,0.633,0.396,1.059,75.0,20.0,86.34186125,,,,FF,4-Seam Fastball,39.5,34,12.5,0.6,1.4,0.793,-7.4,BASEBALL_SAVANT_PITCH_ARSENAL_CURRENT_SEASON,2026-08-28T17:22:48+00:00,SAVANT_ARSENAL_SCHEMA_V1,CURRENT
808970,"Go, Woo-Suk",2026,7,1,14.3,9.1,25.0,51.2,0.416,0.34,0.645,83.3,20.0,86.34186125,,,,SL,Slider,33.7,29,16.7,0.571,1.286,0.771,-7.7,BASEBALL_SAVANT_PITCH_ARSENAL_CURRENT_SEASON,2026-08-28T17:22:48+00:00,SAVANT_ARSENAL_SCHEMA_V1,CURRENT
808970,"Go, Woo-Suk",2026,5,2,40.0,9.1,50.0,51.2,0.122,0.129,0.149,0.0,20.0,86.34186125,,,,CU,Curveball,15.1,13,40.0,0.2,0.2,0.18,3.5,BASEBALL_SAVANT_PITCH_ARSENAL_CURRENT_SEASON,2026-08-28T17:22:48+00:00,SAVANT_ARSENAL_SCHEMA_V1,CURRENT
808970,"Go, Woo-Suk",2026,3,1,33.3,9.1,16.7,51.2,0.183,0.198,0.21,0.0,20.0,86.34186125,,,,FS,Split-Finger,11.6,10,14.3,0.0,0.0,0.0,8.1,BASEBALL_SAVANT_PITCH_ARSENAL_CURRENT_SEASON,2026-08-28T17:22:48+00:00,SAVANT_ARSENAL_SCHEMA_V1,CURRENT
594835,"Gonzales, Marco",2026,8,3,37.5,13.8,29.4,44.1,0.233,0.147,0.243,50.0,4.5,75.285237273,,,,FF,4-Seam Fastball,32.2,38,27.3,0.143,0.286,0.244,3.8,BASEBALL_SAVANT_PITCH_ARSENAL_CURRENT_SEASON,2026-08-28T17:22:48+00:00,SAVANT_ARSENAL_SCHEMA_V1,CURRENT
594835,"Gonzales, Marco",2026,9,0,0.0,13.8,0.0,44.1,0.284,0.276,0.385,22.2,4.5,75.285237273,,,,CH,Changeup,21.2,25,0.0,0.444,0.556,0.439,-6.3,BASEBALL_SAVANT_PITCH_ARSENAL_CURRENT_SEASON,2026-08-28T17:22:48+00:00,SAVANT_ARSENAL_SCHEMA_V1,CURRENT
594835,"Gonzales, Marco",2026,5,0,0.0,13.8,11.1,44.1,0.132,0.136,0.174,0.0,4.5,75.285237273,,,,SV,Slurve,21.2,25,0.0,0.2,0.2,0.18,2.2,BASEBALL_SAVANT_PITCH_ARSENAL_CURRENT_SEASON,2026-08-28T17:22:48+00:00,SAVANT_ARSENAL_SCHEMA_V1,CURRENT
594835,"Gonzales, Marco",2026,4,0,0.0,13.8,37.5,44.1,0.42,0.327,0.432,33.3,4.5,75.285237273,,,,FC,Cutter,16.9,20,0.0,0.333,0.333,0.4,-0.3,BASEBALL_SAVANT_PITCH_ARSENAL_CURRENT_SEASON,2026-08-28T17:22:48+00:00,SAVANT_ARSENAL_SCHEMA_V1,CURRENT
594835,"Gonzales, Marco",2026,2,0,0.0,13.8,0.0,44.1,0.364,0.026,0.035,0.0,4.5,75.285237273,,,,SI,Sinker,4.2,5,,0.0,0.0,0.35,9.9,BASEBALL_SAVANT_PITCH_ARSENAL_CURRENT_SEASON,2026-08-28T17:22:48+00:00,SAVANT_ARSENAL_SCHEMA_V1,CURRENT
682445,"Gonzalez, Domingo",2026,10,2,20.0,13.9,17.4,47.3,0.453,0.262,0.569,60.0,12.0,83.6009,,,,FF,4-Seam Fastball,38.8,50,15.4,0.286,0.857,0.535,-2.4,BASEBALL_SAVANT_PITCH_ARSENAL_CURRENT_SEASON,2026-08-28T17:22:48+00:00,SAVANT_ARSENAL_SCHEMA_V1,CURRENT
682445,"Gonzalez, Domingo",2026,11,2,18.2,13.9,35.0,47.3,0.417,0.32,0.602,62.5,12.0,83.6009,,,,SL,Slider,35.7,46,28.6,0.2,0.2,0.227,0.4,BASEBALL_SAVANT_PITCH_ARSENAL_CURRENT_SEASON,2026-08-28T17:22:48+00:00,SAVANT_ARSENAL_SCHEMA_V1,CURRENT
682445,"Gonzalez, Domingo",2026,14,1,7.1,13.9,5.9,47.3,0.532,0.468,0.71,45.5,12.0,83.6009,,,,SI,Sinker,24.0,31,33.3,0.417,0.5,0.446,-1.8,BASEBALL_SAVANT_PITCH_ARSENAL_CURRENT_SEASON,2026-08-28T17:22:48+00:00,SAVANT_ARSENAL_SCHEMA_V1,CURRENT
682445,"Gonzalez, Domingo",2026,1,0,0.0,13.9,0.0,47.3,0.01,0.011,0.012,0.0,12.0,83.6009,,,,CH,Changeup,1.6,2,,0.0,0.0,0.0,13.9,BASEBALL_SAVANT_PITCH_ARSENAL_CURRENT_SEASON,2026-08-28T17:22:48+00:00,SAVANT_ARSENAL_SCHEMA_V1,CURRENT
676467,"Gordon, Colton",2026,22,6,27.3,6.0,17.5,49.0,0.447,0.345,0.612,61.5,11.4,76.891449412,,,,FF,4-Seam Fastball,36.1,73,18.2,0.421,0.895,0.573,-6.6,BASEBALL_SAVANT_PITCH_ARSENAL_CURRENT_SEASON,2026-08-28T17:22:48+00:00,SAVANT_ARSENAL_SCHEMA_V1,CURRENT
676467,"Gordon, Colton",2026,9,1,11.1,6.0,11.1,49.0,0.442,0.362,0.664,25.0,11.4,76.891449412,,,,ST,Sweeper,29.7,60,4.3,0.75,1.25,0.761,-3.6,BASEBALL_SAVANT_PITCH_ARSENAL_CURRENT_SEASON,2026-08-28T17:22:48+00:00,SAVANT_ARSENAL_SCHEMA_V1,CURRENT
676467,"Gordon, Colton",2026,7,0,0.0,6.0,9.1,49.0,0.474,0.426,0.686,42.9,11.4,76.891449412,,,,SI,Sinker,13.4,27,0.0,0.429,0.714,0.486,-5.3,BASEBALL_SAVANT_PITCH_ARSENAL_CURRENT_SEASON,2026-08-28T17:22:48+00:00,SAVANT_ARSENAL_SCHEMA_V1,CURRENT
676467,"Gordon, Colton",2026,8,4,50.0,6.0,38.5,49.0,0.144,0.157,0.17,25.0,11.4,76.891449412,,,,CH,Changeup,12.4,25,40.0,0.25,0.25,0.225,2.9,BASEBALL_SAVANT_PITCH_ARSENAL_CURRENT_SEASON,2026-08-28T17:22:48+00:00,SAVANT_ARSENAL_SCHEMA_V1,CURRENT
676467,"Gordon, Colton",2026,2,0,0.0,6.0,20.0,49.0,0.649,0.324,1.266,100.0,11.4,76.891449412,,,,SL,Slider,5.4,11,0.0,1.0,4.0,2.0,-48.7,BASEBALL_SAVANT_PITCH_ARSENAL_CURRENT_SEASON,2026-08-28T17:22:48+00:00,SAVANT_ARSENAL_SCHEMA_V1,CURRENT
676467,"Gordon, Colton",2026,1,0,0.0,6.0,0.0,49.0,0.483,0.371,0.779,100.0,11.4,76.891449412,,,,CU,Curveball,3.0,6,,0.0,0.0,0.0,7.3,BASEBALL_SAVANT_PITCH_ARSENAL_CURRENT_SEASON,2026-08-28T17:22:48+00:00,SAVANT_ARSENAL_SCHEMA_V1,CURRENT
685299,"Gordon, Tanner",2026,162,37,22.8,4.1,22.8,53.1,0.337,0.27,0.48,51.3,9.7,81.903742117,,,,FF,4-Seam Fastball,43.5,558,20.9,0.313,0.527,0.377,-0.7,BASEBALL_SAVANT_PITCH_ARSENAL_CURRENT_SEASON,2026-08-28T17:22:48+00:00,SAVANT_ARSENAL_SCHEMA_V1,CURRENT
685299,"Gordon, Tanner",2026,83,13,15.7,4.1,21.5,53.1,0.313,0.259,0.464,39.1,9.7,81.903742117,,,,SL,Slider,22.4,288,18.6,0.317,0.561,0.382,-1.6,BASEBALL_SAVANT_PITCH_ARSENAL_CURRENT_SEASON,2026-08-28T17:22:48+00:00,SAVANT_ARSENAL_SCHEMA_V1,CURRENT
685299,"Gordon, Tanner",2026,83,13,15.7,4.1,22.4,53.1,0.295,0.241,0.375,30.3,9.7,81.903742117,,,,CH,Changeup,22.2,285,13.1,0.234,0.39,0.284,0.8,BASEBALL_SAVANT_PITCH_ARSENAL_CURRENT_SEASON,2026-08-28T17:22:48+00:00,SAVANT_ARSENAL_SCHEMA_V1,CURRENT
685299,"Gordon, Tanner",2026,28,6,21.4,4.1,19.6,53.1,0.288,0.2,0.409,35.0,9.7,81.903742117,,,,CU,Curveball,8.9,114,15.8,0.385,0.808,0.514,-5.3,BASEBALL_SAVANT_PITCH_ARSENAL_CURRENT_SEASON,2026-08-28T17:22:48+00:00,SAVANT_ARSENAL_SCHEMA_V1,CURRENT
685299,"Gordon, Tanner",2026,7,0,0.0,4.1,16.7,53.1,0.601,0.449,0.986,71.4,9.7,81.903742117,,,,SI,Sinker,3.0,38,0.0,0.571,1.429,0.821,-7.9,BASEBALL_SAVANT_PITCH_ARSENAL_CURRENT_SEASON,2026-08-28T17:22:48+00:00,SAVANT_ARSENAL_SCHEMA_V1,CURRENT
669022,"Gore, MacKenzie",2026,287,64,22.3,8.8,23.0,49.3,0.309,0.243,0.361,39.5,8.8,77.485875784,,,,FF,4-Seam Fastball,46.5,1187,20.5,0.247,0.39,0.32,1.0,BASEBALL_SAVANT_PITCH_ARSENAL_CURRENT_SEASON,2026-08-28T17:22:48+00:00,SAVANT_ARSENAL_SCHEMA_V1,CURRENT
669022,"Gore, MacKenzie",2026,115,33,28.7,8.8,31.2,49.3,0.318,0.247,0.427,48.0,8.8,77.485875784,,,,CU,Curveball,18.4,470,18.4,0.234,0.477,0.329,-1.1,BASEBALL_SAVANT_PITCH_ARSENAL_CURRENT_SEASON,2026-08-28T17:22:48+00:00,SAVANT_ARSENAL_SCHEMA_V1,CURRENT
669022,"Gore, MacKenzie",2026,78,32,41.0,8.8,41.7,49.3,0.211,0.191,0.287,24.4,8.8,77.485875784,,,,CH,Changeup,12.5,319,26.9,0.184,0.237,0.203,0.8,BASEBALL_SAVANT_PITCH_ARSENAL_CURRENT_SEASON,2026-08-28T17:22:48+00:00,SAVANT_ARSENAL_SCHEMA_V1,CURRENT
669022,"Gore, MacKenzie",2026,63,17,27.0,8.8,29.2,49.3,0.27,0.202,0.349,51.2,8.8,77.485875784,,,,SL,Slider,10.4,265,21.0,0.224,0.31,0.27,0.8,BASEBALL_SAVANT_PITCH_ARSENAL_CURRENT_SEASON,2026-08-28T17:22:48+00:00,SAVANT_ARSENAL_SCHEMA_V1,CURRENT
669022,"Gore, MacKenzie",2026,50,13,26.0,8.8,26.4,49.3,0.403,0.275,0.572,56.7,8.8,77.485875784,,,,FC,Cutter,6.8,174,27.7,0.256,0.651,0.419,-1.5,BASEBALL_SAVANT_PITCH_ARSENAL_CURRENT_SEASON,2026-08-28T17:22:48+00:00,SAVANT_ARSENAL_SCHEMA_V1,CURRENT
669022,"Gore, MacKenzie",2026,45,6,13.3,8.8,14.1,49.3,0.357,0.276,0.345,33.3,8.8,77.485875784,,,,SI,Sinker,5.4,137,18.2,0.278,0.417,0.379,0.1,BASEBALL_SAVANT_PITCH_ARSENAL_CURRENT_SEASON,2026-08-28T17:22:48+00:00,SAVANT_ARSENAL_SCHEMA_V1,CURRENT
543238,"Gose, Anthony",2026,2,0,0.0,0.0,0.0,41.7,0.043,0.045,0.052,0.0,0.0,84.2705,,,,FF,4-Seam Fastball,75.0,9,0.0,0.0,0.0,0.0,7.1,BASEBALL_SAVANT_PITCH_ARSENAL_CURRENT_SEASON,2026-08-28T17:22:48+00:00,SAVANT_ARSENAL_SCHEMA_V1,CURRENT
543238,"Gose, Anthony",2026,1,0,0.0,0.0,0.0,41.7,0.005,0.006,0.006,0.0,0.0,84.2705,,,,CH,Changeup,16.7,2,0.0,0.0,0.0,0.0,8.9,BASEBALL_SAVANT_PITCH_ARSENAL_CURRENT_SEASON,2026-08-28T17:22:48+00:00,SAVANT_ARSENAL_SCHEMA_V1,CURRENT
700669,"Graceffo, Gordon",2026,98,10,10.2,11.5,10.1,44.5,0.401,0.298,0.561,60.5,9.6,81.616577872,,,,FF,4-Seam Fastball,39.0,380,13.0,0.2,0.341,0.286,2.2,BASEBALL_SAVANT_PITCH_ARSENAL_CURRENT_SEASON,2026-08-28T17:22:48+00:00,SAVANT_ARSENAL_SCHEMA_V1,CURRENT
700669,"Graceffo, Gordon",2026,50,6,12.0,11.5,28.7,44.5,0.314,0.264,0.391,32.5,9.6,81.616577872,,,,FC,Cutter,16.7,163,15.4,0.244,0.333,0.282,1.2,BASEBALL_SAVANT_PITCH_ARSENAL_CURRENT_SEASON,2026-08-28T17:22:48+00:00,SAVANT_ARSENAL_SCHEMA_V1,CURRENT
700669,"Graceffo, Gordon",2026,39,11,28.2,11.5,27.4,44.5,0.284,0.212,0.37,44.0,9.6,81.616577872,,,,SL,Slider,14.5,141,20.0,0.212,0.394,0.271,-0.1,BASEBALL_SAVANT_PITCH_ARSENAL_CURRENT_SEASON,2026-08-28T17:22:48+00:00,SAVANT_ARSENAL_SCHEMA_V1,CURRENT
700669,"Graceffo, Gordon",2026,33,6,18.2,11.5,20.0,44.5,0.186,0.136,0.218,36.0,9.6,81.616577872,,,,CH,Changeup,12.4,121,15.4,0.065,0.097,0.108,2.9,BASEBALL_SAVANT_PITCH_ARSENAL_CURRENT_SEASON,2026-08-28T17:22:48+00:00,SAVANT_ARSENAL_SCHEMA_V1,CURRENT
700669,"Graceffo, Gordon",2026,24,6,25.0,11.5,15.2,44.5,0.416,0.271,0.584,35.7,9.6,81.616577872,,,,CU,Curveball,10.3,100,12.0,0.1,0.25,0.238,-0.5,BASEBALL_SAVANT_PITCH_ARSENAL_CURRENT_SEASON,2026-08-28T17:22:48+00:00,SAVANT_ARSENAL_SCHEMA_V1,CURRENT
700669,"Graceffo, Gordon",2026,16,3,18.8,11.5,21.7,44.5,0.315,0.151,0.169,0.0,9.6,81.616577872,,,,SI,Sinker,7.2,70,30.0,0.182,0.273,0.353,-1.1,BASEBALL_SAVANT_PITCH_ARSENAL_CURRENT_SEASON,2026-08-28T17:22:48+00:00,SAVANT_ARSENAL_SCHEMA_V1,CURRENT
701552,"Granillo, Andre",2026,30,3,10.0,16.0,12.2,37.4,0.348,0.297,0.454,32.0,13.2,82.122428889,,,,SL,Slider,59.6,118,12.0,0.321,0.571,0.402,-1.7,BASEBALL_SAVANT_PITCH_ARSENAL_CURRENT_SEASON,2026-08-28T17:22:48+00:00,SAVANT_ARSENAL_SCHEMA_V1,CURRENT
701552,"Granillo, Andre",2026,14,0,0.0,16.0,5.0,37.4,0.5,0.308,0.467,66.7,13.2,82.122428889,,,,FF,4-Seam Fastball,24.7,49,0.0,0.286,0.286,0.477,-1.9,BASEBALL_SAVANT_PITCH_ARSENAL_CURRENT_SEASON,2026-08-28T17:22:48+00:00,SAVANT_ARSENAL_SCHEMA_V1,CURRENT
701552,"Granillo, Andre",2026,6,0,0.0,16.0,8.3,37.4,0.394,0.255,0.294,25.0,13.2,82.122428889,,,,SI,Sinker,13.1,26,0.0,0.5,0.75,0.592,-5.6,BASEBALL_SAVANT_PITCH_ARSENAL_CURRENT_SEASON,2026-08-28T17:22:48+00:00,SAVANT_ARSENAL_SCHEMA_V1,CURRENT
682608,"Gray, Peyton",2026,87,27,31.0,6.8,21.5,49.4,0.299,0.224,0.367,49.0,7.6,75.493788077,,,,FF,4-Seam Fastball,41.4,376,22.7,0.247,0.403,0.344,0.9,BASEBALL_SAVANT_PITCH_ARSENAL_CURRENT_SEASON,2026-08-28T17:22:48+00:00,SAVANT_ARSENAL_SCHEMA_V1,CURRENT
682608,"Gray, Peyton",2026,111,28,25.2,6.8,29.6,49.4,0.263,0.218,0.339,22.1,7.6,75.493788077,,,,CH,Changeup,39.6,360,20.3,0.221,0.413,0.303,-0.5,BASEBALL_SAVANT_PITCH_ARSENAL_CURRENT_SEASON,2026-08-28T17:22:48+00:00,SAVANT_ARSENAL_SCHEMA_V1,CURRENT
682608,"Gray, Peyton",2026,36,2,5.6,6.8,23.6,49.4,0.358,0.291,0.485,40.6,7.6,75.493788077,,,,SL,Slider,18.9,172,11.8,0.313,0.563,0.457,-2.4,BASEBALL_SAVANT_PITCH_ARSENAL_CURRENT_SEASON,2026-08-28T17:22:48+00:00,SAVANT_ARSENAL_SCHEMA_V1,CURRENT
543243,"Gray, Sonny",2026,146,41,28.1,6.3,15.6,47.0,0.264,0.219,0.309,37.2,6.6,78.88201161,,,,SI,Sinker,21.1,445,27.3,0.207,0.281,0.252,2.1,BASEBALL_SAVANT_PITCH_ARSENAL_CURRENT_SEASON,2026-08-28T17:22:48+00:00,SAVANT_ARSENAL_SCHEMA_V1,CURRENT
543243,"Gray, Sonny",2026,138,63,45.7,6.3,39.0,47.0,0.198,0.173,0.27,41.1,6.6,78.88201161,,,,ST,Sweeper,20.1,425,24.0,0.14,0.243,0.173,1.3,BASEBALL_SAVANT_PITCH_ARSENAL_CURRENT_SEASON,2026-08-28T17:22:48+00:00,SAVANT_ARSENAL_SCHEMA_V1,CURRENT
543243,"Gray, Sonny",2026,109,3,2.8,6.3,16.1,47.0,0.368,0.308,0.487,38.5,6.6,78.88201161,,,,FC,Cutter,19.3,408,9.1,0.316,0.5,0.388,0.0,BASEBALL_SAVANT_PITCH_ARSENAL_CURRENT_SEASON,2026-08-28T17:22:48+00:00,SAVANT_ARSENAL_SCHEMA_V1,CURRENT
543243,"Gray, Sonny",2026,110,7,6.4,6.3,11.3,47.0,0.381,0.316,0.469,37.8,6.6,78.88201161,,,,FF,4-Seam Fastball,17.4,368,21.9,0.32,0.505,0.411,0.4,BASEBALL_SAVANT_PITCH_ARSENAL_CURRENT_SEASON,2026-08-28T17:22:48+00:00,SAVANT_ARSENAL_SCHEMA_V1,CURRENT
543243,"Gray, Sonny",2026,65,14,21.5,6.3,32.9,47.0,0.329,0.272,0.43,42.2,6.6,78.88201161,,,,CU,Curveball,16.7,352,22.6,0.333,0.596,0.425,-1.6,BASEBALL_SAVANT_PITCH_ARSENAL_CURRENT_SEASON,2026-08-28T17:22:48+00:00,SAVANT_ARSENAL_SCHEMA_V1,CURRENT
543243,"Gray, Sonny",2026,18,0,0.0,6.3,17.5,47.0,0.298,0.299,0.384,22.2,6.6,78.88201161,,,,CH,Changeup,5.4,115,0.0,0.222,0.333,0.239,0.2,BASEBALL_SAVANT_PITCH_ARSENAL_CURRENT_SEASON,2026-08-28T17:22:48+00:00,SAVANT_ARSENAL_SCHEMA_V1,CURRENT
668881,"Greene, Hunter",2026,60,12,20.0,7.4,16.5,53.3,0.343,0.25,0.445,53.7,5.1,79.592857692,,,,FF,4-Seam Fastball,52.0,237,17.6,0.189,0.34,0.315,0.8,BASEBALL_SAVANT_PITCH_ARSENAL_CURRENT_SEASON,2026-08-28T17:22:48+00:00,SAVANT_ARSENAL_SCHEMA_V1,CURRENT
668881,"Greene, Hunter",2026,35,14,40.0,7.4,46.3,53.3,0.337,0.281,0.484,57.9,5.1,79.592857692,,,,SL,Slider,31.8,145,29.2,0.344,0.625,0.416,-3.7,BASEBALL_SAVANT_PITCH_ARSENAL_CURRENT_SEASON,2026-08-28T17:22:48+00:00,SAVANT_ARSENAL_SCHEMA_V1,CURRENT
668881,"Greene, Hunter",2026,15,7,46.7,7.4,28.6,53.3,0.096,0.101,0.12,12.5,5.1,79.592857692,,,,FS,Split-Finger,10.1,46,46.7,0.133,0.133,0.12,2.9,BASEBALL_SAVANT_PITCH_ARSENAL_CURRENT_SEASON,2026-08-28T17:22:48+00:00,SAVANT_ARSENAL_SCHEMA_V1,CURRENT
668881,"Greene, Hunter",2026,11,0,0.0,7.4,14.3,53.3,0.504,0.541,0.616,27.3,5.1,79.592857692,,,,SI,Sinker,6.1,28,0.0,0.545,0.636,0.523,-5.3,BASEBALL_SAVANT_PITCH_ARSENAL_CURRENT_SEASON,2026-08-28T17:22:48+00:00,SAVANT_ARSENAL_SCHEMA_V1,CURRENT
656492,"Griffin, Foster",2026,211,31,14.7,6.2,20.3,48.5,0.329,0.264,0.452,38.3,9.1,75.975109242,,,,FC,Cutter,32.5,790,16.1,0.224,0.413,0.303,1.5,BASEBALL_SAVANT_PITCH_ARSENAL_CURRENT_SEASON,2026-08-28T17:22:48+00:00,SAVANT_ARSENAL_SCHEMA_V1,CURRENT
656492,"Griffin, Foster",2026,93,29,31.2,6.2,17.3,48.5,0.331,0.217,0.39,37.5,9.1,75.975109242,,,,FF,4-Seam Fastball,16.6,403,16.7,0.211,0.395,0.33,-0.6,BASEBALL_SAVANT_PITCH_ARSENAL_CURRENT_SEASON,2026-08-28T17:22:48+00:00,SAVANT_ARSENAL_SCHEMA_V1,CURRENT
656492,"Griffin, Foster",2026,85,28,32.9,6.2,31.0,48.5,0.334,0.273,0.482,48.1,9.1,75.975109242,,,,ST,Sweeper,14.4,349,23.5,0.256,0.5,0.332,-0.2,BASEBALL_SAVANT_PITCH_ARSENAL_CURRENT_SEASON,2026-08-28T17:22:48+00:00,SAVANT_ARSENAL_SCHEMA_V1,CURRENT
656492,"Griffin, Foster",2026,67,11,16.4,6.2,32.8,48.5,0.268,0.225,0.292,28.0,9.1,75.975109242,,,,CH,Changeup,11.1,270,17.7,0.164,0.197,0.255,0.9,BASEBALL_SAVANT_PITCH_ARSENAL_CURRENT_SEASON,2026-08-28T17:22:48+00:00,SAVANT_ARSENAL_SCHEMA_V1,CURRENT
656492,"Griffin, Foster",2026,47,4,8.5,6.2,17.3,48.5,0.348,0.265,0.379,31.4,9.1,75.975109242,,,,SI,Sinker,9.7,237,12.5,0.231,0.308,0.353,1.0,BASEBALL_SAVANT_PITCH_ARSENAL_CURRENT_SEASON,2026-08-28T17:22:48+00:00,SAVANT_ARSENAL_SCHEMA_V1,CURRENT
656492,"Griffin, Foster",2026,59,13,22.0,6.2,24.8,48.5,0.356,0.314,0.537,41.3,9.1,75.975109242,,,,CU,Curveball,9.5,230,19.4,0.345,0.603,0.413,-3.3,BASEBALL_SAVANT_PITCH_ARSENAL_CURRENT_SEASON,2026-08-28T17:22:48+00:00,SAVANT_ARSENAL_SCHEMA_V1,CURRENT
656492,"Griffin, Foster",2026,48,18,37.5,6.2,26.6,48.5,0.204,0.204,0.269,33.3,9.1,75.975109242,,,,FS,Split-Finger,6.3,152,14.0,0.208,0.271,0.209,-0.3,BASEBALL_SAVANT_PITCH_ARSENAL_CURRENT_SEASON,2026-08-28T17:22:48+00:00,SAVANT_ARSENAL_SCHEMA_V1,CURRENT
675627,"Grove, Michael",2026,10,4,40.0,0.0,44.4,50.6,0.215,0.162,0.221,33.3,18.2,80.771469091,,,,SL,Slider,38.2,34,22.2,0.111,0.111,0.09,4.5,BASEBALL_SAVANT_PITCH_ARSENAL_CURRENT_SEASON,2026-08-28T17:22:48+00:00,SAVANT_ARSENAL_SCHEMA_V1,CURRENT
675627,"Grove, Michael",2026,5,0,0.0,0.0,10.0,50.6,0.383,0.244,0.69,20.0,18.2,80.771469091,,,,SI,Sinker,20.2,18,0.0,0.2,0.8,0.4,-0.1,BASEBALL_SAVANT_PITCH_ARSENAL_CURRENT_SEASON,2026-08-28T17:22:48+00:00,SAVANT_ARSENAL_SCHEMA_V1,CURRENT
675627,"Grove, Michael",2026,6,1,16.7,0.0,0.0,50.6,0.592,0.437,0.998,40.0,18.2,80.771469091,,,,FF,4-Seam Fastball,18.0,16,50.0,0.5,1.167,0.692,-11.0,BASEBALL_SAVANT_PITCH_ARSENAL_CURRENT_SEASON,2026-08-28T17:22:48+00:00,SAVANT_ARSENAL_SCHEMA_V1,CURRENT
675627,"Grove, Michael",2026,5,0,0.0,0.0,25.0,50.6,0.839,0.495,1.53,60.0,18.2,80.771469091,,,,FC,Cutter,15.7,14,0.0,0.4,1.0,0.58,-16.5,BASEBALL_SAVANT_PITCH_ARSENAL_CURRENT_SEASON,2026-08-28T17:22:48+00:00,SAVANT_ARSENAL_SCHEMA_V1,CURRENT
675627,"Grove, Michael",2026,2,1,50.0,0.0,50.0,50.6,0.018,0.019,0.019,0.0,18.2,80.771469091,,,,CU,Curveball,7.9,7,100.0,0.0,0.0,0.0,8.1,BASEBALL_SAVANT_PITCH_ARSENAL_CURRENT_SEASON,2026-08-28T17:22:48+00:00,SAVANT_ARSENAL_SCHEMA_V1,CURRENT
594027,"Guerrero, Tyron",2026,119,27,22.7,4.1,22.9,56.7,0.248,0.217,0.299,34.9,3.9,72.783441837,,,,SI,Sinker,85.3,457,22.1,0.232,0.277,0.248,2.1,BASEBALL_SAVANT_PITCH_ARSENAL_CURRENT_SEASON,2026-08-28T17:22:48+00:00,SAVANT_ARSENAL_SCHEMA_V1,CURRENT
594027,"Guerrero, Tyron",2026,18,6,33.3,4.1,29.0,56.7,0.182,0.153,0.199,18.2,3.9,72.783441837,,,,SL,Slider,10.4,56,20.0,0.176,0.235,0.258,-0.8,BASEBALL_SAVANT_PITCH_ARSENAL_CURRENT_SEASON,2026-08-28T17:22:48+00:00,SAVANT_ARSENAL_SCHEMA_V1,CURRENT
594027,"Guerrero, Tyron",2026,9,2,22.2,4.1,26.7,56.7,0.459,0.399,0.678,42.9,3.9,72.783441837,,,,FS,Split-Finger,4.3,23,13.3,0.444,0.778,0.522,-7.5,BASEBALL_SAVANT_PITCH_ARSENAL_CURRENT_SEASON,2026-08-28T17:22:48+00:00,SAVANT_ARSENAL_SCHEMA_V1,CURRENT
687473,"Gusto, Ryan",2026,81,25,30.9,6.4,22.0,49.6,0.342,0.26,0.452,52.1,8.3,79.35416068,,,,FF,4-Seam Fastball,27.8,280,23.8,0.233,0.397,0.312,0.0,BASEBALL_SAVANT_PITCH_ARSENAL_CURRENT_SEASON,2026-08-28T17:22:48+00:00,SAVANT_ARSENAL_SCHEMA_V1,CURRENT
687473,"Gusto, Ryan",2026,33,5,15.2,6.4,21.7,49.6,0.312,0.223,0.34,34.8,8.3,79.35416068,,,,CH,Changeup,14.8,149,8.5,0.143,0.25,0.248,1.3,BASEBALL_SAVANT_PITCH_ARSENAL_CURRENT_SEASON,2026-08-28T17:22:48+00:00,SAVANT_ARSENAL_SCHEMA_V1,CURRENT
687473,"Gusto, Ryan",2026,33,5,15.2,6.4,16.4,49.6,0.31,0.253,0.414,34.6,8.3,79.35416068,,,,ST,Sweeper,13.2,133,16.1,0.258,0.452,0.326,0.3,BASEBALL_SAVANT_PITCH_ARSENAL_CURRENT_SEASON,2026-08-28T17:22:48+00:00,SAVANT_ARSENAL_SCHEMA_V1,CURRENT
687473,"Gusto, Ryan",2026,32,3,9.4,6.4,27.9,49.6,0.302,0.27,0.363,37.0,8.3,79.35416068,,,,FC,Cutter,13.1,132,12.0,0.2,0.267,0.263,2.1,BASEBALL_SAVANT_PITCH_ARSENAL_CURRENT_SEASON,2026-08-28T17:22:48+00:00,SAVANT_ARSENAL_SCHEMA_V1,CURRENT
687473,"Gusto, Ryan",2026,29,4,13.8,6.4,17.9,49.6,0.349,0.307,0.406,45.5,8.3,79.35416068,,,,SI,Sinker,12.7,128,25.0,0.423,0.615,0.507,-1.8,BASEBALL_SAVANT_PITCH_ARSENAL_CURRENT_SEASON,2026-08-28T17:22:48+00:00,SAVANT_ARSENAL_SCHEMA_V1,CURRENT
687473,"Gusto, Ryan",2026,41,6,14.6,6.4,19.1,49.6,0.321,0.277,0.472,47.1,8.3,79.35416068,,,,SL,Slider,11.0,111,16.2,0.231,0.487,0.346,-1.0,BASEBALL_SAVANT_PITCH_ARSENAL_CURRENT_SEASON,2026-08-28T17:22:48+00:00,SAVANT_ARSENAL_SCHEMA_V1,CURRENT
687473,"Gusto, Ryan",2026,31,5,16.1,6.4,20.0,49.6,0.327,0.306,0.43,48.0,8.3,79.35416068,,,,CU,Curveball,7.5,76,19.2,0.367,0.467,0.405,-2.1,BASEBALL_SAVANT_PITCH_ARSENAL_CURRENT_SEASON,2026-08-28T17:22:48+00:00,SAVANT_ARSENAL_SCHEMA_V1,CURRENT
672782,"Gómez, Yoendrys",2026,109,25,22.9,12.0,24.0,47.4,0.395,0.266,0.508,50.0,9.1,77.672239878,,,,FF,4-Seam Fastball,46.4,433,18.1,0.236,0.461,0.376,-0.6,BASEBALL_SAVANT_PITCH_ARSENAL_CURRENT_SEASON,2026-08-28T17:22:48+00:00,SAVANT_ARSENAL_SCHEMA_V1,CURRENT
672782,"Gómez, Yoendrys",2026,57,20,35.1,12.0,36.3,47.4,0.216,0.176,0.306,37.8,9.1,77.672239878,,,,ST,Sweeper,23.8,222,18.9,0.196,0.286,0.205,0.3,BASEBALL_SAVANT_PITCH_ARSENAL_CURRENT_SEASON,2026-08-28T17:22:48+00:00,SAVANT_ARSENAL_SCHEMA_V1,CURRENT
672782,"Gómez, Yoendrys",2026,39,4,10.3,12.0,21.0,47.4,0.379,0.286,0.49,46.7,9.1,77.672239878,,,,FC,Cutter,14.8,138,22.2,0.235,0.412,0.331,0.4,BASEBALL_SAVANT_PITCH_ARSENAL_CURRENT_SEASON,2026-08-28T17:22:48+00:00,SAVANT_ARSENAL_SCHEMA_V1,CURRENT
672782,"Gómez, Yoendrys",2026,26,1,3.8,12.0,16.7,47.4,0.427,0.341,0.537,28.6,9.1,77.672239878,,,,SI,Sinker,9.9,92,10.0,0.238,0.238,0.292,2.4,BASEBALL_SAVANT_PITCH_ARSENAL_CURRENT_SEASON,2026-08-28T17:22:48+00:00,SAVANT_ARSENAL_SCHEMA_V1,CURRENT
672782,"Gómez, Yoendrys",2026,8,1,12.5,12.0,11.1,47.4,0.346,0.309,0.36,33.3,9.1,77.672239878,,,,CH,Changeup,5.1,48,6.7,0.286,0.286,0.313,-1.3,BASEBALL_SAVANT_PITCH_ARSENAL_CURRENT_SEASON,2026-08-28T17:22:48+00:00,SAVANT_ARSENAL_SCHEMA_V1,CURRENT
623352,"Hader, Josh",2026,77,31,40.3,8.7,31.6,53.8,0.172,0.119,0.199,36.6,8.6,74.766716,,,,SI,Sinker,63.1,321,26.5,0.097,0.153,0.146,3.9,BASEBALL_SAVANT_PITCH_ARSENAL_CURRENT_SEASON,2026-08-28T17:22:48+00:00,SAVANT_ARSENAL_SCHEMA_V1,CURRENT
623352,"Hader, Josh",2026,50,15,30.0,8.7,46.4,53.8,0.298,0.212,0.36,34.5,8.6,74.766716,,,,SL,Slider,36.9,188,20.8,0.136,0.159,0.199,2.2,BASEBALL_SAVANT_PITCH_ARSENAL_CURRENT_SEASON,2026-08-28T17:22:48+00:00,SAVANT_ARSENAL_SCHEMA_V1,CURRENT
669084,"Hall, DL",2026,58,5,8.6,16.2,8.4,41.1,0.347,0.268,0.349,28.6,5.2,76.792390417,,,,SI,Sinker,35.0,257,10.6,0.152,0.152,0.261,2.0,BASEBALL_SAVANT_PITCH_ARSENAL_CURRENT_SEASON,2026-08-28T17:22:48+00:00,SAVANT_ARSENAL_SCHEMA_V1,CURRENT
669084,"Hall, DL",2026,24,8,33.3,16.2,40.4,41.1,0.26,0.195,0.321,28.6,5.2,76.792390417,,,,CH,Changeup,16.3,120,23.5,0.227,0.409,0.344,-1.4,BASEBALL_SAVANT_PITCH_ARSENAL_CURRENT_SEASON,2026-08-28T17:22:48+00:00,SAVANT_ARSENAL_SCHEMA_V1,CURRENT
669084,"Hall, DL",2026,22,10,45.5,16.2,26.8,41.1,0.178,0.104,0.115,22.2,5.2,76.792390417,,,,CU,Curveball,15.2,112,25.6,0.053,0.105,0.193,1.7,BASEBALL_SAVANT_PITCH_ARSENAL_CURRENT_SEASON,2026-08-28T17:22:48+00:00,SAVANT_ARSENAL_SCHEMA_V1,CURRENT
669084,"Hall, DL",2026,33,9,27.3,16.2,30.6,41.1,0.363,0.202,0.306,50.0,5.2,76.792390417,,,,FF,4-Seam Fastball,15.0,110,19.1,0.217,0.478,0.415,-2.0,BASEBALL_SAVANT_PITCH_ARSENAL_CURRENT_SEASON,2026-08-28T17:22:48+00:00,SAVANT_ARSENAL_SCHEMA_V1,CURRENT
669084,"Hall, DL",2026,19,6,31.6,16.2,42.1,41.1,0.204,0.144,0.196,9.1,5.2,76.792390417,,,,SL,Slider,8.8,65,35.3,0.118,0.176,0.187,3.8,BASEBALL_SAVANT_PITCH_ARSENAL_CURRENT_SEASON,2026-08-28T17:22:48+00:00,SAVANT_ARSENAL_SCHEMA_V1,CURRENT
669084,"Hall, DL",2026,15,9,60.0,16.2,51.6,41.1,0.136,0.098,0.228,50.0,5.2,76.792390417,,,,ST,Sweeper,8.8,65,24.3,0.0,0.0,0.0,3.4,BASEBALL_SAVANT_PITCH_ARSENAL_CURRENT_SEASON,2026-08-28T17:22:48+00:00,SAVANT_ARSENAL_SCHEMA_V1,CURRENT
669084,"Hall, DL",2026,2,0,0.0,16.2,0.0,41.1,0.375,0.055,0.059,0.0,5.2,76.792390417,,,,FC,Cutter,80.0,6,,0.0,0.0,0.35,-0.4,BASEBALL_SAVANT_PITCH_ARSENAL_CURRENT_SEASON,2026-08-28T17:22:48+00:00,SAVANT_ARSENAL_SCHEMA_V1,CURRENT
678020,"Halvorsen, Seth",2026,66,6,9.1,16.0,12.3,46.6,0.413,0.334,0.491,40.8,6.0,81.22622697,,,,FF,4-Seam Fastball,63.2,244,11.3,0.309,0.509,0.422,-2.5,BASEBALL_SAVANT_PITCH_ARSENAL_CURRENT_SEASON,2026-08-28T17:22:48+00:00,SAVANT_ARSENAL_SCHEMA_V1,CURRENT
678020,"Halvorsen, Seth",2026,24,8,33.3,16.0,42.0,46.6,0.248,0.216,0.263,21.4,6.0,81.22622697,,,,SL,Slider,29.0,112,19.5,0.136,0.182,0.223,0.6,BASEBALL_SAVANT_PITCH_ARSENAL_CURRENT_SEASON,2026-08-28T17:22:48+00:00,SAVANT_ARSENAL_SCHEMA_V1,CURRENT
678020,"Halvorsen, Seth",2026,8,3,37.5,16.0,37.5,46.6,0.633,0.402,1.112,50.0,6.0,81.22622697,,,,FS,Split-Finger,7.8,30,27.3,0.286,0.714,0.45,-7.1,BASEBALL_SAVANT_PITCH_ARSENAL_CURRENT_SEASON,2026-08-28T17:22:48+00:00,SAVANT_ARSENAL_SCHEMA_V1,CURRENT
641656,"Hamilton, Ian",2026,16,3,18.8,13.0,32.1,45.7,0.32,0.285,0.328,45.5,0.0,82.314115,,,,SL,Slider,62.0,57,17.6,0.286,0.429,0.469,-3.2,BASEBALL_SAVANT_PITCH_ARSENAL_CURRENT_SEASON,2026-08-28T17:22:48+00:00,SAVANT_ARSENAL_SCHEMA_V1,CURRENT
641656,"Hamilton, Ian",2026,5,1,20.0,13.0,22.2,45.7,0.385,0.309,0.403,66.7,0.0,82.314115,,,,FF,4-Seam Fastball,27.2,25,16.7,0.25,0.25,0.32,1.4,BASEBALL_SAVANT_PITCH_ARSENAL_CURRENT_SEASON,2026-08-28T17:22:48+00:00,SAVANT_ARSENAL_SCHEMA_V1,CURRENT
641656,"Hamilton, Ian",2026,2,0,0.0,13.0,20.0,45.7,0.409,0.45,0.459,50.0,0.0,82.314115,,,,SI,Sinker,10.9,10,,0.5,0.5,0.45,-2.8,BASEBALL_SAVANT_PITCH_ARSENAL_CURRENT_SEASON,2026-08-28T17:22:48+00:00,SAVANT_ARSENAL_SCHEMA_V1,CURRENT
676106,"Hancock, Emerson",2026,226,59,26.1,5.9,23.3,51.8,0.319,0.24,0.451,49.3,8.2,78.98619836,,,,FF,4-Seam Fastball,39.2,824,20.1,0.213,0.379,0.29,1.7,BASEBALL_SAVANT_PITCH_ARSENAL_CURRENT_SEASON,2026-08-28T17:22:48+00:00,SAVANT_ARSENAL_SCHEMA_V1,CURRENT
676106,"Hancock, Emerson",2026,151,10,6.6,5.9,11.7,51.8,0.37,0.322,0.463,47.2,8.2,78.98619836,,,,SI,Sinker,23.7,498,13.3,0.324,0.449,0.376,0.8,BASEBALL_SAVANT_PITCH_ARSENAL_CURRENT_SEASON,2026-08-28T17:22:48+00:00,SAVANT_ARSENAL_SCHEMA_V1,CURRENT
676106,"Hancock, Emerson",2026,71,32,45.1,5.9,38.0,51.8,0.151,0.128,0.161,11.1,8.2,78.98619836,,,,ST,Sweeper,16.2,341,20.3,0.132,0.221,0.176,0.3,BASEBALL_SAVANT_PITCH_ARSENAL_CURRENT_SEASON,2026-08-28T17:22:48+00:00,SAVANT_ARSENAL_SCHEMA_V1,CURRENT
676106,"Hancock, Emerson",2026,42,7,16.7,5.9,33.3,51.8,0.303,0.203,0.448,31.3,8.2,78.98619836,,,,FC,Cutter,11.5,241,14.9,0.184,0.447,0.287,0.7,BASEBALL_SAVANT_PITCH_ARSENAL_CURRENT_SEASON,2026-08-28T17:22:48+00:00,SAVANT_ARSENAL_SCHEMA_V1,CURRENT
676106,"Hancock, Emerson",2026,25,3,12.0,5.9,21.4,51.8,0.275,0.203,0.451,31.8,8.2,78.98619836,,,,CH,Changeup,5.0,105,12.5,0.28,0.52,0.376,-4.7,BASEBALL_SAVANT_PITCH_ARSENAL_CURRENT_SEASON,2026-08-28T17:22:48+00:00,SAVANT_ARSENAL_SCHEMA_V1,CURRENT
676106,"Hancock, Emerson",2026,27,14,51.9,5.9,40.0,51.8,0.24,0.215,0.252,18.2,8.2,78.98619836,,,,CU,Curveball,4.5,95,20.9,0.24,0.28,0.265,-2.2,BASEBALL_SAVANT_PITCH_ARSENAL_CURRENT_SEASON,2026-08-28T17:22:48+00:00,SAVANT_ARSENAL_SCHEMA_V1,CURRENT
669724,"Hanifee, Brenan",2026,64,3,4.7,7.5,10.2,45.5,0.359,0.327,0.414,45.5,8.1,80.043368056,,,,SI,Sinker,60.7,195,7.7,0.316,0.474,0.381,-0.1,BASEBALL_SAVANT_PITCH_ARSENAL_CURRENT_SEASON,2026-08-28T17:22:48+00:00,SAVANT_ARSENAL_SCHEMA_V1,CURRENT
669724,"Hanifee, Brenan",2026,13,4,30.8,7.5,21.7,45.5,0.396,0.269,0.689,66.7,8.1,80.043368056,,,,SL,Slider,23.1,74,15.4,0.308,0.615,0.388,-1.1,BASEBALL_SAVANT_PITCH_ARSENAL_CURRENT_SEASON,2026-08-28T17:22:48+00:00,SAVANT_ARSENAL_SCHEMA_V1,CURRENT
669724,"Hanifee, Brenan",2026,7,3,42.9,7.5,35.7,45.5,0.341,0.188,0.484,33.3,8.1,80.043368056,,,,FF,4-Seam Fastball,8.4,27,14.3,0.0,0.0,0.1,2.8,BASEBALL_SAVANT_PITCH_ARSENAL_CURRENT_SEASON,2026-08-28T17:22:48+00:00,SAVANT_ARSENAL_SCHEMA_V1,CURRENT
669724,"Hanifee, Brenan",2026,8,0,0.0,7.5,9.1,45.5,0.437,0.255,0.805,25.0,8.1,80.043368056,,,,CH,Changeup,7.8,25,0.0,0.25,1.0,0.5,-5.5,BASEBALL_SAVANT_PITCH_ARSENAL_CURRENT_SEASON,2026-08-28T17:22:48+00:00,SAVANT_ARSENAL_SCHEMA_V1,CURRENT
690440,"Hanner, Bradley",2026,11,4,36.4,0.0,25.0,54.9,0.357,0.255,0.6,71.4,16.7,89.940901667,,,,FF,4-Seam Fastball,53.5,38,28.6,0.273,0.818,0.445,-5.5,BASEBALL_SAVANT_PITCH_ARSENAL_CURRENT_SEASON,2026-08-28T17:22:48+00:00,SAVANT_ARSENAL_SCHEMA_V1,CURRENT
690440,"Hanner, Bradley",2026,3,0,0.0,0.0,0.0,54.9,0.564,0.566,0.734,66.7,16.7,89.940901667,,,,SI,Sinker,23.9,17,0.0,0.333,1.0,0.833,-4.2,BASEBALL_SAVANT_PITCH_ARSENAL_CURRENT_SEASON,2026-08-28T17:22:48+00:00,SAVANT_ARSENAL_SCHEMA_V1,CURRENT
690440,"Hanner, Bradley",2026,4,2,50.0,0.0,50.0,54.9,0.327,0.352,0.398,50.0,16.7,89.940901667,,,,ST,Sweeper,22.5,16,33.3,0.5,0.5,0.45,-6.5,BASEBALL_SAVANT_PITCH_ARSENAL_CURRENT_SEASON,2026-08-28T17:22:48+00:00,SAVANT_ARSENAL_SCHEMA_V1,CURRENT
663687,"Harris, Hogan",2026,166,47,28.3,13.7,23.5,43.1,0.313,0.215,0.325,35.6,5.5,76.732314306,,,,FF,4-Seam Fastball,59.7,668,22.6,0.243,0.353,0.339,0.5,BASEBALL_SAVANT_PITCH_ARSENAL_CURRENT_SEASON,2026-08-28T17:22:48+00:00,SAVANT_ARSENAL_SCHEMA_V1,CURRENT
663687,"Harris, Hogan",2026,74,26,35.1,13.7,32.0,43.1,0.278,0.191,0.301,31.6,5.5,76.732314306,,,,CU,Curveball,26.8,300,25.2,0.188,0.25,0.26,0.5,BASEBALL_SAVANT_PITCH_ARSENAL_CURRENT_SEASON,2026-08-28T17:22:48+00:00,SAVANT_ARSENAL_SCHEMA_V1,CURRENT
663687,"Harris, Hogan",2026,11,2,18.2,13.7,30.8,43.1,0.189,0.151,0.159,0.0,5.5,76.732314306,,,,SL,Slider,7.2,81,9.1,0.2,0.2,0.227,-0.4,BASEBALL_SAVANT_PITCH_ARSENAL_CURRENT_SEASON,2026-08-28T17:22:48+00:00,SAVANT_ARSENAL_SCHEMA_V1,CURRENT
663687,"Harris, Hogan",2026,7,1,14.3,13.7,26.7,43.1,0.268,0.202,0.433,33.3,5.5,76.732314306,,,,CH,Changeup,4.6,51,14.3,0.429,1.286,0.7,-6.5,BASEBALL_SAVANT_PITCH_ARSENAL_CURRENT_SEASON,2026-08-28T17:22:48+00:00,SAVANT_ARSENAL_SCHEMA_V1,CURRENT
663687,"Harris, Hogan",2026,2,0,0.0,13.7,0.0,43.1,0.316,0.339,0.382,50.0,5.5,76.732314306,,,,FC,Cutter,1.3,14,,0.5,0.5,0.45,-2.3,BASEBALL_SAVANT_PITCH_ARSENAL_CURRENT_SEASON,2026-08-28T17:22:48+00:00,SAVANT_ARSENAL_SCHEMA_V1,CURRENT
663687,"Harris, Hogan",2026,1,0,0.0,13.7,0.0,43.1,0.452,0.469,0.626,100.0,5.5,76.732314306,,,,SV,Slurve,40.0,4,0.0,1.0,1.0,0.9,-18.5,BASEBALL_SAVANT_PITCH_ARSENAL_CURRENT_SEASON,2026-08-28T17:22:48+00:00,SAVANT_ARSENAL_SCHEMA_V1,CURRENT
805345,"Harris, Trent",2026,14,3,21.4,11.4,20.0,41.5,0.188,0.111,0.128,11.1,0.0,70.091611667,,,,FC,Cutter,29.8,56,25.0,0.167,0.167,0.229,2.3,BASEBALL_SAVANT_PITCH_ARSENAL_CURRENT_SEASON,2026-08-28T17:22:48+00:00,SAVANT_ARSENAL_SCHEMA_V1,CURRENT
805345,"Harris, Trent",2026,8,1,12.5,11.4,10.5,41.5,0.392,0.327,0.486,33.3,0.0,70.091611667,,,,ST,Sweeper,26.6,50,6.7,0.429,0.714,0.513,-2.6,BASEBALL_SAVANT_PITCH_ARSENAL_CURRENT_SEASON,2026-08-28T17:22:48+00:00,SAVANT_ARSENAL_SCHEMA_V1,CURRENT
805345,"Harris, Trent",2026,9,5,55.6,11.4,36.8,41.5,0.256,0.266,0.325,50.0,0.0,70.091611667,,,,SI,Sinker,23.9,45,45.5,0.333,0.556,0.378,0.8,BASEBALL_SAVANT_PITCH_ARSENAL_CURRENT_SEASON,2026-08-28T17:22:48+00:00,SAVANT_ARSENAL_SCHEMA_V1,CURRENT
805345,"Harris, Trent",2026,13,6,46.2,11.4,40.0,41.5,0.184,0.083,0.127,20.0,0.0,70.091611667,,,,CU,Curveball,19.7,37,25.0,0.091,0.182,0.204,1.3,BASEBALL_SAVANT_PITCH_ARSENAL_CURRENT_SEASON,2026-08-28T17:22:48+00:00,SAVANT_ARSENAL_SCHEMA_V1,CURRENT
690986,"Harrison, Kyle",2026,242,82,33.9,6.4,30.1,48.6,0.292,0.22,0.37,42.0,6.8,78.557454198,,,,FF,4-Seam Fastball,57.8,1031,23.4,0.236,0.409,0.314,0.9,BASEBALL_SAVANT_PITCH_ARSENAL_CURRENT_SEASON,2026-08-28T17:22:48+00:00,SAVANT_ARSENAL_SCHEMA_V1,CURRENT
690986,"Harrison, Kyle",2026,135,40,29.6,6.4,29.3,48.6,0.222,0.192,0.26,25.0,6.8,78.557454198,,,,SV,Slurve,31.3,558,20.2,0.156,0.211,0.208,1.9,BASEBALL_SAVANT_PITCH_ARSENAL_CURRENT_SEASON,2026-08-28T17:22:48+00:00,SAVANT_ARSENAL_SCHEMA_V1,CURRENT
690986,"Harrison, Kyle",2026,37,5,13.5,6.4,25.0,48.6,0.338,0.299,0.465,38.7,6.8,78.557454198,,,,CH,Changeup,8.9,158,10.6,0.306,0.583,0.409,-2.8,BASEBALL_SAVANT_PITCH_ARSENAL_CURRENT_SEASON,2026-08-28T17:22:48+00:00,SAVANT_ARSENAL_SCHEMA_V1,CURRENT
690986,"Harrison, Kyle",2026,8,0,0.0,6.4,11.8,48.6,0.594,0.515,0.883,37.5,6.8,78.557454198,,,,SI,Sinker,2.1,38,0.0,0.75,1.375,0.9,-8.8,BASEBALL_SAVANT_PITCH_ARSENAL_CURRENT_SEASON,2026-08-28T17:22:48+00:00,SAVANT_ARSENAL_SCHEMA_V1,CURRENT
606996,"Hart, Kyle",2026,65,16,24.6,8.0,13.5,43.9,0.237,0.188,0.228,19.0,5.9,75.982725479,,,,SI,Sinker,29.8,267,25.0,0.175,0.193,0.219,2.1,BASEBALL_SAVANT_PITCH_ARSENAL_CURRENT_SEASON,2026-08-28T17:22:48+00:00,SAVANT_ARSENAL_SCHEMA_V1,CURRENT
606996,"Hart, Kyle",2026,53,10,18.9,8.0,23.8,43.9,0.264,0.207,0.327,33.3,5.9,75.982725479,,,,ST,Sweeper,26.2,235,13.2,0.245,0.429,0.324,-0.1,BASEBALL_SAVANT_PITCH_ARSENAL_CURRENT_SEASON,2026-08-28T17:22:48+00:00,SAVANT_ARSENAL_SCHEMA_V1,CURRENT
606996,"Hart, Kyle",2026,44,14,31.8,8.0,37.4,43.9,0.211,0.163,0.212,19.2,5.9,75.982725479,,,,FS,Split-Finger,20.2,181,16.5,0.184,0.289,0.239,0.4,BASEBALL_SAVANT_PITCH_ARSENAL_CURRENT_SEASON,2026-08-28T17:22:48+00:00,SAVANT_ARSENAL_SCHEMA_V1,CURRENT
606996,"Hart, Kyle",2026,31,2,6.5,8.0,20.3,43.9,0.446,0.345,0.694,42.9,5.9,75.982725479,,,,SL,Slider,14.6,131,16.7,0.345,0.586,0.452,-0.5,BASEBALL_SAVANT_PITCH_ARSENAL_CURRENT_SEASON,2026-08-28T17:22:48+00:00,SAVANT_ARSENAL_SCHEMA_V1,CURRENT
606996,"Hart, Kyle",2026,31,8,25.8,8.0,5.9,43.9,0.334,0.216,0.399,33.3,5.9,75.982725479,,,,FF,4-Seam Fastball,9.2,82,21.6,0.2,0.44,0.338,-2.2,BASEBALL_SAVANT_PITCH_ARSENAL_CURRENT_SEASON,2026-08-28T17:22:48+00:00,SAVANT_ARSENAL_SCHEMA_V1,CURRENT
664129,"Hartlieb, Geoff",2026,24,2,8.3,14.1,11.8,47.0,0.383,0.273,0.421,31.3,8.2,81.3927448,,,,FF,4-Seam Fastball,35.9,78,10.5,0.235,0.353,0.354,0.5,BASEBALL_SAVANT_PITCH_ARSENAL_CURRENT_SEASON,2026-08-28T17:22:48+00:00,SAVANT_ARSENAL_SCHEMA_V1,CURRENT
664129,"Hartlieb, Geoff",2026,14,3,21.4,14.1,37.9,47.0,0.255,0.23,0.348,36.4,8.2,81.3927448,,,,SL,Slider,30.4,66,15.8,0.308,0.538,0.336,-3.2,BASEBALL_SAVANT_PITCH_ARSENAL_CURRENT_SEASON,2026-08-28T17:22:48+00:00,SAVANT_ARSENAL_SCHEMA_V1,CURRENT
664129,"Hartlieb, Geoff",2026,16,1,6.3,14.1,15.0,47.0,0.329,0.274,0.41,53.8,8.2,81.3927448,,,,FC,Cutter,18.0,39,14.3,0.308,0.462,0.356,-1.4,BASEBALL_SAVANT_PITCH_ARSENAL_CURRENT_SEASON,2026-08-28T17:22:48+00:00,SAVANT_ARSENAL_SCHEMA_V1,CURRENT
664129,"Hartlieb, Geoff",2026,10,0,0.0,14.1,36.8,47.0,0.294,0.227,0.355,44.4,8.2,81.3927448,,,,SI,Sinker,15.7,34,0.0,0.556,0.889,0.625,-5.9,BASEBALL_SAVANT_PITCH_ARSENAL_CURRENT_SEASON,2026-08-28T17:22:48+00:00,SAVANT_ARSENAL_SCHEMA_V1,CURRENT
640451,"Harvey, Hunter",2026,8,1,12.5,5.6,10.5,46.1,0.458,0.298,0.805,28.6,23.1,86.411897143,,,,FF,4-Seam Fastball,50.0,38,9.1,0.375,0.75,0.475,-3.6,BASEBALL_SAVANT_PITCH_ARSENAL_CURRENT_SEASON,2026-08-28T17:22:48+00:00,SAVANT_ARSENAL_SCHEMA_V1,CURRENT
640451,"Harvey, Hunter",2026,6,2,33.3,5.6,38.5,46.1,0.152,0.039,0.061,33.3,23.1,86.411897143,,,,FS,Split-Finger,32.9,25,14.3,0.0,0.0,0.117,1.9,BASEBALL_SAVANT_PITCH_ARSENAL_CURRENT_SEASON,2026-08-28T17:22:48+00:00,SAVANT_ARSENAL_SCHEMA_V1,CURRENT
640451,"Harvey, Hunter",2026,4,1,25.0,5.6,0.0,46.1,0.407,0.274,0.708,66.7,23.1,86.411897143,,,,SL,Slider,13.2,10,33.3,0.5,1.25,0.95,-23.6,BASEBALL_SAVANT_PITCH_ARSENAL_CURRENT_SEASON,2026-08-28T17:22:48+00:00,SAVANT_ARSENAL_SCHEMA_V1,CURRENT
687396,"Headrick, Brent",2026,149,42,28.2,7.2,23.4,53.7,0.287,0.21,0.357,44.6,4.7,77.355087711,,,,FF,4-Seam Fastball,49.1,526,24.4,0.218,0.346,0.29,1.8,BASEBALL_SAVANT_PITCH_ARSENAL_CURRENT_SEASON,2026-08-28T17:22:48+00:00,SAVANT_ARSENAL_SCHEMA_V1,CURRENT
687396,"Headrick, Brent",2026,71,27,38.0,7.2,46.5,53.7,0.2,0.175,0.257,28.6,4.7,77.355087711,,,,SL,Slider,31.2,334,24.5,0.209,0.328,0.257,0.6,BASEBALL_SAVANT_PITCH_ARSENAL_CURRENT_SEASON,2026-08-28T17:22:48+00:00,SAVANT_ARSENAL_SCHEMA_V1,CURRENT
687396,"Headrick, Brent",2026,23,12,52.2,7.2,49.1,53.7,0.213,0.228,0.258,18.2,4.7,77.355087711,,,,FS,Split-Finger,10.4,111,25.0,0.217,0.304,0.226,0.0,BASEBALL_SAVANT_PITCH_ARSENAL_CURRENT_SEASON,2026-08-28T17:22:48+00:00,SAVANT_ARSENAL_SCHEMA_V1,CURRENT
687396,"Headrick, Brent",2026,32,3,9.4,7.2,16.4,53.7,0.378,0.376,0.438,40.7,4.7,77.355087711,,,,SI,Sinker,9.3,100,16.7,0.379,0.517,0.41,-1.1,BASEBALL_SAVANT_PITCH_ARSENAL_CURRENT_SEASON,2026-08-28T17:22:48+00:00,SAVANT_ARSENAL_SCHEMA_V1,CURRENT
669169,"Heasley, Jonathan",2026,10,1,10.0,0.0,5.3,59.4,0.521,0.392,0.846,66.7,11.8,88.27628,,,,FF,4-Seam Fastball,39.1,25,25.0,0.4,0.9,0.54,-4.9,BASEBALL_SAVANT_PITCH_ARSENAL_CURRENT_SEASON,2026-08-28T17:22:48+00:00,SAVANT_ARSENAL_SCHEMA_V1,CURRENT
669169,"Heasley, Jonathan",2026,4,0,0.0,0.0,10.0,59.4,0.132,0.08,0.239,25.0,11.8,88.27628,,,,SL,Slider,32.8,21,0.0,0.0,0.0,0.0,5.0,BASEBALL_SAVANT_PITCH_ARSENAL_CURRENT_SEASON,2026-08-28T17:22:48+00:00,SAVANT_ARSENAL_SCHEMA_V1,CURRENT
669169,"Heasley, Jonathan",2026,3,1,33.3,0.0,16.7,59.4,0.835,0.513,1.506,100.0,11.8,88.27628,,,,CH,Changeup,18.8,12,12.5,0.667,1.667,0.967,-12.6,BASEBALL_SAVANT_PITCH_ARSENAL_CURRENT_SEASON,2026-08-28T17:22:48+00:00,SAVANT_ARSENAL_SCHEMA_V1,CURRENT
669169,"Heasley, Jonathan",2026,2,0,0.0,0.0,0.0,59.4,0.434,0.452,0.548,50.0,11.8,88.27628,,,,CU,Curveball,9.4,6,0.0,1.0,1.0,0.9,-14.4,BASEBALL_SAVANT_PITCH_ARSENAL_CURRENT_SEASON,2026-08-28T17:22:48+00:00,SAVANT_ARSENAL_SCHEMA_V1,CURRENT
595978,"Hedges, Austin",2026,6,0,0.0,0.0,0.0,50.0,0.273,0.281,0.357,33.3,0.0,85.548928333,,,,CH,Changeup,50.0,15,0.0,0.167,0.167,0.15,5.9,BASEBALL_SAVANT_PITCH_ARSENAL_CURRENT_SEASON,2026-08-28T17:22:48+00:00,SAVANT_ARSENAL_SCHEMA_V1,CURRENT
664854,"Helsley, Ryan",2026,32,9,28.1,13.2,33.3,45.4,0.328,0.209,0.402,55.6,5.3,79.373765789,,,,FF,4-Seam Fastball,45.1,123,36.0,0.222,0.481,0.386,-0.4,BASEBALL_SAVANT_PITCH_ARSENAL_CURRENT_SEASON,2026-08-28T17:22:48+00:00,SAVANT_ARSENAL_SCHEMA_V1,CURRENT
664854,"Helsley, Ryan",2026,24,8,33.3,13.2,37.0,45.4,0.249,0.183,0.24,46.2,5.3,79.373765789,,,,SL,Slider,38.8,106,20.5,0.238,0.429,0.335,-1.9,BASEBALL_SAVANT_PITCH_ARSENAL_CURRENT_SEASON,2026-08-28T17:22:48+00:00,SAVANT_ARSENAL_SCHEMA_V1,CURRENT
664854,"Helsley, Ryan",2026,9,3,33.3,13.2,50.0,45.4,0.1,0.107,0.118,33.3,5.3,79.373765789,,,,FS,Split-Finger,12.1,33,33.3,0.111,0.111,0.1,5.1,BASEBALL_SAVANT_PITCH_ARSENAL_CURRENT_SEASON,2026-08-28T17:22:48+00:00,SAVANT_ARSENAL_SCHEMA_V1,CURRENT
664854,"Helsley, Ryan",2026,2,1,50.0,13.2,50.0,45.4,0.213,0.233,0.258,0.0,5.3,79.373765789,,,,CU,Curveball,4.0,11,33.3,0.5,0.5,0.45,-3.8,BASEBALL_SAVANT_PITCH_ARSENAL_CURRENT_SEASON,2026-08-28T17:22:48+00:00,SAVANT_ARSENAL_SCHEMA_V1,CURRENT
701656,"Henderson, Logan",2026,127,44,34.6,5.3,22.1,53.5,0.239,0.178,0.288,47.9,7.6,77.123101905,,,,FF,4-Seam Fastball,45.6,476,23.7,0.162,0.282,0.23,1.7,BASEBALL_SAVANT_PITCH_ARSENAL_CURRENT_SEASON,2026-08-28T17:22:48+00:00,SAVANT_ARSENAL_SCHEMA_V1,CURRENT
701656,"Henderson, Logan",2026,82,27,32.9,5.3,38.1,53.5,0.258,0.199,0.359,25.5,7.6,77.123101905,,,,CH,Changeup,32.9,343,21.4,0.195,0.429,0.282,0.2,BASEBALL_SAVANT_PITCH_ARSENAL_CURRENT_SEASON,2026-08-28T17:22:48+00:00,SAVANT_ARSENAL_SCHEMA_V1,CURRENT
701656,"Henderson, Logan",2026,46,4,8.7,5.3,21.2,53.5,0.295,0.277,0.386,36.6,7.6,77.123101905,,,,FC,Cutter,18.2,190,20.0,0.267,0.444,0.332,0.3,BASEBALL_SAVANT_PITCH_ARSENAL_CURRENT_SEASON,2026-08-28T17:22:48+00:00,SAVANT_ARSENAL_SCHEMA_V1,CURRENT
701656,"Henderson, Logan",2026,9,4,44.4,5.3,20.0,53.5,0.309,0.249,0.484,40.0,7.6,77.123101905,,,,ST,Sweeper,3.3,34,17.4,0.222,0.333,0.239,-1.8,BASEBALL_SAVANT_PITCH_ARSENAL_CURRENT_SEASON,2026-08-28T17:22:48+00:00,SAVANT_ARSENAL_SCHEMA_V1,CURRENT
683618,"Henriquez, Edgardo",2026,75,27,36.0,10.6,32.2,48.9,0.257,0.145,0.212,32.4,2.4,71.283481475,,,,FF,4-Seam Fastball,33.1,286,24.1,0.133,0.183,0.244,1.1,BASEBALL_SAVANT_PITCH_ARSENAL_CURRENT_SEASON,2026-08-28T17:22:48+00:00,SAVANT_ARSENAL_SCHEMA_V1,CURRENT
683618,"Henriquez, Edgardo",2026,64,6,9.4,10.6,15.5,48.9,0.283,0.226,0.264,28.6,2.4,71.283481475,,,,SI,Sinker,25.5,220,18.2,0.222,0.241,0.291,2.7,BASEBALL_SAVANT_PITCH_ARSENAL_CURRENT_SEASON,2026-08-28T17:22:48+00:00,SAVANT_ARSENAL_SCHEMA_V1,CURRENT
683618,"Henriquez, Edgardo",2026,45,22,48.9,10.6,42.7,48.9,0.166,0.138,0.223,18.2,2.4,71.283481475,,,,SL,Slider,22.4,193,26.8,0.114,0.205,0.168,1.2,BASEBALL_SAVANT_PITCH_ARSENAL_CURRENT_SEASON,2026-08-28T17:22:48+00:00,SAVANT_ARSENAL_SCHEMA_V1,CURRENT
683618,"Henriquez, Edgardo",2026,22,5,22.7,10.6,36.8,48.9,0.224,0.18,0.294,25.0,2.4,71.283481475,,,,FC,Cutter,14.3,123,22.7,0.238,0.381,0.284,2.4,BASEBALL_SAVANT_PITCH_ARSENAL_CURRENT_SEASON,2026-08-28T17:22:48+00:00,SAVANT_ARSENAL_SCHEMA_V1,CURRENT
683618,"Henriquez, Edgardo",2026,10,2,20.0,10.6,30.0,48.9,0.28,0.111,0.115,0.0,2.4,71.283481475,,,,CU,Curveball,4.8,41,14.3,0.143,0.286,0.335,-2.8,BASEBALL_SAVANT_PITCH_ARSENAL_CURRENT_SEASON,2026-08-28T17:22:48+00:00,SAVANT_ARSENAL_SCHEMA_V1,CURRENT
669371,"Henry, Cole",2026,37,7,18.9,11.3,22.7,47.2,0.37,0.229,0.496,37.5,13.6,78.079554545,,,,FF,4-Seam Fastball,47.9,135,18.4,0.226,0.484,0.386,-1.2,BASEBALL_SAVANT_PITCH_ARSENAL_CURRENT_SEASON,2026-08-28T17:22:48+00:00,SAVANT_ARSENAL_SCHEMA_V1,CURRENT
669371,"Henry, Cole",2026,25,6,24.0,11.3,28.9,47.2,0.349,0.23,0.319,38.5,13.6,78.079554545,,,,ST,Sweeper,34.8,98,13.6,0.211,0.263,0.326,-0.8,BASEBALL_SAVANT_PITCH_ARSENAL_CURRENT_SEASON,2026-08-28T17:22:48+00:00,SAVANT_ARSENAL_SCHEMA_V1,CURRENT
669371,"Henry, Cole",2026,6,2,33.3,11.3,27.8,47.2,0.402,0.379,0.551,50.0,13.6,78.079554545,,,,SI,Sinker,9.9,28,18.2,0.667,1.167,0.783,-5.3,BASEBALL_SAVANT_PITCH_ARSENAL_CURRENT_SEASON,2026-08-28T17:22:48+00:00,SAVANT_ARSENAL_SCHEMA_V1,CURRENT
669371,"Henry, Cole",2026,3,0,0.0,11.3,0.0,47.2,0.662,0.445,1.151,66.7,13.6,78.079554545,,,,FC,Cutter,7.1,20,0.0,0.667,1.667,0.967,-8.4,BASEBALL_SAVANT_PITCH_ARSENAL_CURRENT_SEASON,2026-08-28T17:22:48+00:00,SAVANT_ARSENAL_SCHEMA_V1,CURRENT
656529,"Hentges, Sam",2026,52,13,25.0,14.9,29.2,43.1,0.279,0.186,0.221,34.5,4.3,77.820904222,,,,FF,4-Seam Fastball,32.4,200,20.0,0.244,0.293,0.338,0.1,BASEBALL_SAVANT_PITCH_ARSENAL_CURRENT_SEASON,2026-08-28T17:22:48+00:00,SAVANT_ARSENAL_SCHEMA_V1,CURRENT
656529,"Hentges, Sam",2026,46,10,21.7,14.9,20.0,43.1,0.282,0.217,0.292,33.3,4.3,77.820904222,,,,SI,Sinker,26.6,164,40.0,0.2,0.25,0.283,2.7,BASEBALL_SAVANT_PITCH_ARSENAL_CURRENT_SEASON,2026-08-28T17:22:48+00:00,SAVANT_ARSENAL_SCHEMA_V1,CURRENT
656529,"Hentges, Sam",2026,29,4,13.8,14.9,28.8,43.1,0.36,0.301,0.468,30.4,4.3,77.820904222,,,,SL,Slider,23.8,147,9.3,0.346,0.346,0.328,-0.9,BASEBALL_SAVANT_PITCH_ARSENAL_CURRENT_SEASON,2026-08-28T17:22:48+00:00,SAVANT_ARSENAL_SCHEMA_V1,CURRENT
656529,"Hentges, Sam",2026,24,8,33.3,14.9,38.2,43.1,0.306,0.15,0.263,10.0,4.3,77.820904222,,,,CU,Curveball,17.2,106,18.2,0.167,0.222,0.302,-0.6,BASEBALL_SAVANT_PITCH_ARSENAL_CURRENT_SEASON,2026-08-28T17:22:48+00:00,SAVANT_ARSENAL_SCHEMA_V1,CURRENT
623474,"Herget, Jimmy",2026,39,7,17.9,12.0,30.4,46.8,0.314,0.254,0.334,18.5,8.9,77.044799667,,,,SL,Slider,30.8,228,18.4,0.273,0.424,0.351,2.1,BASEBALL_SAVANT_PITCH_ARSENAL_CURRENT_SEASON,2026-08-28T17:22:48+00:00,SAVANT_ARSENAL_SCHEMA_V1,CURRENT
623474,"Herget, Jimmy",2026,71,20,28.2,12.0,28.8,46.8,0.25,0.178,0.334,28.9,8.9,77.044799667,,,,ST,Sweeper,29.7,220,18.7,0.29,0.613,0.389,-3.5,BASEBALL_SAVANT_PITCH_ARSENAL_CURRENT_SEASON,2026-08-28T17:22:48+00:00,SAVANT_ARSENAL_SCHEMA_V1,CURRENT
623474,"Herget, Jimmy",2026,38,1,2.6,12.0,11.3,46.8,0.501,0.414,0.697,65.6,8.9,77.044799667,,,,SI,Sinker,23.1,171,10.0,0.419,0.581,0.447,-1.5,BASEBALL_SAVANT_PITCH_ARSENAL_CURRENT_SEASON,2026-08-28T17:22:48+00:00,SAVANT_ARSENAL_SCHEMA_V1,CURRENT
623474,"Herget, Jimmy",2026,25,9,36.0,12.0,19.4,46.8,0.318,0.139,0.331,60.0,8.9,77.044799667,,,,FF,4-Seam Fastball,8.5,63,18.0,0.105,0.263,0.284,-1.3,BASEBALL_SAVANT_PITCH_ARSENAL_CURRENT_SEASON,2026-08-28T17:22:48+00:00,SAVANT_ARSENAL_SCHEMA_V1,CURRENT
623474,"Herget, Jimmy",2026,9,0,0.0,12.0,28.6,46.8,0.255,0.269,0.313,11.1,8.9,77.044799667,,,,CH,Changeup,8.0,59,0.0,0.25,0.375,0.269,-1.9,BASEBALL_SAVANT_PITCH_ARSENAL_CURRENT_SEASON,2026-08-28T17:22:48+00:00,SAVANT_ARSENAL_SCHEMA_V1,CURRENT
643361,"Herget, Kevin",2026,1,0,0.0,0.0,0.0,45.5,0.082,0.071,0.133,0.0,0.0,90.65818,,,,FF,4-Seam Fastball,36.4,4,0.0,0.0,0.0,0.0,12.4,BASEBALL_SAVANT_PITCH_ARSENAL_CURRENT_SEASON,2026-08-28T17:22:48+00:00,SAVANT_ARSENAL_SCHEMA_V1,CURRENT
643361,"Herget, Kevin",2026,2,0,0.0,0.0,0.0,45.5,0.151,0.151,0.201,50.0,0.0,90.65818,,,,FC,Cutter,27.3,3,0.0,0.0,0.0,0.0,11.9,BASEBALL_SAVANT_PITCH_ARSENAL_CURRENT_SEASON,2026-08-28T17:22:48+00:00,SAVANT_ARSENAL_SCHEMA_V1,CURRENT
622694,"Hernández, Elieser",2026,11,2,18.2,14.3,16.7,47.3,0.173,0.137,0.275,44.4,5.6,76.435382222,,,,FF,4-Seam Fastball,36.4,40,16.7,0.182,0.455,0.264,-0.5,BASEBALL_SAVANT_PITCH_ARSENAL_CURRENT_SEASON,2026-08-28T17:22:48+00:00,SAVANT_ARSENAL_SCHEMA_V1,CURRENT
622694,"Hernández, Elieser",2026,10,4,40.0,14.3,41.2,47.3,0.219,0.107,0.124,0.0,5.6,76.435382222,,,,CH,Changeup,34.5,38,22.2,0.25,0.25,0.32,-0.7,BASEBALL_SAVANT_PITCH_ARSENAL_CURRENT_SEASON,2026-08-28T17:22:48+00:00,SAVANT_ARSENAL_SCHEMA_V1,CURRENT
622694,"Hernández, Elieser",2026,4,0,0.0,14.3,37.5,47.3,0.346,0.25,0.267,33.3,5.6,76.435382222,,,,FC,Cutter,18.2,20,0.0,0.333,0.333,0.4,-1.8,BASEBALL_SAVANT_PITCH_ARSENAL_CURRENT_SEASON,2026-08-28T17:22:48+00:00,SAVANT_ARSENAL_SCHEMA_V1,CURRENT
622694,"Hernández, Elieser",2026,2,0,0.0,14.3,33.3,47.3,0.604,0.654,0.708,0.0,5.6,76.435382222,,,,SL,Slider,10.9,12,0.0,0.5,0.5,0.45,-1.2,BASEBALL_SAVANT_PITCH_ARSENAL_CURRENT_SEASON,2026-08-28T17:22:48+00:00,SAVANT_ARSENAL_SCHEMA_V1,CURRENT
642546,"Hernández, Jonathan",2026,38,12,31.6,11.9,32.0,43.8,0.246,0.226,0.279,33.3,5.5,77.904588919,,,,SL,Slider,44.8,185,20.0,0.194,0.278,0.254,0.5,BASEBALL_SAVANT_PITCH_ARSENAL_CURRENT_SEASON,2026-08-28T17:22:48+00:00,SAVANT_ARSENAL_SCHEMA_V1,CURRENT
642546,"Hernández, Jonathan",2026,44,4,9.1,11.9,8.6,43.8,0.409,0.314,0.536,41.2,5.5,77.904588919,,,,SI,Sinker,36.6,151,19.0,0.289,0.553,0.413,-1.1,BASEBALL_SAVANT_PITCH_ARSENAL_CURRENT_SEASON,2026-08-28T17:22:48+00:00,SAVANT_ARSENAL_SCHEMA_V1,CURRENT
642546,"Hernández, Jonathan",2026,22,4,18.2,11.9,12.5,43.8,0.269,0.204,0.258,46.7,5.5,77.904588919,,,,FF,4-Seam Fastball,17.2,71,13.8,0.105,0.105,0.177,3.8,BASEBALL_SAVANT_PITCH_ARSENAL_CURRENT_SEASON,2026-08-28T17:22:48+00:00,SAVANT_ARSENAL_SCHEMA_V1,CURRENT
642546,"Hernández, Jonathan",2026,3,2,66.7,11.9,50.0,43.8,0.378,0.199,0.725,100.0,5.5,77.904588919,,,,FS,Split-Finger,1.5,6,40.0,0.333,1.333,0.667,-15.2,BASEBALL_SAVANT_PITCH_ARSENAL_CURRENT_SEASON,2026-08-28T17:22:48+00:00,SAVANT_ARSENAL_SCHEMA_V1,CURRENT
700327,"Herrera, Welinton",2026,7,1,14.3,10.0,14.3,46.7,0.425,0.376,0.496,40.0,0.0,90.41355,,,,FF,4-Seam Fastball,62.2,28,14.3,0.333,0.333,0.357,1.2,BASEBALL_SAVANT_PITCH_ARSENAL_CURRENT_SEASON,2026-08-28T17:22:48+00:00,SAVANT_ARSENAL_SCHEMA_V1,CURRENT
700327,"Herrera, Welinton",2026,2,0,0.0,10.0,20.0,46.7,0.18,0.169,0.25,100.0,0.0,90.41355,,,,SL,Slider,22.2,10,0.0,0.0,0.0,0.0,2.3,BASEBALL_SAVANT_PITCH_ARSENAL_CURRENT_SEASON,2026-08-28T17:22:48+00:00,SAVANT_ARSENAL_SCHEMA_V1,CURRENT
700327,"Herrera, Welinton",2026,1,1,100.0,10.0,50.0,46.7,0.0,0.288,0.387,57.1,0.0,90.41355,,,,CH,Changeup,15.6,7,50.0,0.0,0.0,0.0,1.1,BASEBALL_SAVANT_PITCH_ARSENAL_CURRENT_SEASON,2026-08-28T17:22:48+00:00,SAVANT_ARSENAL_SCHEMA_V1,CURRENT
682120,"Herrin, Tim",2026,54,17,31.5,12.3,35.1,46.0,0.255,0.161,0.288,26.7,8.9,77.369479516,,,,CU,Curveball,28.7,224,21.3,0.156,0.222,0.227,0.6,BASEBALL_SAVANT_PITCH_ARSENAL_CURRENT_SEASON,2026-08-28T17:22:48+00:00,SAVANT_ARSENAL_SCHEMA_V1,CURRENT
682120,"Herrin, Tim",2026,45,14,31.1,12.3,48.1,46.0,0.303,0.196,0.432,57.1,8.9,77.369479516,,,,SL,Slider,26.6,208,18.9,0.22,0.537,0.331,-0.3,BASEBALL_SAVANT_PITCH_ARSENAL_CURRENT_SEASON,2026-08-28T17:22:48+00:00,SAVANT_ARSENAL_SCHEMA_V1,CURRENT
682120,"Herrin, Tim",2026,44,2,4.5,12.3,16.5,46.0,0.347,0.271,0.404,38.9,8.9,77.369479516,,,,SI,Sinker,22.2,173,10.0,0.216,0.351,0.307,1.5,BASEBALL_SAVANT_PITCH_ARSENAL_CURRENT_SEASON,2026-08-28T17:22:48+00:00,SAVANT_ARSENAL_SCHEMA_V1,CURRENT
682120,"Herrin, Tim",2026,49,9,18.4,12.3,19.0,46.0,0.331,0.204,0.32,30.0,8.9,77.369479516,,,,FF,4-Seam Fastball,22.0,172,20.5,0.278,0.389,0.356,-0.9,BASEBALL_SAVANT_PITCH_ARSENAL_CURRENT_SEASON,2026-08-28T17:22:48+00:00,SAVANT_ARSENAL_SCHEMA_V1,CURRENT
676051,"Heuer, Codi",2026,25,2,8.0,10.9,11.1,43.9,0.34,0.3,0.453,54.5,2.9,84.653851765,,,,FF,4-Seam Fastball,42.9,81,9.5,0.333,0.417,0.344,-0.2,BASEBALL_SAVANT_PITCH_ARSENAL_CURRENT_SEASON,2026-08-28T17:22:48+00:00,SAVANT_ARSENAL_SCHEMA_V1,CURRENT
676051,"Heuer, Codi",2026,11,0,0.0,10.9,26.3,43.9,0.399,0.356,0.443,55.6,2.9,84.653851765,,,,SL,Slider,32.3,61,0.0,0.5,0.75,0.6,-4.9,BASEBALL_SAVANT_PITCH_ARSENAL_CURRENT_SEASON,2026-08-28T17:22:48+00:00,SAVANT_ARSENAL_SCHEMA_V1,CURRENT
676051,"Heuer, Codi",2026,10,4,40.0,10.9,57.9,43.9,0.25,0.063,0.068,33.3,2.9,84.653851765,,,,CH,Changeup,24.3,46,26.7,0.0,0.0,0.21,1.8,BASEBALL_SAVANT_PITCH_ARSENAL_CURRENT_SEASON,2026-08-28T17:22:48+00:00,SAVANT_ARSENAL_SCHEMA_V1,CURRENT
663855,"Hicks, Jordan",2026,94,13,13.8,14.0,11.0,44.9,0.317,0.28,0.324,30.4,1.9,78.278348039,,,,SI,Sinker,49.1,342,17.3,0.333,0.444,0.409,-0.6,BASEBALL_SAVANT_PITCH_ARSENAL_CURRENT_SEASON,2026-08-28T17:22:48+00:00,SAVANT_ARSENAL_SCHEMA_V1,CURRENT
663855,"Hicks, Jordan",2026,42,16,38.1,14.0,48.2,44.9,0.271,0.149,0.299,42.1,1.9,78.278348039,,,,ST,Sweeper,31.3,218,21.6,0.176,0.441,0.324,-0.6,BASEBALL_SAVANT_PITCH_ARSENAL_CURRENT_SEASON,2026-08-28T17:22:48+00:00,SAVANT_ARSENAL_SCHEMA_V1,CURRENT
663855,"Hicks, Jordan",2026,28,14,50.0,14.0,28.6,44.9,0.141,0.077,0.093,27.3,1.9,78.278348039,,,,FF,4-Seam Fastball,16.1,112,20.9,0.0,0.0,0.075,4.4,BASEBALL_SAVANT_PITCH_ARSENAL_CURRENT_SEASON,2026-08-28T17:22:48+00:00,SAVANT_ARSENAL_SCHEMA_V1,CURRENT
663855,"Hicks, Jordan",2026,11,6,54.5,14.0,50.0,44.9,0.202,0.217,0.247,60.0,1.9,78.278348039,,,,FS,Split-Finger,3.6,25,35.3,0.273,0.273,0.245,0.0,BASEBALL_SAVANT_PITCH_ARSENAL_CURRENT_SEASON,2026-08-28T17:22:48+00:00,SAVANT_ARSENAL_SCHEMA_V1,CURRENT
664731,"Higgins, P.J.",2026,2,1,50.0,0.0,50.0,50.0,0.011,0.011,0.013,0.0,0.0,76.57081,,,,CH,Changeup,90.0,9,100.0,0.0,0.0,0.0,5.9,BASEBALL_SAVANT_PITCH_ARSENAL_CURRENT_SEASON,2026-08-28T17:22:48+00:00,SAVANT_ARSENAL_SCHEMA_V1,CURRENT
664731,"Higgins, P.J.",2026,1,0,0.0,0.0,0.0,50.0,0.081,0.066,0.11,0.0,0.0,76.57081,,,,SL,Slider,10.0,1,,0.0,0.0,0.0,24.4,BASEBALL_SAVANT_PITCH_ARSENAL_CURRENT_SEASON,2026-08-28T17:22:48+00:00,SAVANT_ARSENAL_SCHEMA_V1,CURRENT
677955,"Hill, Jaden",2026,38,10,26.3,12.5,28.6,49.0,0.266,0.214,0.279,25.0,3.6,78.679266429,,,,FF,4-Seam Fastball,31.1,158,18.9,0.206,0.294,0.291,1.6,BASEBALL_SAVANT_PITCH_ARSENAL_CURRENT_SEASON,2026-08-28T17:22:48+00:00,SAVANT_ARSENAL_SCHEMA_V1,CURRENT
677955,"Hill, Jaden",2026,36,13,36.1,12.5,39.3,49.0,0.292,0.214,0.33,50.0,3.6,78.679266429,,,,SL,Slider,28.7,146,29.5,0.167,0.3,0.263,0.4,BASEBALL_SAVANT_PITCH_ARSENAL_CURRENT_SEASON,2026-08-28T17:22:48+00:00,SAVANT_ARSENAL_SCHEMA_V1,CURRENT
677955,"Hill, Jaden",2026,35,1,2.9,12.5,10.5,49.0,0.43,0.286,0.506,48.0,3.6,78.679266429,,,,SI,Sinker,20.9,106,9.1,0.385,0.615,0.499,-2.6,BASEBALL_SAVANT_PITCH_ARSENAL_CURRENT_SEASON,2026-08-28T17:22:48+00:00,SAVANT_ARSENAL_SCHEMA_V1,CURRENT
677955,"Hill, Jaden",2026,25,7,28.0,12.5,46.2,49.0,0.213,0.2,0.244,23.5,3.6,78.679266429,,,,CH,Changeup,19.3,98,24.1,0.208,0.25,0.222,1.6,BASEBALL_SAVANT_PITCH_ARSENAL_CURRENT_SEASON,2026-08-28T17:22:48+00:00,SAVANT_ARSENAL_SCHEMA_V1,CURRENT
657612,"Hill, Tim",2026,170,12,7.1,5.4,10.0,50.9,0.314,0.27,0.407,43.2,6.7,77.760059012,,,,SI,Sinker,81.9,566,9.0,0.234,0.373,0.302,0.9,BASEBALL_SAVANT_PITCH_ARSENAL_CURRENT_SEASON,2026-08-28T17:22:48+00:00,SAVANT_ARSENAL_SCHEMA_V1,CURRENT
657612,"Hill, Tim",2026,15,5,33.3,5.4,35.5,50.9,0.305,0.187,0.473,33.3,6.7,77.760059012,,,,SL,Slider,11.6,80,27.8,0.286,0.714,0.433,-3.1,BASEBALL_SAVANT_PITCH_ARSENAL_CURRENT_SEASON,2026-08-28T17:22:48+00:00,SAVANT_ARSENAL_SCHEMA_V1,CURRENT
657612,"Hill, Tim",2026,18,6,33.3,5.4,30.0,50.9,0.391,0.208,0.515,62.5,6.7,77.760059012,,,,FF,4-Seam Fastball,6.5,45,25.0,0.286,0.5,0.417,-5.9,BASEBALL_SAVANT_PITCH_ARSENAL_CURRENT_SEASON,2026-08-28T17:22:48+00:00,SAVANT_ARSENAL_SCHEMA_V1,CURRENT
682274,"Hiraldo, Yaramil",2026,14,4,28.6,16.2,35.5,52.1,0.418,0.106,0.398,50.0,11.8,80.747528889,,,,FF,4-Seam Fastball,43.1,62,36.4,0.125,0.5,0.443,-0.7,BASEBALL_SAVANT_PITCH_ARSENAL_CURRENT_SEASON,2026-08-28T17:22:48+00:00,SAVANT_ARSENAL_SCHEMA_V1,CURRENT
682274,"Hiraldo, Yaramil",2026,15,6,40.0,16.2,55.6,52.1,0.193,0.199,0.28,33.3,11.8,80.747528889,,,,FS,Split-Finger,31.3,45,30.0,0.286,0.429,0.287,-0.3,BASEBALL_SAVANT_PITCH_ARSENAL_CURRENT_SEASON,2026-08-28T17:22:48+00:00,SAVANT_ARSENAL_SCHEMA_V1,CURRENT
682274,"Hiraldo, Yaramil",2026,8,3,37.5,16.2,41.2,52.1,0.27,0.179,0.31,25.0,11.8,80.747528889,,,,SL,Slider,25.7,37,33.3,0.286,0.714,0.45,-3.1,BASEBALL_SAVANT_PITCH_ARSENAL_CURRENT_SEASON,2026-08-28T17:22:48+00:00,SAVANT_ARSENAL_SCHEMA_V1,CURRENT
656546,"Hoffman, Jeff",2026,111,49,44.1,9.8,48.2,50.2,0.259,0.183,0.251,35.4,9.6,78.023275882,,,,SL,Slider,43.5,456,31.0,0.227,0.309,0.301,0.7,BASEBALL_SAVANT_PITCH_ARSENAL_CURRENT_SEASON,2026-08-28T17:22:48+00:00,SAVANT_ARSENAL_SCHEMA_V1,CURRENT
656546,"Hoffman, Jeff",2026,71,24,33.8,9.8,25.9,50.2,0.36,0.219,0.464,43.6,9.6,78.023275882,,,,FF,4-Seam Fastball,30.9,324,20.5,0.25,0.517,0.389,-0.9,BASEBALL_SAVANT_PITCH_ARSENAL_CURRENT_SEASON,2026-08-28T17:22:48+00:00,SAVANT_ARSENAL_SCHEMA_V1,CURRENT
656546,"Hoffman, Jeff",2026,53,11,20.8,9.8,33.1,50.2,0.272,0.253,0.337,32.5,9.6,78.023275882,,,,FS,Split-Finger,20.9,219,17.5,0.314,0.412,0.331,-0.7,BASEBALL_SAVANT_PITCH_ARSENAL_CURRENT_SEASON,2026-08-28T17:22:48+00:00,SAVANT_ARSENAL_SCHEMA_V1,CURRENT
656546,"Hoffman, Jeff",2026,15,2,13.3,9.8,26.9,50.2,0.418,0.292,0.326,40.0,9.6,78.023275882,,,,SI,Sinker,4.7,49,33.3,0.182,0.182,0.26,1.6,BASEBALL_SAVANT_PITCH_ARSENAL_CURRENT_SEASON,2026-08-28T17:22:48+00:00,SAVANT_ARSENAL_SCHEMA_V1,CURRENT
676510,"Hoffman, Nolan",2026,10,1,10.0,14.3,7.7,42.7,0.354,0.288,0.318,28.6,0.0,68.371755,,,,FF,4-Seam Fastball,34.1,28,10.0,0.429,0.429,0.41,-0.5,BASEBALL_SAVANT_PITCH_ARSENAL_CURRENT_SEASON,2026-08-28T17:22:48+00:00,SAVANT_ARSENAL_SCHEMA_V1,CURRENT
676510,"Hoffman, Nolan",2026,6,0,0.0,14.3,7.7,42.7,0.344,0.313,0.486,33.3,0.0,68.371755,,,,FC,Cutter,34.1,28,0.0,0.333,0.333,0.3,-0.2,BASEBALL_SAVANT_PITCH_ARSENAL_CURRENT_SEASON,2026-08-28T17:22:48+00:00,SAVANT_ARSENAL_SCHEMA_V1,CURRENT
676510,"Hoffman, Nolan",2026,4,1,25.0,14.3,50.0,42.7,0.389,0.305,0.336,50.0,0.0,68.371755,,,,SI,Sinker,14.6,12,100.0,0.333,0.333,0.4,-1.4,BASEBALL_SAVANT_PITCH_ARSENAL_CURRENT_SEASON,2026-08-28T17:22:48+00:00,SAVANT_ARSENAL_SCHEMA_V1,CURRENT
676510,"Hoffman, Nolan",2026,1,0,0.0,14.3,80.0,42.7,0.014,0.3,0.384,0.0,0.0,68.371755,,,,ST,Sweeper,13.4,11,0.0,,,0.0,0.0,BASEBALL_SAVANT_PITCH_ARSENAL_CURRENT_SEASON,2026-08-28T17:22:48+00:00,SAVANT_ARSENAL_SCHEMA_V1,CURRENT
694851,"Hoffmann, Andrew",2026,35,7,20.0,13.6,12.5,38.7,0.341,0.243,0.44,56.5,8.1,78.079481111,,,,FF,4-Seam Fastball,51.5,118,21.2,0.31,0.552,0.456,-1.1,BASEBALL_SAVANT_PITCH_ARSENAL_CURRENT_SEASON,2026-08-28T17:22:48+00:00,SAVANT_ARSENAL_SCHEMA_V1,CURRENT
694851,"Hoffmann, Andrew",2026,10,3,30.0,13.6,28.0,38.7,0.339,0.326,0.359,33.3,8.1,78.079481111,,,,CH,Changeup,27.9,64,14.3,0.333,0.444,0.375,-1.6,BASEBALL_SAVANT_PITCH_ARSENAL_CURRENT_SEASON,2026-08-28T17:22:48+00:00,SAVANT_ARSENAL_SCHEMA_V1,CURRENT
694851,"Hoffmann, Andrew",2026,14,2,14.3,13.6,25.0,38.7,0.347,0.169,0.317,12.5,8.1,78.079481111,,,,SL,Slider,20.5,47,22.2,0.4,0.8,0.561,-5.6,BASEBALL_SAVANT_PITCH_ARSENAL_CURRENT_SEASON,2026-08-28T17:22:48+00:00,SAVANT_ARSENAL_SCHEMA_V1,CURRENT
670059,"Holderman, Colin",2026,105,11,10.5,9.0,14.7,44.3,0.356,0.284,0.441,45.8,8.3,74.810378182,,,,SI,Sinker,50.3,414,13.9,0.207,0.261,0.267,2.6,BASEBALL_SAVANT_PITCH_ARSENAL_CURRENT_SEASON,2026-08-28T17:22:48+00:00,SAVANT_ARSENAL_SCHEMA_V1,CURRENT
670059,"Holderman, Colin",2026,71,28,39.4,9.0,45.2,44.3,0.216,0.107,0.167,38.7,8.3,74.810378182,,,,ST,Sweeper,34.1,281,26.7,0.085,0.102,0.187,2.1,BASEBALL_SAVANT_PITCH_ARSENAL_CURRENT_SEASON,2026-08-28T17:22:48+00:00,SAVANT_ARSENAL_SCHEMA_V1,CURRENT
670059,"Holderman, Colin",2026,24,6,25.0,9.0,35.1,44.3,0.26,0.195,0.261,33.3,8.3,74.810378182,,,,CU,Curveball,10.8,89,10.9,0.143,0.19,0.215,0.3,BASEBALL_SAVANT_PITCH_ARSENAL_CURRENT_SEASON,2026-08-28T17:22:48+00:00,SAVANT_ARSENAL_SCHEMA_V1,CURRENT
670059,"Holderman, Colin",2026,10,5,50.0,9.0,31.6,44.3,0.282,0.168,0.245,66.7,8.3,74.810378182,,,,FF,4-Seam Fastball,4.6,38,16.7,0.25,0.25,0.32,-2.5,BASEBALL_SAVANT_PITCH_ARSENAL_CURRENT_SEASON,2026-08-28T17:22:48+00:00,SAVANT_ARSENAL_SCHEMA_V1,CURRENT
670059,"Holderman, Colin",2026,1,0,0.0,9.0,0.0,44.3,1.763,0.897,3.405,100.0,8.3,74.810378182,,,,FC,Cutter,10.0,1,0.0,1.0,4.0,2.0,-108.2,BASEBALL_SAVANT_PITCH_ARSENAL_CURRENT_SEASON,2026-08-28T17:22:48+00:00,SAVANT_ARSENAL_SCHEMA_V1,CURRENT
668970,"Hollowell, Gavin",2026,27,5,18.5,12.9,20.9,42.7,0.312,0.176,0.408,38.9,15.0,75.8865825,,,,FF,4-Seam Fastball,36.4,92,17.9,0.043,0.087,0.15,4.5,BASEBALL_SAVANT_PITCH_ARSENAL_CURRENT_SEASON,2026-08-28T17:22:48+00:00,SAVANT_ARSENAL_SCHEMA_V1,CURRENT
668970,"Hollowell, Gavin",2026,16,5,31.3,12.9,34.5,42.7,0.343,0.236,0.453,33.3,15.0,75.8865825,,,,ST,Sweeper,32.8,83,18.5,0.286,0.5,0.381,-2.1,BASEBALL_SAVANT_PITCH_ARSENAL_CURRENT_SEASON,2026-08-28T17:22:48+00:00,SAVANT_ARSENAL_SCHEMA_V1,CURRENT
668970,"Hollowell, Gavin",2026,14,1,7.1,12.9,16.0,42.7,0.448,0.389,0.489,20.0,15.0,75.8865825,,,,SI,Sinker,21.7,55,6.3,0.455,0.818,0.575,-4.9,BASEBALL_SAVANT_PITCH_ARSENAL_CURRENT_SEASON,2026-08-28T17:22:48+00:00,SAVANT_ARSENAL_SCHEMA_V1,CURRENT
668970,"Hollowell, Gavin",2026,5,2,40.0,12.9,63.6,42.7,0.307,0.221,0.515,66.7,15.0,75.8865825,,,,CH,Changeup,9.1,23,25.0,0.2,0.4,0.25,1.1,BASEBALL_SAVANT_PITCH_ARSENAL_CURRENT_SEASON,2026-08-28T17:22:48+00:00,SAVANT_ARSENAL_SCHEMA_V1,CURRENT
605280,"Holmes, Clay",2026,157,8,5.1,8.3,11.3,46.8,0.369,0.307,0.452,45.0,5.4,78.726229364,,,,SI,Sinker,50.9,589,10.5,0.225,0.341,0.296,1.7,BASEBALL_SAVANT_PITCH_ARSENAL_CURRENT_SEASON,2026-08-28T17:22:48+00:00,SAVANT_ARSENAL_SCHEMA_V1,CURRENT
605280,"Holmes, Clay",2026,41,18,43.9,8.3,31.0,46.8,0.179,0.129,0.154,26.3,5.4,78.726229364,,,,ST,Sweeper,18.0,208,26.9,0.162,0.189,0.209,1.5,BASEBALL_SAVANT_PITCH_ARSENAL_CURRENT_SEASON,2026-08-28T17:22:48+00:00,SAVANT_ARSENAL_SCHEMA_V1,CURRENT
605280,"Holmes, Clay",2026,55,15,27.3,8.3,29.2,46.8,0.23,0.234,0.298,47.5,5.4,78.726229364,,,,CH,Changeup,14.1,163,18.1,0.2,0.218,0.186,1.4,BASEBALL_SAVANT_PITCH_ARSENAL_CURRENT_SEASON,2026-08-28T17:22:48+00:00,SAVANT_ARSENAL_SCHEMA_V1,CURRENT
605280,"Holmes, Clay",2026,29,6,20.7,8.3,37.0,46.8,0.38,0.274,0.495,31.6,5.4,78.726229364,,,,FC,Cutter,9.2,107,17.6,0.2,0.32,0.29,-0.7,BASEBALL_SAVANT_PITCH_ARSENAL_CURRENT_SEASON,2026-08-28T17:22:48+00:00,SAVANT_ARSENAL_SCHEMA_V1,CURRENT
605280,"Holmes, Clay",2026,20,8,40.0,8.3,25.0,46.8,0.21,0.147,0.196,36.4,5.4,78.726229364,,,,CU,Curveball,7.2,83,18.6,0.056,0.111,0.143,1.4,BASEBALL_SAVANT_PITCH_ARSENAL_CURRENT_SEASON,2026-08-28T17:22:48+00:00,SAVANT_ARSENAL_SCHEMA_V1,CURRENT
605280,"Holmes, Clay",2026,1,0,0.0,8.3,0.0,46.8,0.573,0.637,0.65,0.0,5.4,78.726229364,,,,FF,4-Seam Fastball,60.0,7,0.0,1.0,1.0,0.9,-8.1,BASEBALL_SAVANT_PITCH_ARSENAL_CURRENT_SEASON,2026-08-28T17:22:48+00:00,SAVANT_ARSENAL_SCHEMA_V1,CURRENT
656550,"Holmes, Grant",2026,211,65,30.8,10.2,39.1,48.2,0.3,0.233,0.385,39.8,8.9,82.017171413,,,,SL,Slider,36.9,728,23.6,0.214,0.375,0.289,0.5,BASEBALL_SAVANT_PITCH_ARSENAL_CURRENT_SEASON,2026-08-28T17:22:48+00:00,SAVANT_ARSENAL_SCHEMA_V1,CURRENT
656550,"Holmes, Grant",2026,148,16,10.8,10.2,16.3,48.2,0.385,0.267,0.506,49.5,8.9,82.017171413,,,,FF,4-Seam Fastball,28.7,565,11.3,0.254,0.467,0.364,0.0,BASEBALL_SAVANT_PITCH_ARSENAL_CURRENT_SEASON,2026-08-28T17:22:48+00:00,SAVANT_ARSENAL_SCHEMA_V1,CURRENT
656550,"Holmes, Grant",2026,49,0,0.0,10.2,16.3,48.2,0.413,0.355,0.519,56.8,8.9,82.017171413,,,,SI,Sinker,12.0,236,0.0,0.279,0.465,0.368,-0.3,BASEBALL_SAVANT_PITCH_ARSENAL_CURRENT_SEASON,2026-08-28T17:22:48+00:00,SAVANT_ARSENAL_SCHEMA_V1,CURRENT
656550,"Holmes, Grant",2026,47,0,0.0,10.2,16.3,48.2,0.427,0.295,0.585,35.9,8.9,82.017171413,,,,FC,Cutter,8.6,170,0.0,0.333,0.615,0.472,-1.3,BASEBALL_SAVANT_PITCH_ARSENAL_CURRENT_SEASON,2026-08-28T17:22:48+00:00,SAVANT_ARSENAL_SCHEMA_V1,CURRENT
656550,"Holmes, Grant",2026,44,15,34.1,10.2,36.0,48.2,0.237,0.236,0.314,37.9,8.9,82.017171413,,,,CU,Curveball,7.5,148,26.3,0.25,0.295,0.241,-0.4,BASEBALL_SAVANT_PITCH_ARSENAL_CURRENT_SEASON,2026-08-28T17:22:48+00:00,SAVANT_ARSENAL_SCHEMA_V1,CURRENT
656550,"Holmes, Grant",2026,29,4,13.8,10.2,22.6,48.2,0.234,0.182,0.255,30.4,8.9,82.017171413,,,,CH,Changeup,6.3,124,14.8,0.038,0.038,0.11,2.3,BASEBALL_SAVANT_PITCH_ARSENAL_CURRENT_SEASON,2026-08-28T17:22:48+00:00,SAVANT_ARSENAL_SCHEMA_V1,CURRENT
663947,"Holton, Tyler",2026,89,13,14.6,5.4,21.0,47.4,0.304,0.262,0.406,44.4,6.3,75.424099263,,,,FC,Cutter,31.6,305,19.1,0.25,0.393,0.296,1.4,BASEBALL_SAVANT_PITCH_ARSENAL_CURRENT_SEASON,2026-08-28T17:22:48+00:00,SAVANT_ARSENAL_SCHEMA_V1,CURRENT
663947,"Holton, Tyler",2026,54,6,11.1,5.4,10.2,47.4,0.327,0.291,0.419,40.0,6.3,75.424099263,,,,SI,Sinker,19.8,191,20.0,0.353,0.471,0.379,0.4,BASEBALL_SAVANT_PITCH_ARSENAL_CURRENT_SEASON,2026-08-28T17:22:48+00:00,SAVANT_ARSENAL_SCHEMA_V1,CURRENT
663947,"Holton, Tyler",2026,41,8,19.5,5.4,30.5,47.4,0.19,0.172,0.266,30.3,6.3,75.424099263,,,,CH,Changeup,16.4,158,14.5,0.22,0.439,0.306,-0.2,BASEBALL_SAVANT_PITCH_ARSENAL_CURRENT_SEASON,2026-08-28T17:22:48+00:00,SAVANT_ARSENAL_SCHEMA_V1,CURRENT
663947,"Holton, Tyler",2026,41,16,39.0,5.4,39.4,47.4,0.221,0.21,0.272,20.8,6.3,75.424099263,,,,ST,Sweeper,16.0,154,26.7,0.175,0.3,0.215,0.6,BASEBALL_SAVANT_PITCH_ARSENAL_CURRENT_SEASON,2026-08-28T17:22:48+00:00,SAVANT_ARSENAL_SCHEMA_V1,CURRENT
663947,"Holton, Tyler",2026,27,5,18.5,5.4,14.6,47.4,0.416,0.314,0.419,33.3,6.3,75.424099263,,,,FF,4-Seam Fastball,12.4,120,16.7,0.35,0.4,0.428,-1.0,BASEBALL_SAVANT_PITCH_ARSENAL_CURRENT_SEASON,2026-08-28T17:22:48+00:00,SAVANT_ARSENAL_SCHEMA_V1,CURRENT
663947,"Holton, Tyler",2026,7,1,14.3,5.4,36.4,47.4,0.615,0.373,0.956,66.7,6.3,75.424099263,,,,CU,Curveball,3.8,37,5.6,0.5,1.25,0.714,-8.4,BASEBALL_SAVANT_PITCH_ARSENAL_CURRENT_SEASON,2026-08-28T17:22:48+00:00,SAVANT_ARSENAL_SCHEMA_V1,CURRENT
695380,"Hoppe, Alex",2026,59,21,35.6,8.7,40.2,46.2,0.273,0.247,0.342,54.3,3.1,77.689688776,,,,SL,Slider,41.7,239,24.4,0.236,0.345,0.301,-0.6,BASEBALL_SAVANT_PITCH_ARSENAL_CURRENT_SEASON,2026-08-28T17:22:48+00:00,SAVANT_ARSENAL_SCHEMA_V1,CURRENT
695380,"Hoppe, Alex",2026,61,15,24.6,8.7,18.3,46.2,0.309,0.225,0.341,35.1,3.1,77.689688776,,,,FF,4-Seam Fastball,38.7,222,23.8,0.212,0.365,0.312,-0.1,BASEBALL_SAVANT_PITCH_ARSENAL_CURRENT_SEASON,2026-08-28T17:22:48+00:00,SAVANT_ARSENAL_SCHEMA_V1,CURRENT
695380,"Hoppe, Alex",2026,29,3,10.3,8.7,19.2,46.2,0.26,0.247,0.268,20.8,3.1,77.689688776,,,,SI,Sinker,18.5,106,13.6,0.222,0.259,0.247,2.4,BASEBALL_SAVANT_PITCH_ARSENAL_CURRENT_SEASON,2026-08-28T17:22:48+00:00,SAVANT_ARSENAL_SCHEMA_V1,CURRENT
695380,"Hoppe, Alex",2026,1,0,0.0,8.7,0.0,46.2,0.876,0.949,1.076,0.0,3.1,77.689688776,,,,CH,Changeup,100.0,6,,1.0,1.0,0.9,-7.4,BASEBALL_SAVANT_PITCH_ARSENAL_CURRENT_SEASON,2026-08-28T17:22:48+00:00,SAVANT_ARSENAL_SCHEMA_V1,CURRENT
690990,"Horton, Cade",2026,15,2,13.3,7.7,19.0,46.7,0.36,0.329,0.442,41.7,5.3,72.833411,,,,FF,4-Seam Fastball,50.0,46,22.2,0.214,0.429,0.321,2.4,BASEBALL_SAVANT_PITCH_ARSENAL_CURRENT_SEASON,2026-08-28T17:22:48+00:00,SAVANT_ARSENAL_SCHEMA_V1,CURRENT
690990,"Horton, Cade",2026,7,0,0.0,7.7,18.2,46.7,0.105,0.115,0.13,14.3,5.3,72.833411,,,,CH,Changeup,20.7,19,0.0,0.0,0.0,0.0,8.5,BASEBALL_SAVANT_PITCH_ARSENAL_CURRENT_SEASON,2026-08-28T17:22:48+00:00,SAVANT_ARSENAL_SCHEMA_V1,CURRENT
690990,"Horton, Cade",2026,3,2,66.7,7.7,50.0,46.7,0.233,0.249,0.321,35.0,5.3,72.833411,,,,ST,Sweeper,12.0,11,25.0,0.0,0.0,0.233,0.2,BASEBALL_SAVANT_PITCH_ARSENAL_CURRENT_SEASON,2026-08-28T17:22:48+00:00,SAVANT_ARSENAL_SCHEMA_V1,CURRENT
690990,"Horton, Cade",2026,1,0,0.0,7.7,0.0,46.7,0.591,0.637,0.716,100.0,5.3,72.833411,,,,CU,Curveball,9.8,9,0.0,1.0,1.0,0.9,-8.1,BASEBALL_SAVANT_PITCH_ARSENAL_CURRENT_SEASON,2026-08-28T17:22:48+00:00,SAVANT_ARSENAL_SCHEMA_V1,CURRENT
605288,"Houser, Adrian",2026,229,16,7.0,7.2,9.5,46.3,0.384,0.308,0.501,43.6,8.7,78.578432057,,,,SI,Sinker,45.8,793,11.0,0.286,0.447,0.366,0.3,BASEBALL_SAVANT_PITCH_ARSENAL_CURRENT_SEASON,2026-08-28T17:22:48+00:00,SAVANT_ARSENAL_SCHEMA_V1,CURRENT
605288,"Houser, Adrian",2026,99,27,27.3,7.2,18.6,46.3,0.257,0.218,0.33,41.8,8.7,78.578432057,,,,FF,4-Seam Fastball,21.7,375,17.9,0.183,0.301,0.229,1.2,BASEBALL_SAVANT_PITCH_ARSENAL_CURRENT_SEASON,2026-08-28T17:22:48+00:00,SAVANT_ARSENAL_SCHEMA_V1,CURRENT
605288,"Houser, Adrian",2026,75,23,30.7,7.2,36.5,46.3,0.257,0.199,0.332,36.2,8.7,78.578432057,,,,CH,Changeup,15.9,275,22.8,0.2,0.343,0.287,-0.2,BASEBALL_SAVANT_PITCH_ARSENAL_CURRENT_SEASON,2026-08-28T17:22:48+00:00,SAVANT_ARSENAL_SCHEMA_V1,CURRENT
605288,"Houser, Adrian",2026,49,6,12.2,7.2,16.3,46.3,0.37,0.282,0.584,40.5,8.7,78.578432057,,,,SL,Slider,9.8,169,12.8,0.283,0.565,0.402,-1.9,BASEBALL_SAVANT_PITCH_ARSENAL_CURRENT_SEASON,2026-08-28T17:22:48+00:00,SAVANT_ARSENAL_SCHEMA_V1,CURRENT
605288,"Houser, Adrian",2026,18,3,16.7,7.2,27.8,46.3,0.478,0.341,0.732,46.2,8.7,78.578432057,,,,CU,Curveball,6.9,119,13.6,0.5,1.063,0.658,-4.6,BASEBALL_SAVANT_PITCH_ARSENAL_CURRENT_SEASON,2026-08-28T17:22:48+00:00,SAVANT_ARSENAL_SCHEMA_V1,CURRENT
663542,"Hudson, Bryan",2026,165,40,24.2,7.4,23.6,47.2,0.279,0.223,0.334,39.1,3.8,77.5813425,,,,FF,4-Seam Fastball,67.3,595,22.0,0.229,0.326,0.289,0.8,BASEBALL_SAVANT_PITCH_ARSENAL_CURRENT_SEASON,2026-08-28T17:22:48+00:00,SAVANT_ARSENAL_SCHEMA_V1,CURRENT
663542,"Hudson, Bryan",2026,54,10,18.5,7.4,25.0,47.2,0.256,0.225,0.268,30.0,3.8,77.5813425,,,,ST,Sweeper,26.5,234,13.7,0.319,0.404,0.351,-1.6,BASEBALL_SAVANT_PITCH_ARSENAL_CURRENT_SEASON,2026-08-28T17:22:48+00:00,SAVANT_ARSENAL_SCHEMA_V1,CURRENT
663542,"Hudson, Bryan",2026,8,2,25.0,7.4,27.3,47.2,0.368,0.328,0.388,60.0,3.8,77.5813425,,,,SI,Sinker,4.8,42,28.6,0.5,0.5,0.486,-1.2,BASEBALL_SAVANT_PITCH_ARSENAL_CURRENT_SEASON,2026-08-28T17:22:48+00:00,SAVANT_ARSENAL_SCHEMA_V1,CURRENT
663542,"Hudson, Bryan",2026,2,0,0.0,7.4,0.0,47.2,0.193,0.184,0.254,0.0,3.8,77.5813425,,,,FC,Cutter,1.5,13,0.0,0.0,0.0,0.0,2.9,BASEBALL_SAVANT_PITCH_ARSENAL_CURRENT_SEASON,2026-08-28T17:22:48+00:00,SAVANT_ARSENAL_SCHEMA_V1,CURRENT
687312,"Hughes, Gabriel",2026,124,19,15.3,9.0,17.4,47.7,0.295,0.237,0.33,27.5,4.6,77.792712703,,,,FF,4-Seam Fastball,53.8,441,15.0,0.259,0.37,0.334,0.9,BASEBALL_SAVANT_PITCH_ARSENAL_CURRENT_SEASON,2026-08-28T17:22:48+00:00,SAVANT_ARSENAL_SCHEMA_V1,CURRENT
687312,"Hughes, Gabriel",2026,22,1,4.5,9.0,10.3,47.7,0.355,0.275,0.407,33.3,4.6,77.792712703,,,,CH,Changeup,11.1,91,4.2,0.167,0.389,0.325,-0.6,BASEBALL_SAVANT_PITCH_ARSENAL_CURRENT_SEASON,2026-08-28T17:22:48+00:00,SAVANT_ARSENAL_SCHEMA_V1,CURRENT
687312,"Hughes, Gabriel",2026,18,9,50.0,9.0,29.7,47.7,0.212,0.167,0.337,22.2,4.6,77.792712703,,,,CU,Curveball,9.9,81,29.0,0.222,0.5,0.3,-0.8,BASEBALL_SAVANT_PITCH_ARSENAL_CURRENT_SEASON,2026-08-28T17:22:48+00:00,SAVANT_ARSENAL_SCHEMA_V1,CURRENT
687312,"Hughes, Gabriel",2026,17,3,17.6,9.0,19.4,47.7,0.214,0.19,0.312,42.9,4.6,77.792712703,,,,SL,Slider,9.6,79,10.3,0.235,0.353,0.269,-0.4,BASEBALL_SAVANT_PITCH_ARSENAL_CURRENT_SEASON,2026-08-28T17:22:48+00:00,SAVANT_ARSENAL_SCHEMA_V1,CURRENT
687312,"Hughes, Gabriel",2026,16,4,25.0,9.0,26.7,47.7,0.323,0.264,0.351,20.0,4.6,77.792712703,,,,SI,Sinker,8.8,72,30.8,0.538,0.692,0.56,-2.9,BASEBALL_SAVANT_PITCH_ARSENAL_CURRENT_SEASON,2026-08-28T17:22:48+00:00,SAVANT_ARSENAL_SCHEMA_V1,CURRENT
687312,"Hughes, Gabriel",2026,13,2,15.4,9.0,16.0,47.7,0.37,0.284,0.611,30.0,4.6,77.792712703,,,,ST,Sweeper,6.8,56,8.7,0.364,0.727,0.442,-2.3,BASEBALL_SAVANT_PITCH_ARSENAL_CURRENT_SEASON,2026-08-28T17:22:48+00:00,SAVANT_ARSENAL_SCHEMA_V1,CURRENT
669165,"Hurt, Kyle",2026,107,34,31.8,12.2,33.5,52.0,0.294,0.196,0.341,46.6,8.6,79.145754808,,,,FF,4-Seam Fastball,55.4,369,29.3,0.242,0.374,0.335,0.1,BASEBALL_SAVANT_PITCH_ARSENAL_CURRENT_SEASON,2026-08-28T17:22:48+00:00,SAVANT_ARSENAL_SCHEMA_V1,CURRENT
669165,"Hurt, Kyle",2026,62,18,29.0,12.2,38.1,52.0,0.338,0.238,0.437,39.5,8.6,79.145754808,,,,CH,Changeup,35.6,237,25.7,0.179,0.339,0.292,0.5,BASEBALL_SAVANT_PITCH_ARSENAL_CURRENT_SEASON,2026-08-28T17:22:48+00:00,SAVANT_ARSENAL_SCHEMA_V1,CURRENT
669165,"Hurt, Kyle",2026,10,0,0.0,12.2,38.1,52.0,0.328,0.287,0.375,33.3,8.6,79.145754808,,,,SL,Slider,9.0,60,0.0,0.444,0.556,0.465,-1.4,BASEBALL_SAVANT_PITCH_ARSENAL_CURRENT_SEASON,2026-08-28T17:22:48+00:00,SAVANT_ARSENAL_SCHEMA_V1,CURRENT
676428,"Hurter, Brant",2026,64,5,7.8,11.9,9.9,43.3,0.332,0.258,0.373,37.3,4.3,76.424190294,,,,SI,Sinker,57.8,208,13.2,0.127,0.218,0.232,2.8,BASEBALL_SAVANT_PITCH_ARSENAL_CURRENT_SEASON,2026-08-28T17:22:48+00:00,SAVANT_ARSENAL_SCHEMA_V1,CURRENT
676428,"Hurter, Brant",2026,23,10,43.5,11.9,39.5,43.3,0.185,0.137,0.174,9.1,4.3,76.424190294,,,,ST,Sweeper,26.9,97,29.4,0.2,0.3,0.259,0.3,BASEBALL_SAVANT_PITCH_ARSENAL_CURRENT_SEASON,2026-08-28T17:22:48+00:00,SAVANT_ARSENAL_SCHEMA_V1,CURRENT
676428,"Hurter, Brant",2026,6,1,16.7,11.9,31.6,43.3,0.33,0.279,0.302,25.0,4.3,76.424190294,,,,CH,Changeup,11.1,40,7.7,0.2,0.2,0.267,0.0,BASEBALL_SAVANT_PITCH_ARSENAL_CURRENT_SEASON,2026-08-28T17:22:48+00:00,SAVANT_ARSENAL_SCHEMA_V1,CURRENT
676428,"Hurter, Brant",2026,7,2,28.6,11.9,25.0,43.3,0.4,0.316,0.506,50.0,4.3,76.424190294,,,,FF,4-Seam Fastball,4.2,15,16.7,0.5,0.667,0.536,-10.9,BASEBALL_SAVANT_PITCH_ARSENAL_CURRENT_SEASON,2026-08-28T17:22:48+00:00,SAVANT_ARSENAL_SCHEMA_V1,CURRENT
628452,"Iglesias, Raisel",2026,65,18,27.7,8.0,26.0,52.2,0.291,0.241,0.396,45.5,10.7,77.392187121,,,,FF,4-Seam Fastball,37.5,284,17.5,0.274,0.403,0.312,0.7,BASEBALL_SAVANT_PITCH_ARSENAL_CURRENT_SEASON,2026-08-28T17:22:48+00:00,SAVANT_ARSENAL_SCHEMA_V1,CURRENT
628452,"Iglesias, Raisel",2026,90,27,30.0,8.0,38.9,52.2,0.25,0.198,0.311,26.3,10.7,77.392187121,,,,CH,Changeup,35.8,271,27.3,0.202,0.333,0.284,1.0,BASEBALL_SAVANT_PITCH_ARSENAL_CURRENT_SEASON,2026-08-28T17:22:48+00:00,SAVANT_ARSENAL_SCHEMA_V1,CURRENT
628452,"Iglesias, Raisel",2026,33,3,9.1,8.0,12.5,52.2,0.428,0.309,0.555,45.8,10.7,77.392187121,,,,SI,Sinker,20.6,156,15.8,0.333,0.556,0.438,0.0,BASEBALL_SAVANT_PITCH_ARSENAL_CURRENT_SEASON,2026-08-28T17:22:48+00:00,SAVANT_ARSENAL_SCHEMA_V1,CURRENT
628452,"Iglesias, Raisel",2026,12,4,33.3,8.0,31.6,52.2,0.208,0.126,0.262,42.9,10.7,77.392187121,,,,SL,Slider,6.2,47,17.4,0.0,0.0,0.058,3.4,BASEBALL_SAVANT_PITCH_ARSENAL_CURRENT_SEASON,2026-08-28T17:22:48+00:00,SAVANT_ARSENAL_SCHEMA_V1,CURRENT
837227,"Imai, Tatsuya",2026,163,62,38.0,14.6,39.9,44.0,0.268,0.186,0.317,39.8,10.0,78.704154643,,,,SL,Slider,45.2,586,26.7,0.179,0.338,0.272,0.6,BASEBALL_SAVANT_PITCH_ARSENAL_CURRENT_SEASON,2026-08-28T17:22:48+00:00,SAVANT_ARSENAL_SCHEMA_V1,CURRENT
837227,"Imai, Tatsuya",2026,117,17,14.5,14.6,20.3,44.0,0.406,0.281,0.479,49.3,10.0,78.704154643,,,,FF,4-Seam Fastball,43.9,569,12.6,0.292,0.393,0.381,0.0,BASEBALL_SAVANT_PITCH_ARSENAL_CURRENT_SEASON,2026-08-28T17:22:48+00:00,SAVANT_ARSENAL_SCHEMA_V1,CURRENT
837227,"Imai, Tatsuya",2026,15,1,6.7,14.6,18.5,44.0,0.453,0.294,0.563,50.0,10.0,78.704154643,,,,SI,Sinker,4.7,61,11.1,0.182,0.182,0.307,1.8,BASEBALL_SAVANT_PITCH_ARSENAL_CURRENT_SEASON,2026-08-28T17:22:48+00:00,SAVANT_ARSENAL_SCHEMA_V1,CURRENT
837227,"Imai, Tatsuya",2026,2,2,100.0,14.6,77.8,44.0,0.0,0.226,0.394,45.3,10.0,78.704154643,,,,FS,Split-Finger,3.5,46,33.3,0.0,0.0,0.0,-2.3,BASEBALL_SAVANT_PITCH_ARSENAL_CURRENT_SEASON,2026-08-28T17:22:48+00:00,SAVANT_ARSENAL_SCHEMA_V1,CURRENT
837227,"Imai, Tatsuya",2026,2,1,50.0,14.6,62.5,44.0,0.875,0.477,1.657,100.0,10.0,78.704154643,,,,CH,Changeup,2.2,29,16.7,0.5,2.0,1.0,-4.9,BASEBALL_SAVANT_PITCH_ARSENAL_CURRENT_SEASON,2026-08-28T17:22:48+00:00,SAVANT_ARSENAL_SCHEMA_V1,CURRENT
837227,"Imai, Tatsuya",2026,1,0,0.0,14.6,0.0,44.0,0.272,0.29,0.311,100.0,10.0,78.704154643,,,,CU,Curveball,50.0,6,,0.0,0.0,0.0,5.0,BASEBALL_SAVANT_PITCH_ARSENAL_CURRENT_SEASON,2026-08-28T17:22:48+00:00,SAVANT_ARSENAL_SCHEMA_V1,CURRENT
684007,"Imanaga, Shota",2026,231,48,20.8,5.7,20.2,51.1,0.319,0.238,0.452,43.5,9.8,77.741528473,,,,FF,4-Seam Fastball,41.4,963,18.0,0.242,0.456,0.322,0.4,BASEBALL_SAVANT_PITCH_ARSENAL_CURRENT_SEASON,2026-08-28T17:22:48+00:00,SAVANT_ARSENAL_SCHEMA_V1,CURRENT
684007,"Imanaga, Shota",2026,219,72,32.9,5.7,41.8,51.1,0.243,0.201,0.32,24.6,9.8,77.741528473,,,,FS,Split-Finger,32.7,761,23.8,0.21,0.376,0.276,0.5,BASEBALL_SAVANT_PITCH_ARSENAL_CURRENT_SEASON,2026-08-28T17:22:48+00:00,SAVANT_ARSENAL_SCHEMA_V1,CURRENT
684007,"Imanaga, Shota",2026,72,17,23.6,5.7,27.6,51.1,0.357,0.265,0.492,27.1,9.8,77.741528473,,,,ST,Sweeper,14.9,348,15.5,0.246,0.523,0.359,-1.3,BASEBALL_SAVANT_PITCH_ARSENAL_CURRENT_SEASON,2026-08-28T17:22:48+00:00,SAVANT_ARSENAL_SCHEMA_V1,CURRENT
684007,"Imanaga, Shota",2026,55,6,10.9,5.7,15.1,51.1,0.373,0.295,0.47,52.4,9.8,77.741528473,,,,SI,Sinker,6.2,144,31.6,0.277,0.511,0.375,-0.9,BASEBALL_SAVANT_PITCH_ARSENAL_CURRENT_SEASON,2026-08-28T17:22:48+00:00,SAVANT_ARSENAL_SCHEMA_V1,CURRENT
684007,"Imanaga, Shota",2026,6,0,0.0,5.7,0.0,51.1,0.462,0.355,0.602,40.0,9.8,77.741528473,,,,CU,Curveball,2.6,61,0.0,0.2,0.2,0.267,0.9,BASEBALL_SAVANT_PITCH_ARSENAL_CURRENT_SEASON,2026-08-28T17:22:48+00:00,SAVANT_ARSENAL_SCHEMA_V1,CURRENT
684007,"Imanaga, Shota",2026,9,1,11.1,5.7,31.0,51.1,0.367,0.357,0.386,14.3,9.8,77.741528473,,,,SL,Slider,2.2,51,6.7,0.375,0.375,0.378,0.1,BASEBALL_SAVANT_PITCH_ARSENAL_CURRENT_SEASON,2026-08-28T17:22:48+00:00,SAVANT_ARSENAL_SCHEMA_V1,CURRENT
608344,"Irvin, Cole",2026,10,1,10.0,10.0,11.1,53.9,0.406,0.412,0.523,55.6,9.5,75.433176,,,,FC,Cutter,28.4,29,16.7,0.6,0.8,0.61,-7.9,BASEBALL_SAVANT_PITCH_ARSENAL_CURRENT_SEASON,2026-08-28T17:22:48+00:00,SAVANT_ARSENAL_SCHEMA_V1,CURRENT
608344,"Irvin, Cole",2026,9,2,22.2,10.0,25.0,53.9,0.441,0.227,0.514,75.0,9.5,75.433176,,,,SI,Sinker,22.5,23,50.0,0.167,0.167,0.433,-0.8,BASEBALL_SAVANT_PITCH_ARSENAL_CURRENT_SEASON,2026-08-28T17:22:48+00:00,SAVANT_ARSENAL_SCHEMA_V1,CURRENT
608344,"Irvin, Cole",2026,4,0,0.0,10.0,28.6,53.9,0.495,0.27,0.922,25.0,9.5,75.433176,,,,CH,Changeup,21.6,22,0.0,0.25,1.0,0.5,-1.4,BASEBALL_SAVANT_PITCH_ARSENAL_CURRENT_SEASON,2026-08-28T17:22:48+00:00,SAVANT_ARSENAL_SCHEMA_V1,CURRENT
608344,"Irvin, Cole",2026,5,1,20.0,10.0,10.0,53.9,0.299,0.182,0.28,66.7,9.5,75.433176,,,,FF,4-Seam Fastball,20.6,21,12.5,0.0,0.0,0.14,3.8,BASEBALL_SAVANT_PITCH_ARSENAL_CURRENT_SEASON,2026-08-28T17:22:48+00:00,SAVANT_ARSENAL_SCHEMA_V1,CURRENT
608344,"Irvin, Cole",2026,2,1,50.0,10.0,20.0,53.9,0.081,0.09,0.091,0.0,9.5,75.433176,,,,SV,Slurve,6.9,7,25.0,0.0,0.0,0.0,5.9,BASEBALL_SAVANT_PITCH_ARSENAL_CURRENT_SEASON,2026-08-28T17:22:48+00:00,SAVANT_ARSENAL_SCHEMA_V1,CURRENT
663623,"Irvin, Jake",2026,112,26,23.2,10.8,21.2,46.3,0.392,0.26,0.453,57.8,11.2,77.481835652,,,,FF,4-Seam Fastball,28.6,423,14.9,0.23,0.368,0.351,-0.6,BASEBALL_SAVANT_PITCH_ARSENAL_CURRENT_SEASON,2026-08-28T17:22:48+00:00,SAVANT_ARSENAL_SCHEMA_V1,CURRENT
663623,"Irvin, Jake",2026,85,30,35.3,10.8,36.6,46.3,0.228,0.147,0.237,24.4,11.2,77.481835652,,,,CU,Curveball,23.8,351,21.7,0.107,0.16,0.184,2.3,BASEBALL_SAVANT_PITCH_ARSENAL_CURRENT_SEASON,2026-08-28T17:22:48+00:00,SAVANT_ARSENAL_SCHEMA_V1,CURRENT
663623,"Irvin, Jake",2026,67,7,10.4,10.8,12.2,46.3,0.48,0.339,0.72,50.0,11.2,77.481835652,,,,SI,Sinker,19.0,280,13.7,0.375,0.768,0.534,-2.1,BASEBALL_SAVANT_PITCH_ARSENAL_CURRENT_SEASON,2026-08-28T17:22:48+00:00,SAVANT_ARSENAL_SCHEMA_V1,CURRENT
663623,"Irvin, Jake",2026,37,4,10.8,10.8,12.2,46.3,0.391,0.304,0.628,51.5,11.2,77.481835652,,,,FC,Cutter,11.1,164,15.4,0.297,0.541,0.354,-0.4,BASEBALL_SAVANT_PITCH_ARSENAL_CURRENT_SEASON,2026-08-28T17:22:48+00:00,SAVANT_ARSENAL_SCHEMA_V1,CURRENT
663623,"Irvin, Jake",2026,35,8,22.9,10.8,25.8,46.3,0.344,0.272,0.422,30.4,11.2,77.481835652,,,,ST,Sweeper,9.3,137,13.3,0.355,0.548,0.424,-3.3,BASEBALL_SAVANT_PITCH_ARSENAL_CURRENT_SEASON,2026-08-28T17:22:48+00:00,SAVANT_ARSENAL_SCHEMA_V1,CURRENT
663623,"Irvin, Jake",2026,26,7,26.9,10.8,30.0,46.3,0.223,0.167,0.259,41.2,11.2,77.481835652,,,,CH,Changeup,8.3,122,20.6,0.167,0.292,0.235,0.0,BASEBALL_SAVANT_PITCH_ARSENAL_CURRENT_SEASON,2026-08-28T17:22:48+00:00,SAVANT_ARSENAL_SCHEMA_V1,CURRENT
689690,"Jacob, Alek",2026,11,2,18.2,8.7,26.3,51.7,0.318,0.153,0.406,42.9,7.1,73.513858571,,,,FF,4-Seam Fastball,42.5,37,25.0,0.333,0.778,0.505,-3.1,BASEBALL_SAVANT_PITCH_ARSENAL_CURRENT_SEASON,2026-08-28T17:22:48+00:00,SAVANT_ARSENAL_SCHEMA_V1,CURRENT
689690,"Jacob, Alek",2026,7,4,57.1,8.7,70.6,51.7,0.167,0.086,0.093,50.0,7.1,73.513858571,,,,CH,Changeup,34.5,30,33.3,0.0,0.0,0.1,4.5,BASEBALL_SAVANT_PITCH_ARSENAL_CURRENT_SEASON,2026-08-28T17:22:48+00:00,SAVANT_ARSENAL_SCHEMA_V1,CURRENT
689690,"Jacob, Alek",2026,4,0,0.0,8.7,0.0,51.7,0.383,0.412,0.457,25.0,7.1,73.513858571,,,,SI,Sinker,19.5,17,0.0,0.5,0.5,0.45,-2.8,BASEBALL_SAVANT_PITCH_ARSENAL_CURRENT_SEASON,2026-08-28T17:22:48+00:00,SAVANT_ARSENAL_SCHEMA_V1,CURRENT
689690,"Jacob, Alek",2026,1,0,0.0,8.7,0.0,51.7,0.04,0.045,0.045,0.0,7.1,73.513858571,,,,ST,Sweeper,3.4,3,0.0,0.0,0.0,0.0,7.1,BASEBALL_SAVANT_PITCH_ARSENAL_CURRENT_SEASON,2026-08-28T17:22:48+00:00,SAVANT_ARSENAL_SCHEMA_V1,CURRENT
686753,"Jameson, Drey",2026,32,8,25.0,11.6,41.2,47.1,0.331,0.29,0.428,27.3,4.8,76.406695161,,,,SL,Slider,34.0,104,25.8,0.3,0.467,0.353,0.6,BASEBALL_SAVANT_PITCH_ARSENAL_CURRENT_SEASON,2026-08-28T17:22:48+00:00,SAVANT_ARSENAL_SCHEMA_V1,CURRENT
686753,"Jameson, Drey",2026,17,2,11.8,11.6,30.3,47.1,0.305,0.302,0.332,14.3,4.8,76.406695161,,,,CH,Changeup,20.9,64,9.1,0.313,0.375,0.326,-1.5,BASEBALL_SAVANT_PITCH_ARSENAL_CURRENT_SEASON,2026-08-28T17:22:48+00:00,SAVANT_ARSENAL_SCHEMA_V1,CURRENT
686753,"Jameson, Drey",2026,15,2,13.3,11.6,16.0,47.1,0.447,0.226,0.534,50.0,4.8,76.406695161,,,,FF,4-Seam Fastball,20.3,62,10.5,0.222,0.556,0.423,-2.3,BASEBALL_SAVANT_PITCH_ARSENAL_CURRENT_SEASON,2026-08-28T17:22:48+00:00,SAVANT_ARSENAL_SCHEMA_V1,CURRENT
686753,"Jameson, Drey",2026,14,0,0.0,11.6,7.7,47.1,0.364,0.349,0.441,38.5,4.8,76.406695161,,,,SI,Sinker,17.6,54,0.0,0.231,0.231,0.243,3.0,BASEBALL_SAVANT_PITCH_ARSENAL_CURRENT_SEASON,2026-08-28T17:22:48+00:00,SAVANT_ARSENAL_SCHEMA_V1,CURRENT
686753,"Jameson, Drey",2026,8,1,12.5,11.6,22.2,47.1,0.223,0.037,0.122,40.0,4.8,76.406695161,,,,ST,Sweeper,7.2,22,14.3,0.0,0.0,0.175,2.2,BASEBALL_SAVANT_PITCH_ARSENAL_CURRENT_SEASON,2026-08-28T17:22:48+00:00,SAVANT_ARSENAL_SCHEMA_V1,CURRENT
445276,"Jansen, Kenley",2026,113,27,23.9,13.6,25.0,49.2,0.313,0.215,0.352,36.8,8.1,77.088877143,,,,FC,Cutter,84.6,501,20.3,0.181,0.362,0.302,0.8,BASEBALL_SAVANT_PITCH_ARSENAL_CURRENT_SEASON,2026-08-28T17:22:48+00:00,SAVANT_ARSENAL_SCHEMA_V1,CURRENT
445276,"Jansen, Kenley",2026,17,6,35.3,13.6,30.8,49.2,0.163,0.133,0.165,10.0,8.1,77.088877143,,,,SL,Slider,8.6,51,20.0,0.125,0.125,0.147,4.6,BASEBALL_SAVANT_PITCH_ARSENAL_CURRENT_SEASON,2026-08-28T17:22:48+00:00,SAVANT_ARSENAL_SCHEMA_V1,CURRENT
445276,"Jansen, Kenley",2026,16,8,50.0,13.6,32.0,49.2,0.292,0.188,0.562,62.5,8.1,77.088877143,,,,SI,Sinker,6.8,40,30.8,0.2,0.6,0.306,-5.0,BASEBALL_SAVANT_PITCH_ARSENAL_CURRENT_SEASON,2026-08-28T17:22:48+00:00,SAVANT_ARSENAL_SCHEMA_V1,CURRENT
664299,"Javier, Cristian",2026,88,17,19.3,10.3,26.1,51.5,0.439,0.334,0.57,50.0,9.5,80.962548254,,,,FF,4-Seam Fastball,49.9,371,14.0,0.342,0.548,0.437,-1.6,BASEBALL_SAVANT_PITCH_ARSENAL_CURRENT_SEASON,2026-08-28T17:22:48+00:00,SAVANT_ARSENAL_SCHEMA_V1,CURRENT
664299,"Javier, Cristian",2026,41,14,34.1,10.3,38.8,51.5,0.204,0.17,0.246,28.0,9.5,80.962548254,,,,ST,Sweeper,24.8,184,20.0,0.205,0.436,0.29,-1.0,BASEBALL_SAVANT_PITCH_ARSENAL_CURRENT_SEASON,2026-08-28T17:22:48+00:00,SAVANT_ARSENAL_SCHEMA_V1,CURRENT
664299,"Javier, Cristian",2026,37,7,18.9,10.3,29.2,51.5,0.323,0.25,0.457,17.9,9.5,80.962548254,,,,CH,Changeup,16.0,119,15.9,0.314,0.514,0.373,-2.5,BASEBALL_SAVANT_PITCH_ARSENAL_CURRENT_SEASON,2026-08-28T17:22:48+00:00,SAVANT_ARSENAL_SCHEMA_V1,CURRENT
664299,"Javier, Cristian",2026,11,0,0.0,10.3,14.8,51.5,0.343,0.321,0.472,45.5,9.5,80.962548254,,,,FC,Cutter,5.2,39,0.0,0.2,0.2,0.164,5.7,BASEBALL_SAVANT_PITCH_ARSENAL_CURRENT_SEASON,2026-08-28T17:22:48+00:00,SAVANT_ARSENAL_SCHEMA_V1,CURRENT
664299,"Javier, Cristian",2026,1,0,0.0,10.3,33.3,51.5,0.7,0.275,0.463,38.1,9.5,80.962548254,,,,CU,Curveball,1.7,13,0.0,,,0.7,-4.2,BASEBALL_SAVANT_PITCH_ARSENAL_CURRENT_SEASON,2026-08-28T17:22:48+00:00,SAVANT_ARSENAL_SCHEMA_V1,CURRENT
664299,"Javier, Cristian",2026,5,0,0.0,10.3,16.7,51.5,0.376,0.282,0.418,50.0,9.5,80.962548254,,,,SI,Sinker,1.6,12,,0.25,0.25,0.32,1.7,BASEBALL_SAVANT_PITCH_ARSENAL_CURRENT_SEASON,2026-08-28T17:22:48+00:00,SAVANT_ARSENAL_SCHEMA_V1,CURRENT
664299,"Javier, Cristian",2026,2,0,0.0,10.3,0.0,51.5,0.533,0.315,0.972,50.0,9.5,80.962548254,,,,SL,Slider,70.0,5,0.0,0.5,1.0,0.625,-7.3,BASEBALL_SAVANT_PITCH_ARSENAL_CURRENT_SEASON,2026-08-28T17:22:48+00:00,SAVANT_ARSENAL_SCHEMA_V1,CURRENT
643377,"Jax, Griffin",2026,74,22,29.7,7.9,37.0,48.6,0.303,0.216,0.393,40.4,9.3,77.61397975,,,,ST,Sweeper,25.2,354,23.9,0.203,0.422,0.278,0.7,BASEBALL_SAVANT_PITCH_ARSENAL_CURRENT_SEASON,2026-08-28T17:22:48+00:00,SAVANT_ARSENAL_SCHEMA_V1,CURRENT
643377,"Jax, Griffin",2026,102,36,35.3,7.9,41.3,48.6,0.265,0.245,0.314,42.6,9.3,77.61397975,,,,CH,Changeup,23.4,328,33.6,0.223,0.277,0.287,0.6,BASEBALL_SAVANT_PITCH_ARSENAL_CURRENT_SEASON,2026-08-28T17:22:48+00:00,SAVANT_ARSENAL_SCHEMA_V1,CURRENT
643377,"Jax, Griffin",2026,101,12,11.9,7.9,13.1,48.6,0.342,0.266,0.393,33.3,9.3,77.61397975,,,,SI,Sinker,20.8,291,26.1,0.291,0.453,0.383,0.1,BASEBALL_SAVANT_PITCH_ARSENAL_CURRENT_SEASON,2026-08-28T17:22:48+00:00,SAVANT_ARSENAL_SCHEMA_V1,CURRENT
643377,"Jax, Griffin",2026,61,16,26.2,7.9,27.6,48.6,0.359,0.242,0.521,43.6,9.3,77.61397975,,,,FF,4-Seam Fastball,17.8,250,18.4,0.259,0.519,0.359,-1.0,BASEBALL_SAVANT_PITCH_ARSENAL_CURRENT_SEASON,2026-08-28T17:22:48+00:00,SAVANT_ARSENAL_SCHEMA_V1,CURRENT
643377,"Jax, Griffin",2026,26,14,53.8,7.9,46.7,48.6,0.256,0.221,0.38,41.7,9.3,77.61397975,,,,CU,Curveball,9.2,129,28.6,0.154,0.192,0.158,0.8,BASEBALL_SAVANT_PITCH_ARSENAL_CURRENT_SEASON,2026-08-28T17:22:48+00:00,SAVANT_ARSENAL_SCHEMA_V1,CURRENT
643377,"Jax, Griffin",2026,14,0,0.0,7.9,12.5,48.6,0.661,0.483,1.093,46.2,9.3,77.61397975,,,,FC,Cutter,3.6,50,0.0,0.308,0.769,0.464,-1.6,BASEBALL_SAVANT_PITCH_ARSENAL_CURRENT_SEASON,2026-08-28T17:22:48+00:00,SAVANT_ARSENAL_SCHEMA_V1,CURRENT
695549,"Jobe, Jackson",2026,35,7,20.0,10.0,14.1,47.3,0.46,0.331,0.663,52.2,9.4,77.196557037,,,,FF,4-Seam Fastball,36.3,115,21.2,0.3,0.6,0.424,-2.2,BASEBALL_SAVANT_PITCH_ARSENAL_CURRENT_SEASON,2026-08-28T17:22:48+00:00,SAVANT_ARSENAL_SCHEMA_V1,CURRENT
695549,"Jobe, Jackson",2026,15,0,0.0,10.0,16.2,47.3,0.344,0.31,0.339,15.4,9.4,77.196557037,,,,SL,Slider,24.0,76,0.0,0.308,0.308,0.357,0.5,BASEBALL_SAVANT_PITCH_ARSENAL_CURRENT_SEASON,2026-08-28T17:22:48+00:00,SAVANT_ARSENAL_SCHEMA_V1,CURRENT
695549,"Jobe, Jackson",2026,12,1,8.3,10.0,20.0,47.3,0.229,0.141,0.165,33.3,9.4,77.196557037,,,,SI,Sinker,17.4,55,9.1,0.2,0.2,0.267,0.9,BASEBALL_SAVANT_PITCH_ARSENAL_CURRENT_SEASON,2026-08-28T17:22:48+00:00,SAVANT_ARSENAL_SCHEMA_V1,CURRENT
695549,"Jobe, Jackson",2026,9,4,44.4,10.0,20.0,47.3,0.312,0.269,0.334,75.0,9.4,77.196557037,,,,CU,Curveball,11.4,36,25.0,0.25,0.375,0.317,-2.3,BASEBALL_SAVANT_PITCH_ARSENAL_CURRENT_SEASON,2026-08-28T17:22:48+00:00,SAVANT_ARSENAL_SCHEMA_V1,CURRENT
695549,"Jobe, Jackson",2026,9,3,33.3,10.0,42.9,47.3,0.216,0.157,0.204,40.0,9.4,77.196557037,,,,CH,Changeup,11.0,35,21.4,0.125,0.125,0.178,0.2,BASEBALL_SAVANT_PITCH_ARSENAL_CURRENT_SEASON,2026-08-28T17:22:48+00:00,SAVANT_ARSENAL_SCHEMA_V1,CURRENT
572955,"Johnson, Pierce",2026,104,17,16.3,9.1,25.1,47.1,0.355,0.3,0.494,34.1,10.6,81.275696786,,,,CU,Curveball,63.7,412,13.9,0.278,0.443,0.332,-0.1,BASEBALL_SAVANT_PITCH_ARSENAL_CURRENT_SEASON,2026-08-28T17:22:48+00:00,SAVANT_ARSENAL_SCHEMA_V1,CURRENT
572955,"Johnson, Pierce",2026,60,17,28.3,9.1,20.6,47.1,0.348,0.223,0.446,42.4,10.6,81.275696786,,,,FF,4-Seam Fastball,36.0,233,18.5,0.163,0.367,0.298,0.6,BASEBALL_SAVANT_PITCH_ARSENAL_CURRENT_SEASON,2026-08-28T17:22:48+00:00,SAVANT_ARSENAL_SCHEMA_V1,CURRENT
696270,"Johnson, Ryan",2026,107,29,27.1,10.5,23.0,45.9,0.323,0.222,0.415,46.2,10.5,76.987042095,,,,FC,Cutter,34.7,408,21.6,0.181,0.34,0.279,1.1,BASEBALL_SAVANT_PITCH_ARSENAL_CURRENT_SEASON,2026-08-28T17:22:48+00:00,SAVANT_ARSENAL_SCHEMA_V1,CURRENT
696270,"Johnson, Ryan",2026,59,12,20.3,10.5,34.1,45.9,0.237,0.219,0.301,15.6,10.5,76.987042095,,,,FS,Split-Finger,23.1,272,14.5,0.179,0.232,0.225,0.5,BASEBALL_SAVANT_PITCH_ARSENAL_CURRENT_SEASON,2026-08-28T17:22:48+00:00,SAVANT_ARSENAL_SCHEMA_V1,CURRENT
696270,"Johnson, Ryan",2026,77,1,1.3,10.5,2.7,45.9,0.513,0.386,0.749,51.6,10.5,76.987042095,,,,SI,Sinker,22.3,262,1.8,0.377,0.738,0.512,-4.5,BASEBALL_SAVANT_PITCH_ARSENAL_CURRENT_SEASON,2026-08-28T17:22:48+00:00,SAVANT_ARSENAL_SCHEMA_V1,CURRENT
696270,"Johnson, Ryan",2026,52,8,15.4,10.5,33.0,45.9,0.315,0.233,0.391,28.9,10.5,76.987042095,,,,ST,Sweeper,19.5,229,13.6,0.326,0.63,0.438,-2.0,BASEBALL_SAVANT_PITCH_ARSENAL_CURRENT_SEASON,2026-08-28T17:22:48+00:00,SAVANT_ARSENAL_SCHEMA_V1,CURRENT
686751,"Johnson, Seth",2026,56,14,25.0,16.0,31.5,44.5,0.394,0.254,0.458,58.6,14.5,79.605985484,,,,FF,4-Seam Fastball,47.8,204,23.3,0.326,0.512,0.438,-2.1,BASEBALL_SAVANT_PITCH_ARSENAL_CURRENT_SEASON,2026-08-28T17:22:48+00:00,SAVANT_ARSENAL_SCHEMA_V1,CURRENT
686751,"Johnson, Seth",2026,34,7,20.6,16.0,25.8,44.5,0.357,0.296,0.457,41.7,14.5,79.605985484,,,,SL,Slider,34.4,147,16.7,0.258,0.484,0.375,-0.3,BASEBALL_SAVANT_PITCH_ARSENAL_CURRENT_SEASON,2026-08-28T17:22:48+00:00,SAVANT_ARSENAL_SCHEMA_V1,CURRENT
686751,"Johnson, Seth",2026,7,1,14.3,16.0,15.4,44.5,0.382,0.314,0.447,40.0,14.5,79.605985484,,,,SI,Sinker,8.0,34,100.0,0.333,0.667,0.457,-3.4,BASEBALL_SAVANT_PITCH_ARSENAL_CURRENT_SEASON,2026-08-28T17:22:48+00:00,SAVANT_ARSENAL_SCHEMA_V1,CURRENT
686751,"Johnson, Seth",2026,4,2,50.0,16.0,30.0,44.5,0.32,0.202,0.234,100.0,14.5,79.605985484,,,,CU,Curveball,6.3,27,15.4,0.333,0.333,0.4,-2.9,BASEBALL_SAVANT_PITCH_ARSENAL_CURRENT_SEASON,2026-08-28T17:22:48+00:00,SAVANT_ARSENAL_SCHEMA_V1,CURRENT
686751,"Johnson, Seth",2026,5,2,40.0,16.0,28.6,44.5,0.03,0.033,0.036,0.0,14.5,79.605985484,,,,ST,Sweeper,2.6,11,28.6,0.0,0.0,0.0,7.8,BASEBALL_SAVANT_PITCH_ARSENAL_CURRENT_SEASON,2026-08-28T17:22:48+00:00,SAVANT_ARSENAL_SCHEMA_V1,CURRENT
687859,"Johnston, Troy",2026,4,0,0.0,11.1,9.1,54.3,0.288,0.153,0.188,33.3,0.0,82.4785175,,,,CH,Changeup,57.1,20,0.0,0.0,0.0,0.175,3.6,BASEBALL_SAVANT_PITCH_ARSENAL_CURRENT_SEASON,2026-08-28T17:22:48+00:00,SAVANT_ARSENAL_SCHEMA_V1,CURRENT
687859,"Johnston, Troy",2026,5,0,0.0,11.1,12.5,54.3,0.285,0.196,0.221,50.0,0.0,82.4785175,,,,SL,Slider,42.9,15,0.0,0.25,0.25,0.32,-1.4,BASEBALL_SAVANT_PITCH_ARSENAL_CURRENT_SEASON,2026-08-28T17:22:48+00:00,SAVANT_ARSENAL_SCHEMA_V1,CURRENT
683003,"Jones, Jared",2026,139,31,22.3,9.0,23.8,47.9,0.336,0.238,0.472,38.9,8.2,79.549885495,,,,FF,4-Seam Fastball,46.7,530,21.4,0.21,0.46,0.317,-0.2,BASEBALL_SAVANT_PITCH_ARSENAL_CURRENT_SEASON,2026-08-28T17:22:48+00:00,SAVANT_ARSENAL_SCHEMA_V1,CURRENT
683003,"Jones, Jared",2026,104,34,32.7,9.0,37.1,47.9,0.246,0.172,0.278,30.5,8.2,79.549885495,,,,SL,Slider,33.8,384,28.6,0.226,0.376,0.313,0.4,BASEBALL_SAVANT_PITCH_ARSENAL_CURRENT_SEASON,2026-08-28T17:22:48+00:00,SAVANT_ARSENAL_SCHEMA_V1,CURRENT
683003,"Jones, Jared",2026,32,9,28.1,9.0,41.5,47.9,0.288,0.25,0.313,65.0,8.2,79.549885495,,,,CH,Changeup,12.8,145,20.0,0.241,0.379,0.336,-1.2,BASEBALL_SAVANT_PITCH_ARSENAL_CURRENT_SEASON,2026-08-28T17:22:48+00:00,SAVANT_ARSENAL_SCHEMA_V1,CURRENT
683003,"Jones, Jared",2026,14,3,21.4,9.0,33.3,47.9,0.319,0.259,0.417,40.0,8.2,79.549885495,,,,CU,Curveball,6.7,76,13.0,0.385,0.538,0.421,-1.7,BASEBALL_SAVANT_PITCH_ARSENAL_CURRENT_SEASON,2026-08-28T17:22:48+00:00,SAVANT_ARSENAL_SCHEMA_V1,CURRENT
690829,"Joyce, Ben",2026,20,9,45.0,10.7,30.6,48.2,0.188,0.136,0.167,22.2,0.0,67.385785714,,,,FF,4-Seam Fastball,61.8,68,40.9,0.167,0.222,0.223,3.6,BASEBALL_SAVANT_PITCH_ARSENAL_CURRENT_SEASON,2026-08-28T17:22:48+00:00,SAVANT_ARSENAL_SCHEMA_V1,CURRENT
690829,"Joyce, Ben",2026,4,1,25.0,10.7,66.7,48.2,0.146,0.156,0.173,33.3,0.0,67.385785714,,,,SI,Sinker,30.0,33,20.0,0.0,0.0,0.0,1.7,BASEBALL_SAVANT_PITCH_ARSENAL_CURRENT_SEASON,2026-08-28T17:22:48+00:00,SAVANT_ARSENAL_SCHEMA_V1,CURRENT
690829,"Joyce, Ben",2026,3,2,66.7,10.7,60.0,48.2,0.01,0.011,0.012,0.0,0.0,67.385785714,,,,SL,Slider,8.2,9,50.0,0.0,0.0,0.0,6.8,BASEBALL_SAVANT_PITCH_ARSENAL_CURRENT_SEASON,2026-08-28T17:22:48+00:00,SAVANT_ARSENAL_SCHEMA_V1,CURRENT
696522,"Juenger, Hayden",2026,24,0,0.0,9.9,14.9,46.2,0.553,0.471,0.744,57.9,7.7,78.314023125,,,,FF,4-Seam Fastball,34.9,102,0.0,0.389,0.5,0.438,-1.6,BASEBALL_SAVANT_PITCH_ARSENAL_CURRENT_SEASON,2026-08-28T17:22:48+00:00,SAVANT_ARSENAL_SCHEMA_V1,CURRENT
696522,"Juenger, Hayden",2026,19,1,5.3,9.9,7.1,46.2,0.387,0.285,0.412,21.4,7.7,78.314023125,,,,FC,Cutter,22.3,65,14.3,0.357,0.571,0.464,-2.0,BASEBALL_SAVANT_PITCH_ARSENAL_CURRENT_SEASON,2026-08-28T17:22:48+00:00,SAVANT_ARSENAL_SCHEMA_V1,CURRENT
696522,"Juenger, Hayden",2026,17,1,5.9,9.9,12.9,46.2,0.292,0.292,0.485,31.3,7.7,78.314023125,,,,SL,Slider,21.6,63,7.1,0.467,0.6,0.412,-2.3,BASEBALL_SAVANT_PITCH_ARSENAL_CURRENT_SEASON,2026-08-28T17:22:48+00:00,SAVANT_ARSENAL_SCHEMA_V1,CURRENT
696522,"Juenger, Hayden",2026,21,4,19.0,9.9,24.1,46.2,0.226,0.207,0.262,25.0,7.7,78.314023125,,,,CH,Changeup,21.2,62,19.0,0.25,0.3,0.264,-0.6,BASEBALL_SAVANT_PITCH_ARSENAL_CURRENT_SEASON,2026-08-28T17:22:48+00:00,SAVANT_ARSENAL_SCHEMA_V1,CURRENT
695611,"Jump, Gage",2026,189,47,24.9,10.9,22.2,47.8,0.343,0.248,0.419,43.5,6.2,78.38865475,,,,FF,4-Seam Fastball,46.5,715,20.8,0.284,0.494,0.389,-0.7,BASEBALL_SAVANT_PITCH_ARSENAL_CURRENT_SEASON,2026-08-28T17:22:48+00:00,SAVANT_ARSENAL_SCHEMA_V1,CURRENT
695611,"Jump, Gage",2026,85,17,20.0,10.9,27.4,47.8,0.315,0.274,0.38,26.7,6.2,78.38865475,,,,SL,Slider,22.3,343,17.7,0.216,0.284,0.267,1.4,BASEBALL_SAVANT_PITCH_ARSENAL_CURRENT_SEASON,2026-08-28T17:22:48+00:00,SAVANT_ARSENAL_SCHEMA_V1,CURRENT
695611,"Jump, Gage",2026,45,17,37.8,10.9,25.3,47.8,0.23,0.212,0.297,51.9,6.2,78.38865475,,,,CU,Curveball,10.9,168,19.8,0.205,0.25,0.231,0.1,BASEBALL_SAVANT_PITCH_ARSENAL_CURRENT_SEASON,2026-08-28T17:22:48+00:00,SAVANT_ARSENAL_SCHEMA_V1,CURRENT
695611,"Jump, Gage",2026,20,2,10.0,10.9,25.5,47.8,0.281,0.269,0.383,27.8,6.2,78.38865475,,,,CH,Changeup,9.2,142,9.5,0.3,0.6,0.378,-1.9,BASEBALL_SAVANT_PITCH_ARSENAL_CURRENT_SEASON,2026-08-28T17:22:48+00:00,SAVANT_ARSENAL_SCHEMA_V1,CURRENT
695611,"Jump, Gage",2026,26,12,46.2,10.9,37.2,47.8,0.194,0.183,0.229,30.8,6.2,78.38865475,,,,ST,Sweeper,6.0,92,26.7,0.208,0.25,0.213,0.9,BASEBALL_SAVANT_PITCH_ARSENAL_CURRENT_SEASON,2026-08-28T17:22:48+00:00,SAVANT_ARSENAL_SCHEMA_V1,CURRENT
695611,"Jump, Gage",2026,18,2,11.1,10.9,25.0,47.8,0.496,0.417,0.484,30.0,6.2,78.38865475,,,,SI,Sinker,5.1,79,22.2,0.417,0.583,0.572,-3.7,BASEBALL_SAVANT_PITCH_ARSENAL_CURRENT_SEASON,2026-08-28T17:22:48+00:00,SAVANT_ARSENAL_SCHEMA_V1,CURRENT
596001,"Junis, Jakob",2026,74,14,18.9,5.0,19.5,47.0,0.295,0.249,0.399,19.3,3.7,76.9040625,,,,ST,Sweeper,43.6,280,16.7,0.197,0.282,0.228,1.9,BASEBALL_SAVANT_PITCH_ARSENAL_CURRENT_SEASON,2026-08-28T17:22:48+00:00,SAVANT_ARSENAL_SCHEMA_V1,CURRENT
596001,"Junis, Jakob",2026,24,6,25.0,5.0,28.6,47.0,0.384,0.268,0.436,30.8,3.7,76.9040625,,,,FF,4-Seam Fastball,19.0,122,24.0,0.316,0.474,0.417,-0.4,BASEBALL_SAVANT_PITCH_ARSENAL_CURRENT_SEASON,2026-08-28T17:22:48+00:00,SAVANT_ARSENAL_SCHEMA_V1,CURRENT
596001,"Junis, Jakob",2026,41,5,12.2,5.0,21.7,47.0,0.267,0.266,0.324,42.9,3.7,76.9040625,,,,CH,Changeup,18.8,121,12.8,0.225,0.325,0.249,1.4,BASEBALL_SAVANT_PITCH_ARSENAL_CURRENT_SEASON,2026-08-28T17:22:48+00:00,SAVANT_ARSENAL_SCHEMA_V1,CURRENT
596001,"Junis, Jakob",2026,41,8,19.5,5.0,11.5,47.0,0.315,0.285,0.405,54.8,3.7,76.9040625,,,,SI,Sinker,18.5,119,38.1,0.256,0.282,0.262,3.1,BASEBALL_SAVANT_PITCH_ARSENAL_CURRENT_SEASON,2026-08-28T17:22:48+00:00,SAVANT_ARSENAL_SCHEMA_V1,CURRENT
676083,"Junk, Janson",2026,146,32,21.9,6.2,11.2,48.2,0.319,0.242,0.36,40.4,6.9,79.254725449,,,,FF,4-Seam Fastball,35.7,558,18.0,0.272,0.384,0.354,0.3,BASEBALL_SAVANT_PITCH_ARSENAL_CURRENT_SEASON,2026-08-28T17:22:48+00:00,SAVANT_ARSENAL_SCHEMA_V1,CURRENT
676083,"Junk, Janson",2026,92,14,15.2,6.2,16.1,48.2,0.334,0.275,0.457,39.7,6.9,79.254725449,,,,SL,Slider,20.4,318,14.6,0.253,0.46,0.353,-0.2,BASEBALL_SAVANT_PITCH_ARSENAL_CURRENT_SEASON,2026-08-28T17:22:48+00:00,SAVANT_ARSENAL_SCHEMA_V1,CURRENT
676083,"Junk, Janson",2026,63,9,14.3,6.2,25.4,48.2,0.294,0.28,0.364,49.1,6.9,79.254725449,,,,CH,Changeup,17.9,280,10.0,0.267,0.317,0.271,0.1,BASEBALL_SAVANT_PITCH_ARSENAL_CURRENT_SEASON,2026-08-28T17:22:48+00:00,SAVANT_ARSENAL_SCHEMA_V1,CURRENT
676083,"Junk, Janson",2026,65,8,12.3,6.2,14.2,48.2,0.309,0.229,0.48,32.1,6.9,79.254725449,,,,ST,Sweeper,13.8,216,11.3,0.254,0.54,0.333,-2.1,BASEBALL_SAVANT_PITCH_ARSENAL_CURRENT_SEASON,2026-08-28T17:22:48+00:00,SAVANT_ARSENAL_SCHEMA_V1,CURRENT
676083,"Junk, Janson",2026,28,3,10.7,6.2,14.9,48.2,0.311,0.264,0.391,34.8,6.9,79.254725449,,,,CU,Curveball,7.9,123,12.0,0.269,0.462,0.339,-0.6,BASEBALL_SAVANT_PITCH_ARSENAL_CURRENT_SEASON,2026-08-28T17:22:48+00:00,SAVANT_ARSENAL_SCHEMA_V1,CURRENT
676083,"Junk, Janson",2026,22,1,4.5,6.2,8.1,48.2,0.335,0.304,0.441,35.0,6.9,79.254725449,,,,SI,Sinker,4.2,66,11.1,0.333,0.381,0.334,-0.2,BASEBALL_SAVANT_PITCH_ARSENAL_CURRENT_SEASON,2026-08-28T17:22:48+00:00,SAVANT_ARSENAL_SCHEMA_V1,CURRENT
592454,"Kahnle, Tommy",2026,31,5,16.1,14.0,20.3,51.2,0.376,0.281,0.527,60.9,15.6,83.671368125,,,,CH,Changeup,63.1,106,14.3,0.357,0.679,0.463,-3.2,BASEBALL_SAVANT_PITCH_ARSENAL_CURRENT_SEASON,2026-08-28T17:22:48+00:00,SAVANT_ARSENAL_SCHEMA_V1,CURRENT
592454,"Kahnle, Tommy",2026,11,0,0.0,14.0,12.0,51.2,0.412,0.307,0.393,50.0,15.6,83.671368125,,,,FF,4-Seam Fastball,30.4,51,0.0,0.125,0.25,0.305,-0.1,BASEBALL_SAVANT_PITCH_ARSENAL_CURRENT_SEASON,2026-08-28T17:22:48+00:00,SAVANT_ARSENAL_SCHEMA_V1,CURRENT
592454,"Kahnle, Tommy",2026,1,0,0.0,14.0,0.0,51.2,0.184,0.204,0.205,0.0,15.6,83.671368125,,,,SL,Slider,6.5,11,0.0,1.0,1.0,0.9,-4.2,BASEBALL_SAVANT_PITCH_ARSENAL_CURRENT_SEASON,2026-08-28T17:22:48+00:00,SAVANT_ARSENAL_SCHEMA_V1,CURRENT
675916,"Karinchak, James",2026,26,6,23.1,13.5,24.4,39.5,0.29,0.182,0.302,43.8,8.3,78.546704167,,,,FF,4-Seam Fastball,60.5,98,21.4,0.143,0.19,0.225,2.5,BASEBALL_SAVANT_PITCH_ARSENAL_CURRENT_SEASON,2026-08-28T17:22:48+00:00,SAVANT_ARSENAL_SCHEMA_V1,CURRENT
675916,"Karinchak, James",2026,11,2,18.2,13.5,31.6,39.5,0.217,0.108,0.293,12.5,8.3,78.546704167,,,,CU,Curveball,39.5,64,14.3,0.1,0.4,0.245,0.5,BASEBALL_SAVANT_PITCH_ARSENAL_CURRENT_SEASON,2026-08-28T17:22:48+00:00,SAVANT_ARSENAL_SCHEMA_V1,CURRENT
641743,"Kay, Anthony",2026,88,20,22.7,8.0,36.6,46.9,0.321,0.211,0.336,25.5,8.6,76.528893819,,,,ST,Sweeper,22.7,532,16.4,0.25,0.456,0.38,-0.8,BASEBALL_SAVANT_PITCH_ARSENAL_CURRENT_SEASON,2026-08-28T17:22:48+00:00,SAVANT_ARSENAL_SCHEMA_V1,CURRENT
641743,"Kay, Anthony",2026,139,27,19.4,8.0,19.3,46.9,0.352,0.266,0.435,37.5,8.6,76.528893819,,,,FF,4-Seam Fastball,22.5,528,14.2,0.252,0.454,0.347,0.0,BASEBALL_SAVANT_PITCH_ARSENAL_CURRENT_SEASON,2026-08-28T17:22:48+00:00,SAVANT_ARSENAL_SCHEMA_V1,CURRENT
641743,"Kay, Anthony",2026,86,6,7.0,8.0,19.7,46.9,0.421,0.301,0.557,31.8,8.6,76.528893819,,,,FC,Cutter,17.3,406,8.1,0.239,0.394,0.361,0.3,BASEBALL_SAVANT_PITCH_ARSENAL_CURRENT_SEASON,2026-08-28T17:22:48+00:00,SAVANT_ARSENAL_SCHEMA_V1,CURRENT
641743,"Kay, Anthony",2026,131,21,16.0,8.0,17.6,46.9,0.352,0.282,0.434,50.0,8.6,76.528893819,,,,SI,Sinker,17.3,405,21.4,0.27,0.435,0.367,0.3,BASEBALL_SAVANT_PITCH_ARSENAL_CURRENT_SEASON,2026-08-28T17:22:48+00:00,SAVANT_ARSENAL_SCHEMA_V1,CURRENT
641743,"Kay, Anthony",2026,80,11,13.8,8.0,26.0,46.9,0.266,0.246,0.33,41.8,8.6,76.528893819,,,,CH,Changeup,13.9,325,9.2,0.286,0.416,0.333,-1.1,BASEBALL_SAVANT_PITCH_ARSENAL_CURRENT_SEASON,2026-08-28T17:22:48+00:00,SAVANT_ARSENAL_SCHEMA_V1,CURRENT
641743,"Kay, Anthony",2026,64,23,35.9,8.0,26.8,46.9,0.291,0.225,0.356,48.6,8.6,76.528893819,,,,SL,Slider,6.4,149,19.2,0.224,0.31,0.291,-1.5,BASEBALL_SAVANT_PITCH_ARSENAL_CURRENT_SEASON,2026-08-28T17:22:48+00:00,SAVANT_ARSENAL_SCHEMA_V1,CURRENT
641745,"Keller, Brad",2026,33,7,21.2,9.6,21.4,45.0,0.409,0.32,0.41,55.6,4.6,73.919911364,,,,FF,4-Seam Fastball,31.9,170,14.6,0.44,0.56,0.503,-2.9,BASEBALL_SAVANT_PITCH_ARSENAL_CURRENT_SEASON,2026-08-28T17:22:48+00:00,SAVANT_ARSENAL_SCHEMA_V1,CURRENT
641745,"Keller, Brad",2026,34,9,26.5,9.6,24.6,45.0,0.173,0.134,0.191,26.1,4.6,73.919911364,,,,SL,Slider,22.5,120,23.7,0.156,0.281,0.216,2.8,BASEBALL_SAVANT_PITCH_ARSENAL_CURRENT_SEASON,2026-08-28T17:22:48+00:00,SAVANT_ARSENAL_SCHEMA_V1,CURRENT
641745,"Keller, Brad",2026,27,4,14.8,9.6,14.6,45.0,0.31,0.284,0.34,25.0,4.6,73.919911364,,,,SI,Sinker,19.9,106,19.0,0.273,0.318,0.302,1.9,BASEBALL_SAVANT_PITCH_ARSENAL_CURRENT_SEASON,2026-08-28T17:22:48+00:00,SAVANT_ARSENAL_SCHEMA_V1,CURRENT
641745,"Keller, Brad",2026,22,6,27.3,9.6,32.3,45.0,0.202,0.163,0.184,7.1,4.6,73.919911364,,,,CH,Changeup,13.3,71,25.0,0.15,0.15,0.227,2.1,BASEBALL_SAVANT_PITCH_ARSENAL_CURRENT_SEASON,2026-08-28T17:22:48+00:00,SAVANT_ARSENAL_SCHEMA_V1,CURRENT
641745,"Keller, Brad",2026,19,6,31.6,9.6,23.5,45.0,0.321,0.258,0.495,46.2,4.6,73.919911364,,,,ST,Sweeper,12.4,66,17.6,0.211,0.526,0.305,0.1,BASEBALL_SAVANT_PITCH_ARSENAL_CURRENT_SEASON,2026-08-28T17:22:48+00:00,SAVANT_ARSENAL_SCHEMA_V1,CURRENT
662144,"Keller, Brian",2026,5,0,0.0,0.0,9.1,64.1,0.307,0.247,0.484,40.0,25.0,86.79278,,,,FC,Cutter,33.3,13,0.0,0.2,0.2,0.18,6.2,BASEBALL_SAVANT_PITCH_ARSENAL_CURRENT_SEASON,2026-08-28T17:22:48+00:00,SAVANT_ARSENAL_SCHEMA_V1,CURRENT
662144,"Keller, Brian",2026,1,1,100.0,0.0,16.7,64.1,0.0,0.252,0.616,37.5,25.0,86.79278,,,,FF,4-Seam Fastball,28.2,11,14.3,0.0,0.0,0.0,2.1,BASEBALL_SAVANT_PITCH_ARSENAL_CURRENT_SEASON,2026-08-28T17:22:48+00:00,SAVANT_ARSENAL_SCHEMA_V1,CURRENT
662144,"Keller, Brian",2026,4,2,50.0,0.0,33.3,64.1,0.144,0.151,0.185,0.0,25.0,86.79278,,,,ST,Sweeper,25.6,10,25.0,0.0,0.0,0.0,7.9,BASEBALL_SAVANT_PITCH_ARSENAL_CURRENT_SEASON,2026-08-28T17:22:48+00:00,SAVANT_ARSENAL_SCHEMA_V1,CURRENT
662144,"Keller, Brian",2026,1,0,0.0,0.0,0.0,64.1,1.86,0.931,3.616,100.0,25.0,86.79278,,,,SI,Sinker,12.8,5,,1.0,4.0,2.0,-49.7,BASEBALL_SAVANT_PITCH_ARSENAL_CURRENT_SEASON,2026-08-28T17:22:48+00:00,SAVANT_ARSENAL_SCHEMA_V1,CURRENT
656605,"Keller, Mitch",2026,142,17,12.0,8.3,16.9,47.4,0.365,0.303,0.463,49.5,7.4,78.627953315,,,,FF,4-Seam Fastball,32.0,603,11.4,0.234,0.32,0.289,1.4,BASEBALL_SAVANT_PITCH_ARSENAL_CURRENT_SEASON,2026-08-28T17:22:48+00:00,SAVANT_ARSENAL_SCHEMA_V1,CURRENT
656605,"Keller, Mitch",2026,93,8,8.6,8.3,14.7,47.4,0.439,0.359,0.558,53.5,7.4,78.627953315,,,,SI,Sinker,17.1,322,13.8,0.367,0.506,0.438,-1.3,BASEBALL_SAVANT_PITCH_ARSENAL_CURRENT_SEASON,2026-08-28T17:22:48+00:00,SAVANT_ARSENAL_SCHEMA_V1,CURRENT
656605,"Keller, Mitch",2026,100,25,25.0,8.3,24.0,47.4,0.3,0.216,0.396,34.3,7.4,78.627953315,,,,ST,Sweeper,16.0,302,17.2,0.209,0.484,0.325,-2.7,BASEBALL_SAVANT_PITCH_ARSENAL_CURRENT_SEASON,2026-08-28T17:22:48+00:00,SAVANT_ARSENAL_SCHEMA_V1,CURRENT
656605,"Keller, Mitch",2026,52,9,17.3,8.3,21.5,47.4,0.33,0.286,0.42,35.9,7.4,78.627953315,,,,SL,Slider,9.5,180,15.3,0.234,0.362,0.286,0.5,BASEBALL_SAVANT_PITCH_ARSENAL_CURRENT_SEASON,2026-08-28T17:22:48+00:00,SAVANT_ARSENAL_SCHEMA_V1,CURRENT
656605,"Keller, Mitch",2026,37,17,45.9,8.3,36.5,47.4,0.277,0.175,0.281,50.0,7.4,78.627953315,,,,CU,Curveball,9.1,171,27.4,0.161,0.323,0.284,-1.4,BASEBALL_SAVANT_PITCH_ARSENAL_CURRENT_SEASON,2026-08-28T17:22:48+00:00,SAVANT_ARSENAL_SCHEMA_V1,CURRENT
656605,"Keller, Mitch",2026,44,10,22.7,8.3,25.6,47.4,0.362,0.34,0.504,32.4,7.4,78.627953315,,,,CH,Changeup,9.0,169,20.8,0.295,0.477,0.351,-2.0,BASEBALL_SAVANT_PITCH_ARSENAL_CURRENT_SEASON,2026-08-28T17:22:48+00:00,SAVANT_ARSENAL_SCHEMA_V1,CURRENT
656605,"Keller, Mitch",2026,35,3,8.6,8.3,20.5,47.4,0.38,0.303,0.486,21.4,7.4,78.627953315,,,,FC,Cutter,7.4,140,15.0,0.323,0.613,0.456,-3.1,BASEBALL_SAVANT_PITCH_ARSENAL_CURRENT_SEASON,2026-08-28T17:22:48+00:00,SAVANT_ARSENAL_SCHEMA_V1,CURRENT
681520,"Kelly, Antoine",2026,1,0,0.0,25.0,0.0,38.9,0.7,0.396,0.448,100.0,0.0,97.00853,,,,SI,Sinker,50.0,9,0.0,,,0.7,-3.9,BASEBALL_SAVANT_PITCH_ARSENAL_CURRENT_SEASON,2026-08-28T17:22:48+00:00,SAVANT_ARSENAL_SCHEMA_V1,CURRENT
681520,"Kelly, Antoine",2026,2,1,50.0,25.0,20.0,38.9,0.307,0.325,0.367,100.0,0.0,97.00853,,,,SL,Slider,38.9,7,25.0,0.0,0.0,0.0,5.5,BASEBALL_SAVANT_PITCH_ARSENAL_CURRENT_SEASON,2026-08-28T17:22:48+00:00,SAVANT_ARSENAL_SCHEMA_V1,CURRENT
681520,"Kelly, Antoine",2026,1,0,0.0,25.0,0.0,38.9,0.503,0.54,0.611,100.0,0.0,97.00853,,,,FF,4-Seam Fastball,11.1,2,,0.0,0.0,0.0,20.5,BASEBALL_SAVANT_PITCH_ARSENAL_CURRENT_SEASON,2026-08-28T17:22:48+00:00,SAVANT_ARSENAL_SCHEMA_V1,CURRENT
699008,"Kelly, Antwone",2026,20,0,0.0,11.1,11.4,50.4,0.382,0.361,0.431,50.0,3.7,80.888126154,,,,FF,4-Seam Fastball,57.4,81,0.0,0.278,0.389,0.375,0.0,BASEBALL_SAVANT_PITCH_ARSENAL_CURRENT_SEASON,2026-08-28T17:22:48+00:00,SAVANT_ARSENAL_SCHEMA_V1,CURRENT
699008,"Kelly, Antwone",2026,9,2,22.2,11.1,15.8,50.4,0.347,0.248,0.464,16.7,3.7,80.888126154,,,,ST,Sweeper,23.4,33,11.8,0.25,0.625,0.4,-2.4,BASEBALL_SAVANT_PITCH_ARSENAL_CURRENT_SEASON,2026-08-28T17:22:48+00:00,SAVANT_ARSENAL_SCHEMA_V1,CURRENT
699008,"Kelly, Antwone",2026,4,2,50.0,11.1,0.0,50.4,0.031,0.02,0.052,0.0,3.7,80.888126154,,,,CH,Changeup,9.9,14,20.0,0.25,1.0,0.5,-6.0,BASEBALL_SAVANT_PITCH_ARSENAL_CURRENT_SEASON,2026-08-28T17:22:48+00:00,SAVANT_ARSENAL_SCHEMA_V1,CURRENT
699008,"Kelly, Antwone",2026,3,1,33.3,11.1,66.7,50.4,0.249,0.026,0.029,0.0,3.7,80.888126154,,,,SL,Slider,7.8,11,25.0,0.0,0.0,0.233,0.0,BASEBALL_SAVANT_PITCH_ARSENAL_CURRENT_SEASON,2026-08-28T17:22:48+00:00,SAVANT_ARSENAL_SCHEMA_V1,CURRENT
687330,"Kelly, Kevin",2026,128,14,10.9,3.9,14.5,48.7,0.35,0.309,0.45,46.2,6.0,79.175376867,,,,SI,Sinker,58.1,469,17.3,0.235,0.353,0.304,2.4,BASEBALL_SAVANT_PITCH_ARSENAL_CURRENT_SEASON,2026-08-28T17:22:48+00:00,SAVANT_ARSENAL_SCHEMA_V1,CURRENT
687330,"Kelly, Kevin",2026,69,21,30.4,3.9,30.0,48.7,0.242,0.232,0.311,51.1,6.0,79.175376867,,,,CH,Changeup,26.8,216,22.3,0.162,0.221,0.18,1.4,BASEBALL_SAVANT_PITCH_ARSENAL_CURRENT_SEASON,2026-08-28T17:22:48+00:00,SAVANT_ARSENAL_SCHEMA_V1,CURRENT
687330,"Kelly, Kevin",2026,14,4,28.6,3.9,20.0,48.7,0.208,0.172,0.316,20.0,6.0,79.175376867,,,,ST,Sweeper,8.2,66,13.8,0.143,0.429,0.296,-1.7,BASEBALL_SAVANT_PITCH_ARSENAL_CURRENT_SEASON,2026-08-28T17:22:48+00:00,SAVANT_ARSENAL_SCHEMA_V1,CURRENT
687330,"Kelly, Kevin",2026,15,9,60.0,3.9,38.1,48.7,0.153,0.122,0.147,40.0,6.0,79.175376867,,,,FF,4-Seam Fastball,6.6,53,20.5,0.077,0.077,0.107,1.1,BASEBALL_SAVANT_PITCH_ARSENAL_CURRENT_SEASON,2026-08-28T17:22:48+00:00,SAVANT_ARSENAL_SCHEMA_V1,CURRENT
518876,"Kelly, Merrill",2026,185,43,23.2,10.2,31.4,48.8,0.371,0.305,0.468,38.4,12.6,79.391256912,,,,CH,Changeup,27.4,597,19.9,0.241,0.361,0.304,-0.6,BASEBALL_SAVANT_PITCH_ARSENAL_CURRENT_SEASON,2026-08-28T17:22:48+00:00,SAVANT_ARSENAL_SCHEMA_V1,CURRENT
518876,"Kelly, Merrill",2026,141,10,7.1,10.2,12.5,48.8,0.493,0.337,0.748,51.4,12.6,79.391256912,,,,FF,4-Seam Fastball,27.3,594,8.8,0.322,0.687,0.467,-1.7,BASEBALL_SAVANT_PITCH_ARSENAL_CURRENT_SEASON,2026-08-28T17:22:48+00:00,SAVANT_ARSENAL_SCHEMA_V1,CURRENT
518876,"Kelly, Merrill",2026,84,8,9.5,10.2,12.8,48.8,0.43,0.311,0.633,53.7,12.6,79.391256912,,,,FC,Cutter,13.3,290,15.1,0.36,0.707,0.476,-2.7,BASEBALL_SAVANT_PITCH_ARSENAL_CURRENT_SEASON,2026-08-28T17:22:48+00:00,SAVANT_ARSENAL_SCHEMA_V1,CURRENT
518876,"Kelly, Merrill",2026,46,7,15.2,10.2,21.8,48.8,0.326,0.264,0.416,42.9,12.6,79.391256912,,,,CU,Curveball,11.6,252,11.7,0.167,0.31,0.245,0.9,BASEBALL_SAVANT_PITCH_ARSENAL_CURRENT_SEASON,2026-08-28T17:22:48+00:00,SAVANT_ARSENAL_SCHEMA_V1,CURRENT
518876,"Kelly, Merrill",2026,68,13,19.1,10.2,34.7,48.8,0.308,0.259,0.425,30.8,12.6,79.391256912,,,,SL,Slider,10.4,226,14.4,0.25,0.359,0.292,0.0,BASEBALL_SAVANT_PITCH_ARSENAL_CURRENT_SEASON,2026-08-28T17:22:48+00:00,SAVANT_ARSENAL_SCHEMA_V1,CURRENT
518876,"Kelly, Merrill",2026,64,7,10.9,10.2,8.6,48.8,0.378,0.315,0.515,40.4,12.6,79.391256912,,,,SI,Sinker,9.9,216,15.9,0.298,0.474,0.351,-1.0,BASEBALL_SAVANT_PITCH_ARSENAL_CURRENT_SEASON,2026-08-28T17:22:48+00:00,SAVANT_ARSENAL_SCHEMA_V1,CURRENT
547184,"Kelly, Michael",2026,11,0,0.0,18.8,28.0,44.6,0.444,0.377,0.509,44.4,15.0,73.649626,,,,ST,Sweeper,41.3,50,0.0,0.444,0.889,0.586,-4.8,BASEBALL_SAVANT_PITCH_ARSENAL_CURRENT_SEASON,2026-08-28T17:22:48+00:00,SAVANT_ARSENAL_SCHEMA_V1,CURRENT
547184,"Kelly, Michael",2026,8,1,12.5,18.8,15.4,44.6,0.545,0.547,0.658,50.0,15.0,73.649626,,,,SL,Slider,26.4,32,25.0,0.571,0.571,0.538,-4.9,BASEBALL_SAVANT_PITCH_ARSENAL_CURRENT_SEASON,2026-08-28T17:22:48+00:00,SAVANT_ARSENAL_SCHEMA_V1,CURRENT
547184,"Kelly, Michael",2026,9,4,44.4,18.8,33.3,44.6,0.404,0.21,0.562,66.7,15.0,73.649626,,,,FF,4-Seam Fastball,22.3,27,30.8,0.429,1.0,0.611,-6.7,BASEBALL_SAVANT_PITCH_ARSENAL_CURRENT_SEASON,2026-08-28T17:22:48+00:00,SAVANT_ARSENAL_SCHEMA_V1,CURRENT
547184,"Kelly, Michael",2026,4,1,25.0,18.8,0.0,44.6,0.268,0.131,0.147,0.0,15.0,73.649626,,,,SI,Sinker,9.1,11,25.0,0.333,0.333,0.4,-0.7,BASEBALL_SAVANT_PITCH_ARSENAL_CURRENT_SEASON,2026-08-28T17:22:48+00:00,SAVANT_ARSENAL_SCHEMA_V1,CURRENT
677161,"Kelly, Zack",2026,31,5,16.1,9.9,21.2,43.5,0.462,0.374,0.628,54.5,8.2,76.440982917,,,,FC,Cutter,43.8,124,38.5,0.259,0.407,0.34,1.2,BASEBALL_SAVANT_PITCH_ARSENAL_CURRENT_SEASON,2026-08-28T17:22:48+00:00,SAVANT_ARSENAL_SCHEMA_V1,CURRENT
677161,"Kelly, Zack",2026,16,4,25.0,9.9,28.6,43.5,0.151,0.142,0.209,25.0,8.2,76.440982917,,,,ST,Sweeper,21.9,62,14.8,0.188,0.188,0.12,1.6,BASEBALL_SAVANT_PITCH_ARSENAL_CURRENT_SEASON,2026-08-28T17:22:48+00:00,SAVANT_ARSENAL_SCHEMA_V1,CURRENT
677161,"Kelly, Zack",2026,13,1,7.7,9.9,10.5,43.5,0.468,0.419,0.468,27.3,8.2,76.440982917,,,,SI,Sinker,17.0,48,7.7,0.3,0.3,0.262,-0.5,BASEBALL_SAVANT_PITCH_ARSENAL_CURRENT_SEASON,2026-08-28T17:22:48+00:00,SAVANT_ARSENAL_SCHEMA_V1,CURRENT
677161,"Kelly, Zack",2026,11,4,36.4,9.9,18.2,43.5,0.272,0.096,0.105,25.0,8.2,76.440982917,,,,FF,4-Seam Fastball,13.8,39,17.4,0.143,0.143,0.39,-2.3,BASEBALL_SAVANT_PITCH_ARSENAL_CURRENT_SEASON,2026-08-28T17:22:48+00:00,SAVANT_ARSENAL_SCHEMA_V1,CURRENT
687531,"Kempner, William",2026,24,8,33.3,8.0,39.0,45.7,0.41,0.275,0.507,36.4,3.3,74.829450667,,,,FF,4-Seam Fastball,48.2,96,30.8,0.316,0.579,0.446,-1.8,BASEBALL_SAVANT_PITCH_ARSENAL_CURRENT_SEASON,2026-08-28T17:22:48+00:00,SAVANT_ARSENAL_SCHEMA_V1,CURRENT
687531,"Kempner, William",2026,14,2,14.3,8.0,32.1,45.7,0.24,0.216,0.256,9.1,3.3,74.829450667,,,,ST,Sweeper,22.1,44,10.5,0.154,0.154,0.179,2.8,BASEBALL_SAVANT_PITCH_ARSENAL_CURRENT_SEASON,2026-08-28T17:22:48+00:00,SAVANT_ARSENAL_SCHEMA_V1,CURRENT
687531,"Kempner, William",2026,8,2,25.0,8.0,18.2,45.7,0.206,0.207,0.27,16.7,3.3,74.829450667,,,,SI,Sinker,14.6,29,20.0,0.0,0.0,0.0,6.1,BASEBALL_SAVANT_PITCH_ARSENAL_CURRENT_SEASON,2026-08-28T17:22:48+00:00,SAVANT_ARSENAL_SCHEMA_V1,CURRENT
687531,"Kempner, William",2026,3,2,66.7,8.0,44.4,45.7,0.059,0.066,0.072,0.0,3.3,74.829450667,,,,FC,Cutter,12.6,25,50.0,0.0,0.0,0.0,4.5,BASEBALL_SAVANT_PITCH_ARSENAL_CURRENT_SEASON,2026-08-28T17:22:48+00:00,SAVANT_ARSENAL_SCHEMA_V1,CURRENT
687531,"Kempner, William",2026,1,0,0.0,8.0,0.0,45.7,0.239,0.266,0.282,100.0,3.3,74.829450667,,,,CH,Changeup,2.5,5,,0.0,0.0,0.0,5.4,BASEBALL_SAVANT_PITCH_ARSENAL_CURRENT_SEASON,2026-08-28T17:22:48+00:00,SAVANT_ARSENAL_SCHEMA_V1,CURRENT
800600,"Kent, Jackson",2026,27,5,18.5,18.0,14.6,45.2,0.38,0.269,0.351,60.0,8.3,74.721382778,,,,FF,4-Seam Fastball,40.9,103,20.0,0.35,0.4,0.461,-1.6,BASEBALL_SAVANT_PITCH_ARSENAL_CURRENT_SEASON,2026-08-28T17:22:48+00:00,SAVANT_ARSENAL_SCHEMA_V1,CURRENT
800600,"Kent, Jackson",2026,17,5,29.4,18.0,33.3,45.2,0.365,0.246,0.442,44.4,8.3,74.721382778,,,,CH,Changeup,23.8,60,18.5,0.214,0.5,0.368,-2.0,BASEBALL_SAVANT_PITCH_ARSENAL_CURRENT_SEASON,2026-08-28T17:22:48+00:00,SAVANT_ARSENAL_SCHEMA_V1,CURRENT
800600,"Kent, Jackson",2026,12,4,33.3,18.0,27.6,45.2,0.367,0.309,0.553,50.0,8.3,74.721382778,,,,SL,Slider,22.6,57,20.0,0.333,0.5,0.358,-0.7,BASEBALL_SAVANT_PITCH_ARSENAL_CURRENT_SEASON,2026-08-28T17:22:48+00:00,SAVANT_ARSENAL_SCHEMA_V1,CURRENT
800600,"Kent, Jackson",2026,3,0,0.0,18.0,16.7,45.2,0.367,0.395,0.438,0.0,8.3,74.721382778,,,,CU,Curveball,9.9,25,0.0,0.333,0.333,0.3,-2.2,BASEBALL_SAVANT_PITCH_ARSENAL_CURRENT_SEASON,2026-08-28T17:22:48+00:00,SAVANT_ARSENAL_SCHEMA_V1,CURRENT
800600,"Kent, Jackson",2026,2,0,0.0,18.0,0.0,45.2,0.357,0.011,0.021,0.0,8.3,74.721382778,,,,SI,Sinker,2.8,7,0.0,0.0,0.0,0.35,-2.3,BASEBALL_SAVANT_PITCH_ARSENAL_CURRENT_SEASON,2026-08-28T17:22:48+00:00,SAVANT_ARSENAL_SCHEMA_V1,CURRENT
687849,"Kent, Zak",2026,34,3,8.8,10.1,8.5,49.6,0.285,0.224,0.386,41.4,11.8,80.038822308,,,,FF,4-Seam Fastball,41.5,108,20.0,0.25,0.531,0.428,-0.5,BASEBALL_SAVANT_PITCH_ARSENAL_CURRENT_SEASON,2026-08-28T17:22:48+00:00,SAVANT_ARSENAL_SCHEMA_V1,CURRENT
687849,"Kent, Zak",2026,23,5,21.7,10.1,32.6,49.6,0.425,0.272,0.475,53.8,11.8,80.038822308,,,,SL,Slider,38.1,99,16.1,0.353,0.765,0.496,-4.5,BASEBALL_SAVANT_PITCH_ARSENAL_CURRENT_SEASON,2026-08-28T17:22:48+00:00,SAVANT_ARSENAL_SCHEMA_V1,CURRENT
687849,"Kent, Zak",2026,11,3,27.3,10.1,31.8,49.6,0.304,0.305,0.395,37.5,11.8,80.038822308,,,,CU,Curveball,18.5,48,13.6,0.273,0.364,0.277,-1.6,BASEBALL_SAVANT_PITCH_ARSENAL_CURRENT_SEASON,2026-08-28T17:22:48+00:00,SAVANT_ARSENAL_SCHEMA_V1,CURRENT
687849,"Kent, Zak",2026,1,0,0.0,10.1,0.0,49.6,1.419,0.76,2.712,100.0,11.8,80.038822308,,,,SI,Sinker,1.5,4,0.0,1.0,2.0,1.25,-24.1,BASEBALL_SAVANT_PITCH_ARSENAL_CURRENT_SEASON,2026-08-28T17:22:48+00:00,SAVANT_ARSENAL_SCHEMA_V1,CURRENT
689147,"Kerkering, Orion",2026,102,27,26.5,11.8,25.8,42.7,0.257,0.214,0.294,31.3,5.0,73.307845286,,,,ST,Sweeper,43.6,414,21.3,0.17,0.266,0.228,1.3,BASEBALL_SAVANT_PITCH_ARSENAL_CURRENT_SEASON,2026-08-28T17:22:48+00:00,SAVANT_ARSENAL_SCHEMA_V1,CURRENT
689147,"Kerkering, Orion",2026,80,24,30.0,11.8,32.8,42.7,0.312,0.172,0.305,36.8,5.0,73.307845286,,,,FF,4-Seam Fastball,33.2,315,24.7,0.213,0.393,0.353,0.4,BASEBALL_SAVANT_PITCH_ARSENAL_CURRENT_SEASON,2026-08-28T17:22:48+00:00,SAVANT_ARSENAL_SCHEMA_V1,CURRENT
689147,"Kerkering, Orion",2026,38,1,2.6,11.8,11.8,42.7,0.288,0.199,0.284,16.1,5.0,73.307845286,,,,SI,Sinker,17.9,170,3.1,0.29,0.419,0.419,-1.2,BASEBALL_SAVANT_PITCH_ARSENAL_CURRENT_SEASON,2026-08-28T17:22:48+00:00,SAVANT_ARSENAL_SCHEMA_V1,CURRENT
689147,"Kerkering, Orion",2026,8,3,37.5,11.8,40.0,42.7,0.075,0.082,0.086,0.0,5.0,73.307845286,,,,FS,Split-Finger,5.4,51,10.0,0.0,0.0,0.129,-0.9,BASEBALL_SAVANT_PITCH_ARSENAL_CURRENT_SEASON,2026-08-28T17:22:48+00:00,SAVANT_ARSENAL_SCHEMA_V1,CURRENT
678061,"Kerr, Ray",2026,5,0,0.0,0.0,36.4,58.8,0.356,0.227,0.339,25.0,0.0,86.017185,,,,CU,Curveball,52.9,18,0.0,0.333,0.333,0.4,-2.3,BASEBALL_SAVANT_PITCH_ARSENAL_CURRENT_SEASON,2026-08-28T17:22:48+00:00,SAVANT_ARSENAL_SCHEMA_V1,CURRENT
678061,"Kerr, Ray",2026,4,0,0.0,0.0,0.0,58.8,0.245,0.253,0.314,25.0,0.0,86.017185,,,,FF,4-Seam Fastball,41.2,14,0.0,0.0,0.0,0.0,6.7,BASEBALL_SAVANT_PITCH_ARSENAL_CURRENT_SEASON,2026-08-28T17:22:48+00:00,SAVANT_ARSENAL_SCHEMA_V1,CURRENT
678061,"Kerr, Ray",2026,1,0,0.0,0.0,0.0,58.8,0.126,0.124,0.157,0.0,0.0,86.017185,,,,SI,Sinker,5.9,2,,0.0,0.0,0.0,11.6,BASEBALL_SAVANT_PITCH_ARSENAL_CURRENT_SEASON,2026-08-28T17:22:48+00:00,SAVANT_ARSENAL_SCHEMA_V1,CURRENT
695049,"Kerry, Brett",2026,24,3,12.5,3.7,11.1,49.5,0.275,0.225,0.327,52.6,5.0,76.830881,,,,FF,4-Seam Fastball,47.6,101,9.4,0.227,0.409,0.304,0.7,BASEBALL_SAVANT_PITCH_ARSENAL_CURRENT_SEASON,2026-08-28T17:22:48+00:00,SAVANT_ARSENAL_SCHEMA_V1,CURRENT
695049,"Kerry, Brett",2026,20,6,30.0,3.7,34.3,49.5,0.357,0.307,0.526,50.0,5.0,76.830881,,,,SL,Slider,27.4,58,31.6,0.25,0.45,0.343,-0.8,BASEBALL_SAVANT_PITCH_ARSENAL_CURRENT_SEASON,2026-08-28T17:22:48+00:00,SAVANT_ARSENAL_SCHEMA_V1,CURRENT
695049,"Kerry, Brett",2026,9,3,33.3,3.7,47.8,49.5,0.036,0.037,0.049,0.0,5.0,76.830881,,,,CH,Changeup,22.2,47,18.8,0.0,0.0,0.0,4.3,BASEBALL_SAVANT_PITCH_ARSENAL_CURRENT_SEASON,2026-08-28T17:22:48+00:00,SAVANT_ARSENAL_SCHEMA_V1,CURRENT
695049,"Kerry, Brett",2026,1,0,0.0,3.7,0.0,49.5,0.525,0.571,0.621,0.0,5.0,76.830881,,,,ST,Sweeper,1.4,3,0.0,1.0,2.0,1.25,-24.0,BASEBALL_SAVANT_PITCH_ARSENAL_CURRENT_SEASON,2026-08-28T17:22:48+00:00,SAVANT_ARSENAL_SCHEMA_V1,CURRENT
579328,"Kikuchi, Yusei",2026,55,12,21.8,9.1,20.7,49.2,0.302,0.267,0.39,53.7,9.9,80.348491786,,,,FF,4-Seam Fastball,35.5,233,14.6,0.294,0.412,0.309,-0.9,BASEBALL_SAVANT_PITCH_ARSENAL_CURRENT_SEASON,2026-08-28T17:22:48+00:00,SAVANT_ARSENAL_SCHEMA_V1,CURRENT
579328,"Kikuchi, Yusei",2026,47,12,25.5,9.1,28.7,49.2,0.35,0.249,0.415,44.8,9.9,80.348491786,,,,SL,Slider,22.7,149,26.1,0.35,0.625,0.461,-1.5,BASEBALL_SAVANT_PITCH_ARSENAL_CURRENT_SEASON,2026-08-28T17:22:48+00:00,SAVANT_ARSENAL_SCHEMA_V1,CURRENT
579328,"Kikuchi, Yusei",2026,31,9,29.0,9.1,29.0,49.2,0.352,0.246,0.596,36.4,9.9,80.348491786,,,,FS,Split-Finger,21.5,141,19.1,0.194,0.516,0.292,-0.1,BASEBALL_SAVANT_PITCH_ARSENAL_CURRENT_SEASON,2026-08-28T17:22:48+00:00,SAVANT_ARSENAL_SCHEMA_V1,CURRENT
579328,"Kikuchi, Yusei",2026,14,2,14.3,9.1,29.0,49.2,0.295,0.282,0.33,27.3,9.9,80.348491786,,,,CU,Curveball,10.4,68,22.2,0.182,0.182,0.179,3.6,BASEBALL_SAVANT_PITCH_ARSENAL_CURRENT_SEASON,2026-08-28T17:22:48+00:00,SAVANT_ARSENAL_SCHEMA_V1,CURRENT
579328,"Kikuchi, Yusei",2026,18,2,11.1,9.1,31.0,49.2,0.581,0.385,0.766,62.5,9.9,80.348491786,,,,FC,Cutter,9.9,65,11.8,0.5,0.7,0.6,-4.4,BASEBALL_SAVANT_PITCH_ARSENAL_CURRENT_SEASON,2026-08-28T17:22:48+00:00,SAVANT_ARSENAL_SCHEMA_V1,CURRENT
668873,"Kilian, Caleb",2026,90,20,22.2,10.5,19.1,48.7,0.294,0.227,0.326,35.6,8.6,77.059416935,,,,FF,4-Seam Fastball,49.9,392,19.0,0.227,0.293,0.306,1.0,BASEBALL_SAVANT_PITCH_ARSENAL_CURRENT_SEASON,2026-08-28T17:22:48+00:00,SAVANT_ARSENAL_SCHEMA_V1,CURRENT
668873,"Kilian, Caleb",2026,51,20,39.2,10.5,39.8,48.7,0.283,0.221,0.382,32.1,8.6,77.059416935,,,,CU,Curveball,23.8,187,25.3,0.271,0.438,0.327,-2.2,BASEBALL_SAVANT_PITCH_ARSENAL_CURRENT_SEASON,2026-08-28T17:22:48+00:00,SAVANT_ARSENAL_SCHEMA_V1,CURRENT
668873,"Kilian, Caleb",2026,33,3,9.1,10.5,25.0,48.7,0.343,0.251,0.358,33.3,8.6,77.059416935,,,,SI,Sinker,13.5,106,20.0,0.333,0.333,0.384,-0.3,BASEBALL_SAVANT_PITCH_ARSENAL_CURRENT_SEASON,2026-08-28T17:22:48+00:00,SAVANT_ARSENAL_SCHEMA_V1,CURRENT
668873,"Kilian, Caleb",2026,33,13,39.4,10.5,43.1,48.7,0.264,0.153,0.413,38.9,8.6,77.059416935,,,,SL,Slider,12.8,101,39.4,0.129,0.419,0.252,2.3,BASEBALL_SAVANT_PITCH_ARSENAL_CURRENT_SEASON,2026-08-28T17:22:48+00:00,SAVANT_ARSENAL_SCHEMA_V1,CURRENT
518886,"Kimbrel, Craig",2026,111,23,20.7,11.3,24.6,48.3,0.333,0.249,0.411,39.2,6.7,80.22547,,,,FF,4-Seam Fastball,66.9,439,17.4,0.211,0.411,0.323,0.6,BASEBALL_SAVANT_PITCH_ARSENAL_CURRENT_SEASON,2026-08-28T17:22:48+00:00,SAVANT_ARSENAL_SCHEMA_V1,CURRENT
518886,"Kimbrel, Craig",2026,25,8,32.0,11.3,35.6,48.3,0.31,0.251,0.395,40.0,6.7,80.22547,,,,ST,Sweeper,14.0,92,18.2,0.261,0.348,0.3,-0.8,BASEBALL_SAVANT_PITCH_ARSENAL_CURRENT_SEASON,2026-08-28T17:22:48+00:00,SAVANT_ARSENAL_SCHEMA_V1,CURRENT
518886,"Kimbrel, Craig",2026,11,1,9.1,11.3,4.5,48.3,0.337,0.296,0.399,44.4,6.7,80.22547,,,,CU,Curveball,9.1,60,7.1,0.3,0.4,0.341,-0.6,BASEBALL_SAVANT_PITCH_ARSENAL_CURRENT_SEASON,2026-08-28T17:22:48+00:00,SAVANT_ARSENAL_SCHEMA_V1,CURRENT
518886,"Kimbrel, Craig",2026,7,1,14.3,11.3,15.0,48.3,0.24,0.06,0.067,0.0,6.7,80.22547,,,,SI,Sinker,6.6,43,8.3,0.0,0.0,0.2,2.8,BASEBALL_SAVANT_PITCH_ARSENAL_CURRENT_SEASON,2026-08-28T17:22:48+00:00,SAVANT_ARSENAL_SCHEMA_V1,CURRENT
518886,"Kimbrel, Craig",2026,5,2,40.0,11.3,50.0,48.3,0.075,0.083,0.09,0.0,6.7,80.22547,,,,CH,Changeup,3.4,22,25.0,0.2,0.4,0.25,-3.1,BASEBALL_SAVANT_PITCH_ARSENAL_CURRENT_SEASON,2026-08-28T17:22:48+00:00,SAVANT_ARSENAL_SCHEMA_V1,CURRENT
687911,"King, Bryan",2026,153,31,20.3,8.0,18.7,49.6,0.311,0.231,0.377,41.3,6.0,75.273823373,,,,FF,4-Seam Fastball,57.2,521,16.4,0.25,0.409,0.33,0.1,BASEBALL_SAVANT_PITCH_ARSENAL_CURRENT_SEASON,2026-08-28T17:22:48+00:00,SAVANT_ARSENAL_SCHEMA_V1,CURRENT
687911,"King, Bryan",2026,51,9,17.6,8.0,21.6,49.6,0.357,0.314,0.449,26.3,6.0,75.273823373,,,,ST,Sweeper,27.8,253,12.7,0.404,0.638,0.469,-2.5,BASEBALL_SAVANT_PITCH_ARSENAL_CURRENT_SEASON,2026-08-28T17:22:48+00:00,SAVANT_ARSENAL_SCHEMA_V1,CURRENT
687911,"King, Bryan",2026,29,4,13.8,8.0,11.3,49.6,0.259,0.233,0.276,34.8,6.0,75.273823373,,,,SI,Sinker,14.1,128,15.4,0.185,0.222,0.288,2.0,BASEBALL_SAVANT_PITCH_ARSENAL_CURRENT_SEASON,2026-08-28T17:22:48+00:00,SAVANT_ARSENAL_SCHEMA_V1,CURRENT
687911,"King, Bryan",2026,4,0,0.0,8.0,0.0,49.6,0.369,0.397,0.446,50.0,6.0,75.273823373,,,,CH,Changeup,100.0,9,0.0,0.0,0.0,0.225,1.2,BASEBALL_SAVANT_PITCH_ARSENAL_CURRENT_SEASON,2026-08-28T17:22:48+00:00,SAVANT_ARSENAL_SCHEMA_V1,CURRENT
667463,"King, John",2026,70,8,11.4,8.6,16.7,47.2,0.291,0.202,0.281,39.2,8.5,79.649369437,,,,SI,Sinker,32.1,229,14.8,0.193,0.316,0.308,1.5,BASEBALL_SAVANT_PITCH_ARSENAL_CURRENT_SEASON,2026-08-28T17:22:48+00:00,SAVANT_ARSENAL_SCHEMA_V1,CURRENT
667463,"King, John",2026,34,10,29.4,8.6,35.0,47.2,0.243,0.177,0.326,36.4,8.5,79.649369437,,,,CH,Changeup,20.0,143,23.3,0.094,0.188,0.153,3.0,BASEBALL_SAVANT_PITCH_ARSENAL_CURRENT_SEASON,2026-08-28T17:22:48+00:00,SAVANT_ARSENAL_SCHEMA_V1,CURRENT
667463,"King, John",2026,35,4,11.4,8.6,19.7,47.2,0.379,0.317,0.577,40.0,8.5,79.649369437,,,,SL,Slider,19.2,137,12.5,0.182,0.424,0.257,1.2,BASEBALL_SAVANT_PITCH_ARSENAL_CURRENT_SEASON,2026-08-28T17:22:48+00:00,SAVANT_ARSENAL_SCHEMA_V1,CURRENT
667463,"King, John",2026,34,7,20.6,8.6,23.1,47.2,0.22,0.188,0.31,26.9,8.5,79.649369437,,,,ST,Sweeper,16.0,114,17.9,0.156,0.281,0.196,1.6,BASEBALL_SAVANT_PITCH_ARSENAL_CURRENT_SEASON,2026-08-28T17:22:48+00:00,SAVANT_ARSENAL_SCHEMA_V1,CURRENT
667463,"King, John",2026,20,4,20.0,8.6,7.1,47.2,0.427,0.28,0.629,46.2,8.5,79.649369437,,,,CU,Curveball,11.5,82,33.3,0.412,0.765,0.53,-3.5,BASEBALL_SAVANT_PITCH_ARSENAL_CURRENT_SEASON,2026-08-28T17:22:48+00:00,SAVANT_ARSENAL_SCHEMA_V1,CURRENT
667463,"King, John",2026,2,0,0.0,8.6,0.0,47.2,1.223,0.946,3.289,100.0,8.5,79.649369437,,,,FF,4-Seam Fastball,1.3,9,0.0,1.0,4.0,1.35,-14.1,BASEBALL_SAVANT_PITCH_ARSENAL_CURRENT_SEASON,2026-08-28T17:22:48+00:00,SAVANT_ARSENAL_SCHEMA_V1,CURRENT
650633,"King, Michael",2026,176,33,18.8,9.4,16.6,46.9,0.389,0.279,0.499,42.2,8.4,75.571452143,,,,SI,Sinker,28.3,710,18.2,0.252,0.483,0.373,-0.1,BASEBALL_SAVANT_PITCH_ARSENAL_CURRENT_SEASON,2026-08-28T17:22:48+00:00,SAVANT_ARSENAL_SCHEMA_V1,CURRENT
650633,"King, Michael",2026,216,36,16.7,9.4,27.9,46.9,0.289,0.232,0.36,23.9,8.4,75.571452143,,,,CH,Changeup,27.3,685,16.4,0.207,0.288,0.254,1.1,BASEBALL_SAVANT_PITCH_ARSENAL_CURRENT_SEASON,2026-08-28T17:22:48+00:00,SAVANT_ARSENAL_SCHEMA_V1,CURRENT
650633,"King, Michael",2026,103,23,22.3,9.4,27.7,46.9,0.259,0.21,0.322,27.4,8.4,75.571452143,,,,ST,Sweeper,20.0,501,18.5,0.208,0.271,0.243,1.3,BASEBALL_SAVANT_PITCH_ARSENAL_CURRENT_SEASON,2026-08-28T17:22:48+00:00,SAVANT_ARSENAL_SCHEMA_V1,CURRENT
650633,"King, Michael",2026,110,36,32.7,9.4,28.5,46.9,0.339,0.224,0.409,37.5,8.4,75.571452143,,,,FF,4-Seam Fastball,19.4,487,19.4,0.217,0.38,0.335,-0.3,BASEBALL_SAVANT_PITCH_ARSENAL_CURRENT_SEASON,2026-08-28T17:22:48+00:00,SAVANT_ARSENAL_SCHEMA_V1,CURRENT
650633,"King, Michael",2026,31,7,22.6,9.4,22.0,46.9,0.26,0.181,0.362,31.8,8.4,75.571452143,,,,SL,Slider,5.0,125,15.9,0.138,0.207,0.19,2.1,BASEBALL_SAVANT_PITCH_ARSENAL_CURRENT_SEASON,2026-08-28T17:22:48+00:00,SAVANT_ARSENAL_SCHEMA_V1,CURRENT
663884,"Kingham, Nolan",2026,3,0,0.0,33.3,0.0,36.4,0.525,0.152,0.175,0.0,0.0,79.57791,,,,FF,4-Seam Fastball,59.1,13,0.0,,,0.467,-2.7,BASEBALL_SAVANT_PITCH_ARSENAL_CURRENT_SEASON,2026-08-28T17:22:48+00:00,SAVANT_ARSENAL_SCHEMA_V1,CURRENT
663884,"Kingham, Nolan",2026,2,1,50.0,33.3,50.0,36.4,0.111,0.115,0.14,0.0,0.0,79.57791,,,,SL,Slider,18.2,4,100.0,0.0,0.0,0.0,11.2,BASEBALL_SAVANT_PITCH_ARSENAL_CURRENT_SEASON,2026-08-28T17:22:48+00:00,SAVANT_ARSENAL_SCHEMA_V1,CURRENT
663884,"Kingham, Nolan",2026,1,0,0.0,33.3,33.3,36.4,0.203,0.226,0.246,0.0,0.0,79.57791,,,,SI,Sinker,13.6,3,0.0,1.0,1.0,0.9,-13.7,BASEBALL_SAVANT_PITCH_ARSENAL_CURRENT_SEASON,2026-08-28T17:22:48+00:00,SAVANT_ARSENAL_SCHEMA_V1,CURRENT
641755,"Kinley, Tyler",2026,125,32,25.6,11.0,29.4,44.2,0.267,0.181,0.323,26.6,7.7,73.718724138,,,,SL,Slider,66.2,469,23.9,0.211,0.44,0.319,0.2,BASEBALL_SAVANT_PITCH_ARSENAL_CURRENT_SEASON,2026-08-28T17:22:48+00:00,SAVANT_ARSENAL_SCHEMA_V1,CURRENT
641755,"Kinley, Tyler",2026,18,1,5.6,11.0,14.3,44.2,0.471,0.383,0.65,53.3,7.7,73.718724138,,,,FF,4-Seam Fastball,16.8,119,6.7,0.313,0.5,0.412,-0.5,BASEBALL_SAVANT_PITCH_ARSENAL_CURRENT_SEASON,2026-08-28T17:22:48+00:00,SAVANT_ARSENAL_SCHEMA_V1,CURRENT
641755,"Kinley, Tyler",2026,33,9,27.3,11.0,29.8,44.2,0.248,0.196,0.362,21.7,7.7,73.718724138,,,,CU,Curveball,15.3,108,18.0,0.188,0.344,0.239,-1.8,BASEBALL_SAVANT_PITCH_ARSENAL_CURRENT_SEASON,2026-08-28T17:22:48+00:00,SAVANT_ARSENAL_SCHEMA_V1,CURRENT
641755,"Kinley, Tyler",2026,1,0,0.0,11.0,50.0,44.2,0.7,0.203,0.361,28.8,7.7,73.718724138,,,,SI,Sinker,1.3,9,,,,0.7,-4.1,BASEBALL_SAVANT_PITCH_ARSENAL_CURRENT_SEASON,2026-08-28T17:22:48+00:00,SAVANT_ARSENAL_SCHEMA_V1,CURRENT
641755,"Kinley, Tyler",2026,1,0,0.0,11.0,0.0,44.2,0.137,0.152,0.183,0.0,7.7,73.718724138,,,,FS,Split-Finger,40.0,3,,1.0,1.0,0.9,-18.8,BASEBALL_SAVANT_PITCH_ARSENAL_CURRENT_SEASON,2026-08-28T17:22:48+00:00,SAVANT_ARSENAL_SCHEMA_V1,CURRENT
669923,"Kirby, George",2026,180,50,27.8,5.5,25.7,52.3,0.274,0.242,0.356,35.0,6.6,79.124998274,,,,ST,Sweeper,28.9,659,20.2,0.254,0.393,0.292,0.0,BASEBALL_SAVANT_PITCH_ARSENAL_CURRENT_SEASON,2026-08-28T17:22:48+00:00,SAVANT_ARSENAL_SCHEMA_V1,CURRENT
669923,"Kirby, George",2026,188,37,19.7,5.5,23.5,52.3,0.323,0.254,0.444,40.3,6.6,79.124998274,,,,FF,4-Seam Fastball,28.8,658,17.1,0.256,0.426,0.318,0.4,BASEBALL_SAVANT_PITCH_ARSENAL_CURRENT_SEASON,2026-08-28T17:22:48+00:00,SAVANT_ARSENAL_SCHEMA_V1,CURRENT
669923,"Kirby, George",2026,130,20,15.4,5.5,11.2,52.3,0.295,0.255,0.358,45.5,6.6,79.124998274,,,,SI,Sinker,20.6,469,17.5,0.331,0.438,0.364,0.1,BASEBALL_SAVANT_PITCH_ARSENAL_CURRENT_SEASON,2026-08-28T17:22:48+00:00,SAVANT_ARSENAL_SCHEMA_V1,CURRENT
669923,"Kirby, George",2026,50,8,16.0,5.5,23.4,52.3,0.323,0.313,0.407,55.0,6.6,79.124998274,,,,CU,Curveball,10.3,234,11.8,0.426,0.617,0.47,-2.2,BASEBALL_SAVANT_PITCH_ARSENAL_CURRENT_SEASON,2026-08-28T17:22:48+00:00,SAVANT_ARSENAL_SCHEMA_V1,CURRENT
669923,"Kirby, George",2026,37,7,18.9,5.5,26.2,52.3,0.374,0.272,0.517,46.2,6.6,79.124998274,,,,CH,Changeup,6.1,140,20.6,0.242,0.515,0.382,-2.1,BASEBALL_SAVANT_PITCH_ARSENAL_CURRENT_SEASON,2026-08-28T17:22:48+00:00,SAVANT_ARSENAL_SCHEMA_V1,CURRENT
669923,"Kirby, George",2026,19,0,0.0,5.5,31.8,52.3,0.331,0.287,0.373,35.3,6.6,79.124998274,,,,FC,Cutter,3.7,85,0.0,0.235,0.353,0.3,2.1,BASEBALL_SAVANT_PITCH_ARSENAL_CURRENT_SEASON,2026-08-28T17:22:48+00:00,SAVANT_ARSENAL_SCHEMA_V1,CURRENT
669923,"Kirby, George",2026,12,4,33.3,5.5,30.0,52.3,0.262,0.282,0.323,25.0,6.6,79.124998274,,,,FS,Split-Finger,1.6,37,21.1,0.167,0.25,0.179,0.0,BASEBALL_SAVANT_PITCH_ARSENAL_CURRENT_SEASON,2026-08-28T17:22:48+00:00,SAVANT_ARSENAL_SCHEMA_V1,CURRENT
552640,"Kittredge, Andrew",2026,88,28,31.8,6.7,35.0,53.4,0.271,0.24,0.342,30.4,5.2,76.720731667,,,,SL,Slider,49.4,295,21.9,0.202,0.31,0.284,0.7,BASEBALL_SAVANT_PITCH_ARSENAL_CURRENT_SEASON,2026-08-28T17:22:48+00:00,SAVANT_ARSENAL_SCHEMA_V1,CURRENT
552640,"Kittredge, Andrew",2026,68,3,4.4,6.7,11.4,53.4,0.338,0.293,0.434,36.7,5.2,76.720731667,,,,SI,Sinker,39.0,233,11.1,0.344,0.508,0.415,0.0,BASEBALL_SAVANT_PITCH_ARSENAL_CURRENT_SEASON,2026-08-28T17:22:48+00:00,SAVANT_ARSENAL_SCHEMA_V1,CURRENT
552640,"Kittredge, Andrew",2026,22,2,9.1,6.7,7.1,53.4,0.38,0.324,0.535,63.2,5.2,76.720731667,,,,FF,4-Seam Fastball,11.6,69,15.4,0.286,0.429,0.327,-0.1,BASEBALL_SAVANT_PITCH_ARSENAL_CURRENT_SEASON,2026-08-28T17:22:48+00:00,SAVANT_ARSENAL_SCHEMA_V1,CURRENT
691946,"Klassen, George",2026,46,5,10.9,16.8,24.4,45.6,0.4,0.291,0.378,40.0,9.0,78.676259737,,,,FF,4-Seam Fastball,38.1,187,10.0,0.265,0.353,0.386,-0.2,BASEBALL_SAVANT_PITCH_ARSENAL_CURRENT_SEASON,2026-08-28T17:22:48+00:00,SAVANT_ARSENAL_SCHEMA_V1,CURRENT
691946,"Klassen, George",2026,43,17,39.5,16.8,45.7,45.6,0.252,0.176,0.301,45.5,9.0,78.676259737,,,,SL,Slider,31.4,154,30.9,0.128,0.205,0.221,1.7,BASEBALL_SAVANT_PITCH_ARSENAL_CURRENT_SEASON,2026-08-28T17:22:48+00:00,SAVANT_ARSENAL_SCHEMA_V1,CURRENT
691946,"Klassen, George",2026,19,1,5.3,16.8,24.4,45.6,0.384,0.325,0.535,41.2,9.0,78.676259737,,,,CH,Changeup,17.1,84,5.3,0.389,0.611,0.445,-2.3,BASEBALL_SAVANT_PITCH_ARSENAL_CURRENT_SEASON,2026-08-28T17:22:48+00:00,SAVANT_ARSENAL_SCHEMA_V1,CURRENT
691946,"Klassen, George",2026,14,0,0.0,16.8,11.8,45.6,0.468,0.274,0.413,75.0,9.0,78.676259737,,,,SI,Sinker,9.2,45,0.0,0.125,0.125,0.364,-0.2,BASEBALL_SAVANT_PITCH_ARSENAL_CURRENT_SEASON,2026-08-28T17:22:48+00:00,SAVANT_ARSENAL_SCHEMA_V1,CURRENT
691946,"Klassen, George",2026,3,1,33.3,16.8,28.6,45.6,0.522,0.549,0.646,50.0,9.0,78.676259737,,,,CU,Curveball,4.3,21,33.3,0.333,0.333,0.3,-0.9,BASEBALL_SAVANT_PITCH_ARSENAL_CURRENT_SEASON,2026-08-28T17:22:48+00:00,SAVANT_ARSENAL_SCHEMA_V1,CURRENT
804619,"Klein, John",2026,9,1,11.1,21.1,10.5,47.6,0.47,0.302,0.538,60.0,7.7,68.629142857,,,,FF,4-Seam Fastball,50.0,41,5.6,0.5,1.167,0.694,-5.3,BASEBALL_SAVANT_PITCH_ARSENAL_CURRENT_SEASON,2026-08-28T17:22:48+00:00,SAVANT_ARSENAL_SCHEMA_V1,CURRENT
804619,"Klein, John",2026,8,1,12.5,21.1,18.2,47.6,0.29,0.1,0.109,33.3,7.7,68.629142857,,,,CH,Changeup,28.0,23,12.5,0.0,0.0,0.088,5.6,BASEBALL_SAVANT_PITCH_ARSENAL_CURRENT_SEASON,2026-08-28T17:22:48+00:00,SAVANT_ARSENAL_SCHEMA_V1,CURRENT
804619,"Klein, John",2026,1,0,0.0,21.1,0.0,47.6,0.018,0.011,0.028,0.0,7.7,68.629142857,,,,FC,Cutter,11.0,9,0.0,0.0,0.0,0.0,5.5,BASEBALL_SAVANT_PITCH_ARSENAL_CURRENT_SEASON,2026-08-28T17:22:48+00:00,SAVANT_ARSENAL_SCHEMA_V1,CURRENT
804619,"Klein, John",2026,1,0,0.0,21.1,0.0,47.6,0.135,0.146,0.173,0.0,7.7,68.629142857,,,,CU,Curveball,7.3,6,0.0,0.0,0.0,0.0,2.5,BASEBALL_SAVANT_PITCH_ARSENAL_CURRENT_SEASON,2026-08-28T17:22:48+00:00,SAVANT_ARSENAL_SCHEMA_V1,CURRENT
694361,"Klein, Will",2026,98,24,24.5,11.1,21.1,43.3,0.292,0.238,0.316,44.4,2.6,77.11063193,,,,FF,4-Seam Fastball,50.9,388,21.8,0.253,0.356,0.336,0.3,BASEBALL_SAVANT_PITCH_ARSENAL_CURRENT_SEASON,2026-08-28T17:22:48+00:00,SAVANT_ARSENAL_SCHEMA_V1,CURRENT
694361,"Klein, Will",2026,62,20,32.3,11.1,28.2,43.3,0.264,0.216,0.267,25.7,2.6,77.11063193,,,,ST,Sweeper,28.3,216,24.4,0.236,0.273,0.279,1.0,BASEBALL_SAVANT_PITCH_ARSENAL_CURRENT_SEASON,2026-08-28T17:22:48+00:00,SAVANT_ARSENAL_SCHEMA_V1,CURRENT
694361,"Klein, Will",2026,20,5,25.0,11.1,24.2,43.3,0.277,0.232,0.289,30.8,2.6,77.11063193,,,,CU,Curveball,16.1,123,17.2,0.333,0.389,0.329,-2.1,BASEBALL_SAVANT_PITCH_ARSENAL_CURRENT_SEASON,2026-08-28T17:22:48+00:00,SAVANT_ARSENAL_SCHEMA_V1,CURRENT
694361,"Klein, Will",2026,7,0,0.0,11.1,21.4,43.3,0.477,0.404,0.482,60.0,2.6,77.11063193,,,,SL,Slider,4.6,35,,0.6,0.8,0.636,-3.7,BASEBALL_SAVANT_PITCH_ARSENAL_CURRENT_SEASON,2026-08-28T17:22:48+00:00,SAVANT_ARSENAL_SCHEMA_V1,CURRENT
689017,"Knack, Landon",2026,17,1,5.9,5.7,14.8,47.6,0.442,0.312,0.7,53.3,15.4,82.389573077,,,,FF,4-Seam Fastball,43.7,55,7.7,0.375,0.938,0.606,-5.3,BASEBALL_SAVANT_PITCH_ARSENAL_CURRENT_SEASON,2026-08-28T17:22:48+00:00,SAVANT_ARSENAL_SCHEMA_V1,CURRENT
689017,"Knack, Landon",2026,7,3,42.9,5.7,33.3,47.6,0.081,0.08,0.108,25.0,15.4,82.389573077,,,,CH,Changeup,25.4,32,27.3,0.0,0.0,0.0,5.1,BASEBALL_SAVANT_PITCH_ARSENAL_CURRENT_SEASON,2026-08-28T17:22:48+00:00,SAVANT_ARSENAL_SCHEMA_V1,CURRENT
689017,"Knack, Landon",2026,10,2,20.0,5.7,16.7,47.6,0.334,0.159,0.42,33.3,15.4,82.389573077,,,,SL,Slider,17.5,22,22.2,0.25,0.75,0.465,-5.5,BASEBALL_SAVANT_PITCH_ARSENAL_CURRENT_SEASON,2026-08-28T17:22:48+00:00,SAVANT_ARSENAL_SCHEMA_V1,CURRENT
689017,"Knack, Landon",2026,1,0,0.0,5.7,33.3,47.6,0.468,0.22,0.494,100.0,15.4,82.389573077,,,,CU,Curveball,13.5,17,0.0,,,0.0,0.6,BASEBALL_SAVANT_PITCH_ARSENAL_CURRENT_SEASON,2026-08-28T17:22:48+00:00,SAVANT_ARSENAL_SCHEMA_V1,CURRENT
686799,"Kochanowicz, Jack",2026,123,11,8.9,12.2,17.3,45.2,0.38,0.294,0.481,54.6,7.4,77.89732901,,,,SI,Sinker,38.3,424,16.2,0.28,0.383,0.353,0.4,BASEBALL_SAVANT_PITCH_ARSENAL_CURRENT_SEASON,2026-08-28T17:22:48+00:00,SAVANT_ARSENAL_SCHEMA_V1,CURRENT
686799,"Kochanowicz, Jack",2026,72,16,22.2,12.2,31.1,45.2,0.327,0.273,0.357,27.7,7.4,77.89732901,,,,CH,Changeup,23.2,257,21.1,0.317,0.429,0.397,-1.8,BASEBALL_SAVANT_PITCH_ARSENAL_CURRENT_SEASON,2026-08-28T17:22:48+00:00,SAVANT_ARSENAL_SCHEMA_V1,CURRENT
686799,"Kochanowicz, Jack",2026,68,13,19.1,12.2,18.6,45.2,0.358,0.245,0.476,35.6,7.4,77.89732901,,,,FF,4-Seam Fastball,22.2,245,16.7,0.232,0.464,0.344,-0.3,BASEBALL_SAVANT_PITCH_ARSENAL_CURRENT_SEASON,2026-08-28T17:22:48+00:00,SAVANT_ARSENAL_SCHEMA_V1,CURRENT
686799,"Kochanowicz, Jack",2026,32,7,21.9,12.2,37.5,45.2,0.348,0.239,0.387,36.8,7.4,77.89732901,,,,SL,Slider,16.3,180,20.0,0.08,0.08,0.194,0.7,BASEBALL_SAVANT_PITCH_ARSENAL_CURRENT_SEASON,2026-08-28T17:22:48+00:00,SAVANT_ARSENAL_SCHEMA_V1,CURRENT
657649,"Koenig, Jared",2026,20,4,20.0,17.1,15.2,42.2,0.34,0.237,0.346,58.3,7.7,82.165573846,,,,SI,Sinker,47.8,77,16.0,0.313,0.313,0.41,-0.8,BASEBALL_SAVANT_PITCH_ARSENAL_CURRENT_SEASON,2026-08-28T17:22:48+00:00,SAVANT_ARSENAL_SCHEMA_V1,CURRENT
657649,"Koenig, Jared",2026,9,1,11.1,17.1,20.0,42.2,0.553,0.421,0.856,57.1,7.7,82.165573846,,,,FC,Cutter,26.7,43,12.5,0.625,1.25,0.778,-7.0,BASEBALL_SAVANT_PITCH_ARSENAL_CURRENT_SEASON,2026-08-28T17:22:48+00:00,SAVANT_ARSENAL_SCHEMA_V1,CURRENT
657649,"Koenig, Jared",2026,6,2,33.3,17.1,37.5,42.2,0.059,0.059,0.076,0.0,7.7,82.165573846,,,,CH,Changeup,19.3,31,22.2,0.333,0.667,0.417,-2.0,BASEBALL_SAVANT_PITCH_ARSENAL_CURRENT_SEASON,2026-08-28T17:22:48+00:00,SAVANT_ARSENAL_SCHEMA_V1,CURRENT
657649,"Koenig, Jared",2026,3,0,0.0,17.1,0.0,42.2,0.219,0.205,0.301,33.3,7.7,82.165573846,,,,CU,Curveball,5.0,8,0.0,0.0,0.0,0.0,4.9,BASEBALL_SAVANT_PITCH_ARSENAL_CURRENT_SEASON,2026-08-28T17:22:48+00:00,SAVANT_ARSENAL_SCHEMA_V1,CURRENT
663568,"Kolek, Stephen",2026,44,3,6.8,5.4,18.6,48.3,0.287,0.241,0.355,23.7,6.9,77.361764368,,,,FF,4-Seam Fastball,28.3,237,5.1,0.244,0.39,0.342,0.0,BASEBALL_SAVANT_PITCH_ARSENAL_CURRENT_SEASON,2026-08-28T17:22:48+00:00,SAVANT_ARSENAL_SCHEMA_V1,CURRENT
663568,"Kolek, Stephen",2026,64,4,6.3,5.4,5.6,48.3,0.314,0.275,0.375,47.3,6.9,77.361764368,,,,SI,Sinker,21.7,182,10.5,0.322,0.525,0.409,-1.3,BASEBALL_SAVANT_PITCH_ARSENAL_CURRENT_SEASON,2026-08-28T17:22:48+00:00,SAVANT_ARSENAL_SCHEMA_V1,CURRENT
663568,"Kolek, Stephen",2026,44,15,34.1,5.4,42.9,48.3,0.273,0.222,0.342,42.3,6.9,77.361764368,,,,SL,Slider,16.4,137,25.0,0.171,0.341,0.249,0.9,BASEBALL_SAVANT_PITCH_ARSENAL_CURRENT_SEASON,2026-08-28T17:22:48+00:00,SAVANT_ARSENAL_SCHEMA_V1,CURRENT
663568,"Kolek, Stephen",2026,21,5,23.8,5.4,20.8,48.3,0.249,0.193,0.396,37.5,6.9,77.361764368,,,,FC,Cutter,12.3,103,41.7,0.19,0.619,0.245,1.2,BASEBALL_SAVANT_PITCH_ARSENAL_CURRENT_SEASON,2026-08-28T17:22:48+00:00,SAVANT_ARSENAL_SCHEMA_V1,CURRENT
663568,"Kolek, Stephen",2026,32,5,15.6,5.4,16.0,48.3,0.345,0.322,0.42,24.0,6.9,77.361764368,,,,CH,Changeup,11.9,100,16.7,0.3,0.3,0.297,0.7,BASEBALL_SAVANT_PITCH_ARSENAL_CURRENT_SEASON,2026-08-28T17:22:48+00:00,SAVANT_ARSENAL_SCHEMA_V1,CURRENT
663568,"Kolek, Stephen",2026,19,2,10.5,5.4,9.1,48.3,0.36,0.339,0.457,43.8,6.9,77.361764368,,,,ST,Sweeper,9.3,78,11.8,0.333,0.611,0.416,-2.8,BASEBALL_SAVANT_PITCH_ARSENAL_CURRENT_SEASON,2026-08-28T17:22:48+00:00,SAVANT_ARSENAL_SCHEMA_V1,CURRENT
668820,"Kranick, Max",2026,32,2,6.3,9.9,14.6,50.8,0.44,0.325,0.482,36.4,5.6,77.817704815,,,,FF,4-Seam Fastball,38.6,98,7.1,0.435,0.826,0.576,-6.4,BASEBALL_SAVANT_PITCH_ARSENAL_CURRENT_SEASON,2026-08-28T17:22:48+00:00,SAVANT_ARSENAL_SCHEMA_V1,CURRENT
668820,"Kranick, Max",2026,21,3,14.3,9.9,25.6,50.8,0.252,0.26,0.322,16.7,5.6,77.817704815,,,,SL,Slider,32.3,82,13.0,0.286,0.333,0.274,0.7,BASEBALL_SAVANT_PITCH_ARSENAL_CURRENT_SEASON,2026-08-28T17:22:48+00:00,SAVANT_ARSENAL_SCHEMA_V1,CURRENT
668820,"Kranick, Max",2026,14,2,14.3,9.9,46.4,50.8,0.243,0.208,0.36,41.7,5.6,77.817704815,,,,CU,Curveball,24.4,62,14.3,0.143,0.214,0.154,3.4,BASEBALL_SAVANT_PITCH_ARSENAL_CURRENT_SEASON,2026-08-28T17:22:48+00:00,SAVANT_ARSENAL_SCHEMA_V1,CURRENT
668820,"Kranick, Max",2026,4,2,50.0,9.9,50.0,50.8,0.321,0.192,0.586,50.0,5.6,77.817704815,,,,ST,Sweeper,4.7,12,33.3,0.5,1.0,0.625,-6.6,BASEBALL_SAVANT_PITCH_ARSENAL_CURRENT_SEASON,2026-08-28T17:22:48+00:00,SAVANT_ARSENAL_SCHEMA_V1,CURRENT
665152,"Kremer, Dean",2026,81,32,39.5,7.9,37.6,45.4,0.241,0.184,0.325,24.4,7.4,76.066719,,,,FS,Split-Finger,27.2,262,25.8,0.208,0.416,0.284,-0.2,BASEBALL_SAVANT_PITCH_ARSENAL_CURRENT_SEASON,2026-08-28T17:22:48+00:00,SAVANT_ARSENAL_SCHEMA_V1,CURRENT
665152,"Kremer, Dean",2026,59,7,11.9,7.9,14.4,45.4,0.397,0.295,0.591,39.1,7.4,76.066719,,,,FF,4-Seam Fastball,25.3,244,10.9,0.26,0.64,0.386,-0.2,BASEBALL_SAVANT_PITCH_ARSENAL_CURRENT_SEASON,2026-08-28T17:22:48+00:00,SAVANT_ARSENAL_SCHEMA_V1,CURRENT
665152,"Kremer, Dean",2026,41,12,29.3,7.9,40.0,45.4,0.244,0.185,0.334,29.6,7.4,76.066719,,,,FC,Cutter,17.0,164,27.3,0.179,0.359,0.25,1.6,BASEBALL_SAVANT_PITCH_ARSENAL_CURRENT_SEASON,2026-08-28T17:22:48+00:00,SAVANT_ARSENAL_SCHEMA_V1,CURRENT
665152,"Kremer, Dean",2026,32,6,18.8,7.9,13.0,45.4,0.439,0.332,0.617,54.5,7.4,76.066719,,,,SI,Sinker,15.4,148,22.2,0.286,0.536,0.419,-1.3,BASEBALL_SAVANT_PITCH_ARSENAL_CURRENT_SEASON,2026-08-28T17:22:48+00:00,SAVANT_ARSENAL_SCHEMA_V1,CURRENT
665152,"Kremer, Dean",2026,25,0,0.0,7.9,25.0,45.4,0.372,0.274,0.499,36.4,7.4,76.066719,,,,CU,Curveball,13.3,128,0.0,0.273,0.591,0.402,-1.8,BASEBALL_SAVANT_PITCH_ARSENAL_CURRENT_SEASON,2026-08-28T17:22:48+00:00,SAVANT_ARSENAL_SCHEMA_V1,CURRENT
665152,"Kremer, Dean",2026,1,1,100.0,7.9,33.3,45.4,0.0,0.237,0.441,35.2,7.4,76.066719,,,,SL,Slider,1.8,17,9.1,0.0,0.0,0.0,-1.3,BASEBALL_SAVANT_PITCH_ARSENAL_CURRENT_SEASON,2026-08-28T17:22:48+00:00,SAVANT_ARSENAL_SCHEMA_V1,CURRENT
621139,"Kriske, Brooks",2026,5,2,40.0,0.0,44.4,47.4,0.214,0.231,0.259,33.3,12.5,77.2713125,,,,FS,Split-Finger,50.0,19,33.3,0.0,0.0,0.0,6.4,BASEBALL_SAVANT_PITCH_ARSENAL_CURRENT_SEASON,2026-08-28T17:22:48+00:00,SAVANT_ARSENAL_SCHEMA_V1,CURRENT
621139,"Kriske, Brooks",2026,4,0,0.0,0.0,0.0,47.4,0.164,0.176,0.2,25.0,12.5,77.2713125,,,,FF,4-Seam Fastball,31.6,12,0.0,0.25,0.25,0.225,3.7,BASEBALL_SAVANT_PITCH_ARSENAL_CURRENT_SEASON,2026-08-28T17:22:48+00:00,SAVANT_ARSENAL_SCHEMA_V1,CURRENT
621139,"Kriske, Brooks",2026,1,0,0.0,0.0,0.0,47.4,0.718,0.629,1.097,100.0,12.5,77.2713125,,,,FC,Cutter,18.4,7,,1.0,1.0,0.9,-4.8,BASEBALL_SAVANT_PITCH_ARSENAL_CURRENT_SEASON,2026-08-28T17:22:48+00:00,SAVANT_ARSENAL_SCHEMA_V1,CURRENT
640454,"Krook, Matt",2026,26,7,26.9,21.7,33.3,41.3,0.408,0.266,0.499,38.5,4.0,75.624163077,,,,ST,Sweeper,52.0,93,21.2,0.3,0.7,0.481,-4.0,BASEBALL_SAVANT_PITCH_ARSENAL_CURRENT_SEASON,2026-08-28T17:22:48+00:00,SAVANT_ARSENAL_SCHEMA_V1,CURRENT
640454,"Krook, Matt",2026,18,2,11.1,21.7,16.1,41.3,0.384,0.283,0.321,36.4,4.0,75.624163077,,,,SI,Sinker,43.6,78,14.3,0.154,0.154,0.344,0.3,BASEBALL_SAVANT_PITCH_ARSENAL_CURRENT_SEASON,2026-08-28T17:22:48+00:00,SAVANT_ARSENAL_SCHEMA_V1,CURRENT
640454,"Krook, Matt",2026,1,0,0.0,21.7,25.0,41.3,0.905,0.963,1.087,0.0,4.0,75.624163077,,,,FC,Cutter,3.9,7,0.0,1.0,1.0,0.9,-5.3,BASEBALL_SAVANT_PITCH_ARSENAL_CURRENT_SEASON,2026-08-28T17:22:48+00:00,SAVANT_ARSENAL_SCHEMA_V1,CURRENT
669270,"Kuhnel, Joel",2026,95,7,7.4,7.6,13.8,47.2,0.37,0.311,0.423,38.7,6.0,78.257379661,,,,SI,Sinker,51.4,289,11.1,0.275,0.362,0.334,0.2,BASEBALL_SAVANT_PITCH_ARSENAL_CURRENT_SEASON,2026-08-28T17:22:48+00:00,SAVANT_ARSENAL_SCHEMA_V1,CURRENT
669270,"Kuhnel, Joel",2026,33,6,18.2,7.6,36.1,47.2,0.351,0.293,0.477,48.0,6.0,78.257379661,,,,FC,Cutter,31.7,178,14.6,0.355,0.645,0.456,-2.0,BASEBALL_SAVANT_PITCH_ARSENAL_CURRENT_SEASON,2026-08-28T17:22:48+00:00,SAVANT_ARSENAL_SCHEMA_V1,CURRENT
669270,"Kuhnel, Joel",2026,13,2,15.4,7.6,23.8,47.2,0.31,0.269,0.454,36.4,6.0,78.257379661,,,,CH,Changeup,6.8,38,11.8,0.154,0.231,0.165,3.7,BASEBALL_SAVANT_PITCH_ARSENAL_CURRENT_SEASON,2026-08-28T17:22:48+00:00,SAVANT_ARSENAL_SCHEMA_V1,CURRENT
669270,"Kuhnel, Joel",2026,7,2,28.6,7.6,30.8,47.2,0.438,0.319,0.719,40.0,6.0,78.257379661,,,,FF,4-Seam Fastball,5.5,31,8.7,0.429,1.286,0.7,-11.9,BASEBALL_SAVANT_PITCH_ARSENAL_CURRENT_SEASON,2026-08-28T17:22:48+00:00,SAVANT_ARSENAL_SCHEMA_V1,CURRENT
669270,"Kuhnel, Joel",2026,7,4,57.1,7.6,36.4,47.2,0.2,0.217,0.242,0.0,6.0,78.257379661,,,,CU,Curveball,3.2,18,40.0,0.286,0.571,0.357,-2.0,BASEBALL_SAVANT_PITCH_ARSENAL_CURRENT_SEASON,2026-08-28T17:22:48+00:00,SAVANT_ARSENAL_SCHEMA_V1,CURRENT
669270,"Kuhnel, Joel",2026,1,1,100.0,7.6,33.3,47.2,0.0,0.297,0.441,39.5,6.0,78.257379661,,,,SL,Slider,1.4,8,16.7,0.0,0.0,0.0,0.5,BASEBALL_SAVANT_PITCH_ARSENAL_CURRENT_SEASON,2026-08-28T17:22:48+00:00,SAVANT_ARSENAL_SCHEMA_V1,CURRENT
686747,"La Sorsa, Joe",2026,1,0,0.0,,0.0,,1.594,0.8,3.089,100.0,,,,,,SI,Sinker,25.0,2,,1.0,4.0,2.0,-85.0,BASEBALL_SAVANT_PITCH_ARSENAL_CURRENT_SEASON,2026-08-28T17:22:48+00:00,SAVANT_ARSENAL_SCHEMA_V1,CURRENT
686747,"La Sorsa, Joe",2026,1,1,100.0,,,,0.0,,,,,,,,,FF,4-Seam Fastball,25.0,2,100.0,0.0,0.0,0.0,18.3,BASEBALL_SAVANT_PITCH_ARSENAL_CURRENT_SEASON,2026-08-28T17:22:48+00:00,SAVANT_ARSENAL_SCHEMA_V1,CURRENT
663567,"Lambert, Peter",2026,169,50,29.6,9.4,26.4,48.5,0.328,0.217,0.457,47.5,6.7,78.117234148,,,,FF,4-Seam Fastball,31.5,682,22.7,0.213,0.413,0.312,-0.2,BASEBALL_SAVANT_PITCH_ARSENAL_CURRENT_SEASON,2026-08-28T17:22:48+00:00,SAVANT_ARSENAL_SCHEMA_V1,CURRENT
663567,"Lambert, Peter",2026,146,38,26.0,9.4,35.0,48.5,0.242,0.173,0.233,21.1,6.7,78.117234148,,,,CH,Changeup,23.8,516,19.3,0.198,0.246,0.288,0.1,BASEBALL_SAVANT_PITCH_ARSENAL_CURRENT_SEASON,2026-08-28T17:22:48+00:00,SAVANT_ARSENAL_SCHEMA_V1,CURRENT
663567,"Lambert, Peter",2026,58,11,19.0,9.4,25.8,48.5,0.273,0.2,0.326,36.6,6.7,78.117234148,,,,SL,Slider,11.9,258,12.8,0.173,0.346,0.268,0.4,BASEBALL_SAVANT_PITCH_ARSENAL_CURRENT_SEASON,2026-08-28T17:22:48+00:00,SAVANT_ARSENAL_SCHEMA_V1,CURRENT
663567,"Lambert, Peter",2026,62,12,19.4,9.4,17.4,48.5,0.338,0.263,0.344,38.5,6.7,78.117234148,,,,FC,Cutter,10.3,223,18.2,0.28,0.34,0.344,0.5,BASEBALL_SAVANT_PITCH_ARSENAL_CURRENT_SEASON,2026-08-28T17:22:48+00:00,SAVANT_ARSENAL_SCHEMA_V1,CURRENT
663567,"Lambert, Peter",2026,53,3,5.7,9.4,8.0,48.5,0.282,0.245,0.349,36.2,6.7,78.117234148,,,,SI,Sinker,9.6,208,16.7,0.3,0.38,0.322,0.3,BASEBALL_SAVANT_PITCH_ARSENAL_CURRENT_SEASON,2026-08-28T17:22:48+00:00,SAVANT_ARSENAL_SCHEMA_V1,CURRENT
663567,"Lambert, Peter",2026,39,8,20.5,9.4,28.0,48.5,0.282,0.226,0.381,34.5,6.7,78.117234148,,,,ST,Sweeper,7.7,167,13.8,0.27,0.378,0.303,-0.1,BASEBALL_SAVANT_PITCH_ARSENAL_CURRENT_SEASON,2026-08-28T17:22:48+00:00,SAVANT_ARSENAL_SCHEMA_V1,CURRENT
663567,"Lambert, Peter",2026,15,3,20.0,9.4,12.0,48.5,0.299,0.19,0.371,50.0,6.7,78.117234148,,,,SV,Slurve,4.7,102,15.0,0.077,0.077,0.153,1.6,BASEBALL_SAVANT_PITCH_ARSENAL_CURRENT_SEASON,2026-08-28T17:22:48+00:00,SAVANT_ARSENAL_SCHEMA_V1,CURRENT
656638,"Lange, Alex",2026,73,23,31.5,11.8,38.0,47.0,0.291,0.219,0.38,36.4,11.8,80.251083056,,,,SL,Slider,32.3,305,19.2,0.224,0.313,0.272,0.7,BASEBALL_SAVANT_PITCH_ARSENAL_CURRENT_SEASON,2026-08-28T17:22:48+00:00,SAVANT_ARSENAL_SCHEMA_V1,CURRENT
656638,"Lange, Alex",2026,58,10,17.2,11.8,18.9,47.0,0.416,0.301,0.502,52.8,11.8,80.251083056,,,,SI,Sinker,23.9,226,26.3,0.304,0.565,0.437,-1.5,BASEBALL_SAVANT_PITCH_ARSENAL_CURRENT_SEASON,2026-08-28T17:22:48+00:00,SAVANT_ARSENAL_SCHEMA_V1,CURRENT
656638,"Lange, Alex",2026,51,15,29.4,11.8,31.0,47.0,0.255,0.201,0.313,37.5,11.8,80.251083056,,,,CH,Changeup,21.4,202,18.5,0.261,0.413,0.317,-1.1,BASEBALL_SAVANT_PITCH_ARSENAL_CURRENT_SEASON,2026-08-28T17:22:48+00:00,SAVANT_ARSENAL_SCHEMA_V1,CURRENT
656638,"Lange, Alex",2026,24,1,4.2,11.8,14.0,47.0,0.396,0.284,0.459,22.2,11.8,80.251083056,,,,FC,Cutter,12.4,117,7.1,0.263,0.474,0.392,-0.2,BASEBALL_SAVANT_PITCH_ARSENAL_CURRENT_SEASON,2026-08-28T17:22:48+00:00,SAVANT_ARSENAL_SCHEMA_V1,CURRENT
656638,"Lange, Alex",2026,23,4,17.4,11.8,14.6,47.0,0.415,0.29,0.504,64.3,11.8,80.251083056,,,,FF,4-Seam Fastball,10.0,94,10.8,0.222,0.333,0.339,0.1,BASEBALL_SAVANT_PITCH_ARSENAL_CURRENT_SEASON,2026-08-28T17:22:48+00:00,SAVANT_ARSENAL_SCHEMA_V1,CURRENT
656641,"Latz, Jacob",2026,129,32,24.8,8.2,20.6,52.3,0.27,0.189,0.328,44.7,5.9,78.374788358,,,,FF,4-Seam Fastball,54.5,513,16.6,0.148,0.261,0.229,2.4,BASEBALL_SAVANT_PITCH_ARSENAL_CURRENT_SEASON,2026-08-28T17:22:48+00:00,SAVANT_ARSENAL_SCHEMA_V1,CURRENT
656641,"Latz, Jacob",2026,40,13,32.5,8.2,44.6,52.3,0.167,0.154,0.2,19.2,5.9,78.374788358,,,,CH,Changeup,19.1,180,22.0,0.077,0.103,0.094,3.7,BASEBALL_SAVANT_PITCH_ARSENAL_CURRENT_SEASON,2026-08-28T17:22:48+00:00,SAVANT_ARSENAL_SCHEMA_V1,CURRENT
656641,"Latz, Jacob",2026,29,9,31.0,8.2,44.6,52.3,0.29,0.234,0.411,36.8,5.9,78.374788358,,,,SL,Slider,18.4,173,19.1,0.214,0.393,0.272,0.0,BASEBALL_SAVANT_PITCH_ARSENAL_CURRENT_SEASON,2026-08-28T17:22:48+00:00,SAVANT_ARSENAL_SCHEMA_V1,CURRENT
656641,"Latz, Jacob",2026,18,11,61.1,8.2,34.8,52.3,0.118,0.086,0.104,16.7,5.9,78.374788358,,,,CU,Curveball,8.1,76,22.9,0.059,0.118,0.108,0.7,BASEBALL_SAVANT_PITCH_ARSENAL_CURRENT_SEASON,2026-08-28T17:22:48+00:00,SAVANT_ARSENAL_SCHEMA_V1,CURRENT
641778,"Lauer, Eric",2026,182,39,21.4,7.6,20.4,52.0,0.378,0.263,0.553,44.7,10.9,77.93240247,,,,FF,4-Seam Fastball,41.7,730,15.8,0.239,0.535,0.364,-0.5,BASEBALL_SAVANT_PITCH_ARSENAL_CURRENT_SEASON,2026-08-28T17:22:48+00:00,SAVANT_ARSENAL_SCHEMA_V1,CURRENT
641778,"Lauer, Eric",2026,103,13,12.6,7.6,20.0,52.0,0.314,0.24,0.409,24.7,10.9,77.93240247,,,,FC,Cutter,23.2,407,12.3,0.242,0.44,0.336,0.3,BASEBALL_SAVANT_PITCH_ARSENAL_CURRENT_SEASON,2026-08-28T17:22:48+00:00,SAVANT_ARSENAL_SCHEMA_V1,CURRENT
641778,"Lauer, Eric",2026,79,5,6.3,7.6,14.9,52.0,0.312,0.271,0.42,38.0,10.9,77.93240247,,,,CH,Changeup,15.1,264,6.8,0.276,0.382,0.313,-1.1,BASEBALL_SAVANT_PITCH_ARSENAL_CURRENT_SEASON,2026-08-28T17:22:48+00:00,SAVANT_ARSENAL_SCHEMA_V1,CURRENT
641778,"Lauer, Eric",2026,48,10,20.8,7.6,18.8,52.0,0.324,0.214,0.453,30.3,10.9,77.93240247,,,,CU,Curveball,12.1,212,13.9,0.209,0.512,0.341,-1.7,BASEBALL_SAVANT_PITCH_ARSENAL_CURRENT_SEASON,2026-08-28T17:22:48+00:00,SAVANT_ARSENAL_SCHEMA_V1,CURRENT
641778,"Lauer, Eric",2026,36,3,8.3,7.6,13.9,52.0,0.246,0.215,0.294,25.8,10.9,77.93240247,,,,SL,Slider,7.9,138,5.6,0.265,0.382,0.304,-1.6,BASEBALL_SAVANT_PITCH_ARSENAL_CURRENT_SEASON,2026-08-28T17:22:48+00:00,SAVANT_ARSENAL_SCHEMA_V1,CURRENT
681320,"Lavender, Nate",2026,18,8,44.4,6.5,35.3,50.5,0.144,0.104,0.238,40.0,11.1,82.470982222,,,,FF,4-Seam Fastball,60.7,65,40.0,0.056,0.111,0.069,5.8,BASEBALL_SAVANT_PITCH_ARSENAL_CURRENT_SEASON,2026-08-28T17:22:48+00:00,SAVANT_ARSENAL_SCHEMA_V1,CURRENT
681320,"Lavender, Nate",2026,7,0,0.0,6.5,11.1,50.5,0.38,0.242,0.347,40.0,11.1,82.470982222,,,,SL,Slider,20.6,22,0.0,0.0,0.0,0.2,4.8,BASEBALL_SAVANT_PITCH_ARSENAL_CURRENT_SEASON,2026-08-28T17:22:48+00:00,SAVANT_ARSENAL_SCHEMA_V1,CURRENT
681320,"Lavender, Nate",2026,4,2,50.0,6.5,28.6,50.5,0.096,0.051,0.184,50.0,11.1,82.470982222,,,,ST,Sweeper,10.3,11,40.0,0.0,0.0,0.0,7.2,BASEBALL_SAVANT_PITCH_ARSENAL_CURRENT_SEASON,2026-08-28T17:22:48+00:00,SAVANT_ARSENAL_SCHEMA_V1,CURRENT
681320,"Lavender, Nate",2026,2,1,50.0,6.5,25.0,50.5,0.123,0.126,0.14,0.0,11.1,82.470982222,,,,CH,Changeup,8.4,9,50.0,0.0,0.0,0.0,4.5,BASEBALL_SAVANT_PITCH_ARSENAL_CURRENT_SEASON,2026-08-28T17:22:48+00:00,SAVANT_ARSENAL_SCHEMA_V1,CURRENT
689520,"Laweryson, Cody",2026,54,16,29.6,10.3,21.3,46.6,0.251,0.171,0.24,36.7,8.2,84.06663,,,,FF,4-Seam Fastball,68.6,203,30.8,0.178,0.267,0.297,0.8,BASEBALL_SAVANT_PITCH_ARSENAL_CURRENT_SEASON,2026-08-28T17:22:48+00:00,SAVANT_ARSENAL_SCHEMA_V1,CURRENT
689520,"Laweryson, Cody",2026,14,1,7.1,10.3,25.0,46.6,0.549,0.449,0.778,75.0,8.2,84.06663,,,,FC,Cutter,16.9,50,6.3,0.333,0.75,0.538,-6.9,BASEBALL_SAVANT_PITCH_ARSENAL_CURRENT_SEASON,2026-08-28T17:22:48+00:00,SAVANT_ARSENAL_SCHEMA_V1,CURRENT
689520,"Laweryson, Cody",2026,10,1,10.0,10.3,10.0,46.6,0.464,0.364,0.661,62.5,8.2,84.06663,,,,CH,Changeup,14.5,43,6.7,0.333,0.667,0.45,-3.1,BASEBALL_SAVANT_PITCH_ARSENAL_CURRENT_SEASON,2026-08-28T17:22:48+00:00,SAVANT_ARSENAL_SCHEMA_V1,CURRENT
664875,"Lawrence, Justin",2026,67,31,46.3,15.8,45.5,40.6,0.264,0.141,0.285,32.0,10.0,79.0759212,,,,ST,Sweeper,43.7,299,26.3,0.161,0.357,0.296,-1.3,BASEBALL_SAVANT_PITCH_ARSENAL_CURRENT_SEASON,2026-08-28T17:22:48+00:00,SAVANT_ARSENAL_SCHEMA_V1,CURRENT
664875,"Lawrence, Justin",2026,87,3,3.4,15.8,12.6,40.6,0.479,0.385,0.58,49.2,10.0,79.0759212,,,,SI,Sinker,42.7,292,14.3,0.369,0.677,0.541,-4.4,BASEBALL_SAVANT_PITCH_ARSENAL_CURRENT_SEASON,2026-08-28T17:22:48+00:00,SAVANT_ARSENAL_SCHEMA_V1,CURRENT
664875,"Lawrence, Justin",2026,22,9,40.9,15.8,22.0,40.6,0.336,0.24,0.518,33.3,10.0,79.0759212,,,,FF,4-Seam Fastball,13.6,93,22.0,0.286,0.667,0.409,-2.5,BASEBALL_SAVANT_PITCH_ARSENAL_CURRENT_SEASON,2026-08-28T17:22:48+00:00,SAVANT_ARSENAL_SCHEMA_V1,CURRENT
676661,"Lazar, Max",2026,14,0,0.0,8.6,4.2,48.4,0.54,0.374,0.848,41.7,11.5,84.278386154,,,,FF,4-Seam Fastball,35.9,46,0.0,0.5,1.25,0.721,-8.9,BASEBALL_SAVANT_PITCH_ARSENAL_CURRENT_SEASON,2026-08-28T17:22:48+00:00,SAVANT_ARSENAL_SCHEMA_V1,CURRENT
676661,"Lazar, Max",2026,8,4,50.0,8.6,33.3,48.4,0.078,0.077,0.1,0.0,11.5,84.278386154,,,,FS,Split-Finger,25.0,32,26.7,0.0,0.0,0.0,4.9,BASEBALL_SAVANT_PITCH_ARSENAL_CURRENT_SEASON,2026-08-28T17:22:48+00:00,SAVANT_ARSENAL_SCHEMA_V1,CURRENT
676661,"Lazar, Max",2026,9,1,11.1,8.6,30.8,48.4,0.252,0.176,0.261,57.1,11.5,84.278386154,,,,FC,Cutter,20.3,26,16.7,0.25,0.25,0.2,1.1,BASEBALL_SAVANT_PITCH_ARSENAL_CURRENT_SEASON,2026-08-28T17:22:48+00:00,SAVANT_ARSENAL_SCHEMA_V1,CURRENT
676661,"Lazar, Max",2026,4,0,0.0,8.6,14.3,48.4,0.261,0.28,0.311,50.0,11.5,84.278386154,,,,CU,Curveball,18.8,24,,0.0,0.0,0.0,5.2,BASEBALL_SAVANT_PITCH_ARSENAL_CURRENT_SEASON,2026-08-28T17:22:48+00:00,SAVANT_ARSENAL_SCHEMA_V1,CURRENT
681517,"Leahy, Kyle",2026,109,15,13.8,7.0,16.6,46.4,0.43,0.328,0.631,60.7,9.9,81.080979409,,,,FF,4-Seam Fastball,26.3,549,13.4,0.351,0.608,0.431,-1.0,BASEBALL_SAVANT_PITCH_ARSENAL_CURRENT_SEASON,2026-08-28T17:22:48+00:00,SAVANT_ARSENAL_SCHEMA_V1,CURRENT
681517,"Leahy, Kyle",2026,86,14,16.3,7.0,23.2,46.4,0.331,0.291,0.423,43.3,9.9,81.080979409,,,,SL,Slider,16.5,344,29.2,0.263,0.388,0.306,2.3,BASEBALL_SAVANT_PITCH_ARSENAL_CURRENT_SEASON,2026-08-28T17:22:48+00:00,SAVANT_ARSENAL_SCHEMA_V1,CURRENT
681517,"Leahy, Kyle",2026,84,24,28.6,7.0,28.3,46.4,0.277,0.205,0.384,50.9,9.9,81.080979409,,,,CU,Curveball,16.5,343,17.3,0.177,0.304,0.235,0.4,BASEBALL_SAVANT_PITCH_ARSENAL_CURRENT_SEASON,2026-08-28T17:22:48+00:00,SAVANT_ARSENAL_SCHEMA_V1,CURRENT
681517,"Leahy, Kyle",2026,85,23,27.1,7.0,32.4,46.4,0.306,0.247,0.371,38.9,9.9,81.080979409,,,,CH,Changeup,14.2,296,19.5,0.234,0.325,0.286,-0.2,BASEBALL_SAVANT_PITCH_ARSENAL_CURRENT_SEASON,2026-08-28T17:22:48+00:00,SAVANT_ARSENAL_SCHEMA_V1,CURRENT
681517,"Leahy, Kyle",2026,69,19,27.5,7.0,25.9,46.4,0.323,0.268,0.447,40.4,9.9,81.080979409,,,,ST,Sweeper,13.4,280,17.9,0.303,0.47,0.348,-0.9,BASEBALL_SAVANT_PITCH_ARSENAL_CURRENT_SEASON,2026-08-28T17:22:48+00:00,SAVANT_ARSENAL_SCHEMA_V1,CURRENT
681517,"Leahy, Kyle",2026,98,20,20.4,7.0,11.1,46.4,0.333,0.271,0.383,47.0,9.9,81.080979409,,,,SI,Sinker,13.1,273,20.2,0.233,0.291,0.306,1.7,BASEBALL_SAVANT_PITCH_ARSENAL_CURRENT_SEASON,2026-08-28T17:22:48+00:00,SAVANT_ARSENAL_SCHEMA_V1,CURRENT
673929,"Leasure, Jordan",2026,40,8,20.0,10.3,18.9,51.8,0.367,0.198,0.586,50.0,25.0,83.107416154,,,,FF,4-Seam Fastball,52.4,164,14.3,0.143,0.4,0.265,1.4,BASEBALL_SAVANT_PITCH_ARSENAL_CURRENT_SEASON,2026-08-28T17:22:48+00:00,SAVANT_ARSENAL_SCHEMA_V1,CURRENT
673929,"Leasure, Jordan",2026,32,9,28.1,10.3,38.3,51.8,0.482,0.359,0.731,40.0,25.0,83.107416154,,,,SL,Slider,41.2,129,25.0,0.345,0.724,0.472,-2.7,BASEBALL_SAVANT_PITCH_ARSENAL_CURRENT_SEASON,2026-08-28T17:22:48+00:00,SAVANT_ARSENAL_SCHEMA_V1,CURRENT
673929,"Leasure, Jordan",2026,3,0,0.0,10.3,12.5,51.8,0.345,0.367,0.42,33.3,25.0,83.107416154,,,,SI,Sinker,3.5,11,0.0,0.0,0.0,0.0,9.1,BASEBALL_SAVANT_PITCH_ARSENAL_CURRENT_SEASON,2026-08-28T17:22:48+00:00,SAVANT_ARSENAL_SCHEMA_V1,CURRENT
673929,"Leasure, Jordan",2026,2,1,50.0,10.3,50.0,51.8,0.056,0.062,0.062,0.0,25.0,83.107416154,,,,FS,Split-Finger,2.9,9,25.0,0.0,0.0,0.0,3.0,BASEBALL_SAVANT_PITCH_ARSENAL_CURRENT_SEASON,2026-08-28T17:22:48+00:00,SAVANT_ARSENAL_SCHEMA_V1,CURRENT
695445,"Lee, Chase",2026,12,0,0.0,21.6,0.0,38.6,0.347,0.248,0.274,33.3,11.1,76.461403077,,,,SI,Sinker,38.6,49,0.0,0.222,0.222,0.325,1.5,BASEBALL_SAVANT_PITCH_ARSENAL_CURRENT_SEASON,2026-08-28T17:22:48+00:00,SAVANT_ARSENAL_SCHEMA_V1,CURRENT
695445,"Lee, Chase",2026,13,1,7.7,21.6,33.3,38.6,0.291,0.239,0.439,16.7,11.1,76.461403077,,,,ST,Sweeper,37.8,48,10.0,0.333,1.083,0.575,-7.7,BASEBALL_SAVANT_PITCH_ARSENAL_CURRENT_SEASON,2026-08-28T17:22:48+00:00,SAVANT_ARSENAL_SCHEMA_V1,CURRENT
695445,"Lee, Chase",2026,5,1,20.0,21.6,33.3,38.6,0.426,0.009,0.026,100.0,11.1,76.461403077,,,,FF,4-Seam Fastball,13.4,17,12.5,0.0,0.0,0.42,-1.3,BASEBALL_SAVANT_PITCH_ARSENAL_CURRENT_SEASON,2026-08-28T17:22:48+00:00,SAVANT_ARSENAL_SCHEMA_V1,CURRENT
695445,"Lee, Chase",2026,5,0,0.0,21.6,0.0,38.6,0.426,0.433,0.546,60.0,11.1,76.461403077,,,,CH,Changeup,10.2,13,0.0,0.4,0.4,0.36,-3.3,BASEBALL_SAVANT_PITCH_ARSENAL_CURRENT_SEASON,2026-08-28T17:22:48+00:00,SAVANT_ARSENAL_SCHEMA_V1,CURRENT
669276,"Lee, Dylan",2026,112,39,34.8,6.6,43.1,52.6,0.23,0.181,0.277,29.9,5.7,76.48902058,,,,SL,Slider,52.6,492,24.1,0.184,0.32,0.237,1.6,BASEBALL_SAVANT_PITCH_ARSENAL_CURRENT_SEASON,2026-08-28T17:22:48+00:00,SAVANT_ARSENAL_SCHEMA_V1,CURRENT
669276,"Lee, Dylan",2026,84,25,29.8,6.6,23.6,52.6,0.278,0.207,0.343,43.1,5.7,76.48902058,,,,FF,4-Seam Fastball,31.4,294,21.0,0.158,0.224,0.216,3.0,BASEBALL_SAVANT_PITCH_ARSENAL_CURRENT_SEASON,2026-08-28T17:22:48+00:00,SAVANT_ARSENAL_SCHEMA_V1,CURRENT
669276,"Lee, Dylan",2026,31,9,29.0,6.6,45.3,52.6,0.197,0.17,0.292,9.1,5.7,76.48902058,,,,CH,Changeup,16.0,150,20.0,0.161,0.29,0.221,0.5,BASEBALL_SAVANT_PITCH_ARSENAL_CURRENT_SEASON,2026-08-28T17:22:48+00:00,SAVANT_ARSENAL_SCHEMA_V1,CURRENT
668984,"Legumina, Casey",2026,113,29,25.7,5.7,23.8,52.8,0.315,0.245,0.414,41.9,6.7,75.79116573,,,,FF,4-Seam Fastball,43.2,396,18.1,0.22,0.37,0.287,1.1,BASEBALL_SAVANT_PITCH_ARSENAL_CURRENT_SEASON,2026-08-28T17:22:48+00:00,SAVANT_ARSENAL_SCHEMA_V1,CURRENT
668984,"Legumina, Casey",2026,54,4,7.4,5.7,11.3,52.8,0.374,0.333,0.454,31.1,6.7,75.79116573,,,,SI,Sinker,22.4,205,11.4,0.313,0.375,0.341,1.5,BASEBALL_SAVANT_PITCH_ARSENAL_CURRENT_SEASON,2026-08-28T17:22:48+00:00,SAVANT_ARSENAL_SCHEMA_V1,CURRENT
668984,"Legumina, Casey",2026,22,2,9.1,5.7,24.1,52.8,0.248,0.218,0.307,31.6,6.7,75.79116573,,,,SL,Slider,12.8,117,10.0,0.333,0.524,0.384,-2.4,BASEBALL_SAVANT_PITCH_ARSENAL_CURRENT_SEASON,2026-08-28T17:22:48+00:00,SAVANT_ARSENAL_SCHEMA_V1,CURRENT
668984,"Legumina, Casey",2026,29,7,24.1,5.7,31.0,52.8,0.32,0.316,0.421,33.3,6.7,75.79116573,,,,ST,Sweeper,11.9,109,15.2,0.385,0.577,0.397,-2.2,BASEBALL_SAVANT_PITCH_ARSENAL_CURRENT_SEASON,2026-08-28T17:22:48+00:00,SAVANT_ARSENAL_SCHEMA_V1,CURRENT
668984,"Legumina, Casey",2026,21,3,14.3,5.7,11.6,52.8,0.256,0.231,0.282,41.2,6.7,75.79116573,,,,CH,Changeup,9.8,90,9.7,0.158,0.211,0.221,0.6,BASEBALL_SAVANT_PITCH_ARSENAL_CURRENT_SEASON,2026-08-28T17:22:48+00:00,SAVANT_ARSENAL_SCHEMA_V1,CURRENT
605335,"Leibrandt, Brandon",2026,8,2,25.0,10.0,45.5,47.5,0.34,0.241,0.429,20.0,18.2,77.498041818,,,,CH,Changeup,27.3,27,16.7,0.429,0.571,0.469,-5.1,BASEBALL_SAVANT_PITCH_ARSENAL_CURRENT_SEASON,2026-08-28T17:22:48+00:00,SAVANT_ARSENAL_SCHEMA_V1,CURRENT
605335,"Leibrandt, Brandon",2026,6,1,16.7,10.0,27.3,47.5,0.241,0.185,0.458,20.0,18.2,77.498041818,,,,FF,4-Seam Fastball,23.2,23,20.0,0.2,0.8,0.333,-5.1,BASEBALL_SAVANT_PITCH_ARSENAL_CURRENT_SEASON,2026-08-28T17:22:48+00:00,SAVANT_ARSENAL_SCHEMA_V1,CURRENT
605335,"Leibrandt, Brandon",2026,7,0,0.0,10.0,25.0,47.5,0.721,0.498,1.242,33.3,18.2,77.498041818,,,,SL,Slider,22.2,22,0.0,0.5,1.0,0.9,-5.4,BASEBALL_SAVANT_PITCH_ARSENAL_CURRENT_SEASON,2026-08-28T17:22:48+00:00,SAVANT_ARSENAL_SCHEMA_V1,CURRENT
605335,"Leibrandt, Brandon",2026,6,0,0.0,10.0,0.0,47.5,0.617,0.466,0.998,50.0,18.2,77.498041818,,,,SI,Sinker,14.1,14,0.0,0.5,0.667,0.508,-3.3,BASEBALL_SAVANT_PITCH_ARSENAL_CURRENT_SEASON,2026-08-28T17:22:48+00:00,SAVANT_ARSENAL_SCHEMA_V1,CURRENT
605335,"Leibrandt, Brandon",2026,2,0,0.0,10.0,0.0,47.5,0.16,0.173,0.206,0.0,18.2,77.498041818,,,,ST,Sweeper,9.1,9,0.0,0.0,0.0,0.0,4.6,BASEBALL_SAVANT_PITCH_ARSENAL_CURRENT_SEASON,2026-08-28T17:22:48+00:00,SAVANT_ARSENAL_SCHEMA_V1,CURRENT
643410,"Leiter Jr., Mark",2026,57,31,54.4,7.6,45.7,46.1,0.203,0.19,0.235,25.0,3.3,76.022925652,,,,FS,Split-Finger,32.8,181,27.0,0.185,0.241,0.201,1.0,BASEBALL_SAVANT_PITCH_ARSENAL_CURRENT_SEASON,2026-08-28T17:22:48+00:00,SAVANT_ARSENAL_SCHEMA_V1,CURRENT
643410,"Leiter Jr., Mark",2026,34,2,5.9,7.6,13.3,46.1,0.331,0.312,0.366,17.2,3.3,76.022925652,,,,SI,Sinker,26.1,144,20.0,0.226,0.226,0.247,4.1,BASEBALL_SAVANT_PITCH_ARSENAL_CURRENT_SEASON,2026-08-28T17:22:48+00:00,SAVANT_ARSENAL_SCHEMA_V1,CURRENT
643410,"Leiter Jr., Mark",2026,18,2,11.1,7.6,34.9,46.1,0.342,0.261,0.439,28.6,3.3,76.022925652,,,,CU,Curveball,19.2,106,14.3,0.25,0.5,0.358,0.0,BASEBALL_SAVANT_PITCH_ARSENAL_CURRENT_SEASON,2026-08-28T17:22:48+00:00,SAVANT_ARSENAL_SCHEMA_V1,CURRENT
643410,"Leiter Jr., Mark",2026,19,1,5.3,7.6,7.7,46.1,0.388,0.307,0.396,64.3,3.3,76.022925652,,,,FF,4-Seam Fastball,11.6,64,5.0,0.333,0.4,0.403,-1.5,BASEBALL_SAVANT_PITCH_ARSENAL_CURRENT_SEASON,2026-08-28T17:22:48+00:00,SAVANT_ARSENAL_SCHEMA_V1,CURRENT
643410,"Leiter Jr., Mark",2026,12,2,16.7,7.6,25.0,46.1,0.484,0.411,0.532,57.1,3.3,76.022925652,,,,FC,Cutter,9.3,51,40.0,0.556,0.556,0.55,-3.0,BASEBALL_SAVANT_PITCH_ARSENAL_CURRENT_SEASON,2026-08-28T17:22:48+00:00,SAVANT_ARSENAL_SCHEMA_V1,CURRENT
643410,"Leiter Jr., Mark",2026,3,0,0.0,7.6,0.0,46.1,0.963,0.656,1.641,33.3,3.3,76.022925652,,,,SL,Slider,90.0,5,,0.667,1.667,0.967,-27.9,BASEBALL_SAVANT_PITCH_ARSENAL_CURRENT_SEASON,2026-08-28T17:22:48+00:00,SAVANT_ARSENAL_SCHEMA_V1,CURRENT
683004,"Leiter, Jack",2026,119,25,21.0,9.9,22.4,47.9,0.323,0.238,0.403,41.3,10.3,76.339515,,,,FF,4-Seam Fastball,38.5,538,16.8,0.238,0.438,0.335,0.0,BASEBALL_SAVANT_PITCH_ARSENAL_CURRENT_SEASON,2026-08-28T17:22:48+00:00,SAVANT_ARSENAL_SCHEMA_V1,CURRENT
683004,"Leiter, Jack",2026,72,21,29.2,9.9,33.1,47.9,0.356,0.259,0.463,48.8,10.3,76.339515,,,,SL,Slider,18.3,255,25.3,0.222,0.444,0.346,-0.3,BASEBALL_SAVANT_PITCH_ARSENAL_CURRENT_SEASON,2026-08-28T17:22:48+00:00,SAVANT_ARSENAL_SCHEMA_V1,CURRENT
683004,"Leiter, Jack",2026,79,20,25.3,9.9,30.3,47.9,0.318,0.238,0.43,36.5,10.3,76.339515,,,,CH,Changeup,17.4,243,19.2,0.254,0.423,0.322,-1.9,BASEBALL_SAVANT_PITCH_ARSENAL_CURRENT_SEASON,2026-08-28T17:22:48+00:00,SAVANT_ARSENAL_SCHEMA_V1,CURRENT
683004,"Leiter, Jack",2026,39,8,20.5,9.9,22.5,47.9,0.359,0.289,0.431,34.6,10.3,76.339515,,,,FC,Cutter,9.8,137,33.3,0.294,0.382,0.349,-0.4,BASEBALL_SAVANT_PITCH_ARSENAL_CURRENT_SEASON,2026-08-28T17:22:48+00:00,SAVANT_ARSENAL_SCHEMA_V1,CURRENT
683004,"Leiter, Jack",2026,16,7,43.8,9.9,38.5,47.9,0.327,0.274,0.435,25.0,10.3,76.339515,,,,CU,Curveball,8.7,122,21.2,0.267,0.6,0.438,-3.0,BASEBALL_SAVANT_PITCH_ARSENAL_CURRENT_SEASON,2026-08-28T17:22:48+00:00,SAVANT_ARSENAL_SCHEMA_V1,CURRENT
683004,"Leiter, Jack",2026,30,2,6.7,9.9,5.9,47.9,0.385,0.327,0.457,37.5,10.3,76.339515,,,,SI,Sinker,7.3,102,14.3,0.346,0.462,0.4,-1.2,BASEBALL_SAVANT_PITCH_ARSENAL_CURRENT_SEASON,2026-08-28T17:22:48+00:00,SAVANT_ARSENAL_SCHEMA_V1,CURRENT
669461,"Liberatore, Matthew",2026,184,27,14.7,8.0,12.5,46.5,0.39,0.299,0.54,44.2,9.2,79.828892804,,,,FF,4-Seam Fastball,31.0,681,13.9,0.28,0.476,0.365,-0.3,BASEBALL_SAVANT_PITCH_ARSENAL_CURRENT_SEASON,2026-08-28T17:22:48+00:00,SAVANT_ARSENAL_SCHEMA_V1,CURRENT
669461,"Liberatore, Matthew",2026,151,63,41.7,8.0,37.1,46.5,0.261,0.192,0.342,45.5,9.2,79.828892804,,,,SL,Slider,24.9,548,28.0,0.21,0.384,0.288,-0.1,BASEBALL_SAVANT_PITCH_ARSENAL_CURRENT_SEASON,2026-08-28T17:22:48+00:00,SAVANT_ARSENAL_SCHEMA_V1,CURRENT
669461,"Liberatore, Matthew",2026,58,31,53.4,8.0,41.5,46.5,0.244,0.177,0.35,37.5,9.2,79.828892804,,,,CU,Curveball,17.2,379,21.2,0.185,0.444,0.279,-1.1,BASEBALL_SAVANT_PITCH_ARSENAL_CURRENT_SEASON,2026-08-28T17:22:48+00:00,SAVANT_ARSENAL_SCHEMA_V1,CURRENT
669461,"Liberatore, Matthew",2026,82,3,3.7,8.0,20.4,46.5,0.399,0.356,0.544,33.3,9.2,79.828892804,,,,CH,Changeup,14.0,307,8.3,0.36,0.493,0.39,-0.5,BASEBALL_SAVANT_PITCH_ARSENAL_CURRENT_SEASON,2026-08-28T17:22:48+00:00,SAVANT_ARSENAL_SCHEMA_V1,CURRENT
669461,"Liberatore, Matthew",2026,64,8,12.5,8.0,8.5,46.5,0.384,0.293,0.448,55.6,9.2,79.828892804,,,,SI,Sinker,8.4,185,17.8,0.377,0.547,0.466,-2.2,BASEBALL_SAVANT_PITCH_ARSENAL_CURRENT_SEASON,2026-08-28T17:22:48+00:00,SAVANT_ARSENAL_SCHEMA_V1,CURRENT
669461,"Liberatore, Matthew",2026,22,0,0.0,8.0,19.0,46.5,0.379,0.357,0.443,35.0,9.2,79.828892804,,,,FC,Cutter,4.0,87,0.0,0.55,0.75,0.62,-5.3,BASEBALL_SAVANT_PITCH_ARSENAL_CURRENT_SEASON,2026-08-28T17:22:48+00:00,SAVANT_ARSENAL_SCHEMA_V1,CURRENT
669461,"Liberatore, Matthew",2026,1,0,0.0,8.0,0.0,46.5,0.482,0.497,0.587,0.0,9.2,79.828892804,,,,FS,Split-Finger,40.0,9,0.0,0.0,0.0,0.0,-1.2,BASEBALL_SAVANT_PITCH_ARSENAL_CURRENT_SEASON,2026-08-28T17:22:48+00:00,SAVANT_ARSENAL_SCHEMA_V1,CURRENT
669461,"Liberatore, Matthew",2026,1,0,0.0,8.0,0.0,46.5,0.218,0.223,0.272,0.0,9.2,79.828892804,,,,ST,Sweeper,20.0,4,0.0,1.0,1.0,0.9,-12.0,BASEBALL_SAVANT_PITCH_ARSENAL_CURRENT_SEASON,2026-08-28T17:22:48+00:00,SAVANT_ARSENAL_SCHEMA_V1,CURRENT
641793,"Littell, Zack",2026,146,16,11.0,7.2,19.0,50.1,0.403,0.306,0.542,45.0,11.3,82.445197251,,,,SL,Slider,28.3,559,16.0,0.256,0.438,0.345,0.0,BASEBALL_SAVANT_PITCH_ARSENAL_CURRENT_SEASON,2026-08-28T17:22:48+00:00,SAVANT_ARSENAL_SCHEMA_V1,CURRENT
641793,"Littell, Zack",2026,139,24,17.3,7.2,14.7,50.1,0.429,0.308,0.603,52.1,11.3,82.445197251,,,,FF,4-Seam Fastball,25.5,503,15.1,0.325,0.692,0.47,-3.0,BASEBALL_SAVANT_PITCH_ARSENAL_CURRENT_SEASON,2026-08-28T17:22:48+00:00,SAVANT_ARSENAL_SCHEMA_V1,CURRENT
641793,"Littell, Zack",2026,133,20,15.0,7.2,17.1,50.1,0.312,0.267,0.452,37.8,11.3,82.445197251,,,,FS,Split-Finger,23.1,456,11.9,0.237,0.374,0.289,-0.4,BASEBALL_SAVANT_PITCH_ARSENAL_CURRENT_SEASON,2026-08-28T17:22:48+00:00,SAVANT_ARSENAL_SCHEMA_V1,CURRENT
641793,"Littell, Zack",2026,81,6,7.4,7.2,11.8,50.1,0.449,0.352,0.688,48.6,11.3,82.445197251,,,,SI,Sinker,14.5,286,10.0,0.333,0.679,0.43,-2.9,BASEBALL_SAVANT_PITCH_ARSENAL_CURRENT_SEASON,2026-08-28T17:22:48+00:00,SAVANT_ARSENAL_SCHEMA_V1,CURRENT
641793,"Littell, Zack",2026,41,7,17.1,7.2,18.3,50.1,0.269,0.249,0.333,24.2,11.3,82.445197251,,,,ST,Sweeper,8.7,171,9.7,0.231,0.308,0.241,0.1,BASEBALL_SAVANT_PITCH_ARSENAL_CURRENT_SEASON,2026-08-28T17:22:48+00:00,SAVANT_ARSENAL_SCHEMA_V1,CURRENT
663893,"Little, Brendon",2026,32,16,50.0,19.8,46.2,41.4,0.225,0.168,0.288,57.1,8.2,81.73225125,,,,CU,Curveball,29.1,123,23.9,0.2,0.367,0.269,-0.7,BASEBALL_SAVANT_PITCH_ARSENAL_CURRENT_SEASON,2026-08-28T17:22:48+00:00,SAVANT_ARSENAL_SCHEMA_V1,CURRENT
663893,"Little, Brendon",2026,23,8,34.8,19.8,55.8,41.4,0.306,0.152,0.315,40.0,8.2,81.73225125,,,,SL,Slider,29.1,123,32.0,0.278,0.611,0.443,-1.8,BASEBALL_SAVANT_PITCH_ARSENAL_CURRENT_SEASON,2026-08-28T17:22:48+00:00,SAVANT_ARSENAL_SCHEMA_V1,CURRENT
663893,"Little, Brendon",2026,27,3,11.1,19.8,17.4,41.4,0.433,0.355,0.582,52.4,8.2,81.73225125,,,,SI,Sinker,27.4,116,18.8,0.522,0.87,0.642,-4.9,BASEBALL_SAVANT_PITCH_ARSENAL_CURRENT_SEASON,2026-08-28T17:22:48+00:00,SAVANT_ARSENAL_SCHEMA_V1,CURRENT
663893,"Little, Brendon",2026,14,5,35.7,19.8,41.7,41.4,0.368,0.181,0.242,25.0,8.2,81.73225125,,,,FF,4-Seam Fastball,13.9,59,31.3,0.333,0.556,0.493,-1.7,BASEBALL_SAVANT_PITCH_ARSENAL_CURRENT_SEASON,2026-08-28T17:22:48+00:00,SAVANT_ARSENAL_SCHEMA_V1,CURRENT
681432,"Little, Luke",2026,4,0,0.0,0.0,25.0,52.6,0.659,0.423,1.165,50.0,25.0,72.514845,,,,FF,4-Seam Fastball,73.7,14,0.0,0.5,1.25,0.725,-9.5,BASEBALL_SAVANT_PITCH_ARSENAL_CURRENT_SEASON,2026-08-28T17:22:48+00:00,SAVANT_ARSENAL_SCHEMA_V1,CURRENT
681432,"Little, Luke",2026,1,1,100.0,0.0,50.0,52.6,0.0,0.338,0.932,50.0,25.0,72.514845,,,,ST,Sweeper,21.1,4,50.0,0.0,0.0,0.0,6.5,BASEBALL_SAVANT_PITCH_ARSENAL_CURRENT_SEASON,2026-08-28T17:22:48+00:00,SAVANT_ARSENAL_SCHEMA_V1,CURRENT
666157,"Lodolo, Nick",2026,122,11,9.0,9.2,9.4,45.6,0.479,0.353,0.671,48.3,9.8,79.75675405,,,,SI,Sinker,26.4,374,13.1,0.33,0.691,0.486,-1.0,BASEBALL_SAVANT_PITCH_ARSENAL_CURRENT_SEASON,2026-08-28T17:22:48+00:00,SAVANT_ARSENAL_SCHEMA_V1,CURRENT
666157,"Lodolo, Nick",2026,80,18,22.5,9.2,18.1,45.6,0.334,0.245,0.431,41.5,9.8,79.75675405,,,,FF,4-Seam Fastball,25.4,360,16.1,0.29,0.507,0.383,-1.4,BASEBALL_SAVANT_PITCH_ARSENAL_CURRENT_SEASON,2026-08-28T17:22:48+00:00,SAVANT_ARSENAL_SCHEMA_V1,CURRENT
666157,"Lodolo, Nick",2026,72,30,41.7,9.2,39.9,45.6,0.304,0.249,0.341,26.5,9.8,79.75675405,,,,CU,Curveball,24.5,347,22.7,0.234,0.297,0.285,-0.8,BASEBALL_SAVANT_PITCH_ARSENAL_CURRENT_SEASON,2026-08-28T17:22:48+00:00,SAVANT_ARSENAL_SCHEMA_V1,CURRENT
666157,"Lodolo, Nick",2026,85,5,5.9,9.2,23.3,45.6,0.366,0.339,0.47,33.3,9.8,79.75675405,,,,CH,Changeup,23.7,335,7.2,0.289,0.408,0.317,-0.3,BASEBALL_SAVANT_PITCH_ARSENAL_CURRENT_SEASON,2026-08-28T17:22:48+00:00,SAVANT_ARSENAL_SCHEMA_V1,CURRENT
682052,"Lopez, Jacob",2026,137,33,24.1,11.2,20.9,45.6,0.27,0.192,0.323,34.8,5.7,71.940517153,,,,FF,4-Seam Fastball,33.9,573,17.9,0.217,0.392,0.305,0.5,BASEBALL_SAVANT_PITCH_ARSENAL_CURRENT_SEASON,2026-08-28T17:22:48+00:00,SAVANT_ARSENAL_SCHEMA_V1,CURRENT
682052,"Lopez, Jacob",2026,146,40,27.4,11.2,30.6,45.6,0.237,0.162,0.245,23.6,5.7,71.940517153,,,,SL,Slider,33.6,567,19.0,0.205,0.331,0.298,0.0,BASEBALL_SAVANT_PITCH_ARSENAL_CURRENT_SEASON,2026-08-28T17:22:48+00:00,SAVANT_ARSENAL_SCHEMA_V1,CURRENT
682052,"Lopez, Jacob",2026,83,14,16.9,11.2,24.4,45.6,0.315,0.226,0.346,30.4,5.7,71.940517153,,,,FC,Cutter,20.2,342,21.2,0.29,0.435,0.37,-0.3,BASEBALL_SAVANT_PITCH_ARSENAL_CURRENT_SEASON,2026-08-28T17:22:48+00:00,SAVANT_ARSENAL_SCHEMA_V1,CURRENT
682052,"Lopez, Jacob",2026,36,3,8.3,11.2,22.7,45.6,0.41,0.358,0.58,31.3,5.7,71.940517153,,,,CH,Changeup,8.6,145,10.3,0.529,0.853,0.581,-6.2,BASEBALL_SAVANT_PITCH_ARSENAL_CURRENT_SEASON,2026-08-28T17:22:48+00:00,SAVANT_ARSENAL_SCHEMA_V1,CURRENT
682052,"Lopez, Jacob",2026,16,0,0.0,11.2,8.7,45.6,0.38,0.259,0.525,23.1,5.7,71.940517153,,,,SI,Sinker,3.7,62,0.0,0.167,0.417,0.313,1.1,BASEBALL_SAVANT_PITCH_ARSENAL_CURRENT_SEASON,2026-08-28T17:22:48+00:00,SAVANT_ARSENAL_SCHEMA_V1,CURRENT
695418,"Lord, Brad",2026,91,28,30.8,9.4,24.2,49.9,0.316,0.22,0.353,46.9,5.8,74.925815638,,,,FF,4-Seam Fastball,37.1,449,15.6,0.263,0.368,0.357,0.2,BASEBALL_SAVANT_PITCH_ARSENAL_CURRENT_SEASON,2026-08-28T17:22:48+00:00,SAVANT_ARSENAL_SCHEMA_V1,CURRENT
695418,"Lord, Brad",2026,84,10,11.9,9.4,12.5,49.9,0.251,0.205,0.244,30.3,5.8,74.925815638,,,,SI,Sinker,22.9,277,16.1,0.147,0.16,0.207,4.1,BASEBALL_SAVANT_PITCH_ARSENAL_CURRENT_SEASON,2026-08-28T17:22:48+00:00,SAVANT_ARSENAL_SCHEMA_V1,CURRENT
695418,"Lord, Brad",2026,56,11,19.6,9.4,24.2,49.9,0.345,0.267,0.416,47.4,5.8,74.925815638,,,,SL,Slider,21.2,256,11.3,0.245,0.327,0.338,-0.8,BASEBALL_SAVANT_PITCH_ARSENAL_CURRENT_SEASON,2026-08-28T17:22:48+00:00,SAVANT_ARSENAL_SCHEMA_V1,CURRENT
695418,"Lord, Brad",2026,36,10,27.8,9.4,20.0,49.9,0.371,0.244,0.547,36.4,5.8,74.925815638,,,,ST,Sweeper,13.7,166,15.2,0.156,0.469,0.304,-1.9,BASEBALL_SAVANT_PITCH_ARSENAL_CURRENT_SEASON,2026-08-28T17:22:48+00:00,SAVANT_ARSENAL_SCHEMA_V1,CURRENT
695418,"Lord, Brad",2026,18,1,5.6,9.4,9.7,49.9,0.353,0.298,0.531,23.5,5.8,74.925815638,,,,CH,Changeup,5.1,62,4.0,0.278,0.5,0.381,-3.1,BASEBALL_SAVANT_PITCH_ARSENAL_CURRENT_SEASON,2026-08-28T17:22:48+00:00,SAVANT_ARSENAL_SCHEMA_V1,CURRENT
547179,"Lorenzen, Michael",2026,113,25,22.1,8.7,28.8,44.3,0.307,0.246,0.383,29.9,9.3,80.725267535,,,,CH,Changeup,20.8,463,13.5,0.273,0.424,0.331,-2.0,BASEBALL_SAVANT_PITCH_ARSENAL_CURRENT_SEASON,2026-08-28T17:22:48+00:00,SAVANT_ARSENAL_SCHEMA_V1,CURRENT
547179,"Lorenzen, Michael",2026,139,8,5.8,8.7,9.0,44.3,0.414,0.336,0.52,46.8,9.3,80.725267535,,,,SI,Sinker,19.9,443,9.5,0.429,0.571,0.501,-2.4,BASEBALL_SAVANT_PITCH_ARSENAL_CURRENT_SEASON,2026-08-28T17:22:48+00:00,SAVANT_ARSENAL_SCHEMA_V1,CURRENT
547179,"Lorenzen, Michael",2026,110,15,13.6,8.7,9.7,44.3,0.425,0.328,0.597,57.3,9.3,80.725267535,,,,FF,4-Seam Fastball,19.4,432,10.1,0.34,0.638,0.436,-2.3,BASEBALL_SAVANT_PITCH_ARSENAL_CURRENT_SEASON,2026-08-28T17:22:48+00:00,SAVANT_ARSENAL_SCHEMA_V1,CURRENT
547179,"Lorenzen, Michael",2026,75,5,6.7,8.7,14.3,44.3,0.397,0.323,0.503,41.9,9.3,80.725267535,,,,FC,Cutter,14.0,313,15.2,0.385,0.631,0.457,-1.2,BASEBALL_SAVANT_PITCH_ARSENAL_CURRENT_SEASON,2026-08-28T17:22:48+00:00,SAVANT_ARSENAL_SCHEMA_V1,CURRENT
547179,"Lorenzen, Michael",2026,50,9,18.0,8.7,23.1,44.3,0.333,0.293,0.483,47.5,9.3,80.725267535,,,,CU,Curveball,11.1,248,15.8,0.333,0.563,0.381,-1.5,BASEBALL_SAVANT_PITCH_ARSENAL_CURRENT_SEASON,2026-08-28T17:22:48+00:00,SAVANT_ARSENAL_SCHEMA_V1,CURRENT
547179,"Lorenzen, Michael",2026,55,15,27.3,8.7,22.6,44.3,0.327,0.277,0.458,55.3,9.3,80.725267535,,,,SL,Slider,7.7,171,20.8,0.25,0.404,0.323,-1.0,BASEBALL_SAVANT_PITCH_ARSENAL_CURRENT_SEASON,2026-08-28T17:22:48+00:00,SAVANT_ARSENAL_SCHEMA_V1,CURRENT
547179,"Lorenzen, Michael",2026,30,7,23.3,8.7,30.8,44.3,0.291,0.236,0.415,50.0,9.3,80.725267535,,,,ST,Sweeper,7.1,159,21.2,0.241,0.414,0.303,-1.1,BASEBALL_SAVANT_PITCH_ARSENAL_CURRENT_SEASON,2026-08-28T17:22:48+00:00,SAVANT_ARSENAL_SCHEMA_V1,CURRENT
663992,"Lovelady, Richard",2026,75,16,21.3,14.4,25.2,44.5,0.301,0.224,0.365,27.5,6.5,75.340152444,,,,ST,Sweeper,42.9,231,19.3,0.2,0.369,0.308,0.0,BASEBALL_SAVANT_PITCH_ARSENAL_CURRENT_SEASON,2026-08-28T17:22:48+00:00,SAVANT_ARSENAL_SCHEMA_V1,CURRENT
663992,"Lovelady, Richard",2026,36,3,8.3,14.4,20.3,44.5,0.451,0.395,0.476,52.0,6.5,75.340152444,,,,SI,Sinker,29.7,160,20.0,0.464,0.536,0.5,-1.9,BASEBALL_SAVANT_PITCH_ARSENAL_CURRENT_SEASON,2026-08-28T17:22:48+00:00,SAVANT_ARSENAL_SCHEMA_V1,CURRENT
663992,"Lovelady, Richard",2026,23,6,26.1,14.4,20.4,44.5,0.351,0.264,0.373,15.4,6.5,75.340152444,,,,FF,4-Seam Fastball,21.5,116,14.3,0.222,0.389,0.341,-1.6,BASEBALL_SAVANT_PITCH_ARSENAL_CURRENT_SEASON,2026-08-28T17:22:48+00:00,SAVANT_ARSENAL_SCHEMA_V1,CURRENT
663992,"Lovelady, Richard",2026,7,1,14.3,14.4,26.7,44.5,0.625,0.479,1.008,33.3,6.5,75.340152444,,,,SL,Slider,5.9,32,100.0,0.571,1.0,0.783,-3.3,BASEBALL_SAVANT_PITCH_ARSENAL_CURRENT_SEASON,2026-08-28T17:22:48+00:00,SAVANT_ARSENAL_SCHEMA_V1,CURRENT
695076,"Lowder, Rhett",2026,152,16,10.5,9.0,7.7,45.0,0.41,0.316,0.538,45.2,9.5,80.173529226,,,,SI,Sinker,29.2,523,14.5,0.292,0.454,0.388,0.4,BASEBALL_SAVANT_PITCH_ARSENAL_CURRENT_SEASON,2026-08-28T17:22:48+00:00,SAVANT_ARSENAL_SCHEMA_V1,CURRENT
695076,"Lowder, Rhett",2026,124,33,26.6,9.0,32.3,45.0,0.3,0.235,0.415,39.3,9.5,80.173529226,,,,SL,Slider,27.2,488,21.4,0.291,0.504,0.362,-2.0,BASEBALL_SAVANT_PITCH_ARSENAL_CURRENT_SEASON,2026-08-28T17:22:48+00:00,SAVANT_ARSENAL_SCHEMA_V1,CURRENT
695076,"Lowder, Rhett",2026,86,14,16.3,9.0,24.5,45.0,0.299,0.247,0.407,23.5,9.5,80.173529226,,,,CH,Changeup,20.6,369,13.6,0.232,0.402,0.301,-0.8,BASEBALL_SAVANT_PITCH_ARSENAL_CURRENT_SEASON,2026-08-28T17:22:48+00:00,SAVANT_ARSENAL_SCHEMA_V1,CURRENT
695076,"Lowder, Rhett",2026,108,18,16.7,9.0,11.9,45.0,0.351,0.259,0.428,37.3,9.5,80.173529226,,,,FF,4-Seam Fastball,20.5,367,15.7,0.228,0.315,0.304,0.9,BASEBALL_SAVANT_PITCH_ARSENAL_CURRENT_SEASON,2026-08-28T17:22:48+00:00,SAVANT_ARSENAL_SCHEMA_V1,CURRENT
695076,"Lowder, Rhett",2026,5,1,20.0,9.0,13.3,45.0,0.37,0.256,0.627,25.0,9.5,80.173529226,,,,CU,Curveball,2.5,45,10.0,0.4,1.0,0.58,-2.1,BASEBALL_SAVANT_PITCH_ARSENAL_CURRENT_SEASON,2026-08-28T17:22:48+00:00,SAVANT_ARSENAL_SCHEMA_V1,CURRENT
695076,"Lowder, Rhett",2026,1,1,100.0,9.0,100.0,45.0,0.0,0.266,0.455,37.6,9.5,80.173529226,,,,ST,Sweeper,10.0,2,100.0,0.0,0.0,0.0,5.9,BASEBALL_SAVANT_PITCH_ARSENAL_CURRENT_SEASON,2026-08-28T17:22:48+00:00,SAVANT_ARSENAL_SCHEMA_V1,CURRENT
642528,"Loáisiga, Jonathan",2026,75,9,12.0,5.3,16.3,52.4,0.246,0.221,0.305,31.7,4.4,74.684050769,,,,SI,Sinker,33.2,258,19.6,0.239,0.31,0.271,2.6,BASEBALL_SAVANT_PITCH_ARSENAL_CURRENT_SEASON,2026-08-28T17:22:48+00:00,SAVANT_ARSENAL_SCHEMA_V1,CURRENT
642528,"Loáisiga, Jonathan",2026,75,20,26.7,5.3,31.7,52.4,0.274,0.215,0.321,38.0,4.4,74.684050769,,,,CH,Changeup,28.4,221,22.2,0.221,0.338,0.265,0.8,BASEBALL_SAVANT_PITCH_ARSENAL_CURRENT_SEASON,2026-08-28T17:22:48+00:00,SAVANT_ARSENAL_SCHEMA_V1,CURRENT
642528,"Loáisiga, Jonathan",2026,27,5,18.5,5.3,27.3,52.4,0.262,0.225,0.361,23.8,4.4,74.684050769,,,,CU,Curveball,15.9,124,11.6,0.24,0.4,0.28,0.4,BASEBALL_SAVANT_PITCH_ARSENAL_CURRENT_SEASON,2026-08-28T17:22:48+00:00,SAVANT_ARSENAL_SCHEMA_V1,CURRENT
642528,"Loáisiga, Jonathan",2026,19,3,15.8,5.3,14.3,52.4,0.359,0.255,0.551,40.0,4.4,74.684050769,,,,FF,4-Seam Fastball,15.9,124,6.7,0.235,0.294,0.258,0.2,BASEBALL_SAVANT_PITCH_ARSENAL_CURRENT_SEASON,2026-08-28T17:22:48+00:00,SAVANT_ARSENAL_SCHEMA_V1,CURRENT
642528,"Loáisiga, Jonathan",2026,11,1,9.1,5.3,21.9,52.4,0.307,0.33,0.374,30.0,4.4,74.684050769,,,,FC,Cutter,6.6,51,11.1,0.273,0.364,0.277,2.8,BASEBALL_SAVANT_PITCH_ARSENAL_CURRENT_SEASON,2026-08-28T17:22:48+00:00,SAVANT_ARSENAL_SCHEMA_V1,CURRENT
664192,"Lucchesi, Joey",2026,10,2,20.0,25.0,4.2,36.9,0.443,0.311,0.579,83.3,15.4,89.04257,,,,SI,Sinker,51.4,57,12.5,0.375,0.75,0.52,-1.9,BASEBALL_SAVANT_PITCH_ARSENAL_CURRENT_SEASON,2026-08-28T17:22:48+00:00,SAVANT_ARSENAL_SCHEMA_V1,CURRENT
664192,"Lucchesi, Joey",2026,5,1,20.0,25.0,44.4,36.9,0.313,0.233,0.258,66.7,15.4,89.04257,,,,CU,Curveball,27.0,30,10.0,0.25,0.25,0.32,-0.6,BASEBALL_SAVANT_PITCH_ARSENAL_CURRENT_SEASON,2026-08-28T17:22:48+00:00,SAVANT_ARSENAL_SCHEMA_V1,CURRENT
664192,"Lucchesi, Joey",2026,7,0,0.0,25.0,16.7,36.9,0.553,0.362,0.672,50.0,15.4,89.04257,,,,FF,4-Seam Fastball,14.4,16,0.0,0.75,1.0,0.736,-16.8,BASEBALL_SAVANT_PITCH_ARSENAL_CURRENT_SEASON,2026-08-28T17:22:48+00:00,SAVANT_ARSENAL_SCHEMA_V1,CURRENT
664192,"Lucchesi, Joey",2026,1,1,100.0,25.0,50.0,36.9,0.0,0.286,0.491,69.2,15.4,89.04257,,,,FS,Split-Finger,7.2,8,25.0,0.0,0.0,0.0,0.7,BASEBALL_SAVANT_PITCH_ARSENAL_CURRENT_SEASON,2026-08-28T17:22:48+00:00,SAVANT_ARSENAL_SCHEMA_V1,CURRENT
607625,"Lugo, Seth",2026,143,15,10.5,7.3,12.7,46.1,0.396,0.32,0.527,51.8,7.7,79.314049696,,,,SI,Sinker,19.7,479,17.2,0.266,0.435,0.345,1.0,BASEBALL_SAVANT_PITCH_ARSENAL_CURRENT_SEASON,2026-08-28T17:22:48+00:00,SAVANT_ARSENAL_SCHEMA_V1,CURRENT
607625,"Lugo, Seth",2026,117,29,24.8,7.3,23.4,46.1,0.254,0.22,0.332,32.5,7.7,79.314049696,,,,CU,Curveball,18.1,439,19.1,0.211,0.358,0.284,-0.9,BASEBALL_SAVANT_PITCH_ARSENAL_CURRENT_SEASON,2026-08-28T17:22:48+00:00,SAVANT_ARSENAL_SCHEMA_V1,CURRENT
607625,"Lugo, Seth",2026,120,28,23.3,7.3,24.4,46.1,0.34,0.256,0.425,44.9,7.7,79.314049696,,,,FC,Cutter,15.9,386,19.4,0.298,0.452,0.361,-0.1,BASEBALL_SAVANT_PITCH_ARSENAL_CURRENT_SEASON,2026-08-28T17:22:48+00:00,SAVANT_ARSENAL_SCHEMA_V1,CURRENT
607625,"Lugo, Seth",2026,78,16,20.5,7.3,15.1,46.1,0.389,0.312,0.507,45.3,7.7,79.314049696,,,,FF,4-Seam Fastball,15.9,385,18.2,0.406,0.652,0.481,-2.0,BASEBALL_SAVANT_PITCH_ARSENAL_CURRENT_SEASON,2026-08-28T17:22:48+00:00,SAVANT_ARSENAL_SCHEMA_V1,CURRENT
607625,"Lugo, Seth",2026,66,8,12.1,7.3,16.5,46.1,0.377,0.277,0.548,37.7,7.7,79.314049696,,,,ST,Sweeper,11.0,267,12.3,0.267,0.517,0.359,-2.4,BASEBALL_SAVANT_PITCH_ARSENAL_CURRENT_SEASON,2026-08-28T17:22:48+00:00,SAVANT_ARSENAL_SCHEMA_V1,CURRENT
607625,"Lugo, Seth",2026,47,12,25.5,7.3,21.7,46.1,0.337,0.27,0.483,45.5,7.7,79.314049696,,,,SL,Slider,9.0,219,17.6,0.289,0.444,0.332,-0.7,BASEBALL_SAVANT_PITCH_ARSENAL_CURRENT_SEASON,2026-08-28T17:22:48+00:00,SAVANT_ARSENAL_SCHEMA_V1,CURRENT
607625,"Lugo, Seth",2026,58,7,12.1,7.3,16.3,46.1,0.317,0.302,0.399,42.9,7.7,79.314049696,,,,CH,Changeup,8.9,217,10.8,0.214,0.25,0.222,1.1,BASEBALL_SAVANT_PITCH_ARSENAL_CURRENT_SEASON,2026-08-28T17:22:48+00:00,SAVANT_ARSENAL_SCHEMA_V1,CURRENT
607625,"Lugo, Seth",2026,11,1,9.1,7.3,18.8,46.1,0.336,0.308,0.387,22.2,7.7,79.314049696,,,,SV,Slurve,1.4,35,10.0,0.5,0.6,0.505,-4.2,BASEBALL_SAVANT_PITCH_ARSENAL_CURRENT_SEASON,2026-08-28T17:22:48+00:00,SAVANT_ARSENAL_SCHEMA_V1,CURRENT
666200,"Luzardo, Jesús",2026,232,121,52.2,7.5,47.9,46.2,0.181,0.13,0.189,26.9,6.4,76.62670495,,,,ST,Sweeper,38.2,1014,30.0,0.117,0.169,0.169,2.0,BASEBALL_SAVANT_PITCH_ARSENAL_CURRENT_SEASON,2026-08-28T17:22:48+00:00,SAVANT_ARSENAL_SCHEMA_V1,CURRENT
666200,"Luzardo, Jesús",2026,178,45,25.3,7.5,18.5,46.2,0.304,0.233,0.358,33.3,6.4,76.62670495,,,,FF,4-Seam Fastball,25.8,684,18.7,0.282,0.449,0.355,-0.3,BASEBALL_SAVANT_PITCH_ARSENAL_CURRENT_SEASON,2026-08-28T17:22:48+00:00,SAVANT_ARSENAL_SCHEMA_V1,CURRENT
666200,"Luzardo, Jesús",2026,131,31,23.7,7.5,38.1,46.2,0.293,0.231,0.384,27.5,6.4,76.62670495,,,,CH,Changeup,18.5,490,20.8,0.27,0.451,0.338,0.1,BASEBALL_SAVANT_PITCH_ARSENAL_CURRENT_SEASON,2026-08-28T17:22:48+00:00,SAVANT_ARSENAL_SCHEMA_V1,CURRENT
666200,"Luzardo, Jesús",2026,129,6,4.7,7.5,11.9,46.2,0.326,0.278,0.373,41.8,6.4,76.62670495,,,,SI,Sinker,17.5,464,22.2,0.274,0.398,0.358,1.4,BASEBALL_SAVANT_PITCH_ARSENAL_CURRENT_SEASON,2026-08-28T17:22:48+00:00,SAVANT_ARSENAL_SCHEMA_V1,CURRENT
663738,"Lynch IV, Daniel",2026,72,9,12.5,7.2,14.3,46.8,0.315,0.256,0.393,31.6,6.4,77.907448118,,,,SI,Sinker,30.2,258,25.0,0.212,0.303,0.28,2.3,BASEBALL_SAVANT_PITCH_ARSENAL_CURRENT_SEASON,2026-08-28T17:22:48+00:00,SAVANT_ARSENAL_SCHEMA_V1,CURRENT
663738,"Lynch IV, Daniel",2026,62,9,14.5,7.2,27.7,46.8,0.264,0.242,0.327,34.0,6.4,77.907448118,,,,CH,Changeup,24.4,208,17.6,0.224,0.31,0.251,2.3,BASEBALL_SAVANT_PITCH_ARSENAL_CURRENT_SEASON,2026-08-28T17:22:48+00:00,SAVANT_ARSENAL_SCHEMA_V1,CURRENT
663738,"Lynch IV, Daniel",2026,60,20,33.3,7.2,41.3,46.8,0.241,0.19,0.318,35.1,6.4,77.907448118,,,,SL,Slider,22.4,191,25.6,0.123,0.211,0.17,3.0,BASEBALL_SAVANT_PITCH_ARSENAL_CURRENT_SEASON,2026-08-28T17:22:48+00:00,SAVANT_ARSENAL_SCHEMA_V1,CURRENT
663738,"Lynch IV, Daniel",2026,31,5,16.1,7.2,14.3,46.8,0.472,0.29,0.674,57.9,6.4,77.907448118,,,,FF,4-Seam Fastball,15.5,132,10.9,0.292,0.667,0.466,-4.0,BASEBALL_SAVANT_PITCH_ARSENAL_CURRENT_SEASON,2026-08-28T17:22:48+00:00,SAVANT_ARSENAL_SCHEMA_V1,CURRENT
663738,"Lynch IV, Daniel",2026,10,0,0.0,7.2,27.3,46.8,0.4,0.385,0.551,60.0,6.4,77.907448118,,,,CU,Curveball,7.5,64,0.0,0.2,0.3,0.215,2.4,BASEBALL_SAVANT_PITCH_ARSENAL_CURRENT_SEASON,2026-08-28T17:22:48+00:00,SAVANT_ARSENAL_SCHEMA_V1,CURRENT
625643,"López, Reynaldo",2026,177,35,19.8,9.5,15.9,45.6,0.354,0.279,0.464,40.8,7.7,76.250960192,,,,FF,4-Seam Fastball,54.8,672,21.5,0.281,0.444,0.354,1.0,BASEBALL_SAVANT_PITCH_ARSENAL_CURRENT_SEASON,2026-08-28T17:22:48+00:00,SAVANT_ARSENAL_SCHEMA_V1,CURRENT
625643,"López, Reynaldo",2026,88,25,28.4,9.5,34.6,45.6,0.333,0.245,0.393,34.6,7.7,76.250960192,,,,SL,Slider,30.8,377,18.8,0.211,0.355,0.305,-1.5,BASEBALL_SAVANT_PITCH_ARSENAL_CURRENT_SEASON,2026-08-28T17:22:48+00:00,SAVANT_ARSENAL_SCHEMA_V1,CURRENT
625643,"López, Reynaldo",2026,37,5,13.5,9.5,21.7,45.6,0.239,0.154,0.319,17.2,7.7,76.250960192,,,,CU,Curveball,10.9,134,10.9,0.147,0.412,0.274,0.3,BASEBALL_SAVANT_PITCH_ARSENAL_CURRENT_SEASON,2026-08-28T17:22:48+00:00,SAVANT_ARSENAL_SCHEMA_V1,CURRENT
625643,"López, Reynaldo",2026,4,1,25.0,9.5,20.0,45.6,0.322,0.34,0.402,66.7,7.7,76.250960192,,,,CH,Changeup,3.5,43,14.3,0.25,0.25,0.225,-1.6,BASEBALL_SAVANT_PITCH_ARSENAL_CURRENT_SEASON,2026-08-28T17:22:48+00:00,SAVANT_ARSENAL_SCHEMA_V1,CURRENT
671936,"Macko, Adam",2026,44,9,20.5,10.1,34.1,46.5,0.313,0.246,0.424,28.1,6.3,74.134807419,,,,SL,Slider,41.3,165,18.0,0.244,0.39,0.323,0.3,BASEBALL_SAVANT_PITCH_ARSENAL_CURRENT_SEASON,2026-08-28T17:22:48+00:00,SAVANT_ARSENAL_SCHEMA_V1,CURRENT
671936,"Macko, Adam",2026,37,7,18.9,10.1,27.3,46.5,0.431,0.338,0.576,48.0,6.3,74.134807419,,,,FF,4-Seam Fastball,38.5,154,14.6,0.406,0.563,0.459,-1.4,BASEBALL_SAVANT_PITCH_ARSENAL_CURRENT_SEASON,2026-08-28T17:22:48+00:00,SAVANT_ARSENAL_SCHEMA_V1,CURRENT
671936,"Macko, Adam",2026,11,5,45.5,10.1,44.4,46.5,0.115,0.119,0.148,16.7,6.3,74.134807419,,,,CH,Changeup,12.8,51,27.8,0.091,0.091,0.082,2.0,BASEBALL_SAVANT_PITCH_ARSENAL_CURRENT_SEASON,2026-08-28T17:22:48+00:00,SAVANT_ARSENAL_SCHEMA_V1,CURRENT
671936,"Macko, Adam",2026,4,2,50.0,10.1,50.0,46.5,0.35,0.258,0.435,34.9,6.3,74.134807419,,,,CU,Curveball,7.5,30,14.3,0.0,0.0,0.35,-1.9,BASEBALL_SAVANT_PITCH_ARSENAL_CURRENT_SEASON,2026-08-28T17:22:48+00:00,SAVANT_ARSENAL_SCHEMA_V1,CURRENT
680744,"Madden, Ty",2026,63,13,20.6,8.1,17.8,49.1,0.267,0.183,0.27,39.0,4.8,75.68083434,,,,FF,4-Seam Fastball,33.4,216,20.0,0.222,0.333,0.321,0.7,BASEBALL_SAVANT_PITCH_ARSENAL_CURRENT_SEASON,2026-08-28T17:22:48+00:00,SAVANT_ARSENAL_SCHEMA_V1,CURRENT
680744,"Madden, Ty",2026,37,15,40.5,8.1,30.4,49.1,0.197,0.173,0.254,23.8,4.8,75.68083434,,,,SL,Slider,22.1,143,26.3,0.167,0.25,0.193,2.2,BASEBALL_SAVANT_PITCH_ARSENAL_CURRENT_SEASON,2026-08-28T17:22:48+00:00,SAVANT_ARSENAL_SCHEMA_V1,CURRENT
680744,"Madden, Ty",2026,32,9,28.1,8.1,38.1,49.1,0.256,0.187,0.303,20.0,4.8,75.68083434,,,,FC,Cutter,19.2,124,31.0,0.138,0.241,0.213,2.9,BASEBALL_SAVANT_PITCH_ARSENAL_CURRENT_SEASON,2026-08-28T17:22:48+00:00,SAVANT_ARSENAL_SCHEMA_V1,CURRENT
680744,"Madden, Ty",2026,18,2,11.1,8.1,24.3,49.1,0.332,0.327,0.386,26.7,4.8,75.68083434,,,,FS,Split-Finger,13.9,90,4.7,0.235,0.353,0.278,-0.8,BASEBALL_SAVANT_PITCH_ARSENAL_CURRENT_SEASON,2026-08-28T17:22:48+00:00,SAVANT_ARSENAL_SCHEMA_V1,CURRENT
680744,"Madden, Ty",2026,10,1,10.0,8.1,17.2,49.1,0.481,0.366,0.707,37.5,4.8,75.68083434,,,,SI,Sinker,10.4,67,14.3,0.333,0.778,0.575,-2.0,BASEBALL_SAVANT_PITCH_ARSENAL_CURRENT_SEASON,2026-08-28T17:22:48+00:00,SAVANT_ARSENAL_SCHEMA_V1,CURRENT
641816,"Mahle, Tyler",2026,195,51,26.2,8.5,21.4,45.2,0.306,0.212,0.378,37.5,7.1,80.698592814,,,,FF,4-Seam Fastball,48.2,932,23.1,0.22,0.429,0.324,0.7,BASEBALL_SAVANT_PITCH_ARSENAL_CURRENT_SEASON,2026-08-28T17:22:48+00:00,SAVANT_ARSENAL_SCHEMA_V1,CURRENT
641816,"Mahle, Tyler",2026,173,43,24.9,8.5,26.3,45.2,0.314,0.269,0.413,37.5,7.1,80.698592814,,,,FS,Split-Finger,27.6,533,18.9,0.247,0.358,0.291,-0.2,BASEBALL_SAVANT_PITCH_ARSENAL_CURRENT_SEASON,2026-08-28T17:22:48+00:00,SAVANT_ARSENAL_SCHEMA_V1,CURRENT
641816,"Mahle, Tyler",2026,89,11,12.4,8.5,15.9,45.2,0.321,0.279,0.399,40.8,7.1,80.698592814,,,,FC,Cutter,16.7,323,26.8,0.304,0.43,0.346,0.2,BASEBALL_SAVANT_PITCH_ARSENAL_CURRENT_SEASON,2026-08-28T17:22:48+00:00,SAVANT_ARSENAL_SCHEMA_V1,CURRENT
641816,"Mahle, Tyler",2026,38,6,15.8,8.5,26.0,45.2,0.411,0.331,0.548,39.3,7.1,80.698592814,,,,SL,Slider,6.6,128,14.3,0.353,0.559,0.459,-4.7,BASEBALL_SAVANT_PITCH_ARSENAL_CURRENT_SEASON,2026-08-28T17:22:48+00:00,SAVANT_ARSENAL_SCHEMA_V1,CURRENT
641816,"Mahle, Tyler",2026,1,0,0.0,8.5,28.6,45.2,0.259,0.281,0.306,100.0,7.1,80.698592814,,,,SI,Sinker,90.0,17,0.0,1.0,1.0,0.9,-1.5,BASEBALL_SAVANT_PITCH_ARSENAL_CURRENT_SEASON,2026-08-28T17:22:48+00:00,SAVANT_ARSENAL_SCHEMA_V1,CURRENT
640455,"Manaea, Sean",2026,214,55,25.7,7.5,22.0,50.0,0.335,0.242,0.468,52.1,11.2,77.721342316,,,,FF,4-Seam Fastball,38.3,796,19.1,0.223,0.44,0.315,0.3,BASEBALL_SAVANT_PITCH_ARSENAL_CURRENT_SEASON,2026-08-28T17:22:48+00:00,SAVANT_ARSENAL_SCHEMA_V1,CURRENT
640455,"Manaea, Sean",2026,150,48,32.0,7.5,31.5,50.0,0.279,0.198,0.315,25.0,11.2,77.721342316,,,,ST,Sweeper,30.8,640,20.7,0.25,0.453,0.357,-1.9,BASEBALL_SAVANT_PITCH_ARSENAL_CURRENT_SEASON,2026-08-28T17:22:48+00:00,SAVANT_ARSENAL_SCHEMA_V1,CURRENT
640455,"Manaea, Sean",2026,117,10,8.5,7.5,7.6,50.0,0.395,0.317,0.516,43.6,11.2,77.721342316,,,,SI,Sinker,19.7,410,17.9,0.327,0.481,0.403,0.2,BASEBALL_SAVANT_PITCH_ARSENAL_CURRENT_SEASON,2026-08-28T17:22:48+00:00,SAVANT_ARSENAL_SCHEMA_V1,CURRENT
640455,"Manaea, Sean",2026,35,5,14.3,7.5,27.7,50.0,0.387,0.288,0.561,29.6,11.2,77.721342316,,,,FC,Cutter,7.7,161,16.7,0.313,0.625,0.447,-1.6,BASEBALL_SAVANT_PITCH_ARSENAL_CURRENT_SEASON,2026-08-28T17:22:48+00:00,SAVANT_ARSENAL_SCHEMA_V1,CURRENT
640455,"Manaea, Sean",2026,17,2,11.8,7.5,17.9,50.0,0.366,0.345,0.497,57.1,11.2,77.721342316,,,,CH,Changeup,3.5,73,6.3,0.2,0.467,0.285,-1.6,BASEBALL_SAVANT_PITCH_ARSENAL_CURRENT_SEASON,2026-08-28T17:22:48+00:00,SAVANT_ARSENAL_SCHEMA_V1,CURRENT
815081,"Manfredi, Mark",2026,10,5,50.0,15.8,34.8,36.6,0.295,0.261,0.308,75.0,0.0,85.384192,,,,FF,4-Seam Fastball,58.5,48,38.5,0.333,0.556,0.41,0.4,BASEBALL_SAVANT_PITCH_ARSENAL_CURRENT_SEASON,2026-08-28T17:22:48+00:00,SAVANT_ARSENAL_SCHEMA_V1,CURRENT
815081,"Manfredi, Mark",2026,5,1,20.0,15.8,40.0,36.6,0.318,0.231,0.286,33.3,0.0,85.384192,,,,SL,Slider,24.4,20,16.7,0.25,0.25,0.32,0.0,BASEBALL_SAVANT_PITCH_ARSENAL_CURRENT_SEASON,2026-08-28T17:22:48+00:00,SAVANT_ARSENAL_SCHEMA_V1,CURRENT
815081,"Manfredi, Mark",2026,2,1,50.0,15.8,33.3,36.6,0.35,0.22,0.267,44.4,0.0,85.384192,,,,SI,Sinker,6.1,5,50.0,0.0,0.0,0.35,-2.6,BASEBALL_SAVANT_PITCH_ARSENAL_CURRENT_SEASON,2026-08-28T17:22:48+00:00,SAVANT_ARSENAL_SCHEMA_V1,CURRENT
815081,"Manfredi, Mark",2026,1,0,0.0,15.8,0.0,36.6,0.269,0.237,0.351,0.0,0.0,85.384192,,,,ST,Sweeper,6.1,5,,0.0,0.0,0.0,3.7,BASEBALL_SAVANT_PITCH_ARSENAL_CURRENT_SEASON,2026-08-28T17:22:48+00:00,SAVANT_ARSENAL_SCHEMA_V1,CURRENT
815081,"Manfredi, Mark",2026,1,0,0.0,15.8,0.0,36.6,0.0,0.001,0.001,0.0,0.0,85.384192,,,,CH,Changeup,4.9,4,,0.0,0.0,0.0,4.1,BASEBALL_SAVANT_PITCH_ARSENAL_CURRENT_SEASON,2026-08-28T17:22:48+00:00,SAVANT_ARSENAL_SCHEMA_V1,CURRENT
666201,"Manoah, Alek",2026,14,2,14.3,20.5,16.0,37.9,0.346,0.248,0.423,30.0,11.5,74.836750769,,,,CH,Changeup,39.1,63,15.4,0.333,0.75,0.55,-6.5,BASEBALL_SAVANT_PITCH_ARSENAL_CURRENT_SEASON,2026-08-28T17:22:48+00:00,SAVANT_ARSENAL_SCHEMA_V1,CURRENT
666201,"Manoah, Alek",2026,13,2,15.4,20.5,22.7,37.9,0.416,0.217,0.578,50.0,11.5,74.836750769,,,,SI,Sinker,34.8,56,22.2,0.3,0.5,0.423,-0.9,BASEBALL_SAVANT_PITCH_ARSENAL_CURRENT_SEASON,2026-08-28T17:22:48+00:00,SAVANT_ARSENAL_SCHEMA_V1,CURRENT
666201,"Manoah, Alek",2026,6,1,16.7,20.5,40.0,37.9,0.361,0.018,0.031,0.0,11.5,74.836750769,,,,SL,Slider,14.3,23,9.1,0.0,0.0,0.35,-2.1,BASEBALL_SAVANT_PITCH_ARSENAL_CURRENT_SEASON,2026-08-28T17:22:48+00:00,SAVANT_ARSENAL_SCHEMA_V1,CURRENT
666201,"Manoah, Alek",2026,6,0,0.0,20.5,11.1,37.9,0.397,0.311,0.617,33.3,11.5,74.836750769,,,,FF,4-Seam Fastball,11.8,19,0.0,0.167,0.333,0.208,3.4,BASEBALL_SAVANT_PITCH_ARSENAL_CURRENT_SEASON,2026-08-28T17:22:48+00:00,SAVANT_ARSENAL_SCHEMA_V1,CURRENT
573009,"Mantiply, Joe",2026,32,4,12.5,5.6,3.8,49.6,0.435,0.319,0.608,56.5,10.0,77.7599675,,,,SI,Sinker,45.8,121,14.8,0.346,0.5,0.408,0.1,BASEBALL_SAVANT_PITCH_ARSENAL_CURRENT_SEASON,2026-08-28T17:22:48+00:00,SAVANT_ARSENAL_SCHEMA_V1,CURRENT
573009,"Mantiply, Joe",2026,17,5,29.4,5.6,22.9,49.6,0.281,0.278,0.371,41.7,10.0,77.7599675,,,,CU,Curveball,27.7,73,22.7,0.235,0.294,0.232,1.1,BASEBALL_SAVANT_PITCH_ARSENAL_CURRENT_SEASON,2026-08-28T17:22:48+00:00,SAVANT_ARSENAL_SCHEMA_V1,CURRENT
573009,"Mantiply, Joe",2026,22,7,31.8,5.6,27.3,49.6,0.209,0.187,0.3,26.7,10.0,77.7599675,,,,CH,Changeup,26.5,70,22.6,0.15,0.2,0.153,3.6,BASEBALL_SAVANT_PITCH_ARSENAL_CURRENT_SEASON,2026-08-28T17:22:48+00:00,SAVANT_ARSENAL_SCHEMA_V1,CURRENT
676760,"Marinaccio, Ron",2026,117,29,24.8,10.4,26.2,47.1,0.379,0.266,0.468,51.5,7.9,77.869593146,,,,FF,4-Seam Fastball,42.6,444,21.0,0.278,0.485,0.389,-0.5,BASEBALL_SAVANT_PITCH_ARSENAL_CURRENT_SEASON,2026-08-28T17:22:48+00:00,SAVANT_ARSENAL_SCHEMA_V1,CURRENT
676760,"Marinaccio, Ron",2026,68,8,11.8,10.4,25.2,47.1,0.302,0.231,0.366,22.6,7.9,77.869593146,,,,CH,Changeup,27.3,284,7.7,0.246,0.443,0.347,-1.7,BASEBALL_SAVANT_PITCH_ARSENAL_CURRENT_SEASON,2026-08-28T17:22:48+00:00,SAVANT_ARSENAL_SCHEMA_V1,CURRENT
676760,"Marinaccio, Ron",2026,53,7,13.2,10.4,23.7,47.1,0.354,0.284,0.417,41.0,7.9,77.869593146,,,,FC,Cutter,20.8,217,18.4,0.261,0.435,0.368,-0.4,BASEBALL_SAVANT_PITCH_ARSENAL_CURRENT_SEASON,2026-08-28T17:22:48+00:00,SAVANT_ARSENAL_SCHEMA_V1,CURRENT
676760,"Marinaccio, Ron",2026,22,4,18.2,10.4,23.9,47.1,0.295,0.268,0.43,55.6,7.9,77.869593146,,,,ST,Sweeper,9.3,97,12.5,0.318,0.682,0.418,-2.1,BASEBALL_SAVANT_PITCH_ARSENAL_CURRENT_SEASON,2026-08-28T17:22:48+00:00,SAVANT_ARSENAL_SCHEMA_V1,CURRENT
628708,"Marte, Yunior",2026,4,1,25.0,16.7,44.4,57.1,0.519,0.537,0.654,33.3,0.0,81.37037,,,,SL,Slider,57.1,12,14.3,0.75,1.0,0.763,-11.4,BASEBALL_SAVANT_PITCH_ARSENAL_CURRENT_SEASON,2026-08-28T17:22:48+00:00,SAVANT_ARSENAL_SCHEMA_V1,CURRENT
628708,"Marte, Yunior",2026,1,0,0.0,16.7,50.0,57.1,0.7,0.537,0.654,33.3,0.0,81.37037,,,,SI,Sinker,14.3,3,0.0,,,0.7,-12.6,BASEBALL_SAVANT_PITCH_ARSENAL_CURRENT_SEASON,2026-08-28T17:22:48+00:00,SAVANT_ARSENAL_SCHEMA_V1,CURRENT
455119,"Martin, Chris",2026,21,3,14.3,3.0,23.1,53.2,0.362,0.306,0.455,58.8,11.1,80.465496667,,,,FC,Cutter,41.9,104,13.0,0.368,0.579,0.402,-1.3,BASEBALL_SAVANT_PITCH_ARSENAL_CURRENT_SEASON,2026-08-28T17:22:48+00:00,SAVANT_ARSENAL_SCHEMA_V1,CURRENT
455119,"Martin, Chris",2026,21,5,23.8,3.0,21.1,53.2,0.311,0.277,0.404,40.0,11.1,80.465496667,,,,FF,4-Seam Fastball,26.2,65,18.5,0.25,0.35,0.281,1.2,BASEBALL_SAVANT_PITCH_ARSENAL_CURRENT_SEASON,2026-08-28T17:22:48+00:00,SAVANT_ARSENAL_SCHEMA_V1,CURRENT
455119,"Martin, Chris",2026,8,0,0.0,3.0,5.9,53.2,0.617,0.409,1.042,57.1,11.1,80.465496667,,,,SI,Sinker,12.1,30,0.0,0.429,1.429,0.744,-7.2,BASEBALL_SAVANT_PITCH_ARSENAL_CURRENT_SEASON,2026-08-28T17:22:48+00:00,SAVANT_ARSENAL_SCHEMA_V1,CURRENT
455119,"Martin, Chris",2026,10,1,10.0,3.0,0.0,53.2,0.58,0.499,0.864,33.3,11.1,80.465496667,,,,FS,Split-Finger,9.7,24,8.3,0.6,1.2,0.755,-19.0,BASEBALL_SAVANT_PITCH_ARSENAL_CURRENT_SEASON,2026-08-28T17:22:48+00:00,SAVANT_ARSENAL_SCHEMA_V1,CURRENT
455119,"Martin, Chris",2026,3,0,0.0,3.0,0.0,53.2,0.397,0.41,0.508,33.3,11.1,80.465496667,,,,CU,Curveball,5.6,14,0.0,0.667,0.667,0.6,-4.8,BASEBALL_SAVANT_PITCH_ARSENAL_CURRENT_SEASON,2026-08-28T17:22:48+00:00,SAVANT_ARSENAL_SCHEMA_V1,CURRENT
455119,"Martin, Chris",2026,3,0,0.0,3.0,0.0,53.2,0.273,0.288,0.34,0.0,11.1,80.465496667,,,,ST,Sweeper,4.4,11,0.0,0.667,0.667,0.6,-5.9,BASEBALL_SAVANT_PITCH_ARSENAL_CURRENT_SEASON,2026-08-28T17:22:48+00:00,SAVANT_ARSENAL_SCHEMA_V1,CURRENT
656686,"Martin, Corbin",2026,13,2,15.4,20.0,27.6,47.7,0.445,0.193,0.61,71.4,12.5,85.05037875,,,,FF,4-Seam Fastball,50.5,56,10.5,0.333,1.0,0.592,-4.5,BASEBALL_SAVANT_PITCH_ARSENAL_CURRENT_SEASON,2026-08-28T17:22:48+00:00,SAVANT_ARSENAL_SCHEMA_V1,CURRENT
656686,"Martin, Corbin",2026,4,0,0.0,20.0,45.5,47.7,0.357,0.257,0.285,33.3,12.5,85.05037875,,,,CU,Curveball,24.3,27,0.0,0.667,0.667,0.625,-4.0,BASEBALL_SAVANT_PITCH_ARSENAL_CURRENT_SEASON,2026-08-28T17:22:48+00:00,SAVANT_ARSENAL_SCHEMA_V1,CURRENT
656686,"Martin, Corbin",2026,3,2,66.7,20.0,57.1,47.7,0.023,0.026,0.034,0.0,12.5,85.05037875,,,,ST,Sweeper,11.7,13,40.0,0.0,0.0,0.0,4.8,BASEBALL_SAVANT_PITCH_ARSENAL_CURRENT_SEASON,2026-08-28T17:22:48+00:00,SAVANT_ARSENAL_SCHEMA_V1,CURRENT
656686,"Martin, Corbin",2026,2,0,0.0,20.0,33.3,47.7,0.826,0.678,1.264,100.0,12.5,85.05037875,,,,CH,Changeup,7.2,8,0.0,0.0,0.0,0.0,3.3,BASEBALL_SAVANT_PITCH_ARSENAL_CURRENT_SEASON,2026-08-28T17:22:48+00:00,SAVANT_ARSENAL_SCHEMA_V1,CURRENT
656686,"Martin, Corbin",2026,2,0,0.0,20.0,0.0,47.7,0.483,0.51,0.605,50.0,12.5,85.05037875,,,,SI,Sinker,3.6,4,,0.0,0.0,0.0,11.0,BASEBALL_SAVANT_PITCH_ARSENAL_CURRENT_SEASON,2026-08-28T17:22:48+00:00,SAVANT_ARSENAL_SCHEMA_V1,CURRENT
656686,"Martin, Corbin",2026,1,0,0.0,20.0,0.0,47.7,0.007,0.006,0.008,0.0,12.5,85.05037875,,,,SL,Slider,2.7,3,0.0,0.0,0.0,0.0,2.8,BASEBALL_SAVANT_PITCH_ARSENAL_CURRENT_SEASON,2026-08-28T17:22:48+00:00,SAVANT_ARSENAL_SCHEMA_V1,CURRENT
663436,"Martin, Davis",2026,139,33,23.7,7.4,24.9,48.6,0.312,0.25,0.375,35.2,6.8,79.149941271,,,,FF,4-Seam Fastball,27.1,542,18.8,0.281,0.355,0.328,-0.2,BASEBALL_SAVANT_PITCH_ARSENAL_CURRENT_SEASON,2026-08-28T17:22:48+00:00,SAVANT_ARSENAL_SCHEMA_V1,CURRENT
663436,"Martin, Davis",2026,113,7,6.2,7.4,8.1,48.6,0.354,0.283,0.405,48.9,6.8,79.149941271,,,,SI,Sinker,18.4,368,9.7,0.289,0.381,0.357,1.2,BASEBALL_SAVANT_PITCH_ARSENAL_CURRENT_SEASON,2026-08-28T17:22:48+00:00,SAVANT_ARSENAL_SCHEMA_V1,CURRENT
663436,"Martin, Davis",2026,54,24,44.4,7.4,40.6,48.6,0.279,0.214,0.363,42.3,6.8,79.149941271,,,,CU,Curveball,14.2,285,27.3,0.184,0.327,0.249,-0.4,BASEBALL_SAVANT_PITCH_ARSENAL_CURRENT_SEASON,2026-08-28T17:22:48+00:00,SAVANT_ARSENAL_SCHEMA_V1,CURRENT
663436,"Martin, Davis",2026,83,11,13.3,7.4,14.5,48.6,0.343,0.293,0.451,55.2,6.8,79.149941271,,,,CH,Changeup,14.0,281,12.6,0.205,0.359,0.274,1.3,BASEBALL_SAVANT_PITCH_ARSENAL_CURRENT_SEASON,2026-08-28T17:22:48+00:00,SAVANT_ARSENAL_SCHEMA_V1,CURRENT
663436,"Martin, Davis",2026,78,24,30.8,7.4,36.8,48.6,0.301,0.248,0.435,34.6,6.8,79.149941271,,,,SL,Slider,13.5,270,20.9,0.263,0.5,0.344,-1.6,BASEBALL_SAVANT_PITCH_ARSENAL_CURRENT_SEASON,2026-08-28T17:22:48+00:00,SAVANT_ARSENAL_SCHEMA_V1,CURRENT
663436,"Martin, Davis",2026,56,9,16.1,7.4,24.8,48.6,0.407,0.354,0.509,48.8,6.8,79.149941271,,,,FC,Cutter,12.8,257,16.4,0.38,0.52,0.425,0.0,BASEBALL_SAVANT_PITCH_ARSENAL_CURRENT_SEASON,2026-08-28T17:22:48+00:00,SAVANT_ARSENAL_SCHEMA_V1,CURRENT
702303,"Martin, Riley",2026,22,5,22.7,9.4,17.9,50.0,0.218,0.167,0.226,33.3,5.3,81.158255556,,,,FF,4-Seam Fastball,55.1,65,23.8,0.158,0.158,0.195,3.9,BASEBALL_SAVANT_PITCH_ARSENAL_CURRENT_SEASON,2026-08-28T17:22:48+00:00,SAVANT_ARSENAL_SCHEMA_V1,CURRENT
702303,"Martin, Riley",2026,4,2,50.0,9.4,10.0,50.0,0.28,0.153,0.167,100.0,5.3,81.158255556,,,,CU,Curveball,29.7,35,12.5,0.0,0.0,0.175,0.4,BASEBALL_SAVANT_PITCH_ARSENAL_CURRENT_SEASON,2026-08-28T17:22:48+00:00,SAVANT_ARSENAL_SCHEMA_V1,CURRENT
702303,"Martin, Riley",2026,6,3,50.0,9.4,40.0,50.0,0.346,0.184,0.656,66.7,5.3,81.158255556,,,,SL,Slider,15.3,18,50.0,0.333,0.833,0.483,-9.6,BASEBALL_SAVANT_PITCH_ARSENAL_CURRENT_SEASON,2026-08-28T17:22:48+00:00,SAVANT_ARSENAL_SCHEMA_V1,CURRENT
694680,"Martin, Trevor",2026,20,6,30.0,7.4,39.0,47.8,0.311,0.145,0.439,54.5,12.2,81.0736035,,,,FF,4-Seam Fastball,44.4,80,35.3,0.176,0.529,0.35,0.9,BASEBALL_SAVANT_PITCH_ARSENAL_CURRENT_SEASON,2026-08-28T17:22:48+00:00,SAVANT_ARSENAL_SCHEMA_V1,CURRENT
694680,"Martin, Trevor",2026,12,0,0.0,7.4,9.5,47.8,0.541,0.413,0.88,58.3,12.2,81.0736035,,,,FC,Cutter,23.3,42,0.0,0.583,1.167,0.738,-9.2,BASEBALL_SAVANT_PITCH_ARSENAL_CURRENT_SEASON,2026-08-28T17:22:48+00:00,SAVANT_ARSENAL_SCHEMA_V1,CURRENT
694680,"Martin, Trevor",2026,15,1,6.7,7.4,11.1,47.8,0.347,0.342,0.453,42.9,12.2,81.0736035,,,,FS,Split-Finger,20.6,37,7.7,0.2,0.2,0.24,1.1,BASEBALL_SAVANT_PITCH_ARSENAL_CURRENT_SEASON,2026-08-28T17:22:48+00:00,SAVANT_ARSENAL_SCHEMA_V1,CURRENT
694680,"Martin, Trevor",2026,4,0,0.0,7.4,0.0,47.8,0.471,0.177,0.417,50.0,12.2,81.0736035,,,,SI,Sinker,7.2,13,,0.0,0.0,0.35,-2.1,BASEBALL_SAVANT_PITCH_ARSENAL_CURRENT_SEASON,2026-08-28T17:22:48+00:00,SAVANT_ARSENAL_SCHEMA_V1,CURRENT
694680,"Martin, Trevor",2026,3,0,0.0,7.4,0.0,47.8,0.306,0.117,0.135,0.0,12.2,81.0736035,,,,CU,Curveball,4.4,8,0.0,0.5,1.0,0.65,-7.6,BASEBALL_SAVANT_PITCH_ARSENAL_CURRENT_SEASON,2026-08-28T17:22:48+00:00,SAVANT_ARSENAL_SCHEMA_V1,CURRENT
679885,"Martinez, Justin",2026,4,0,0.0,16.7,0.0,37.5,0.283,0.118,0.225,0.0,0.0,68.2526625,,,,FF,4-Seam Fastball,33.9,19,0.0,0.0,0.0,0.175,1.6,BASEBALL_SAVANT_PITCH_ARSENAL_CURRENT_SEASON,2026-08-28T17:22:48+00:00,SAVANT_ARSENAL_SCHEMA_V1,CURRENT
679885,"Martinez, Justin",2026,6,2,33.3,16.7,22.2,37.5,0.27,0.059,0.063,0.0,0.0,68.2526625,,,,FS,Split-Finger,30.4,17,15.4,0.0,0.0,0.233,1.7,BASEBALL_SAVANT_PITCH_ARSENAL_CURRENT_SEASON,2026-08-28T17:22:48+00:00,SAVANT_ARSENAL_SCHEMA_V1,CURRENT
679885,"Martinez, Justin",2026,2,0,0.0,16.7,0.0,37.5,0.365,0.395,0.429,50.0,0.0,68.2526625,,,,SI,Sinker,28.6,16,0.0,0.5,0.5,0.45,0.6,BASEBALL_SAVANT_PITCH_ARSENAL_CURRENT_SEASON,2026-08-28T17:22:48+00:00,SAVANT_ARSENAL_SCHEMA_V1,CURRENT
607259,"Martinez, Nick",2026,190,31,16.3,3.7,9.2,50.6,0.346,0.298,0.482,38.4,7.1,75.702726192,,,,SI,Sinker,31.0,640,19.1,0.279,0.408,0.312,0.8,BASEBALL_SAVANT_PITCH_ARSENAL_CURRENT_SEASON,2026-08-28T17:22:48+00:00,SAVANT_ARSENAL_SCHEMA_V1,CURRENT
607259,"Martinez, Nick",2026,167,37,22.2,3.7,31.1,50.6,0.231,0.204,0.294,23.4,7.1,75.702726192,,,,CH,Changeup,27.1,560,18.5,0.156,0.263,0.198,1.8,BASEBALL_SAVANT_PITCH_ARSENAL_CURRENT_SEASON,2026-08-28T17:22:48+00:00,SAVANT_ARSENAL_SCHEMA_V1,CURRENT
607259,"Martinez, Nick",2026,135,7,5.2,3.7,12.2,50.6,0.343,0.296,0.446,28.5,7.1,75.702726192,,,,FC,Cutter,20.9,432,10.1,0.256,0.419,0.309,1.6,BASEBALL_SAVANT_PITCH_ARSENAL_CURRENT_SEASON,2026-08-28T17:22:48+00:00,SAVANT_ARSENAL_SCHEMA_V1,CURRENT
607259,"Martinez, Nick",2026,73,12,16.4,3.7,14.0,50.6,0.347,0.267,0.475,49.1,7.1,75.702726192,,,,FF,4-Seam Fastball,12.4,256,11.4,0.269,0.522,0.363,-0.4,BASEBALL_SAVANT_PITCH_ARSENAL_CURRENT_SEASON,2026-08-28T17:22:48+00:00,SAVANT_ARSENAL_SCHEMA_V1,CURRENT
607259,"Martinez, Nick",2026,11,0,0.0,3.7,16.7,50.6,0.463,0.371,0.725,18.2,7.1,75.702726192,,,,CU,Curveball,5.0,103,0.0,0.364,0.545,0.391,-1.1,BASEBALL_SAVANT_PITCH_ARSENAL_CURRENT_SEASON,2026-08-28T17:22:48+00:00,SAVANT_ARSENAL_SCHEMA_V1,CURRENT
607259,"Martinez, Nick",2026,17,0,0.0,3.7,20.6,50.6,0.483,0.465,0.655,47.1,7.1,75.702726192,,,,SL,Slider,3.7,76,0.0,0.588,0.765,0.644,-6.6,BASEBALL_SAVANT_PITCH_ARSENAL_CURRENT_SEASON,2026-08-28T17:22:48+00:00,SAVANT_ARSENAL_SCHEMA_V1,CURRENT
661527,"Martinez, Seth",2026,4,1,25.0,0.0,40.0,50.0,0.138,0.124,0.199,33.3,0.0,67.40518,,,,ST,Sweeper,40.9,9,20.0,0.25,0.5,0.313,-3.8,BASEBALL_SAVANT_PITCH_ARSENAL_CURRENT_SEASON,2026-08-28T17:22:48+00:00,SAVANT_ARSENAL_SCHEMA_V1,CURRENT
661527,"Martinez, Seth",2026,2,0,0.0,0.0,0.0,50.0,0.788,0.917,1.102,100.0,0.0,67.40518,,,,CH,Changeup,9.1,2,0.0,1.0,1.0,0.8,-41.1,BASEBALL_SAVANT_PITCH_ARSENAL_CURRENT_SEASON,2026-08-28T17:22:48+00:00,SAVANT_ARSENAL_SCHEMA_V1,CURRENT
687273,"Mathews, Quinn",2026,27,4,14.8,10.6,23.6,48.1,0.353,0.303,0.376,36.8,2.2,75.62074913,,,,FF,4-Seam Fastball,43.3,126,9.5,0.391,0.478,0.43,-1.3,BASEBALL_SAVANT_PITCH_ARSENAL_CURRENT_SEASON,2026-08-28T17:22:48+00:00,SAVANT_ARSENAL_SCHEMA_V1,CURRENT
687273,"Mathews, Quinn",2026,16,6,37.5,10.6,29.4,48.1,0.199,0.102,0.202,25.0,2.2,75.62074913,,,,SL,Slider,22.7,66,17.6,0.214,0.429,0.325,0.3,BASEBALL_SAVANT_PITCH_ARSENAL_CURRENT_SEASON,2026-08-28T17:22:48+00:00,SAVANT_ARSENAL_SCHEMA_V1,CURRENT
687273,"Mathews, Quinn",2026,16,2,12.5,10.6,29.6,48.1,0.29,0.28,0.312,15.4,2.2,75.62074913,,,,CH,Changeup,16.5,48,10.5,0.286,0.286,0.269,0.5,BASEBALL_SAVANT_PITCH_ARSENAL_CURRENT_SEASON,2026-08-28T17:22:48+00:00,SAVANT_ARSENAL_SCHEMA_V1,CURRENT
687273,"Mathews, Quinn",2026,6,1,16.7,10.6,16.7,48.1,0.126,0.131,0.157,40.0,2.2,75.62074913,,,,CU,Curveball,13.7,40,7.7,0.333,0.5,0.358,-1.1,BASEBALL_SAVANT_PITCH_ARSENAL_CURRENT_SEASON,2026-08-28T17:22:48+00:00,SAVANT_ARSENAL_SCHEMA_V1,CURRENT
687273,"Mathews, Quinn",2026,1,0,0.0,10.6,33.3,48.1,0.02,0.23,0.294,0.0,2.2,75.62074913,,,,SI,Sinker,3.8,11,0.0,,,0.0,2.5,BASEBALL_SAVANT_PITCH_ARSENAL_CURRENT_SEASON,2026-08-28T17:22:48+00:00,SAVANT_ARSENAL_SCHEMA_V1,CURRENT
664208,"Maton, Phil",2026,50,11,22.0,11.8,23.2,47.1,0.396,0.328,0.494,46.9,11.9,76.768353415,,,,FC,Cutter,36.8,201,16.9,0.325,0.375,0.346,-0.3,BASEBALL_SAVANT_PITCH_ARSENAL_CURRENT_SEASON,2026-08-28T17:22:48+00:00,SAVANT_ARSENAL_SCHEMA_V1,CURRENT
664208,"Maton, Phil",2026,49,19,38.8,11.8,32.1,47.1,0.294,0.215,0.39,38.5,11.9,76.768353415,,,,CU,Curveball,28.9,158,24.4,0.25,0.523,0.355,-3.3,BASEBALL_SAVANT_PITCH_ARSENAL_CURRENT_SEASON,2026-08-28T17:22:48+00:00,SAVANT_ARSENAL_SCHEMA_V1,CURRENT
664208,"Maton, Phil",2026,25,0,0.0,11.8,14.0,47.1,0.519,0.365,0.662,29.4,11.9,76.768353415,,,,SI,Sinker,19.0,104,0.0,0.294,0.471,0.448,0.6,BASEBALL_SAVANT_PITCH_ARSENAL_CURRENT_SEASON,2026-08-28T17:22:48+00:00,SAVANT_ARSENAL_SCHEMA_V1,CURRENT
664208,"Maton, Phil",2026,12,1,8.3,11.8,32.4,47.1,0.462,0.382,0.59,66.7,11.9,76.768353415,,,,ST,Sweeper,15.2,83,8.3,0.5,1.1,0.671,-3.6,BASEBALL_SAVANT_PITCH_ARSENAL_CURRENT_SEASON,2026-08-28T17:22:48+00:00,SAVANT_ARSENAL_SCHEMA_V1,CURRENT
673513,"Matsui, Yuki",2026,74,12,16.2,13.9,24.2,47.6,0.356,0.208,0.413,40.4,8.2,76.268659492,,,,FF,4-Seam Fastball,36.4,311,15.0,0.263,0.491,0.376,-0.1,BASEBALL_SAVANT_PITCH_ARSENAL_CURRENT_SEASON,2026-08-28T17:22:48+00:00,SAVANT_ARSENAL_SCHEMA_V1,CURRENT
673513,"Matsui, Yuki",2026,55,15,27.3,13.9,40.9,47.6,0.221,0.156,0.248,20.0,8.2,76.268659492,,,,SL,Slider,30.5,261,30.0,0.102,0.122,0.152,2.6,BASEBALL_SAVANT_PITCH_ARSENAL_CURRENT_SEASON,2026-08-28T17:22:48+00:00,SAVANT_ARSENAL_SCHEMA_V1,CURRENT
673513,"Matsui, Yuki",2026,66,25,37.9,13.9,46.5,47.6,0.233,0.147,0.266,20.6,8.2,76.268659492,,,,FS,Split-Finger,26.8,229,21.4,0.158,0.298,0.241,0.3,BASEBALL_SAVANT_PITCH_ARSENAL_CURRENT_SEASON,2026-08-28T17:22:48+00:00,SAVANT_ARSENAL_SCHEMA_V1,CURRENT
673513,"Matsui, Yuki",2026,5,3,60.0,13.9,27.3,47.6,0.376,0.238,0.668,100.0,8.2,76.268659492,,,,ST,Sweeper,3.6,31,17.6,0.2,0.8,0.4,-2.9,BASEBALL_SAVANT_PITCH_ARSENAL_CURRENT_SEASON,2026-08-28T17:22:48+00:00,SAVANT_ARSENAL_SCHEMA_V1,CURRENT
673513,"Matsui, Yuki",2026,7,0,0.0,13.9,0.0,47.6,0.277,0.115,0.133,0.0,8.2,76.268659492,,,,SI,Sinker,2.7,23,0.0,0.0,0.0,0.2,1.6,BASEBALL_SAVANT_PITCH_ARSENAL_CURRENT_SEASON,2026-08-28T17:22:48+00:00,SAVANT_ARSENAL_SCHEMA_V1,CURRENT
805673,"Matthews, Zebby",2026,150,20,13.3,7.3,13.0,47.2,0.374,0.284,0.462,42.6,11.2,80.368815871,,,,FF,4-Seam Fastball,36.4,609,11.8,0.281,0.461,0.38,0.0,BASEBALL_SAVANT_PITCH_ARSENAL_CURRENT_SEASON,2026-08-28T17:22:48+00:00,SAVANT_ARSENAL_SCHEMA_V1,CURRENT
805673,"Matthews, Zebby",2026,125,40,32.0,7.3,35.7,47.2,0.261,0.196,0.367,39.2,11.2,80.368815871,,,,SL,Slider,22.4,375,23.5,0.193,0.345,0.252,1.5,BASEBALL_SAVANT_PITCH_ARSENAL_CURRENT_SEASON,2026-08-28T17:22:48+00:00,SAVANT_ARSENAL_SCHEMA_V1,CURRENT
805673,"Matthews, Zebby",2026,61,8,13.1,7.3,18.1,47.2,0.326,0.276,0.443,41.2,11.2,80.368815871,,,,CH,Changeup,12.7,213,15.7,0.321,0.536,0.374,-2.6,BASEBALL_SAVANT_PITCH_ARSENAL_CURRENT_SEASON,2026-08-28T17:22:48+00:00,SAVANT_ARSENAL_SCHEMA_V1,CURRENT
805673,"Matthews, Zebby",2026,41,16,39.0,7.3,35.4,47.2,0.202,0.161,0.285,54.2,11.2,80.368815871,,,,CU,Curveball,12.2,204,21.9,0.175,0.425,0.26,-0.9,BASEBALL_SAVANT_PITCH_ARSENAL_CURRENT_SEASON,2026-08-28T17:22:48+00:00,SAVANT_ARSENAL_SCHEMA_V1,CURRENT
805673,"Matthews, Zebby",2026,43,3,7.0,7.3,15.3,47.2,0.427,0.36,0.586,37.8,11.2,80.368815871,,,,FC,Cutter,11.1,186,11.1,0.359,0.641,0.435,-1.6,BASEBALL_SAVANT_PITCH_ARSENAL_CURRENT_SEASON,2026-08-28T17:22:48+00:00,SAVANT_ARSENAL_SCHEMA_V1,CURRENT
805673,"Matthews, Zebby",2026,17,1,5.9,7.3,23.7,47.2,0.481,0.414,0.632,42.9,11.2,80.368815871,,,,SI,Sinker,5.3,88,12.5,0.4,0.667,0.516,-0.9,BASEBALL_SAVANT_PITCH_ARSENAL_CURRENT_SEASON,2026-08-28T17:22:48+00:00,SAVANT_ARSENAL_SCHEMA_V1,CURRENT
676755,"Mattson, Isaac",2026,122,22,18.0,10.8,19.8,49.5,0.383,0.292,0.495,53.0,12.4,82.874279455,,,,FF,4-Seam Fastball,71.6,493,13.3,0.26,0.375,0.339,0.2,BASEBALL_SAVANT_PITCH_ARSENAL_CURRENT_SEASON,2026-08-28T17:22:48+00:00,SAVANT_ARSENAL_SCHEMA_V1,CURRENT
676755,"Mattson, Isaac",2026,19,5,26.3,10.8,27.3,49.5,0.378,0.352,0.527,50.0,12.4,82.874279455,,,,SL,Slider,11.5,79,27.8,0.368,0.684,0.445,-2.2,BASEBALL_SAVANT_PITCH_ARSENAL_CURRENT_SEASON,2026-08-28T17:22:48+00:00,SAVANT_ARSENAL_SCHEMA_V1,CURRENT
676755,"Mattson, Isaac",2026,7,2,28.6,10.8,21.1,49.5,0.31,0.232,0.503,40.0,12.4,82.874279455,,,,CH,Changeup,9.7,67,8.0,0.429,0.571,0.436,-2.8,BASEBALL_SAVANT_PITCH_ARSENAL_CURRENT_SEASON,2026-08-28T17:22:48+00:00,SAVANT_ARSENAL_SCHEMA_V1,CURRENT
676755,"Mattson, Isaac",2026,18,5,27.8,10.8,30.8,49.5,0.327,0.216,0.451,36.4,12.4,82.874279455,,,,ST,Sweeper,7.3,50,21.7,0.188,0.375,0.289,0.4,BASEBALL_SAVANT_PITCH_ARSENAL_CURRENT_SEASON,2026-08-28T17:22:48+00:00,SAVANT_ARSENAL_SCHEMA_V1,CURRENT
571927,"Matz, Steven",2026,128,17,13.3,7.4,18.5,47.3,0.386,0.283,0.515,39.4,12.4,76.518531538,,,,SI,Sinker,48.8,544,12.7,0.282,0.582,0.429,-1.3,BASEBALL_SAVANT_PITCH_ARSENAL_CURRENT_SEASON,2026-08-28T17:22:48+00:00,SAVANT_ARSENAL_SCHEMA_V1,CURRENT
571927,"Matz, Steven",2026,104,24,23.1,7.4,25.0,47.3,0.317,0.262,0.438,28.0,12.4,76.518531538,,,,CH,Changeup,29.8,332,16.3,0.216,0.402,0.278,-0.3,BASEBALL_SAVANT_PITCH_ARSENAL_CURRENT_SEASON,2026-08-28T17:22:48+00:00,SAVANT_ARSENAL_SCHEMA_V1,CURRENT
571927,"Matz, Steven",2026,28,6,21.4,7.4,22.4,47.3,0.253,0.244,0.369,36.4,12.4,76.518531538,,,,CU,Curveball,12.5,139,23.1,0.185,0.333,0.213,0.8,BASEBALL_SAVANT_PITCH_ARSENAL_CURRENT_SEASON,2026-08-28T17:22:48+00:00,SAVANT_ARSENAL_SCHEMA_V1,CURRENT
571927,"Matz, Steven",2026,22,2,9.1,7.4,19.2,47.3,0.443,0.378,0.634,42.1,12.4,76.518531538,,,,SL,Slider,8.6,96,7.4,0.333,0.476,0.368,-1.3,BASEBALL_SAVANT_PITCH_ARSENAL_CURRENT_SEASON,2026-08-28T17:22:48+00:00,SAVANT_ARSENAL_SCHEMA_V1,CURRENT
802408,"Mautz, Brycen",2026,7,0,0.0,14.3,14.3,39.0,0.38,0.338,0.409,16.7,0.0,84.160688,,,,FF,4-Seam Fastball,45.8,27,0.0,0.333,0.333,0.357,0.3,BASEBALL_SAVANT_PITCH_ARSENAL_CURRENT_SEASON,2026-08-28T17:22:48+00:00,SAVANT_ARSENAL_SCHEMA_V1,CURRENT
802408,"Mautz, Brycen",2026,1,0,0.0,14.3,0.0,39.0,0.399,0.266,0.72,100.0,0.0,84.160688,,,,CU,Curveball,22.0,13,0.0,0.0,0.0,0.0,0.8,BASEBALL_SAVANT_PITCH_ARSENAL_CURRENT_SEASON,2026-08-28T17:22:48+00:00,SAVANT_ARSENAL_SCHEMA_V1,CURRENT
802408,"Mautz, Brycen",2026,2,0,0.0,14.3,0.0,39.0,0.305,0.321,0.391,0.0,0.0,84.160688,,,,SI,Sinker,16.9,10,,0.5,0.5,0.45,0.1,BASEBALL_SAVANT_PITCH_ARSENAL_CURRENT_SEASON,2026-08-28T17:22:48+00:00,SAVANT_ARSENAL_SCHEMA_V1,CURRENT
802408,"Mautz, Brycen",2026,4,2,50.0,14.3,66.7,39.0,0.191,0.017,0.035,0.0,0.0,84.160688,,,,SL,Slider,15.3,9,66.7,0.333,0.667,0.488,-10.2,BASEBALL_SAVANT_PITCH_ARSENAL_CURRENT_SEASON,2026-08-28T17:22:48+00:00,SAVANT_ARSENAL_SCHEMA_V1,CURRENT
687209,"Maxwell, Zach",2026,41,8,19.5,14.9,12.7,43.7,0.38,0.302,0.483,42.9,11.4,82.592024545,,,,FF,4-Seam Fastball,58.8,171,13.6,0.389,0.583,0.455,-1.5,BASEBALL_SAVANT_PITCH_ARSENAL_CURRENT_SEASON,2026-08-28T17:22:48+00:00,SAVANT_ARSENAL_SCHEMA_V1,CURRENT
687209,"Maxwell, Zach",2026,12,4,33.3,14.9,25.0,43.7,0.24,0.157,0.298,14.3,11.4,82.592024545,,,,ST,Sweeper,21.6,63,13.3,0.182,0.455,0.245,-1.3,BASEBALL_SAVANT_PITCH_ARSENAL_CURRENT_SEASON,2026-08-28T17:22:48+00:00,SAVANT_ARSENAL_SCHEMA_V1,CURRENT
687209,"Maxwell, Zach",2026,12,0,0.0,14.9,21.1,43.7,0.433,0.293,0.507,50.0,11.4,82.592024545,,,,FC,Cutter,19.6,57,0.0,0.286,0.429,0.413,-1.4,BASEBALL_SAVANT_PITCH_ARSENAL_CURRENT_SEASON,2026-08-28T17:22:48+00:00,SAVANT_ARSENAL_SCHEMA_V1,CURRENT
669160,"May, Dustin",2026,121,28,23.1,8.0,20.8,47.1,0.314,0.214,0.35,57.7,6.8,78.967464368,,,,FF,4-Seam Fastball,25.5,510,17.7,0.221,0.346,0.297,0.6,BASEBALL_SAVANT_PITCH_ARSENAL_CURRENT_SEASON,2026-08-28T17:22:48+00:00,SAVANT_ARSENAL_SCHEMA_V1,CURRENT
669160,"May, Dustin",2026,128,17,13.3,8.0,22.9,47.1,0.307,0.258,0.363,31.3,6.8,78.967464368,,,,FC,Cutter,23.6,472,21.8,0.316,0.395,0.354,0.8,BASEBALL_SAVANT_PITCH_ARSENAL_CURRENT_SEASON,2026-08-28T17:22:48+00:00,SAVANT_ARSENAL_SCHEMA_V1,CURRENT
669160,"May, Dustin",2026,115,43,37.4,8.0,29.3,47.1,0.302,0.226,0.343,32.2,6.8,78.967464368,,,,ST,Sweeper,19.2,384,23.2,0.225,0.314,0.293,-0.9,BASEBALL_SAVANT_PITCH_ARSENAL_CURRENT_SEASON,2026-08-28T17:22:48+00:00,SAVANT_ARSENAL_SCHEMA_V1,CURRENT
669160,"May, Dustin",2026,112,19,17.0,8.0,16.3,47.1,0.345,0.289,0.424,56.1,6.8,78.967464368,,,,SI,Sinker,18.2,364,20.9,0.238,0.337,0.304,1.1,BASEBALL_SAVANT_PITCH_ARSENAL_CURRENT_SEASON,2026-08-28T17:22:48+00:00,SAVANT_ARSENAL_SCHEMA_V1,CURRENT
669160,"May, Dustin",2026,31,7,22.6,8.0,20.7,47.1,0.349,0.295,0.529,45.8,6.8,78.967464368,,,,CH,Changeup,6.8,136,21.2,0.29,0.548,0.367,-2.5,BASEBALL_SAVANT_PITCH_ARSENAL_CURRENT_SEASON,2026-08-28T17:22:48+00:00,SAVANT_ARSENAL_SCHEMA_V1,CURRENT
669160,"May, Dustin",2026,17,4,23.5,8.0,26.7,47.1,0.311,0.252,0.363,58.3,6.8,78.967464368,,,,CU,Curveball,6.6,131,11.8,0.267,0.4,0.347,-1.5,BASEBALL_SAVANT_PITCH_ARSENAL_CURRENT_SEASON,2026-08-28T17:22:48+00:00,SAVANT_ARSENAL_SCHEMA_V1,CURRENT
641835,"Mayza, Tim",2026,140,28,20.0,6.3,19.3,45.0,0.274,0.236,0.335,44.7,6.8,77.24182275,,,,SI,Sinker,57.3,547,22.2,0.24,0.326,0.281,2.2,BASEBALL_SAVANT_PITCH_ARSENAL_CURRENT_SEASON,2026-08-28T17:22:48+00:00,SAVANT_ARSENAL_SCHEMA_V1,CURRENT
641835,"Mayza, Tim",2026,68,18,26.5,6.3,28.0,45.0,0.323,0.24,0.483,46.8,6.8,77.24182275,,,,SL,Slider,31.2,298,13.7,0.203,0.484,0.331,-1.8,BASEBALL_SAVANT_PITCH_ARSENAL_CURRENT_SEASON,2026-08-28T17:22:48+00:00,SAVANT_ARSENAL_SCHEMA_V1,CURRENT
641835,"Mayza, Tim",2026,21,11,52.4,6.3,40.5,45.0,0.229,0.159,0.261,37.5,6.8,77.24182275,,,,FF,4-Seam Fastball,9.0,86,28.2,0.158,0.211,0.212,2.0,BASEBALL_SAVANT_PITCH_ARSENAL_CURRENT_SEASON,2026-08-28T17:22:48+00:00,SAVANT_ARSENAL_SCHEMA_V1,CURRENT
641835,"Mayza, Tim",2026,6,2,33.3,6.3,25.0,45.0,0.254,0.233,0.356,25.0,6.8,77.24182275,,,,FS,Split-Finger,2.4,23,14.3,0.333,0.5,0.358,-4.7,BASEBALL_SAVANT_PITCH_ARSENAL_CURRENT_SEASON,2026-08-28T17:22:48+00:00,SAVANT_ARSENAL_SCHEMA_V1,CURRENT
685112,"McCambley, Zach",2026,21,4,19.0,14.0,28.9,46.8,0.343,0.329,0.47,52.9,7.4,81.149190714,,,,FC,Cutter,43.6,75,22.2,0.333,0.429,0.333,-0.4,BASEBALL_SAVANT_PITCH_ARSENAL_CURRENT_SEASON,2026-08-28T17:22:48+00:00,SAVANT_ARSENAL_SCHEMA_V1,CURRENT
685112,"McCambley, Zach",2026,16,3,18.8,14.0,22.2,46.8,0.425,0.214,0.397,42.9,7.4,81.149190714,,,,FF,4-Seam Fastball,33.1,57,18.8,0.1,0.1,0.319,0.8,BASEBALL_SAVANT_PITCH_ARSENAL_CURRENT_SEASON,2026-08-28T17:22:48+00:00,SAVANT_ARSENAL_SCHEMA_V1,CURRENT
685112,"McCambley, Zach",2026,5,2,40.0,14.0,33.3,46.8,0.271,0.293,0.323,33.3,7.4,81.149190714,,,,ST,Sweeper,22.1,38,11.1,0.4,0.4,0.36,-3.1,BASEBALL_SAVANT_PITCH_ARSENAL_CURRENT_SEASON,2026-08-28T17:22:48+00:00,SAVANT_ARSENAL_SCHEMA_V1,CURRENT
543510,"McCann, James",2026,1,0,0.0,,0.0,,0.33,0.169,0.643,100.0,,,,,,CU,Curveball,1.8,1,0.0,0.0,0.0,0.0,22.0,BASEBALL_SAVANT_PITCH_ARSENAL_CURRENT_SEASON,2026-08-28T17:22:48+00:00,SAVANT_ARSENAL_SCHEMA_V1,CURRENT
663556,"McClanahan, Shane",2026,165,23,13.9,8.1,18.9,48.3,0.387,0.286,0.503,49.6,8.9,78.28349363,,,,FF,4-Seam Fastball,38.1,640,16.1,0.254,0.394,0.343,0.5,BASEBALL_SAVANT_PITCH_ARSENAL_CURRENT_SEASON,2026-08-28T17:22:48+00:00,SAVANT_ARSENAL_SCHEMA_V1,CURRENT
663556,"McClanahan, Shane",2026,138,49,35.5,8.1,38.0,48.3,0.223,0.184,0.277,32.9,8.9,78.28349363,,,,CH,Changeup,28.5,479,25.1,0.153,0.206,0.21,1.6,BASEBALL_SAVANT_PITCH_ARSENAL_CURRENT_SEASON,2026-08-28T17:22:48+00:00,SAVANT_ARSENAL_SCHEMA_V1,CURRENT
663556,"McClanahan, Shane",2026,90,19,21.1,8.1,27.7,48.3,0.328,0.262,0.467,43.3,8.9,78.28349363,,,,SL,Slider,18.8,315,24.1,0.233,0.36,0.269,1.1,BASEBALL_SAVANT_PITCH_ARSENAL_CURRENT_SEASON,2026-08-28T17:22:48+00:00,SAVANT_ARSENAL_SCHEMA_V1,CURRENT
663556,"McClanahan, Shane",2026,50,8,16.0,8.1,23.8,48.3,0.307,0.223,0.344,31.4,8.9,78.28349363,,,,CU,Curveball,14.5,244,18.2,0.19,0.31,0.284,0.8,BASEBALL_SAVANT_PITCH_ARSENAL_CURRENT_SEASON,2026-08-28T17:22:48+00:00,SAVANT_ARSENAL_SCHEMA_V1,CURRENT
621121,"McCullers Jr., Lance",2026,46,8,17.4,13.8,21.7,41.6,0.366,0.285,0.431,48.4,7.6,80.217222034,,,,FC,Cutter,27.6,219,23.5,0.282,0.462,0.376,0.2,BASEBALL_SAVANT_PITCH_ARSENAL_CURRENT_SEASON,2026-08-28T17:22:48+00:00,SAVANT_ARSENAL_SCHEMA_V1,CURRENT
621121,"McCullers Jr., Lance",2026,43,5,11.6,13.8,11.6,41.6,0.36,0.272,0.414,51.6,7.6,80.217222034,,,,SI,Sinker,21.9,174,17.9,0.222,0.444,0.37,0.1,BASEBALL_SAVANT_PITCH_ARSENAL_CURRENT_SEASON,2026-08-28T17:22:48+00:00,SAVANT_ARSENAL_SCHEMA_V1,CURRENT
621121,"McCullers Jr., Lance",2026,45,15,33.3,13.8,30.2,41.6,0.301,0.178,0.258,35.0,7.6,80.217222034,,,,ST,Sweeper,17.3,137,25.4,0.229,0.4,0.363,-1.7,BASEBALL_SAVANT_PITCH_ARSENAL_CURRENT_SEASON,2026-08-28T17:22:48+00:00,SAVANT_ARSENAL_SCHEMA_V1,CURRENT
621121,"McCullers Jr., Lance",2026,24,6,25.0,13.8,38.3,41.6,0.293,0.24,0.401,41.2,7.6,80.217222034,,,,CH,Changeup,14.9,118,18.2,0.261,0.435,0.315,-1.2,BASEBALL_SAVANT_PITCH_ARSENAL_CURRENT_SEASON,2026-08-28T17:22:48+00:00,SAVANT_ARSENAL_SCHEMA_V1,CURRENT
621121,"McCullers Jr., Lance",2026,32,14,43.8,13.8,45.6,41.6,0.276,0.171,0.338,64.3,7.6,80.217222034,,,,CU,Curveball,14.6,116,21.9,0.214,0.429,0.323,-1.4,BASEBALL_SAVANT_PITCH_ARSENAL_CURRENT_SEASON,2026-08-28T17:22:48+00:00,SAVANT_ARSENAL_SCHEMA_V1,CURRENT
621121,"McCullers Jr., Lance",2026,5,0,0.0,13.8,33.3,41.6,0.427,0.357,0.646,40.0,7.6,80.217222034,,,,FF,4-Seam Fastball,3.7,29,0.0,0.4,1.2,0.83,-6.6,BASEBALL_SAVANT_PITCH_ARSENAL_CURRENT_SEASON,2026-08-28T17:22:48+00:00,SAVANT_ARSENAL_SCHEMA_V1,CURRENT
694646,"McDermott, Chayce",2026,12,2,16.7,11.1,19.4,46.5,0.284,0.245,0.424,50.0,15.4,82.673278462,,,,FF,4-Seam Fastball,41.3,64,10.0,0.25,0.25,0.3,0.7,BASEBALL_SAVANT_PITCH_ARSENAL_CURRENT_SEASON,2026-08-28T17:22:48+00:00,SAVANT_ARSENAL_SCHEMA_V1,CURRENT
694646,"McDermott, Chayce",2026,13,1,7.7,11.1,27.6,46.5,0.356,0.261,0.415,20.0,15.4,82.673278462,,,,FC,Cutter,38.7,60,12.5,0.4,1.0,0.596,-3.3,BASEBALL_SAVANT_PITCH_ARSENAL_CURRENT_SEASON,2026-08-28T17:22:48+00:00,SAVANT_ARSENAL_SCHEMA_V1,CURRENT
694646,"McDermott, Chayce",2026,10,3,30.0,11.1,27.3,46.5,0.409,0.174,0.65,40.0,15.4,82.673278462,,,,SL,Slider,15.5,24,23.1,0.125,0.5,0.34,-4.7,BASEBALL_SAVANT_PITCH_ARSENAL_CURRENT_SEASON,2026-08-28T17:22:48+00:00,SAVANT_ARSENAL_SCHEMA_V1,CURRENT
694646,"McDermott, Chayce",2026,1,0,0.0,11.1,0.0,46.5,0.0,0.001,0.001,0.0,15.4,82.673278462,,,,FS,Split-Finger,4.5,7,0.0,0.0,0.0,0.0,-1.7,BASEBALL_SAVANT_PITCH_ARSENAL_CURRENT_SEASON,2026-08-28T17:22:48+00:00,SAVANT_ARSENAL_SCHEMA_V1,CURRENT
686790,"McDonald, Trevor",2026,190,23,12.1,7.4,9.9,44.5,0.312,0.26,0.35,40.4,4.2,78.341862897,,,,SI,Sinker,57.6,655,16.8,0.286,0.363,0.347,1.0,BASEBALL_SAVANT_PITCH_ARSENAL_CURRENT_SEASON,2026-08-28T17:22:48+00:00,SAVANT_ARSENAL_SCHEMA_V1,CURRENT
686790,"McDonald, Trevor",2026,72,22,30.6,7.4,38.7,44.5,0.3,0.207,0.311,34.2,4.2,78.341862897,,,,SL,Slider,25.9,295,21.4,0.15,0.3,0.274,0.2,BASEBALL_SAVANT_PITCH_ARSENAL_CURRENT_SEASON,2026-08-28T17:22:48+00:00,SAVANT_ARSENAL_SCHEMA_V1,CURRENT
686790,"McDonald, Trevor",2026,42,11,26.2,7.4,33.0,44.5,0.299,0.222,0.428,27.6,4.2,78.341862897,,,,CH,Changeup,14.7,167,18.0,0.237,0.5,0.32,-2.2,BASEBALL_SAVANT_PITCH_ARSENAL_CURRENT_SEASON,2026-08-28T17:22:48+00:00,SAVANT_ARSENAL_SCHEMA_V1,CURRENT
686790,"McDonald, Trevor",2026,4,1,25.0,7.4,16.7,44.5,0.558,0.381,0.837,100.0,4.2,78.341862897,,,,FF,4-Seam Fastball,100.0,11,12.5,0.667,1.667,0.9,-16.2,BASEBALL_SAVANT_PITCH_ARSENAL_CURRENT_SEASON,2026-08-28T17:22:48+00:00,SAVANT_ARSENAL_SCHEMA_V1,CURRENT
686790,"McDonald, Trevor",2026,2,0,0.0,7.4,40.0,44.5,0.468,0.499,0.573,0.0,4.2,78.341862897,,,,FC,Cutter,80.0,9,0.0,0.5,0.5,0.45,-2.4,BASEBALL_SAVANT_PITCH_ARSENAL_CURRENT_SEASON,2026-08-28T17:22:48+00:00,SAVANT_ARSENAL_SCHEMA_V1,CURRENT
701780,"McDougal, Tanner",2026,3,0,0.0,60.0,20.0,24.0,0.7,0.172,0.177,0.0,0.0,80.50021,,,,FF,4-Seam Fastball,80.0,20,0.0,,,0.7,-5.6,BASEBALL_SAVANT_PITCH_ARSENAL_CURRENT_SEASON,2026-08-28T17:22:48+00:00,SAVANT_ARSENAL_SCHEMA_V1,CURRENT
701780,"McDougal, Tanner",2026,1,0,0.0,60.0,16.7,24.0,0.7,0.172,0.177,0.0,0.0,80.50021,,,,SL,Slider,8.0,2,,,,0.7,-13.6,BASEBALL_SAVANT_PITCH_ARSENAL_CURRENT_SEASON,2026-08-28T17:22:48+00:00,SAVANT_ARSENAL_SCHEMA_V1,CURRENT
701780,"McDougal, Tanner",2026,1,0,0.0,60.0,0.0,24.0,0.155,0.172,0.177,0.0,0.0,80.50021,,,,CU,Curveball,8.0,2,0.0,0.0,0.0,0.0,6.4,BASEBALL_SAVANT_PITCH_ARSENAL_CURRENT_SEASON,2026-08-28T17:22:48+00:00,SAVANT_ARSENAL_SCHEMA_V1,CURRENT
686934,"McFarlane, Alex",2026,12,0,0.0,10.3,5.9,43.0,0.394,0.353,0.407,30.0,5.3,74.624831,,,,SI,Sinker,37.4,40,0.0,0.2,0.2,0.267,2.3,BASEBALL_SAVANT_PITCH_ARSENAL_CURRENT_SEASON,2026-08-28T17:22:48+00:00,SAVANT_ARSENAL_SCHEMA_V1,CURRENT
686934,"McFarlane, Alex",2026,7,3,42.9,10.3,29.4,43.0,0.322,0.281,0.478,50.0,5.3,74.624831,,,,FF,4-Seam Fastball,27.1,29,23.1,0.286,0.286,0.257,1.1,BASEBALL_SAVANT_PITCH_ARSENAL_CURRENT_SEASON,2026-08-28T17:22:48+00:00,SAVANT_ARSENAL_SCHEMA_V1,CURRENT
686934,"McFarlane, Alex",2026,6,2,33.3,10.3,50.0,43.0,0.26,0.178,0.209,66.7,5.3,74.624831,,,,SL,Slider,18.7,20,33.3,0.2,0.2,0.267,0.6,BASEBALL_SAVANT_PITCH_ARSENAL_CURRENT_SEASON,2026-08-28T17:22:48+00:00,SAVANT_ARSENAL_SCHEMA_V1,CURRENT
686934,"McFarlane, Alex",2026,4,2,50.0,10.3,33.3,43.0,0.107,0.114,0.137,0.0,5.3,74.624831,,,,ST,Sweeper,16.8,18,28.6,0.0,0.0,0.0,3.4,BASEBALL_SAVANT_PITCH_ARSENAL_CURRENT_SEASON,2026-08-28T17:22:48+00:00,SAVANT_ARSENAL_SCHEMA_V1,CURRENT
668834,"McGee, Easton",2026,7,3,42.9,11.4,40.0,59.7,0.392,0.317,0.604,50.0,12.5,78.017543333,,,,FF,4-Seam Fastball,23.5,28,20.0,0.429,1.0,0.593,-9.6,BASEBALL_SAVANT_PITCH_ARSENAL_CURRENT_SEASON,2026-08-28T17:22:48+00:00,SAVANT_ARSENAL_SCHEMA_V1,CURRENT
668834,"McGee, Easton",2026,9,3,33.3,11.4,25.0,59.7,0.344,0.269,0.426,80.0,12.5,78.017543333,,,,CU,Curveball,21.0,25,30.0,0.25,0.375,0.317,-1.4,BASEBALL_SAVANT_PITCH_ARSENAL_CURRENT_SEASON,2026-08-28T17:22:48+00:00,SAVANT_ARSENAL_SCHEMA_V1,CURRENT
668834,"McGee, Easton",2026,7,1,14.3,11.4,16.7,59.7,0.437,0.365,0.387,50.0,12.5,78.017543333,,,,SI,Sinker,18.5,22,16.7,0.4,0.4,0.457,-2.9,BASEBALL_SAVANT_PITCH_ARSENAL_CURRENT_SEASON,2026-08-28T17:22:48+00:00,SAVANT_ARSENAL_SCHEMA_V1,CURRENT
668834,"McGee, Easton",2026,6,0,0.0,11.4,16.7,59.7,0.454,0.404,0.66,16.7,12.5,78.017543333,,,,ST,Sweeper,18.5,22,0.0,0.667,1.333,0.842,-9.5,BASEBALL_SAVANT_PITCH_ARSENAL_CURRENT_SEASON,2026-08-28T17:22:48+00:00,SAVANT_ARSENAL_SCHEMA_V1,CURRENT
668834,"McGee, Easton",2026,4,0,0.0,11.4,8.3,59.7,0.214,0.057,0.069,0.0,12.5,78.017543333,,,,FC,Cutter,14.3,17,0.0,0.0,0.0,0.175,5.5,BASEBALL_SAVANT_PITCH_ARSENAL_CURRENT_SEASON,2026-08-28T17:22:48+00:00,SAVANT_ARSENAL_SCHEMA_V1,CURRENT
668834,"McGee, Easton",2026,2,0,0.0,11.4,0.0,59.7,0.227,0.213,0.299,0.0,12.5,78.017543333,,,,CH,Changeup,4.2,5,,0.5,1.0,0.625,-7.4,BASEBALL_SAVANT_PITCH_ARSENAL_CURRENT_SEASON,2026-08-28T17:22:48+00:00,SAVANT_ARSENAL_SCHEMA_V1,CURRENT
700241,"McGreevy, Michael",2026,143,21,14.7,6.5,13.5,44.7,0.392,0.306,0.586,47.0,10.0,78.960511351,,,,FF,4-Seam Fastball,24.6,569,14.2,0.281,0.481,0.342,-0.6,BASEBALL_SAVANT_PITCH_ARSENAL_CURRENT_SEASON,2026-08-28T17:22:48+00:00,SAVANT_ARSENAL_SCHEMA_V1,CURRENT
700241,"McGreevy, Michael",2026,139,26,18.7,6.5,27.1,44.7,0.31,0.237,0.379,30.7,10.0,78.960511351,,,,CH,Changeup,19.5,451,17.8,0.198,0.302,0.263,0.6,BASEBALL_SAVANT_PITCH_ARSENAL_CURRENT_SEASON,2026-08-28T17:22:48+00:00,SAVANT_ARSENAL_SCHEMA_V1,CURRENT
700241,"McGreevy, Michael",2026,116,21,18.1,6.5,12.3,44.7,0.316,0.266,0.373,40.5,10.0,78.960511351,,,,SI,Sinker,16.6,384,19.8,0.219,0.343,0.285,2.1,BASEBALL_SAVANT_PITCH_ARSENAL_CURRENT_SEASON,2026-08-28T17:22:48+00:00,SAVANT_ARSENAL_SCHEMA_V1,CURRENT
700241,"McGreevy, Michael",2026,50,12,24.0,6.5,25.0,44.7,0.269,0.237,0.384,54.1,10.0,78.960511351,,,,CU,Curveball,12.5,289,13.6,0.229,0.438,0.302,0.3,BASEBALL_SAVANT_PITCH_ARSENAL_CURRENT_SEASON,2026-08-28T17:22:48+00:00,SAVANT_ARSENAL_SCHEMA_V1,CURRENT
700241,"McGreevy, Michael",2026,63,5,7.9,6.5,16.9,44.7,0.402,0.312,0.573,34.0,10.0,78.960511351,,,,FC,Cutter,11.8,273,13.9,0.328,0.534,0.417,0.0,BASEBALL_SAVANT_PITCH_ARSENAL_CURRENT_SEASON,2026-08-28T17:22:48+00:00,SAVANT_ARSENAL_SCHEMA_V1,CURRENT
700241,"McGreevy, Michael",2026,49,7,14.3,6.5,23.7,44.7,0.453,0.361,0.646,51.3,10.0,78.960511351,,,,ST,Sweeper,10.3,237,8.8,0.356,0.667,0.44,-2.8,BASEBALL_SAVANT_PITCH_ARSENAL_CURRENT_SEASON,2026-08-28T17:22:48+00:00,SAVANT_ARSENAL_SCHEMA_V1,CURRENT
700241,"McGreevy, Michael",2026,26,6,23.1,6.5,21.3,44.7,0.398,0.321,0.617,65.0,10.0,78.960511351,,,,SL,Slider,4.6,106,10.3,0.308,0.462,0.331,-1.2,BASEBALL_SAVANT_PITCH_ARSENAL_CURRENT_SEASON,2026-08-28T17:22:48+00:00,SAVANT_ARSENAL_SCHEMA_V1,CURRENT
690997,"McLean, Nolan",2026,249,60,24.1,9.4,13.7,44.1,0.273,0.217,0.309,35.4,6.7,76.481504462,,,,SI,Sinker,32.8,805,29.3,0.181,0.253,0.246,2.8,BASEBALL_SAVANT_PITCH_ARSENAL_CURRENT_SEASON,2026-08-28T17:22:48+00:00,SAVANT_ARSENAL_SCHEMA_V1,CURRENT
690997,"McLean, Nolan",2026,104,24,23.1,9.4,27.9,44.1,0.385,0.274,0.522,47.8,6.7,76.481504462,,,,FF,4-Seam Fastball,20.4,499,22.9,0.211,0.456,0.328,0.4,BASEBALL_SAVANT_PITCH_ARSENAL_CURRENT_SEASON,2026-08-28T17:22:48+00:00,SAVANT_ARSENAL_SCHEMA_V1,CURRENT
690997,"McLean, Nolan",2026,101,58,57.4,9.4,40.4,44.1,0.154,0.106,0.143,28.6,6.7,76.481504462,,,,CU,Curveball,14.8,362,23.3,0.108,0.14,0.164,1.0,BASEBALL_SAVANT_PITCH_ARSENAL_CURRENT_SEASON,2026-08-28T17:22:48+00:00,SAVANT_ARSENAL_SCHEMA_V1,CURRENT
690997,"McLean, Nolan",2026,55,9,16.4,9.4,27.4,44.1,0.394,0.27,0.379,19.4,6.7,76.481504462,,,,ST,Sweeper,13.2,323,12.9,0.375,0.55,0.483,-2.8,BASEBALL_SAVANT_PITCH_ARSENAL_CURRENT_SEASON,2026-08-28T17:22:48+00:00,SAVANT_ARSENAL_SCHEMA_V1,CURRENT
690997,"McLean, Nolan",2026,58,6,10.3,9.4,24.2,44.1,0.391,0.289,0.494,46.5,6.7,76.481504462,,,,FC,Cutter,10.1,248,17.6,0.367,0.633,0.515,-2.5,BASEBALL_SAVANT_PITCH_ARSENAL_CURRENT_SEASON,2026-08-28T17:22:48+00:00,SAVANT_ARSENAL_SCHEMA_V1,CURRENT
690997,"McLean, Nolan",2026,39,8,20.5,9.4,25.3,44.1,0.317,0.264,0.426,24.1,6.7,76.481504462,,,,CH,Changeup,6.0,148,13.8,0.27,0.432,0.345,-1.3,BASEBALL_SAVANT_PITCH_ARSENAL_CURRENT_SEASON,2026-08-28T17:22:48+00:00,SAVANT_ARSENAL_SCHEMA_V1,CURRENT
690997,"McLean, Nolan",2026,12,3,25.0,9.4,37.9,44.1,0.192,0.024,0.03,0.0,6.7,76.481504462,,,,SL,Slider,2.7,66,21.4,0.0,0.0,0.175,1.7,BASEBALL_SAVANT_PITCH_ARSENAL_CURRENT_SEASON,2026-08-28T17:22:48+00:00,SAVANT_ARSENAL_SCHEMA_V1,CURRENT
683232,"Mears, Nick",2026,31,3,9.7,13.3,9.3,44.0,0.376,0.303,0.418,45.5,12.5,78.578893571,,,,FF,4-Seam Fastball,36.7,125,8.6,0.167,0.208,0.263,1.8,BASEBALL_SAVANT_PITCH_ARSENAL_CURRENT_SEASON,2026-08-28T17:22:48+00:00,SAVANT_ARSENAL_SCHEMA_V1,CURRENT
683232,"Mears, Nick",2026,26,8,30.8,13.3,30.4,44.0,0.401,0.301,0.557,46.7,12.5,78.578893571,,,,SL,Slider,27.3,93,17.4,0.318,0.682,0.45,-4.2,BASEBALL_SAVANT_PITCH_ARSENAL_CURRENT_SEASON,2026-08-28T17:22:48+00:00,SAVANT_ARSENAL_SCHEMA_V1,CURRENT
683232,"Mears, Nick",2026,6,2,33.3,13.3,26.7,44.0,0.318,0.258,0.484,50.0,12.5,78.578893571,,,,CU,Curveball,13.5,46,22.2,0.333,0.333,0.3,0.2,BASEBALL_SAVANT_PITCH_ARSENAL_CURRENT_SEASON,2026-08-28T17:22:48+00:00,SAVANT_ARSENAL_SCHEMA_V1,CURRENT
683232,"Mears, Nick",2026,15,1,6.7,13.3,4.3,44.0,0.418,0.338,0.65,71.4,12.5,78.578893571,,,,SI,Sinker,12.0,41,25.0,0.333,0.6,0.397,1.2,BASEBALL_SAVANT_PITCH_ARSENAL_CURRENT_SEASON,2026-08-28T17:22:48+00:00,SAVANT_ARSENAL_SCHEMA_V1,CURRENT
683232,"Mears, Nick",2026,4,1,25.0,13.3,33.3,44.0,0.265,0.126,0.148,0.0,12.5,78.578893571,,,,CH,Changeup,10.6,36,6.7,0.0,0.0,0.175,-0.5,BASEBALL_SAVANT_PITCH_ARSENAL_CURRENT_SEASON,2026-08-28T17:22:48+00:00,SAVANT_ARSENAL_SCHEMA_V1,CURRENT
682989,"Mederos, Victor",2026,55,14,25.5,8.7,34.9,48.5,0.287,0.207,0.352,40.0,4.4,78.864172353,,,,FC,Cutter,49.6,209,21.5,0.163,0.367,0.288,1.0,BASEBALL_SAVANT_PITCH_ARSENAL_CURRENT_SEASON,2026-08-28T17:22:48+00:00,SAVANT_ARSENAL_SCHEMA_V1,CURRENT
682989,"Mederos, Victor",2026,25,5,20.0,8.7,25.5,48.5,0.227,0.194,0.228,44.4,4.4,78.864172353,,,,FF,4-Seam Fastball,22.8,96,14.3,0.19,0.19,0.208,2.5,BASEBALL_SAVANT_PITCH_ARSENAL_CURRENT_SEASON,2026-08-28T17:22:48+00:00,SAVANT_ARSENAL_SCHEMA_V1,CURRENT
682989,"Mederos, Victor",2026,13,1,7.7,8.7,14.3,48.5,0.423,0.345,0.43,66.7,4.4,78.864172353,,,,SI,Sinker,12.8,54,25.0,0.3,0.4,0.396,0.1,BASEBALL_SAVANT_PITCH_ARSENAL_CURRENT_SEASON,2026-08-28T17:22:48+00:00,SAVANT_ARSENAL_SCHEMA_V1,CURRENT
682989,"Mederos, Victor",2026,7,4,57.1,8.7,55.6,48.5,0.155,0.167,0.181,0.0,4.4,78.864172353,,,,FS,Split-Finger,10.7,45,16.7,0.286,0.286,0.257,-1.8,BASEBALL_SAVANT_PITCH_ARSENAL_CURRENT_SEASON,2026-08-28T17:22:48+00:00,SAVANT_ARSENAL_SCHEMA_V1,CURRENT
682989,"Mederos, Victor",2026,4,1,25.0,8.7,25.0,48.5,0.414,0.392,0.559,33.3,4.4,78.864172353,,,,ST,Sweeper,3.6,15,10.0,0.5,0.75,0.538,-3.6,BASEBALL_SAVANT_PITCH_ARSENAL_CURRENT_SEASON,2026-08-28T17:22:48+00:00,SAVANT_ARSENAL_SCHEMA_V1,CURRENT
665622,"Medina, Luis",2026,92,22,23.9,12.2,22.0,43.7,0.37,0.257,0.447,45.3,8.5,80.294000133,,,,FF,4-Seam Fastball,30.7,320,20.4,0.351,0.568,0.446,-2.5,BASEBALL_SAVANT_PITCH_ARSENAL_CURRENT_SEASON,2026-08-28T17:22:48+00:00,SAVANT_ARSENAL_SCHEMA_V1,CURRENT
665622,"Medina, Luis",2026,66,2,3.0,12.2,7.2,43.7,0.421,0.338,0.535,42.6,8.5,80.294000133,,,,SI,Sinker,25.3,264,6.7,0.321,0.491,0.401,-0.1,BASEBALL_SAVANT_PITCH_ARSENAL_CURRENT_SEASON,2026-08-28T17:22:48+00:00,SAVANT_ARSENAL_SCHEMA_V1,CURRENT
665622,"Medina, Luis",2026,36,13,36.1,12.2,44.7,43.7,0.163,0.124,0.183,9.5,8.5,80.294000133,,,,SL,Slider,17.1,178,26.5,0.059,0.059,0.089,3.5,BASEBALL_SAVANT_PITCH_ARSENAL_CURRENT_SEASON,2026-08-28T17:22:48+00:00,SAVANT_ARSENAL_SCHEMA_V1,CURRENT
665622,"Medina, Luis",2026,42,24,57.1,12.2,56.2,43.7,0.206,0.17,0.251,37.5,8.5,80.294000133,,,,CH,Changeup,14.4,150,31.6,0.175,0.275,0.218,0.2,BASEBALL_SAVANT_PITCH_ARSENAL_CURRENT_SEASON,2026-08-28T17:22:48+00:00,SAVANT_ARSENAL_SCHEMA_V1,CURRENT
665622,"Medina, Luis",2026,24,11,45.8,12.2,53.3,43.7,0.299,0.208,0.468,50.0,8.5,80.294000133,,,,CU,Curveball,12.5,130,37.9,0.227,0.455,0.292,0.0,BASEBALL_SAVANT_PITCH_ARSENAL_CURRENT_SEASON,2026-08-28T17:22:48+00:00,SAVANT_ARSENAL_SCHEMA_V1,CURRENT
656730,"Megill, Trevor",2026,123,29,23.6,7.0,23.0,52.9,0.304,0.236,0.409,47.1,5.5,81.908790323,,,,FF,4-Seam Fastball,63.5,461,23.0,0.188,0.241,0.231,2.5,BASEBALL_SAVANT_PITCH_ARSENAL_CURRENT_SEASON,2026-08-28T17:22:48+00:00,SAVANT_ARSENAL_SCHEMA_V1,CURRENT
656730,"Megill, Trevor",2026,74,28,37.8,7.0,48.3,52.9,0.154,0.132,0.168,30.2,5.5,81.908790323,,,,CU,Curveball,36.5,265,28.6,0.129,0.143,0.147,3.2,BASEBALL_SAVANT_PITCH_ARSENAL_CURRENT_SEASON,2026-08-28T17:22:48+00:00,SAVANT_ARSENAL_SCHEMA_V1,CURRENT
675848,"Mejia, Juan",2026,142,22,15.5,13.2,18.5,47.5,0.373,0.309,0.408,38.8,3.6,77.392954819,,,,FF,4-Seam Fastball,53.0,558,13.4,0.325,0.393,0.384,-0.8,BASEBALL_SAVANT_PITCH_ARSENAL_CURRENT_SEASON,2026-08-28T17:22:48+00:00,SAVANT_ARSENAL_SCHEMA_V1,CURRENT
675848,"Mejia, Juan",2026,88,27,30.7,13.2,35.7,47.5,0.306,0.223,0.392,36.5,3.6,77.392954819,,,,ST,Sweeper,36.3,382,21.1,0.234,0.39,0.305,-0.2,BASEBALL_SAVANT_PITCH_ARSENAL_CURRENT_SEASON,2026-08-28T17:22:48+00:00,SAVANT_ARSENAL_SCHEMA_V1,CURRENT
675848,"Mejia, Juan",2026,15,2,13.3,13.2,18.8,47.5,0.208,0.154,0.242,33.3,3.6,77.392954819,,,,SI,Sinker,5.7,60,20.0,0.154,0.231,0.204,3.8,BASEBALL_SAVANT_PITCH_ARSENAL_CURRENT_SEASON,2026-08-28T17:22:48+00:00,SAVANT_ARSENAL_SCHEMA_V1,CURRENT
675848,"Mejia, Juan",2026,5,1,20.0,13.2,20.0,47.5,0.334,0.208,0.368,33.3,3.6,77.392954819,,,,CH,Changeup,2.6,27,16.7,0.25,0.5,0.39,-0.9,BASEBALL_SAVANT_PITCH_ARSENAL_CURRENT_SEASON,2026-08-28T17:22:48+00:00,SAVANT_ARSENAL_SCHEMA_V1,CURRENT
675848,"Mejia, Juan",2026,4,0,0.0,13.2,36.4,47.5,0.239,0.257,0.291,0.0,3.6,77.392954819,,,,SL,Slider,2.4,25,0.0,0.25,0.25,0.225,0.2,BASEBALL_SAVANT_PITCH_ARSENAL_CURRENT_SEASON,2026-08-28T17:22:48+00:00,SAVANT_ARSENAL_SCHEMA_V1,CURRENT
675512,"Melton, Troy",2026,128,19,14.8,7.3,19.6,49.8,0.326,0.241,0.434,38.1,5.9,78.101567537,,,,FF,4-Seam Fastball,33.4,477,16.4,0.207,0.405,0.3,0.7,BASEBALL_SAVANT_PITCH_ARSENAL_CURRENT_SEASON,2026-08-28T17:22:48+00:00,SAVANT_ARSENAL_SCHEMA_V1,CURRENT
675512,"Melton, Troy",2026,90,13,14.4,7.3,21.5,49.8,0.283,0.221,0.329,33.8,5.9,78.101567537,,,,FC,Cutter,21.9,313,16.7,0.185,0.284,0.252,2.9,BASEBALL_SAVANT_PITCH_ARSENAL_CURRENT_SEASON,2026-08-28T17:22:48+00:00,SAVANT_ARSENAL_SCHEMA_V1,CURRENT
675512,"Melton, Troy",2026,73,26,35.6,7.3,34.1,49.8,0.26,0.207,0.319,32.6,5.9,78.101567537,,,,SL,Slider,17.3,247,26.3,0.176,0.353,0.255,0.7,BASEBALL_SAVANT_PITCH_ARSENAL_CURRENT_SEASON,2026-08-28T17:22:48+00:00,SAVANT_ARSENAL_SCHEMA_V1,CURRENT
675512,"Melton, Troy",2026,40,12,30.0,7.3,34.2,49.8,0.219,0.222,0.283,35.7,5.9,78.101567537,,,,CH,Changeup,11.4,162,19.4,0.25,0.35,0.26,-1.2,BASEBALL_SAVANT_PITCH_ARSENAL_CURRENT_SEASON,2026-08-28T17:22:48+00:00,SAVANT_ARSENAL_SCHEMA_V1,CURRENT
675512,"Melton, Troy",2026,29,3,10.3,7.3,21.0,49.8,0.309,0.264,0.299,40.9,5.9,78.101567537,,,,SI,Sinker,8.7,124,27.3,0.24,0.28,0.357,0.5,BASEBALL_SAVANT_PITCH_ARSENAL_CURRENT_SEASON,2026-08-28T17:22:48+00:00,SAVANT_ARSENAL_SCHEMA_V1,CURRENT
675512,"Melton, Troy",2026,22,7,31.8,7.3,31.1,49.8,0.29,0.242,0.297,53.8,5.9,78.101567537,,,,CU,Curveball,7.3,104,21.9,0.167,0.222,0.212,1.8,BASEBALL_SAVANT_PITCH_ARSENAL_CURRENT_SEASON,2026-08-28T17:22:48+00:00,SAVANT_ARSENAL_SCHEMA_V1,CURRENT
800048,"Messick, Parker",2026,243,82,33.7,6.7,26.9,48.6,0.227,0.172,0.263,31.0,4.8,75.906604631,,,,FF,4-Seam Fastball,39.8,956,25.4,0.153,0.243,0.215,2.7,BASEBALL_SAVANT_PITCH_ARSENAL_CURRENT_SEASON,2026-08-28T17:22:48+00:00,SAVANT_ARSENAL_SCHEMA_V1,CURRENT
800048,"Messick, Parker",2026,169,58,34.3,6.7,35.5,48.6,0.219,0.201,0.25,23.1,4.8,75.906604631,,,,CH,Changeup,23.7,569,21.2,0.225,0.331,0.261,0.3,BASEBALL_SAVANT_PITCH_ARSENAL_CURRENT_SEASON,2026-08-28T17:22:48+00:00,SAVANT_ARSENAL_SCHEMA_V1,CURRENT
800048,"Messick, Parker",2026,108,5,4.6,6.7,10.3,48.6,0.363,0.329,0.448,44.2,4.8,75.906604631,,,,SI,Sinker,15.8,380,10.6,0.214,0.296,0.258,2.9,BASEBALL_SAVANT_PITCH_ARSENAL_CURRENT_SEASON,2026-08-28T17:22:48+00:00,SAVANT_ARSENAL_SCHEMA_V1,CURRENT
800048,"Messick, Parker",2026,34,1,2.9,6.7,11.1,48.6,0.322,0.244,0.46,19.4,4.8,75.906604631,,,,CU,Curveball,9.4,226,2.7,0.313,0.656,0.424,-2.4,BASEBALL_SAVANT_PITCH_ARSENAL_CURRENT_SEASON,2026-08-28T17:22:48+00:00,SAVANT_ARSENAL_SCHEMA_V1,CURRENT
800048,"Messick, Parker",2026,22,5,22.7,6.7,31.5,48.6,0.34,0.225,0.49,33.3,4.8,75.906604631,,,,FC,Cutter,5.8,138,35.7,0.3,0.75,0.459,-1.9,BASEBALL_SAVANT_PITCH_ARSENAL_CURRENT_SEASON,2026-08-28T17:22:48+00:00,SAVANT_ARSENAL_SCHEMA_V1,CURRENT
800048,"Messick, Parker",2026,34,5,14.7,6.7,27.9,48.6,0.372,0.26,0.541,38.5,4.8,75.906604631,,,,SL,Slider,5.4,130,11.1,0.29,0.581,0.397,-0.9,BASEBALL_SAVANT_PITCH_ARSENAL_CURRENT_SEASON,2026-08-28T17:22:48+00:00,SAVANT_ARSENAL_SCHEMA_V1,CURRENT
682825,"Mey, Luis",2026,59,18,30.5,15.2,28.8,39.9,0.345,0.216,0.342,39.3,10.3,82.9874305,,,,SI,Sinker,60.3,237,30.5,0.239,0.37,0.371,0.9,BASEBALL_SAVANT_PITCH_ARSENAL_CURRENT_SEASON,2026-08-28T17:22:48+00:00,SAVANT_ARSENAL_SCHEMA_V1,CURRENT
682825,"Mey, Luis",2026,31,15,48.4,15.2,49.0,39.9,0.27,0.157,0.375,53.8,10.3,82.9874305,,,,SL,Slider,37.9,149,27.3,0.143,0.25,0.227,-0.2,BASEBALL_SAVANT_PITCH_ARSENAL_CURRENT_SEASON,2026-08-28T17:22:48+00:00,SAVANT_ARSENAL_SCHEMA_V1,CURRENT
682825,"Mey, Luis",2026,2,0,0.0,15.2,0.0,39.9,0.412,0.194,0.355,0.0,10.3,82.9874305,,,,FF,4-Seam Fastball,1.8,7,0.0,,,0.35,-5.0,BASEBALL_SAVANT_PITCH_ARSENAL_CURRENT_SEASON,2026-08-28T17:22:48+00:00,SAVANT_ARSENAL_SCHEMA_V1,CURRENT
676974,"Meyer, Max",2026,177,69,39.0,8.9,35.7,46.7,0.257,0.202,0.301,39.4,8.6,79.25628469,,,,ST,Sweeper,30.0,537,27.5,0.199,0.267,0.245,0.9,BASEBALL_SAVANT_PITCH_ARSENAL_CURRENT_SEASON,2026-08-28T17:22:48+00:00,SAVANT_ARSENAL_SCHEMA_V1,CURRENT
676974,"Meyer, Max",2026,111,35,31.5,8.9,39.6,46.7,0.284,0.203,0.308,36.1,8.6,79.25628469,,,,SL,Slider,26.0,466,26.7,0.198,0.281,0.285,1.8,BASEBALL_SAVANT_PITCH_ARSENAL_CURRENT_SEASON,2026-08-28T17:22:48+00:00,SAVANT_ARSENAL_SCHEMA_V1,CURRENT
676974,"Meyer, Max",2026,102,11,10.8,8.9,12.5,46.7,0.378,0.243,0.547,51.3,8.6,79.25628469,,,,FF,4-Seam Fastball,24.0,430,12.5,0.202,0.494,0.35,-0.8,BASEBALL_SAVANT_PITCH_ARSENAL_CURRENT_SEASON,2026-08-28T17:22:48+00:00,SAVANT_ARSENAL_SCHEMA_V1,CURRENT
676974,"Meyer, Max",2026,32,5,15.6,8.9,33.8,46.7,0.348,0.315,0.433,40.0,8.6,79.25628469,,,,CH,Changeup,10.2,183,14.3,0.276,0.345,0.3,0.1,BASEBALL_SAVANT_PITCH_ARSENAL_CURRENT_SEASON,2026-08-28T17:22:48+00:00,SAVANT_ARSENAL_SCHEMA_V1,CURRENT
676974,"Meyer, Max",2026,40,1,2.5,8.9,5.1,46.7,0.337,0.297,0.408,40.0,8.6,79.25628469,,,,SI,Sinker,9.7,173,5.6,0.229,0.429,0.426,-1.2,BASEBALL_SAVANT_PITCH_ARSENAL_CURRENT_SEASON,2026-08-28T17:22:48+00:00,SAVANT_ARSENAL_SCHEMA_V1,CURRENT
571945,"Mikolas, Miles",2026,124,15,12.1,4.6,14.3,48.4,0.368,0.283,0.509,55.6,9.2,78.822472341,,,,FF,4-Seam Fastball,24.6,450,10.6,0.265,0.416,0.331,0.5,BASEBALL_SAVANT_PITCH_ARSENAL_CURRENT_SEASON,2026-08-28T17:22:48+00:00,SAVANT_ARSENAL_SCHEMA_V1,CURRENT
571945,"Mikolas, Miles",2026,152,16,10.5,4.6,9.7,48.4,0.381,0.314,0.549,42.6,9.2,78.822472341,,,,SI,Sinker,23.9,436,16.5,0.308,0.559,0.384,-1.1,BASEBALL_SAVANT_PITCH_ARSENAL_CURRENT_SEASON,2026-08-28T17:22:48+00:00,SAVANT_ARSENAL_SCHEMA_V1,CURRENT
571945,"Mikolas, Miles",2026,110,11,10.0,4.6,16.7,48.4,0.319,0.256,0.476,34.0,9.2,78.822472341,,,,SL,Slider,23.2,424,11.3,0.274,0.547,0.36,-1.1,BASEBALL_SAVANT_PITCH_ARSENAL_CURRENT_SEASON,2026-08-28T17:22:48+00:00,SAVANT_ARSENAL_SCHEMA_V1,CURRENT
571945,"Mikolas, Miles",2026,48,10,20.8,4.6,22.4,48.4,0.309,0.251,0.399,35.3,9.2,78.822472341,,,,CU,Curveball,15.0,273,12.0,0.349,0.442,0.35,-1.1,BASEBALL_SAVANT_PITCH_ARSENAL_CURRENT_SEASON,2026-08-28T17:22:48+00:00,SAVANT_ARSENAL_SCHEMA_V1,CURRENT
571945,"Mikolas, Miles",2026,42,2,4.8,4.6,11.8,48.4,0.368,0.317,0.524,46.2,9.2,78.822472341,,,,CH,Changeup,8.0,146,3.4,0.293,0.634,0.426,-3.5,BASEBALL_SAVANT_PITCH_ARSENAL_CURRENT_SEASON,2026-08-28T17:22:48+00:00,SAVANT_ARSENAL_SCHEMA_V1,CURRENT
571945,"Mikolas, Miles",2026,22,4,18.2,4.6,22.0,48.4,0.379,0.315,0.538,47.1,9.2,78.822472341,,,,ST,Sweeper,5.3,97,8.0,0.333,0.762,0.509,-6.3,BASEBALL_SAVANT_PITCH_ARSENAL_CURRENT_SEASON,2026-08-28T17:22:48+00:00,SAVANT_ARSENAL_SCHEMA_V1,CURRENT
693686,"Miles, Spencer",2026,150,23,15.3,6.0,13.5,47.9,0.292,0.242,0.353,36.5,3.8,75.643782627,,,,SI,Sinker,43.2,551,18.9,0.203,0.254,0.241,3.1,BASEBALL_SAVANT_PITCH_ARSENAL_CURRENT_SEASON,2026-08-28T17:22:48+00:00,SAVANT_ARSENAL_SCHEMA_V1,CURRENT
693686,"Miles, Spencer",2026,86,26,30.2,6.0,23.1,47.9,0.281,0.236,0.363,33.9,3.8,75.643782627,,,,CU,Curveball,25.3,323,23.4,0.212,0.338,0.266,0.8,BASEBALL_SAVANT_PITCH_ARSENAL_CURRENT_SEASON,2026-08-28T17:22:48+00:00,SAVANT_ARSENAL_SCHEMA_V1,CURRENT
693686,"Miles, Spencer",2026,54,12,22.2,6.0,18.0,47.9,0.232,0.233,0.28,31.7,3.8,75.643782627,,,,SL,Slider,16.3,208,16.9,0.283,0.34,0.299,-0.2,BASEBALL_SAVANT_PITCH_ARSENAL_CURRENT_SEASON,2026-08-28T17:22:48+00:00,SAVANT_ARSENAL_SCHEMA_V1,CURRENT
693686,"Miles, Spencer",2026,40,13,32.5,6.0,24.7,47.9,0.21,0.177,0.214,33.3,3.8,75.643782627,,,,FF,4-Seam Fastball,15.0,192,15.1,0.243,0.405,0.309,-0.8,BASEBALL_SAVANT_PITCH_ARSENAL_CURRENT_SEASON,2026-08-28T17:22:48+00:00,SAVANT_ARSENAL_SCHEMA_V1,CURRENT
693686,"Miles, Spencer",2026,1,0,0.0,6.0,0.0,47.9,0.408,0.452,0.479,100.0,3.8,75.643782627,,,,CH,Changeup,20.0,2,0.0,1.0,1.0,0.9,-27.3,BASEBALL_SAVANT_PITCH_ARSENAL_CURRENT_SEASON,2026-08-28T17:22:48+00:00,SAVANT_ARSENAL_SCHEMA_V1,CURRENT
682243,"Miller, Bryce",2026,151,34,22.5,6.6,21.4,54.8,0.295,0.222,0.38,36.5,7.4,77.251847734,,,,FF,4-Seam Fastball,39.8,582,20.4,0.241,0.423,0.319,0.6,BASEBALL_SAVANT_PITCH_ARSENAL_CURRENT_SEASON,2026-08-28T17:22:48+00:00,SAVANT_ARSENAL_SCHEMA_V1,CURRENT
682243,"Miller, Bryce",2026,102,39,38.2,6.6,34.1,54.8,0.218,0.187,0.314,35.5,7.4,77.251847734,,,,FS,Split-Finger,25.0,366,22.9,0.178,0.356,0.241,0.7,BASEBALL_SAVANT_PITCH_ARSENAL_CURRENT_SEASON,2026-08-28T17:22:48+00:00,SAVANT_ARSENAL_SCHEMA_V1,CURRENT
682243,"Miller, Bryce",2026,25,3,12.0,6.6,28.6,54.8,0.363,0.267,0.602,40.9,7.4,77.251847734,,,,SL,Slider,9.2,134,11.5,0.28,0.64,0.418,-1.4,BASEBALL_SAVANT_PITCH_ARSENAL_CURRENT_SEASON,2026-08-28T17:22:48+00:00,SAVANT_ARSENAL_SCHEMA_V1,CURRENT
682243,"Miller, Bryce",2026,28,8,28.6,6.6,23.3,54.8,0.229,0.227,0.301,10.0,7.4,77.251847734,,,,ST,Sweeper,7.1,104,15.7,0.143,0.143,0.129,2.0,BASEBALL_SAVANT_PITCH_ARSENAL_CURRENT_SEASON,2026-08-28T17:22:48+00:00,SAVANT_ARSENAL_SCHEMA_V1,CURRENT
682243,"Miller, Bryce",2026,31,1,3.2,6.6,0.0,54.8,0.323,0.208,0.286,30.4,7.4,77.251847734,,,,SI,Sinker,7.0,103,12.5,0.333,0.458,0.426,-1.5,BASEBALL_SAVANT_PITCH_ARSENAL_CURRENT_SEASON,2026-08-28T17:22:48+00:00,SAVANT_ARSENAL_SCHEMA_V1,CURRENT
682243,"Miller, Bryce",2026,20,0,0.0,6.6,36.5,54.8,0.404,0.246,0.538,25.0,7.4,77.251847734,,,,FC,Cutter,6.4,94,0.0,0.313,0.875,0.53,-3.6,BASEBALL_SAVANT_PITCH_ARSENAL_CURRENT_SEASON,2026-08-28T17:22:48+00:00,SAVANT_ARSENAL_SCHEMA_V1,CURRENT
682243,"Miller, Bryce",2026,18,7,38.9,6.6,27.5,54.8,0.196,0.169,0.213,27.3,7.4,77.251847734,,,,CU,Curveball,5.5,81,17.1,0.118,0.353,0.181,0.8,BASEBALL_SAVANT_PITCH_ARSENAL_CURRENT_SEASON,2026-08-28T17:22:48+00:00,SAVANT_ARSENAL_SCHEMA_V1,CURRENT
669062,"Miller, Erik",2026,99,20,20.2,13.6,18.0,40.3,0.309,0.207,0.318,25.8,5.5,71.178979535,,,,SI,Sinker,46.8,376,21.1,0.2,0.263,0.293,1.8,BASEBALL_SAVANT_PITCH_ARSENAL_CURRENT_SEASON,2026-08-28T17:22:48+00:00,SAVANT_ARSENAL_SCHEMA_V1,CURRENT
669062,"Miller, Erik",2026,68,41,60.3,13.6,55.6,40.3,0.173,0.125,0.178,22.7,5.5,71.178979535,,,,SL,Slider,41.7,335,28.9,0.127,0.175,0.174,2.2,BASEBALL_SAVANT_PITCH_ARSENAL_CURRENT_SEASON,2026-08-28T17:22:48+00:00,SAVANT_ARSENAL_SCHEMA_V1,CURRENT
669062,"Miller, Erik",2026,7,1,14.3,13.6,22.2,40.3,0.426,0.221,0.295,33.3,5.5,71.178979535,,,,FF,4-Seam Fastball,7.2,58,3.8,0.25,0.5,0.479,-4.7,BASEBALL_SAVANT_PITCH_ARSENAL_CURRENT_SEASON,2026-08-28T17:22:48+00:00,SAVANT_ARSENAL_SCHEMA_V1,CURRENT
669062,"Miller, Erik",2026,8,1,12.5,13.6,25.0,40.3,0.378,0.332,0.439,33.3,5.5,71.178979535,,,,CH,Changeup,4.4,35,12.5,0.714,1.0,0.738,-10.1,BASEBALL_SAVANT_PITCH_ARSENAL_CURRENT_SEASON,2026-08-28T17:22:48+00:00,SAVANT_ARSENAL_SCHEMA_V1,CURRENT
695243,"Miller, Mason",2026,114,65,57.0,9.3,54.5,47.2,0.144,0.088,0.104,15.4,4.4,74.801457111,,,,SL,Slider,50.6,466,40.4,0.135,0.144,0.181,2.5,BASEBALL_SAVANT_PITCH_ARSENAL_CURRENT_SEASON,2026-08-28T17:22:48+00:00,SAVANT_ARSENAL_SCHEMA_V1,CURRENT
695243,"Miller, Mason",2026,96,36,37.5,9.3,39.1,47.2,0.237,0.169,0.246,38.8,4.4,74.801457111,,,,FF,4-Seam Fastball,46.9,432,28.3,0.131,0.143,0.187,2.8,BASEBALL_SAVANT_PITCH_ARSENAL_CURRENT_SEASON,2026-08-28T17:22:48+00:00,SAVANT_ARSENAL_SCHEMA_V1,CURRENT
695243,"Miller, Mason",2026,3,1,33.3,9.3,14.3,47.2,0.522,0.353,0.907,50.0,4.4,74.801457111,,,,CH,Changeup,2.4,22,20.0,0.333,1.333,0.667,-11.7,BASEBALL_SAVANT_PITCH_ARSENAL_CURRENT_SEASON,2026-08-28T17:22:48+00:00,SAVANT_ARSENAL_SCHEMA_V1,CURRENT
670090,"Mills, Wyatt",2026,9,1,11.1,25.0,20.0,41.6,0.219,0.069,0.127,16.7,0.0,81.916543,,,,SL,Slider,29.5,44,20.0,0.0,0.0,0.156,4.0,BASEBALL_SAVANT_PITCH_ARSENAL_CURRENT_SEASON,2026-08-28T17:22:48+00:00,SAVANT_ARSENAL_SCHEMA_V1,CURRENT
670090,"Mills, Wyatt",2026,13,3,23.1,25.0,11.8,41.6,0.393,0.259,0.293,33.3,0.0,81.916543,,,,FF,4-Seam Fastball,28.2,42,18.8,0.25,0.25,0.458,-4.5,BASEBALL_SAVANT_PITCH_ARSENAL_CURRENT_SEASON,2026-08-28T17:22:48+00:00,SAVANT_ARSENAL_SCHEMA_V1,CURRENT
670090,"Mills, Wyatt",2026,9,0,0.0,25.0,29.4,41.6,0.446,0.321,0.414,33.3,0.0,81.916543,,,,SI,Sinker,26.8,40,0.0,0.333,0.333,0.433,-3.1,BASEBALL_SAVANT_PITCH_ARSENAL_CURRENT_SEASON,2026-08-28T17:22:48+00:00,SAVANT_ARSENAL_SCHEMA_V1,CURRENT
670090,"Mills, Wyatt",2026,4,1,25.0,25.0,37.5,41.6,0.44,0.377,0.435,0.0,0.0,81.916543,,,,ST,Sweeper,15.4,23,10.0,0.333,0.333,0.4,-1.0,BASEBALL_SAVANT_PITCH_ARSENAL_CURRENT_SEASON,2026-08-28T17:22:48+00:00,SAVANT_ARSENAL_SCHEMA_V1,CURRENT
571948,"Milner, Hoby",2026,57,4,7.0,6.0,18.6,45.4,0.419,0.366,0.572,45.1,5.9,77.81207431,,,,SI,Sinker,42.1,239,10.5,0.321,0.509,0.369,0.7,BASEBALL_SAVANT_PITCH_ARSENAL_CURRENT_SEASON,2026-08-28T17:22:48+00:00,SAVANT_ARSENAL_SCHEMA_V1,CURRENT
571948,"Milner, Hoby",2026,35,7,20.0,6.0,23.5,45.4,0.237,0.169,0.278,28.0,5.9,77.81207431,,,,ST,Sweeper,28.5,162,12.7,0.097,0.226,0.184,1.5,BASEBALL_SAVANT_PITCH_ARSENAL_CURRENT_SEASON,2026-08-28T17:22:48+00:00,SAVANT_ARSENAL_SCHEMA_V1,CURRENT
571948,"Milner, Hoby",2026,26,2,7.7,6.0,12.2,45.4,0.426,0.39,0.586,36.4,5.9,77.81207431,,,,CH,Changeup,15.7,89,7.7,0.348,0.478,0.373,-2.0,BASEBALL_SAVANT_PITCH_ARSENAL_CURRENT_SEASON,2026-08-28T17:22:48+00:00,SAVANT_ARSENAL_SCHEMA_V1,CURRENT
571948,"Milner, Hoby",2026,30,5,16.7,6.0,8.5,45.4,0.288,0.224,0.292,33.3,5.9,77.81207431,,,,FF,4-Seam Fastball,13.7,78,10.6,0.231,0.308,0.297,-0.4,BASEBALL_SAVANT_PITCH_ARSENAL_CURRENT_SEASON,2026-08-28T17:22:48+00:00,SAVANT_ARSENAL_SCHEMA_V1,CURRENT
621345,"Minter, A.J.",2026,77,19,24.7,3.0,26.8,53.0,0.25,0.218,0.336,23.2,9.1,75.919704583,,,,FC,Cutter,56.4,270,28.4,0.189,0.351,0.253,2.1,BASEBALL_SAVANT_PITCH_ARSENAL_CURRENT_SEASON,2026-08-28T17:22:48+00:00,SAVANT_ARSENAL_SCHEMA_V1,CURRENT
621345,"Minter, A.J.",2026,33,6,18.2,3.0,21.1,53.0,0.435,0.326,0.669,48.0,9.1,75.919704583,,,,FF,4-Seam Fastball,28.8,138,15.4,0.355,0.645,0.441,-2.1,BASEBALL_SAVANT_PITCH_ARSENAL_CURRENT_SEASON,2026-08-28T17:22:48+00:00,SAVANT_ARSENAL_SCHEMA_V1,CURRENT
621345,"Minter, A.J.",2026,15,2,13.3,3.0,12.0,53.0,0.175,0.172,0.233,30.8,9.1,75.919704583,,,,CH,Changeup,10.4,50,10.0,0.133,0.133,0.18,2.6,BASEBALL_SAVANT_PITCH_ARSENAL_CURRENT_SEASON,2026-08-28T17:22:48+00:00,SAVANT_ARSENAL_SCHEMA_V1,CURRENT
621345,"Minter, A.J.",2026,6,1,16.7,3.0,22.2,53.0,0.115,0.112,0.155,20.0,9.1,75.919704583,,,,SI,Sinker,4.4,21,14.3,0.0,0.0,0.0,6.3,BASEBALL_SAVANT_PITCH_ARSENAL_CURRENT_SEASON,2026-08-28T17:22:48+00:00,SAVANT_ARSENAL_SCHEMA_V1,CURRENT
694819,"Misiorowski, Jacob",2026,327,146,44.6,6.1,41.0,51.2,0.228,0.162,0.253,39.3,3.6,76.228155667,,,,FF,4-Seam Fastball,63.6,1442,33.6,0.169,0.264,0.245,1.7,BASEBALL_SAVANT_PITCH_ARSENAL_CURRENT_SEASON,2026-08-28T17:22:48+00:00,SAVANT_ARSENAL_SCHEMA_V1,CURRENT
694819,"Misiorowski, Jacob",2026,82,14,17.1,6.1,19.7,51.2,0.252,0.216,0.311,33.3,3.6,76.228155667,,,,FC,Cutter,13.5,306,29.8,0.118,0.263,0.201,3.0,BASEBALL_SAVANT_PITCH_ARSENAL_CURRENT_SEASON,2026-08-28T17:22:48+00:00,SAVANT_ARSENAL_SCHEMA_V1,CURRENT
694819,"Misiorowski, Jacob",2026,81,22,27.2,6.1,35.8,51.2,0.215,0.185,0.273,26.8,3.6,76.228155667,,,,SL,Slider,11.2,255,25.3,0.167,0.282,0.21,2.6,BASEBALL_SAVANT_PITCH_ARSENAL_CURRENT_SEASON,2026-08-28T17:22:48+00:00,SAVANT_ARSENAL_SCHEMA_V1,CURRENT
694819,"Misiorowski, Jacob",2026,73,37,50.7,6.1,43.9,51.2,0.158,0.124,0.143,19.4,3.6,76.228155667,,,,CU,Curveball,10.4,237,29.6,0.103,0.103,0.147,2.0,BASEBALL_SAVANT_PITCH_ARSENAL_CURRENT_SEASON,2026-08-28T17:22:48+00:00,SAVANT_ARSENAL_SCHEMA_V1,CURRENT
694819,"Misiorowski, Jacob",2026,8,3,37.5,6.1,30.0,51.2,0.166,0.148,0.242,20.0,3.6,76.228155667,,,,CH,Changeup,1.2,28,33.3,0.0,0.0,0.0,5.0,BASEBALL_SAVANT_PITCH_ARSENAL_CURRENT_SEASON,2026-08-28T17:22:48+00:00,SAVANT_ARSENAL_SCHEMA_V1,CURRENT
663554,"Mize, Casey",2026,132,29,22.0,6.2,22.3,48.0,0.272,0.199,0.343,38.5,8.4,78.758488446,,,,FF,4-Seam Fastball,34.4,554,16.6,0.203,0.381,0.294,0.4,BASEBALL_SAVANT_PITCH_ARSENAL_CURRENT_SEASON,2026-08-28T17:22:48+00:00,SAVANT_ARSENAL_SCHEMA_V1,CURRENT
663554,"Mize, Casey",2026,103,22,21.4,6.2,26.5,48.0,0.33,0.24,0.471,44.0,8.4,78.758488446,,,,SL,Slider,27.3,439,22.7,0.234,0.457,0.31,0.6,BASEBALL_SAVANT_PITCH_ARSENAL_CURRENT_SEASON,2026-08-28T17:22:48+00:00,SAVANT_ARSENAL_SCHEMA_V1,CURRENT
663554,"Mize, Casey",2026,115,33,28.7,6.2,30.7,48.0,0.264,0.23,0.326,32.9,8.4,78.758488446,,,,FS,Split-Finger,23.6,381,19.5,0.229,0.33,0.274,-0.2,BASEBALL_SAVANT_PITCH_ARSENAL_CURRENT_SEASON,2026-08-28T17:22:48+00:00,SAVANT_ARSENAL_SCHEMA_V1,CURRENT
663554,"Mize, Casey",2026,51,6,11.8,6.2,16.5,48.0,0.319,0.284,0.397,35.7,8.4,78.758488446,,,,SI,Sinker,10.2,165,24.0,0.261,0.37,0.305,1.7,BASEBALL_SAVANT_PITCH_ARSENAL_CURRENT_SEASON,2026-08-28T17:22:48+00:00,SAVANT_ARSENAL_SCHEMA_V1,CURRENT
663554,"Mize, Casey",2026,20,5,25.0,6.2,22.2,48.0,0.277,0.273,0.358,26.7,8.4,78.758488446,,,,SV,Slurve,4.5,72,17.9,0.25,0.25,0.225,-0.1,BASEBALL_SAVANT_PITCH_ARSENAL_CURRENT_SEASON,2026-08-28T17:22:48+00:00,SAVANT_ARSENAL_SCHEMA_V1,CURRENT
669387,"Mlodzinski, Carmen",2026,136,25,18.4,7.7,16.3,45.8,0.381,0.296,0.498,55.8,7.0,80.616288765,,,,FF,4-Seam Fastball,28.0,508,15.7,0.336,0.546,0.42,-1.2,BASEBALL_SAVANT_PITCH_ARSENAL_CURRENT_SEASON,2026-08-28T17:22:48+00:00,SAVANT_ARSENAL_SCHEMA_V1,CURRENT
669387,"Mlodzinski, Carmen",2026,127,29,22.8,7.7,30.4,45.8,0.273,0.239,0.304,34.1,7.0,80.616288765,,,,FS,Split-Finger,25.7,467,15.8,0.188,0.239,0.228,1.3,BASEBALL_SAVANT_PITCH_ARSENAL_CURRENT_SEASON,2026-08-28T17:22:48+00:00,SAVANT_ARSENAL_SCHEMA_V1,CURRENT
669387,"Mlodzinski, Carmen",2026,82,6,7.3,7.7,6.5,45.8,0.416,0.37,0.55,52.9,7.0,80.616288765,,,,SI,Sinker,17.4,315,12.5,0.36,0.453,0.4,-1.0,BASEBALL_SAVANT_PITCH_ARSENAL_CURRENT_SEASON,2026-08-28T17:22:48+00:00,SAVANT_ARSENAL_SCHEMA_V1,CURRENT
669387,"Mlodzinski, Carmen",2026,50,9,18.0,7.7,26.4,45.8,0.345,0.301,0.407,55.6,7.0,80.616288765,,,,CU,Curveball,11.3,205,12.3,0.267,0.356,0.314,-0.1,BASEBALL_SAVANT_PITCH_ARSENAL_CURRENT_SEASON,2026-08-28T17:22:48+00:00,SAVANT_ARSENAL_SCHEMA_V1,CURRENT
669387,"Mlodzinski, Carmen",2026,38,14,36.8,7.7,25.0,45.8,0.261,0.232,0.343,34.8,7.0,80.616288765,,,,ST,Sweeper,10.6,193,18.7,0.189,0.297,0.222,1.1,BASEBALL_SAVANT_PITCH_ARSENAL_CURRENT_SEASON,2026-08-28T17:22:48+00:00,SAVANT_ARSENAL_SCHEMA_V1,CURRENT
669387,"Mlodzinski, Carmen",2026,17,1,5.9,7.7,20.7,45.8,0.333,0.316,0.4,33.3,7.0,80.616288765,,,,SL,Slider,3.9,70,5.3,0.313,0.375,0.326,-0.8,BASEBALL_SAVANT_PITCH_ARSENAL_CURRENT_SEASON,2026-08-28T17:22:48+00:00,SAVANT_ARSENAL_SCHEMA_V1,CURRENT
669387,"Mlodzinski, Carmen",2026,16,1,6.3,7.7,21.2,45.8,0.548,0.399,0.883,57.1,7.0,80.616288765,,,,FC,Cutter,3.1,57,14.3,0.333,0.733,0.463,-3.5,BASEBALL_SAVANT_PITCH_ARSENAL_CURRENT_SEASON,2026-08-28T17:22:48+00:00,SAVANT_ARSENAL_SCHEMA_V1,CURRENT
683627,"Molina, Anthony",2026,17,1,5.9,5.7,11.8,50.0,0.45,0.341,0.635,35.7,6.7,72.371285714,,,,FF,4-Seam Fastball,43.6,61,5.3,0.267,0.467,0.359,-1.6,BASEBALL_SAVANT_PITCH_ARSENAL_CURRENT_SEASON,2026-08-28T17:22:48+00:00,SAVANT_ARSENAL_SCHEMA_V1,CURRENT
683627,"Molina, Anthony",2026,7,0,0.0,5.7,12.5,50.0,0.326,0.342,0.396,42.9,6.7,72.371285714,,,,CH,Changeup,27.1,38,0.0,0.143,0.143,0.129,1.7,BASEBALL_SAVANT_PITCH_ARSENAL_CURRENT_SEASON,2026-08-28T17:22:48+00:00,SAVANT_ARSENAL_SCHEMA_V1,CURRENT
683627,"Molina, Anthony",2026,7,1,14.3,5.7,35.7,50.0,0.089,0.097,0.111,0.0,6.7,72.371285714,,,,CU,Curveball,18.6,26,8.3,0.286,0.286,0.257,2.3,BASEBALL_SAVANT_PITCH_ARSENAL_CURRENT_SEASON,2026-08-28T17:22:48+00:00,SAVANT_ARSENAL_SCHEMA_V1,CURRENT
683627,"Molina, Anthony",2026,4,1,25.0,5.7,33.3,50.0,0.469,0.39,0.712,66.7,6.7,72.371285714,,,,SL,Slider,10.7,15,20.0,0.0,0.0,0.0,8.9,BASEBALL_SAVANT_PITCH_ARSENAL_CURRENT_SEASON,2026-08-28T17:22:48+00:00,SAVANT_ARSENAL_SCHEMA_V1,CURRENT
594580,"Moll, Sam",2026,102,8,7.8,12.3,12.7,41.9,0.412,0.322,0.458,44.2,6.3,78.022229265,,,,SI,Sinker,36.7,374,13.3,0.362,0.463,0.459,-0.7,BASEBALL_SAVANT_PITCH_ARSENAL_CURRENT_SEASON,2026-08-28T17:22:48+00:00,SAVANT_ARSENAL_SCHEMA_V1,CURRENT
594580,"Moll, Sam",2026,64,22,34.4,12.3,36.0,41.9,0.235,0.184,0.271,27.0,6.3,78.022229265,,,,ST,Sweeper,36.0,367,22.0,0.186,0.305,0.263,0.4,BASEBALL_SAVANT_PITCH_ARSENAL_CURRENT_SEASON,2026-08-28T17:22:48+00:00,SAVANT_ARSENAL_SCHEMA_V1,CURRENT
594580,"Moll, Sam",2026,30,8,26.7,12.3,25.0,41.9,0.348,0.189,0.377,43.8,6.3,78.022229265,,,,CH,Changeup,15.6,159,15.1,0.13,0.304,0.298,-0.8,BASEBALL_SAVANT_PITCH_ARSENAL_CURRENT_SEASON,2026-08-28T17:22:48+00:00,SAVANT_ARSENAL_SCHEMA_V1,CURRENT
594580,"Moll, Sam",2026,46,15,32.6,12.3,15.9,41.9,0.297,0.209,0.336,28.0,6.3,78.022229265,,,,FF,4-Seam Fastball,11.7,119,20.8,0.2,0.3,0.32,0.1,BASEBALL_SAVANT_PITCH_ARSENAL_CURRENT_SEASON,2026-08-28T17:22:48+00:00,SAVANT_ARSENAL_SCHEMA_V1,CURRENT
672456,"Montero, Keider",2026,156,23,14.7,5.6,14.2,48.5,0.31,0.228,0.413,42.9,7.3,77.911685198,,,,FF,4-Seam Fastball,30.4,586,14.0,0.197,0.317,0.264,1.8,BASEBALL_SAVANT_PITCH_ARSENAL_CURRENT_SEASON,2026-08-28T17:22:48+00:00,SAVANT_ARSENAL_SCHEMA_V1,CURRENT
672456,"Montero, Keider",2026,129,11,8.5,5.6,9.4,48.5,0.311,0.267,0.386,41.8,7.3,77.911685198,,,,SI,Sinker,22.7,437,14.5,0.237,0.356,0.296,1.1,BASEBALL_SAVANT_PITCH_ARSENAL_CURRENT_SEASON,2026-08-28T17:22:48+00:00,SAVANT_ARSENAL_SCHEMA_V1,CURRENT
672456,"Montero, Keider",2026,98,29,29.6,5.6,29.0,48.5,0.238,0.189,0.293,28.6,7.3,77.911685198,,,,SL,Slider,19.2,370,26.6,0.187,0.275,0.242,1.9,BASEBALL_SAVANT_PITCH_ARSENAL_CURRENT_SEASON,2026-08-28T17:22:48+00:00,SAVANT_ARSENAL_SCHEMA_V1,CURRENT
672456,"Montero, Keider",2026,76,13,17.1,5.6,27.8,48.5,0.222,0.179,0.275,25.4,7.3,77.911685198,,,,CH,Changeup,14.0,269,15.1,0.139,0.25,0.205,1.8,BASEBALL_SAVANT_PITCH_ARSENAL_CURRENT_SEASON,2026-08-28T17:22:48+00:00,SAVANT_ARSENAL_SCHEMA_V1,CURRENT
672456,"Montero, Keider",2026,74,13,17.6,5.6,18.7,48.5,0.347,0.268,0.555,40.0,7.3,77.911685198,,,,CU,Curveball,13.8,266,14.4,0.282,0.563,0.368,-2.2,BASEBALL_SAVANT_PITCH_ARSENAL_CURRENT_SEASON,2026-08-28T17:22:48+00:00,SAVANT_ARSENAL_SCHEMA_V1,CURRENT
656756,"Montgomery, Jordan",2026,18,1,5.6,2.1,11.8,47.7,0.44,0.384,0.608,50.0,8.1,77.374414211,,,,SI,Sinker,32.2,64,5.9,0.412,0.588,0.45,-1.0,BASEBALL_SAVANT_PITCH_ARSENAL_CURRENT_SEASON,2026-08-28T17:22:48+00:00,SAVANT_ARSENAL_SCHEMA_V1,CURRENT
656756,"Montgomery, Jordan",2026,9,4,44.4,2.1,36.8,47.7,0.232,0.176,0.372,20.0,8.1,77.374414211,,,,CU,Curveball,25.1,50,25.0,0.111,0.111,0.1,2.7,BASEBALL_SAVANT_PITCH_ARSENAL_CURRENT_SEASON,2026-08-28T17:22:48+00:00,SAVANT_ARSENAL_SCHEMA_V1,CURRENT
656756,"Montgomery, Jordan",2026,7,0,0.0,2.1,5.9,47.7,0.293,0.313,0.349,14.3,8.1,77.374414211,,,,FF,4-Seam Fastball,17.1,34,0.0,0.286,0.429,0.307,0.9,BASEBALL_SAVANT_PITCH_ARSENAL_CURRENT_SEASON,2026-08-28T17:22:48+00:00,SAVANT_ARSENAL_SCHEMA_V1,CURRENT
656756,"Montgomery, Jordan",2026,7,2,28.6,2.1,43.8,47.7,0.298,0.236,0.474,40.0,8.1,77.374414211,,,,CH,Changeup,13.1,26,18.2,0.286,0.714,0.414,-1.5,BASEBALL_SAVANT_PITCH_ARSENAL_CURRENT_SEASON,2026-08-28T17:22:48+00:00,SAVANT_ARSENAL_SCHEMA_V1,CURRENT
656756,"Montgomery, Jordan",2026,6,2,33.3,2.1,44.4,47.7,0.21,0.225,0.26,25.0,8.1,77.374414211,,,,SL,Slider,12.6,25,18.2,0.167,0.167,0.15,1.3,BASEBALL_SAVANT_PITCH_ARSENAL_CURRENT_SEASON,2026-08-28T17:22:48+00:00,SAVANT_ARSENAL_SCHEMA_V1,CURRENT
682254,"Montgomery, Mason",2026,120,51,42.5,10.0,30.4,49.4,0.251,0.174,0.272,47.3,8.0,73.849914286,,,,FF,4-Seam Fastball,52.1,485,32.5,0.208,0.302,0.276,1.1,BASEBALL_SAVANT_PITCH_ARSENAL_CURRENT_SEASON,2026-08-28T17:22:48+00:00,SAVANT_ARSENAL_SCHEMA_V1,CURRENT
682254,"Montgomery, Mason",2026,31,11,35.5,10.0,37.3,49.4,0.193,0.146,0.169,11.8,8.0,73.849914286,,,,SL,Slider,15.8,147,20.0,0.036,0.036,0.097,3.4,BASEBALL_SAVANT_PITCH_ARSENAL_CURRENT_SEASON,2026-08-28T17:22:48+00:00,SAVANT_ARSENAL_SCHEMA_V1,CURRENT
682254,"Montgomery, Mason",2026,27,10,37.0,10.0,36.4,49.4,0.24,0.213,0.309,37.5,8.0,73.849914286,,,,SI,Sinker,15.6,145,28.6,0.12,0.24,0.233,1.9,BASEBALL_SAVANT_PITCH_ARSENAL_CURRENT_SEASON,2026-08-28T17:22:48+00:00,SAVANT_ARSENAL_SCHEMA_V1,CURRENT
682254,"Montgomery, Mason",2026,36,14,38.9,10.0,37.1,49.4,0.296,0.221,0.421,45.0,8.0,73.849914286,,,,CU,Curveball,14.1,131,24.1,0.294,0.559,0.406,-2.8,BASEBALL_SAVANT_PITCH_ARSENAL_CURRENT_SEASON,2026-08-28T17:22:48+00:00,SAVANT_ARSENAL_SCHEMA_V1,CURRENT
682254,"Montgomery, Mason",2026,5,1,20.0,10.0,10.0,49.4,0.219,0.235,0.259,50.0,8.0,73.849914286,,,,CH,Changeup,2.5,23,33.3,0.2,0.2,0.18,3.7,BASEBALL_SAVANT_PITCH_ARSENAL_CURRENT_SEASON,2026-08-28T17:22:48+00:00,SAVANT_ARSENAL_SCHEMA_V1,CURRENT
664238,"Moore, Dylan",2026,1,0,0.0,,,,0.7,,,,,,,,,SL,Slider,15.0,3,,,,0.7,-8.2,BASEBALL_SAVANT_PITCH_ARSENAL_CURRENT_SEASON,2026-08-28T17:22:48+00:00,SAVANT_ARSENAL_SCHEMA_V1,CURRENT
806960,"Morales, Luis",2026,45,7,15.6,15.6,9.7,43.6,0.461,0.322,0.627,55.2,11.3,77.223118065,,,,FF,4-Seam Fastball,45.7,158,15.9,0.306,0.667,0.504,-3.6,BASEBALL_SAVANT_PITCH_ARSENAL_CURRENT_SEASON,2026-08-28T17:22:48+00:00,SAVANT_ARSENAL_SCHEMA_V1,CURRENT
806960,"Morales, Luis",2026,22,3,13.6,15.6,33.3,43.6,0.374,0.325,0.548,33.3,11.3,77.223118065,,,,SL,Slider,27.2,94,13.0,0.5,1.15,0.698,-6.3,BASEBALL_SAVANT_PITCH_ARSENAL_CURRENT_SEASON,2026-08-28T17:22:48+00:00,SAVANT_ARSENAL_SCHEMA_V1,CURRENT
806960,"Morales, Luis",2026,10,2,20.0,15.6,17.6,43.6,0.255,0.265,0.312,25.0,11.3,77.223118065,,,,SI,Sinker,11.3,39,28.6,0.3,0.3,0.27,0.8,BASEBALL_SAVANT_PITCH_ARSENAL_CURRENT_SEASON,2026-08-28T17:22:48+00:00,SAVANT_ARSENAL_SCHEMA_V1,CURRENT
806960,"Morales, Luis",2026,7,0,0.0,15.6,12.5,43.6,0.468,0.155,0.185,0.0,11.3,77.223118065,,,,CH,Changeup,9.0,31,0.0,0.333,0.333,0.529,-6.4,BASEBALL_SAVANT_PITCH_ARSENAL_CURRENT_SEASON,2026-08-28T17:22:48+00:00,SAVANT_ARSENAL_SCHEMA_V1,CURRENT
806960,"Morales, Luis",2026,6,1,16.7,15.6,22.2,43.6,0.305,0.242,0.28,25.0,11.3,77.223118065,,,,ST,Sweeper,6.9,24,10.0,0.4,0.6,0.475,-6.4,BASEBALL_SAVANT_PITCH_ARSENAL_CURRENT_SEASON,2026-08-28T17:22:48+00:00,SAVANT_ARSENAL_SCHEMA_V1,CURRENT
670970,"Morejon, Adrian",2026,132,17,12.9,6.8,20.2,52.6,0.291,0.259,0.328,27.9,2.8,75.317422778,,,,SI,Sinker,46.3,514,17.5,0.225,0.275,0.279,2.0,BASEBALL_SAVANT_PITCH_ARSENAL_CURRENT_SEASON,2026-08-28T17:22:48+00:00,SAVANT_ARSENAL_SCHEMA_V1,CURRENT
670970,"Morejon, Adrian",2026,68,33,48.5,6.8,54.2,52.6,0.139,0.127,0.151,30.3,2.8,75.317422778,,,,CH,Changeup,22.7,252,30.0,0.167,0.197,0.19,2.5,BASEBALL_SAVANT_PITCH_ARSENAL_CURRENT_SEASON,2026-08-28T17:22:48+00:00,SAVANT_ARSENAL_SCHEMA_V1,CURRENT
670970,"Morejon, Adrian",2026,42,14,33.3,6.8,30.1,52.6,0.289,0.224,0.402,42.3,2.8,75.317422778,,,,SL,Slider,16.9,188,25.9,0.25,0.45,0.368,-1.5,BASEBALL_SAVANT_PITCH_ARSENAL_CURRENT_SEASON,2026-08-28T17:22:48+00:00,SAVANT_ARSENAL_SCHEMA_V1,CURRENT
670970,"Morejon, Adrian",2026,45,23,51.1,6.8,43.0,52.6,0.196,0.136,0.208,38.9,2.8,75.317422778,,,,FF,4-Seam Fastball,14.1,157,24.5,0.171,0.244,0.247,1.0,BASEBALL_SAVANT_PITCH_ARSENAL_CURRENT_SEASON,2026-08-28T17:22:48+00:00,SAVANT_ARSENAL_SCHEMA_V1,CURRENT
688158,"Morgan, David",2026,31,2,6.5,12.4,15.4,50.3,0.364,0.297,0.355,26.1,1.6,74.03051,,,,SI,Sinker,28.4,113,11.8,0.36,0.52,0.444,-2.4,BASEBALL_SAVANT_PITCH_ARSENAL_CURRENT_SEASON,2026-08-28T17:22:48+00:00,SAVANT_ARSENAL_SCHEMA_V1,CURRENT
688158,"Morgan, David",2026,31,8,25.8,12.4,30.4,50.3,0.285,0.206,0.258,22.2,1.6,74.03051,,,,FF,4-Seam Fastball,28.4,113,24.2,0.32,0.4,0.38,0.2,BASEBALL_SAVANT_PITCH_ARSENAL_CURRENT_SEASON,2026-08-28T17:22:48+00:00,SAVANT_ARSENAL_SCHEMA_V1,CURRENT
688158,"Morgan, David",2026,24,11,45.8,12.4,41.9,50.3,0.207,0.123,0.197,40.0,1.6,74.03051,,,,CU,Curveball,25.9,103,24.4,0.19,0.429,0.313,-1.4,BASEBALL_SAVANT_PITCH_ARSENAL_CURRENT_SEASON,2026-08-28T17:22:48+00:00,SAVANT_ARSENAL_SCHEMA_V1,CURRENT
688158,"Morgan, David",2026,17,5,29.4,12.4,47.2,50.3,0.217,0.233,0.27,25.0,1.6,74.03051,,,,SL,Slider,17.3,69,31.3,0.294,0.353,0.285,0.3,BASEBALL_SAVANT_PITCH_ARSENAL_CURRENT_SEASON,2026-08-28T17:22:48+00:00,SAVANT_ARSENAL_SCHEMA_V1,CURRENT
669212,"Morgan, Eli",2026,34,2,5.9,9.9,18.5,46.6,0.476,0.4,0.618,51.9,6.3,78.5977775,,,,FF,4-Seam Fastball,37.2,126,7.4,0.379,0.621,0.511,-3.1,BASEBALL_SAVANT_PITCH_ARSENAL_CURRENT_SEASON,2026-08-28T17:22:48+00:00,SAVANT_ARSENAL_SCHEMA_V1,CURRENT
669212,"Morgan, Eli",2026,32,5,15.6,9.9,17.5,46.6,0.318,0.258,0.396,20.8,6.3,78.5977775,,,,CH,Changeup,33.0,112,12.2,0.207,0.414,0.303,0.8,BASEBALL_SAVANT_PITCH_ARSENAL_CURRENT_SEASON,2026-08-28T17:22:48+00:00,SAVANT_ARSENAL_SCHEMA_V1,CURRENT
669212,"Morgan, Eli",2026,25,9,36.0,9.9,38.3,46.6,0.4,0.315,0.533,61.5,6.3,78.5977775,,,,SL,Slider,29.8,101,33.3,0.318,0.545,0.408,-1.2,BASEBALL_SAVANT_PITCH_ARSENAL_CURRENT_SEASON,2026-08-28T17:22:48+00:00,SAVANT_ARSENAL_SCHEMA_V1,CURRENT
666661,"Morillo, Juan",2026,100,40,40.0,8.6,31.7,48.7,0.213,0.154,0.222,40.0,3.1,74.089540313,,,,FF,4-Seam Fastball,47.8,399,26.5,0.159,0.239,0.239,1.7,BASEBALL_SAVANT_PITCH_ARSENAL_CURRENT_SEASON,2026-08-28T17:22:48+00:00,SAVANT_ARSENAL_SCHEMA_V1,CURRENT
666661,"Morillo, Juan",2026,53,13,24.5,8.6,29.3,48.7,0.207,0.18,0.227,16.2,3.1,74.089540313,,,,CH,Changeup,21.2,177,19.7,0.184,0.245,0.216,1.8,BASEBALL_SAVANT_PITCH_ARSENAL_CURRENT_SEASON,2026-08-28T17:22:48+00:00,SAVANT_ARSENAL_SCHEMA_V1,CURRENT
666661,"Morillo, Juan",2026,34,2,5.9,8.6,19.2,48.7,0.266,0.185,0.211,19.2,3.1,74.089540313,,,,SI,Sinker,17.0,142,11.8,0.179,0.214,0.266,3.0,BASEBALL_SAVANT_PITCH_ARSENAL_CURRENT_SEASON,2026-08-28T17:22:48+00:00,SAVANT_ARSENAL_SCHEMA_V1,CURRENT
666661,"Morillo, Juan",2026,22,5,22.7,8.6,45.2,48.7,0.366,0.279,0.497,56.3,3.1,74.089540313,,,,SL,Slider,13.9,116,11.9,0.35,0.55,0.402,-2.2,BASEBALL_SAVANT_PITCH_ARSENAL_CURRENT_SEASON,2026-08-28T17:22:48+00:00,SAVANT_ARSENAL_SCHEMA_V1,CURRENT
702193,"Morris, Andrew",2026,116,29,25.0,8.2,20.1,47.8,0.272,0.212,0.26,27.8,3.2,74.826261522,,,,FF,4-Seam Fastball,45.5,484,17.3,0.245,0.286,0.291,1.6,BASEBALL_SAVANT_PITCH_ARSENAL_CURRENT_SEASON,2026-08-28T17:22:48+00:00,SAVANT_ARSENAL_SCHEMA_V1,CURRENT
702193,"Morris, Andrew",2026,61,14,23.0,8.2,24.1,47.8,0.276,0.238,0.37,42.2,3.2,74.826261522,,,,FC,Cutter,20.6,219,19.2,0.22,0.356,0.307,0.5,BASEBALL_SAVANT_PITCH_ARSENAL_CURRENT_SEASON,2026-08-28T17:22:48+00:00,SAVANT_ARSENAL_SCHEMA_V1,CURRENT
702193,"Morris, Andrew",2026,34,3,8.8,8.2,22.1,47.8,0.399,0.36,0.554,36.7,3.2,74.826261522,,,,SI,Sinker,11.6,123,17.6,0.424,0.576,0.444,-1.1,BASEBALL_SAVANT_PITCH_ARSENAL_CURRENT_SEASON,2026-08-28T17:22:48+00:00,SAVANT_ARSENAL_SCHEMA_V1,CURRENT
702193,"Morris, Andrew",2026,25,4,16.0,8.2,26.7,47.8,0.265,0.209,0.321,47.4,3.2,74.826261522,,,,CH,Changeup,11.0,117,8.7,0.261,0.435,0.328,-1.2,BASEBALL_SAVANT_PITCH_ARSENAL_CURRENT_SEASON,2026-08-28T17:22:48+00:00,SAVANT_ARSENAL_SCHEMA_V1,CURRENT
702193,"Morris, Andrew",2026,27,7,25.9,8.2,25.0,47.8,0.159,0.122,0.141,11.1,3.2,74.826261522,,,,ST,Sweeper,9.8,104,12.1,0.16,0.2,0.231,-0.3,BASEBALL_SAVANT_PITCH_ARSENAL_CURRENT_SEASON,2026-08-28T17:22:48+00:00,SAVANT_ARSENAL_SCHEMA_V1,CURRENT
702193,"Morris, Andrew",2026,2,0,0.0,8.2,20.0,47.8,0.179,0.143,0.278,0.0,3.2,74.826261522,,,,CU,Curveball,1.6,17,0.0,0.5,1.0,0.625,-4.6,BASEBALL_SAVANT_PITCH_ARSENAL_CURRENT_SEASON,2026-08-28T17:22:48+00:00,SAVANT_ARSENAL_SCHEMA_V1,CURRENT
695034,"Morris, Kade",2026,27,2,7.4,9.0,13.7,49.2,0.358,0.294,0.349,50.0,5.8,74.403352692,,,,SI,Sinker,36.8,92,11.1,0.478,0.609,0.485,-2.8,BASEBALL_SAVANT_PITCH_ARSENAL_CURRENT_SEASON,2026-08-28T17:22:48+00:00,SAVANT_ARSENAL_SCHEMA_V1,CURRENT
695034,"Morris, Kade",2026,14,1,7.1,9.0,14.8,49.2,0.29,0.177,0.354,45.5,5.8,74.403352692,,,,FF,4-Seam Fastball,19.2,48,6.7,0.333,0.583,0.436,-1.4,BASEBALL_SAVANT_PITCH_ARSENAL_CURRENT_SEASON,2026-08-28T17:22:48+00:00,SAVANT_ARSENAL_SCHEMA_V1,CURRENT
695034,"Morris, Kade",2026,7,1,14.3,9.0,7.7,49.2,0.344,0.293,0.315,80.0,5.8,74.403352692,,,,SL,Slider,14.0,35,14.3,0.4,0.6,0.407,-1.7,BASEBALL_SAVANT_PITCH_ARSENAL_CURRENT_SEASON,2026-08-28T17:22:48+00:00,SAVANT_ARSENAL_SCHEMA_V1,CURRENT
695034,"Morris, Kade",2026,8,1,12.5,9.0,35.3,49.2,0.493,0.453,0.696,42.9,5.8,74.403352692,,,,CH,Changeup,11.6,29,12.5,0.625,1.0,0.7,-7.8,BASEBALL_SAVANT_PITCH_ARSENAL_CURRENT_SEASON,2026-08-28T17:22:48+00:00,SAVANT_ARSENAL_SCHEMA_V1,CURRENT
695034,"Morris, Kade",2026,8,2,25.0,9.0,27.3,49.2,0.204,0.21,0.261,16.7,5.8,74.403352692,,,,ST,Sweeper,11.6,29,15.4,0.25,0.625,0.363,-2.6,BASEBALL_SAVANT_PITCH_ARSENAL_CURRENT_SEASON,2026-08-28T17:22:48+00:00,SAVANT_ARSENAL_SCHEMA_V1,CURRENT
695034,"Morris, Kade",2026,3,1,33.3,9.0,50.0,49.2,0.299,0.109,0.109,0.0,5.8,74.403352692,,,,CU,Curveball,6.8,17,14.3,0.0,0.0,0.233,-2.0,BASEBALL_SAVANT_PITCH_ARSENAL_CURRENT_SEASON,2026-08-28T17:22:48+00:00,SAVANT_ARSENAL_SCHEMA_V1,CURRENT
663558,"Morán, Jovani",2026,97,17,17.5,11.8,18.7,46.1,0.323,0.206,0.324,31.7,7.2,75.845494478,,,,FF,4-Seam Fastball,39.1,349,20.0,0.145,0.263,0.302,1.2,BASEBALL_SAVANT_PITCH_ARSENAL_CURRENT_SEASON,2026-08-28T17:22:48+00:00,SAVANT_ARSENAL_SCHEMA_V1,CURRENT
663558,"Morán, Jovani",2026,88,36,40.9,11.8,49.1,46.1,0.222,0.165,0.29,23.4,7.2,75.845494478,,,,CH,Changeup,37.0,330,30.0,0.188,0.375,0.272,0.2,BASEBALL_SAVANT_PITCH_ARSENAL_CURRENT_SEASON,2026-08-28T17:22:48+00:00,SAVANT_ARSENAL_SCHEMA_V1,CURRENT
663558,"Morán, Jovani",2026,20,3,15.0,11.8,35.3,46.1,0.374,0.279,0.57,37.5,7.2,75.845494478,,,,FC,Cutter,12.1,108,17.6,0.211,0.421,0.288,0.6,BASEBALL_SAVANT_PITCH_ARSENAL_CURRENT_SEASON,2026-08-28T17:22:48+00:00,SAVANT_ARSENAL_SCHEMA_V1,CURRENT
663558,"Morán, Jovani",2026,15,1,6.7,11.8,11.5,46.1,0.291,0.236,0.291,33.3,7.2,75.845494478,,,,SI,Sinker,7.5,67,12.5,0.154,0.154,0.213,2.5,BASEBALL_SAVANT_PITCH_ARSENAL_CURRENT_SEASON,2026-08-28T17:22:48+00:00,SAVANT_ARSENAL_SCHEMA_V1,CURRENT
663558,"Morán, Jovani",2026,7,4,57.1,11.8,15.8,46.1,0.024,0.024,0.033,0.0,7.2,75.845494478,,,,ST,Sweeper,4.1,37,17.4,0.0,0.0,0.0,2.8,BASEBALL_SAVANT_PITCH_ARSENAL_CURRENT_SEASON,2026-08-28T17:22:48+00:00,SAVANT_ARSENAL_SCHEMA_V1,CURRENT
663558,"Morán, Jovani",2026,1,0,0.0,11.8,0.0,46.1,0.884,0.646,1.469,100.0,7.2,75.845494478,,,,CU,Curveball,20.0,2,,1.0,2.0,1.25,-29.4,BASEBALL_SAVANT_PITCH_ARSENAL_CURRENT_SEASON,2026-08-28T17:22:48+00:00,SAVANT_ARSENAL_SCHEMA_V1,CURRENT
668716,"Murdock, Noah",2026,8,2,25.0,20.0,7.7,40.6,0.304,0.175,0.311,75.0,0.0,80.971625,,,,SI,Sinker,43.8,28,33.3,0.4,0.4,0.4,-0.3,BASEBALL_SAVANT_PITCH_ARSENAL_CURRENT_SEASON,2026-08-28T17:22:48+00:00,SAVANT_ARSENAL_SCHEMA_V1,CURRENT
668716,"Murdock, Noah",2026,6,2,33.3,20.0,44.4,40.6,0.126,0.134,0.148,50.0,0.0,80.971625,,,,CU,Curveball,35.9,23,18.2,0.167,0.167,0.15,1.5,BASEBALL_SAVANT_PITCH_ARSENAL_CURRENT_SEASON,2026-08-28T17:22:48+00:00,SAVANT_ARSENAL_SCHEMA_V1,CURRENT
668716,"Murdock, Noah",2026,1,0,0.0,20.0,25.0,40.6,0.7,0.153,0.222,62.5,0.0,80.971625,,,,FC,Cutter,14.1,9,0.0,,,0.7,-4.2,BASEBALL_SAVANT_PITCH_ARSENAL_CURRENT_SEASON,2026-08-28T17:22:48+00:00,SAVANT_ARSENAL_SCHEMA_V1,CURRENT
669684,"Murphy, Chris",2026,40,9,22.5,11.4,28.2,51.2,0.319,0.243,0.377,36.0,7.1,76.12871439,,,,FF,4-Seam Fastball,33.4,176,17.3,0.344,0.531,0.406,-1.0,BASEBALL_SAVANT_PITCH_ARSENAL_CURRENT_SEASON,2026-08-28T17:22:48+00:00,SAVANT_ARSENAL_SCHEMA_V1,CURRENT
669684,"Murphy, Chris",2026,40,2,5.0,11.4,34.1,51.2,0.38,0.25,0.422,37.9,7.1,76.12871439,,,,SL,Slider,30.0,158,7.4,0.226,0.355,0.35,1.0,BASEBALL_SAVANT_PITCH_ARSENAL_CURRENT_SEASON,2026-08-28T17:22:48+00:00,SAVANT_ARSENAL_SCHEMA_V1,CURRENT
669684,"Murphy, Chris",2026,29,10,34.5,11.4,30.4,51.2,0.179,0.129,0.14,6.3,7.1,76.12871439,,,,CU,Curveball,22.0,116,23.8,0.115,0.115,0.197,1.5,BASEBALL_SAVANT_PITCH_ARSENAL_CURRENT_SEASON,2026-08-28T17:22:48+00:00,SAVANT_ARSENAL_SCHEMA_V1,CURRENT
669684,"Murphy, Chris",2026,8,4,50.0,11.4,30.0,51.2,0.141,0.126,0.213,50.0,7.1,76.12871439,,,,ST,Sweeper,5.7,30,20.0,0.125,0.25,0.156,-0.4,BASEBALL_SAVANT_PITCH_ARSENAL_CURRENT_SEASON,2026-08-28T17:22:48+00:00,SAVANT_ARSENAL_SCHEMA_V1,CURRENT
669684,"Murphy, Chris",2026,6,3,50.0,11.4,50.0,51.2,0.102,0.112,0.123,66.7,7.1,76.12871439,,,,CH,Changeup,3.6,19,30.0,0.167,0.167,0.15,1.3,BASEBALL_SAVANT_PITCH_ARSENAL_CURRENT_SEASON,2026-08-28T17:22:48+00:00,SAVANT_ARSENAL_SCHEMA_V1,CURRENT
669684,"Murphy, Chris",2026,6,0,0.0,11.4,21.4,51.2,0.473,0.428,0.675,50.0,7.1,76.12871439,,,,SI,Sinker,3.2,17,0.0,0.5,1.0,0.633,-6.3,BASEBALL_SAVANT_PITCH_ARSENAL_CURRENT_SEASON,2026-08-28T17:22:48+00:00,SAVANT_ARSENAL_SCHEMA_V1,CURRENT
669684,"Murphy, Chris",2026,3,1,33.3,11.4,28.6,51.2,0.316,0.134,0.151,100.0,7.1,76.12871439,,,,SV,Slurve,2.1,11,11.1,0.0,0.0,0.233,1.6,BASEBALL_SAVANT_PITCH_ARSENAL_CURRENT_SEASON,2026-08-28T17:22:48+00:00,SAVANT_ARSENAL_SCHEMA_V1,CURRENT
684665,"Murphy, Luke",2026,23,6,26.1,18.2,23.3,40.6,0.267,0.11,0.155,45.5,0.0,74.269068462,,,,FF,4-Seam Fastball,59.9,118,15.0,0.118,0.118,0.261,1.2,BASEBALL_SAVANT_PITCH_ARSENAL_CURRENT_SEASON,2026-08-28T17:22:48+00:00,SAVANT_ARSENAL_SCHEMA_V1,CURRENT
684665,"Murphy, Luke",2026,13,1,7.7,18.2,16.7,40.6,0.264,0.147,0.161,0.0,0.0,74.269068462,,,,FC,Cutter,24.4,48,12.5,0.1,0.1,0.231,2.2,BASEBALL_SAVANT_PITCH_ARSENAL_CURRENT_SEASON,2026-08-28T17:22:48+00:00,SAVANT_ARSENAL_SCHEMA_V1,CURRENT
684665,"Murphy, Luke",2026,5,3,60.0,18.2,50.0,40.6,0.133,0.138,0.165,50.0,0.0,74.269068462,,,,SL,Slider,8.1,16,37.5,0.0,0.0,0.0,4.8,BASEBALL_SAVANT_PITCH_ARSENAL_CURRENT_SEASON,2026-08-28T17:22:48+00:00,SAVANT_ARSENAL_SCHEMA_V1,CURRENT
684665,"Murphy, Luke",2026,3,0,0.0,18.2,0.0,40.6,0.531,0.522,0.701,66.7,0.0,74.269068462,,,,CH,Changeup,7.6,15,0.0,0.667,0.667,0.6,-8.1,BASEBALL_SAVANT_PITCH_ARSENAL_CURRENT_SEASON,2026-08-28T17:22:48+00:00,SAVANT_ARSENAL_SCHEMA_V1,CURRENT
702566,"Murphy, Owen",2026,19,5,26.3,6.9,17.1,60.3,0.326,0.213,0.39,45.5,10.0,86.567701,,,,FF,4-Seam Fastball,56.0,65,17.9,0.188,0.375,0.311,1.2,BASEBALL_SAVANT_PITCH_ARSENAL_CURRENT_SEASON,2026-08-28T17:22:48+00:00,SAVANT_ARSENAL_SCHEMA_V1,CURRENT
702566,"Murphy, Owen",2026,6,0,0.0,6.9,5.6,60.3,0.538,0.513,0.739,66.7,10.0,86.567701,,,,CH,Changeup,20.7,24,0.0,0.333,0.333,0.3,0.2,BASEBALL_SAVANT_PITCH_ARSENAL_CURRENT_SEASON,2026-08-28T17:22:48+00:00,SAVANT_ARSENAL_SCHEMA_V1,CURRENT
702566,"Murphy, Owen",2026,2,1,50.0,6.9,60.0,60.3,0.017,0.011,0.027,0.0,10.0,86.567701,,,,SL,Slider,11.2,13,25.0,0.0,0.0,0.45,-2.1,BASEBALL_SAVANT_PITCH_ARSENAL_CURRENT_SEASON,2026-08-28T17:22:48+00:00,SAVANT_ARSENAL_SCHEMA_V1,CURRENT
702566,"Murphy, Owen",2026,2,0,0.0,6.9,16.7,60.3,0.381,0.386,0.508,100.0,10.0,86.567701,,,,CU,Curveball,10.3,12,0.0,0.5,1.0,0.625,-5.7,BASEBALL_SAVANT_PITCH_ARSENAL_CURRENT_SEASON,2026-08-28T17:22:48+00:00,SAVANT_ARSENAL_SCHEMA_V1,CURRENT
681151,"Murray, Jayden",2026,44,11,25.0,11.4,36.0,48.7,0.331,0.242,0.418,51.9,14.3,82.821043214,,,,FF,4-Seam Fastball,53.3,162,22.9,0.324,0.432,0.373,-0.7,BASEBALL_SAVANT_PITCH_ARSENAL_CURRENT_SEASON,2026-08-28T17:22:48+00:00,SAVANT_ARSENAL_SCHEMA_V1,CURRENT
681151,"Murray, Jayden",2026,18,3,16.7,11.4,19.4,48.7,0.357,0.261,0.593,26.7,14.3,82.821043214,,,,ST,Sweeper,24.7,75,10.3,0.444,0.889,0.561,-6.0,BASEBALL_SAVANT_PITCH_ARSENAL_CURRENT_SEASON,2026-08-28T17:22:48+00:00,SAVANT_ARSENAL_SCHEMA_V1,CURRENT
681151,"Murray, Jayden",2026,6,0,0.0,11.4,14.3,48.7,0.476,0.396,0.429,25.0,14.3,82.821043214,,,,SI,Sinker,9.5,29,0.0,0.5,0.5,0.533,-0.5,BASEBALL_SAVANT_PITCH_ARSENAL_CURRENT_SEASON,2026-08-28T17:22:48+00:00,SAVANT_ARSENAL_SCHEMA_V1,CURRENT
681151,"Murray, Jayden",2026,8,0,0.0,11.4,0.0,48.7,0.419,0.313,0.588,28.6,14.3,82.821043214,,,,CH,Changeup,7.6,23,0.0,0.286,0.857,0.494,-5.9,BASEBALL_SAVANT_PITCH_ARSENAL_CURRENT_SEASON,2026-08-28T17:22:48+00:00,SAVANT_ARSENAL_SCHEMA_V1,CURRENT
681151,"Murray, Jayden",2026,3,0,0.0,11.4,16.7,48.7,0.504,0.466,0.718,100.0,14.3,82.821043214,,,,FC,Cutter,4.6,14,,0.333,0.333,0.3,0.0,BASEBALL_SAVANT_PITCH_ARSENAL_CURRENT_SEASON,2026-08-28T17:22:48+00:00,SAVANT_ARSENAL_SCHEMA_V1,CURRENT
656786,"Mushinski, Parker",2026,10,0,0.0,14.7,13.6,41.7,0.105,0.105,0.14,10.0,3.4,82.107151333,,,,ST,Sweeper,28.8,40,0.0,0.1,0.2,0.215,1.9,BASEBALL_SAVANT_PITCH_ARSENAL_CURRENT_SEASON,2026-08-28T17:22:48+00:00,SAVANT_ARSENAL_SCHEMA_V1,CURRENT
656786,"Mushinski, Parker",2026,10,0,0.0,14.7,0.0,41.7,0.648,0.506,0.936,66.7,3.4,82.107151333,,,,FF,4-Seam Fastball,20.1,28,0.0,0.667,0.833,0.675,-9.4,BASEBALL_SAVANT_PITCH_ARSENAL_CURRENT_SEASON,2026-08-28T17:22:48+00:00,SAVANT_ARSENAL_SCHEMA_V1,CURRENT
656786,"Mushinski, Parker",2026,4,0,0.0,14.7,30.0,41.7,0.278,0.289,0.345,50.0,3.4,82.107151333,,,,CU,Curveball,16.5,23,0.0,0.25,0.25,0.225,-0.9,BASEBALL_SAVANT_PITCH_ARSENAL_CURRENT_SEASON,2026-08-28T17:22:48+00:00,SAVANT_ARSENAL_SCHEMA_V1,CURRENT
656786,"Mushinski, Parker",2026,4,0,0.0,14.7,12.5,41.7,0.534,0.52,0.598,0.0,3.4,82.107151333,,,,FC,Cutter,15.8,22,0.0,0.333,0.333,0.4,0.9,BASEBALL_SAVANT_PITCH_ARSENAL_CURRENT_SEASON,2026-08-28T17:22:48+00:00,SAVANT_ARSENAL_SCHEMA_V1,CURRENT
656786,"Mushinski, Parker",2026,4,0,0.0,14.7,0.0,41.7,0.459,0.473,0.586,50.0,3.4,82.107151333,,,,SI,Sinker,15.1,21,0.0,0.5,0.5,0.45,-3.6,BASEBALL_SAVANT_PITCH_ARSENAL_CURRENT_SEASON,2026-08-28T17:22:48+00:00,SAVANT_ARSENAL_SCHEMA_V1,CURRENT
656786,"Mushinski, Parker",2026,2,0,0.0,14.7,0.0,41.7,0.325,0.357,0.391,100.0,3.4,82.107151333,,,,CH,Changeup,3.6,5,0.0,0.0,0.0,0.0,9.7,BASEBALL_SAVANT_PITCH_ARSENAL_CURRENT_SEASON,2026-08-28T17:22:48+00:00,SAVANT_ARSENAL_SCHEMA_V1,CURRENT
662253,"Muñoz, Andrés",2026,104,49,47.1,9.8,49.3,46.9,0.263,0.184,0.369,46.0,9.4,76.457256415,,,,SL,Slider,46.0,377,32.7,0.172,0.364,0.254,0.6,BASEBALL_SAVANT_PITCH_ARSENAL_CURRENT_SEASON,2026-08-28T17:22:48+00:00,SAVANT_ARSENAL_SCHEMA_V1,CURRENT
662253,"Muñoz, Andrés",2026,76,17,22.4,9.8,24.3,46.9,0.336,0.249,0.338,44.4,9.4,76.457256415,,,,FF,4-Seam Fastball,40.9,335,27.9,0.274,0.371,0.371,0.7,BASEBALL_SAVANT_PITCH_ARSENAL_CURRENT_SEASON,2026-08-28T17:22:48+00:00,SAVANT_ARSENAL_SCHEMA_V1,CURRENT
662253,"Muñoz, Andrés",2026,14,1,7.1,9.8,19.0,46.9,0.403,0.344,0.38,18.2,9.4,76.457256415,,,,SI,Sinker,7.8,64,12.5,0.455,0.455,0.421,-1.6,BASEBALL_SAVANT_PITCH_ARSENAL_CURRENT_SEASON,2026-08-28T17:22:48+00:00,SAVANT_ARSENAL_SCHEMA_V1,CURRENT
662253,"Muñoz, Andrés",2026,10,10,100.0,9.8,100.0,46.9,0.0,0.206,0.339,42.5,9.4,76.457256415,,,,CH,Changeup,5.3,43,45.5,0.0,0.0,0.0,2.5,BASEBALL_SAVANT_PITCH_ARSENAL_CURRENT_SEASON,2026-08-28T17:22:48+00:00,SAVANT_ARSENAL_SCHEMA_V1,CURRENT
682610,"Muñoz, Roddery",2026,12,4,33.3,24.0,63.2,41.1,0.4,0.221,0.597,66.7,15.4,88.93927,,,,SL,Slider,41.1,46,21.1,0.3,1.0,0.554,-7.8,BASEBALL_SAVANT_PITCH_ARSENAL_CURRENT_SEASON,2026-08-28T17:22:48+00:00,SAVANT_ARSENAL_SCHEMA_V1,CURRENT
682610,"Muñoz, Roddery",2026,9,2,22.2,24.0,27.3,41.1,0.521,0.404,0.596,100.0,15.4,88.93927,,,,FF,4-Seam Fastball,25.9,29,25.0,0.333,1.0,0.594,-6.6,BASEBALL_SAVANT_PITCH_ARSENAL_CURRENT_SEASON,2026-08-28T17:22:48+00:00,SAVANT_ARSENAL_SCHEMA_V1,CURRENT
682610,"Muñoz, Roddery",2026,2,0,0.0,24.0,20.0,41.1,0.683,0.717,0.806,100.0,15.4,88.93927,,,,FC,Cutter,17.0,19,0.0,1.0,1.0,0.8,-3.9,BASEBALL_SAVANT_PITCH_ARSENAL_CURRENT_SEASON,2026-08-28T17:22:48+00:00,SAVANT_ARSENAL_SCHEMA_V1,CURRENT
682610,"Muñoz, Roddery",2026,2,0,0.0,24.0,50.0,41.1,0.084,0.09,0.103,50.0,15.4,88.93927,,,,SI,Sinker,11.6,13,0.0,0.5,0.5,0.45,-1.9,BASEBALL_SAVANT_PITCH_ARSENAL_CURRENT_SEASON,2026-08-28T17:22:48+00:00,SAVANT_ARSENAL_SCHEMA_V1,CURRENT
691548,"Muñoz, Rolddy",2026,5,2,40.0,8.3,40.0,42.9,0.285,0.238,0.43,66.7,25.0,83.8472225,,,,SL,Slider,57.1,28,16.7,0.4,0.4,0.36,-1.4,BASEBALL_SAVANT_PITCH_ARSENAL_CURRENT_SEASON,2026-08-28T17:22:48+00:00,SAVANT_ARSENAL_SCHEMA_V1,CURRENT
691548,"Muñoz, Rolddy",2026,6,0,0.0,8.3,16.7,42.9,0.619,0.455,0.977,60.0,25.0,83.8472225,,,,SI,Sinker,30.6,15,0.0,0.6,1.2,0.75,-10.9,BASEBALL_SAVANT_PITCH_ARSENAL_CURRENT_SEASON,2026-08-28T17:22:48+00:00,SAVANT_ARSENAL_SCHEMA_V1,CURRENT
691548,"Muñoz, Rolddy",2026,1,1,100.0,8.3,33.3,42.9,0.0,0.315,0.639,62.5,25.0,83.8472225,,,,FF,4-Seam Fastball,6.1,3,33.3,0.0,0.0,0.0,4.0,BASEBALL_SAVANT_PITCH_ARSENAL_CURRENT_SEASON,2026-08-28T17:22:48+00:00,SAVANT_ARSENAL_SCHEMA_V1,CURRENT
668964,"Myers, Tobias",2026,101,15,14.9,6.6,12.2,52.3,0.365,0.304,0.493,51.9,6.0,82.412568649,,,,FF,4-Seam Fastball,47.9,340,16.1,0.287,0.479,0.357,0.4,BASEBALL_SAVANT_PITCH_ARSENAL_CURRENT_SEASON,2026-08-28T17:22:48+00:00,SAVANT_ARSENAL_SCHEMA_V1,CURRENT
668964,"Myers, Tobias",2026,44,14,31.8,6.6,32.1,52.3,0.25,0.19,0.322,39.3,6.0,82.412568649,,,,FS,Split-Finger,23.0,163,20.9,0.175,0.45,0.272,-0.1,BASEBALL_SAVANT_PITCH_ARSENAL_CURRENT_SEASON,2026-08-28T17:22:48+00:00,SAVANT_ARSENAL_SCHEMA_V1,CURRENT
668964,"Myers, Tobias",2026,27,2,7.4,6.6,16.3,52.3,0.312,0.27,0.386,43.5,6.0,82.412568649,,,,SL,Slider,16.2,115,8.7,0.32,0.6,0.411,-3.3,BASEBALL_SAVANT_PITCH_ARSENAL_CURRENT_SEASON,2026-08-28T17:22:48+00:00,SAVANT_ARSENAL_SCHEMA_V1,CURRENT
668964,"Myers, Tobias",2026,22,1,4.5,6.6,15.2,52.3,0.356,0.31,0.48,30.0,6.0,82.412568649,,,,FC,Cutter,11.5,82,9.1,0.333,0.667,0.455,-3.2,BASEBALL_SAVANT_PITCH_ARSENAL_CURRENT_SEASON,2026-08-28T17:22:48+00:00,SAVANT_ARSENAL_SCHEMA_V1,CURRENT
668964,"Myers, Tobias",2026,3,1,33.3,6.6,25.0,52.3,0.429,0.447,0.529,100.0,6.0,82.412568649,,,,ST,Sweeper,1.4,10,12.5,0.667,1.0,0.717,-15.9,BASEBALL_SAVANT_PITCH_ARSENAL_CURRENT_SEASON,2026-08-28T17:22:48+00:00,SAVANT_ARSENAL_SCHEMA_V1,CURRENT
608566,"Márquez, Germán",2026,92,12,13.0,10.2,13.7,47.5,0.434,0.297,0.548,54.1,9.8,77.59810907,,,,FF,4-Seam Fastball,38.1,350,12.2,0.278,0.5,0.403,-1.6,BASEBALL_SAVANT_PITCH_ARSENAL_CURRENT_SEASON,2026-08-28T17:22:48+00:00,SAVANT_ARSENAL_SCHEMA_V1,CURRENT
608566,"Márquez, Germán",2026,69,16,23.2,10.2,26.7,47.5,0.36,0.286,0.542,43.1,9.8,77.59810907,,,,CU,Curveball,31.8,292,15.2,0.284,0.582,0.386,-2.6,BASEBALL_SAVANT_PITCH_ARSENAL_CURRENT_SEASON,2026-08-28T17:22:48+00:00,SAVANT_ARSENAL_SCHEMA_V1,CURRENT
608566,"Márquez, Germán",2026,37,0,0.0,10.2,5.9,47.5,0.304,0.239,0.371,30.3,9.8,77.59810907,,,,SI,Sinker,13.9,128,0.0,0.25,0.469,0.388,0.1,BASEBALL_SAVANT_PITCH_ARSENAL_CURRENT_SEASON,2026-08-28T17:22:48+00:00,SAVANT_ARSENAL_SCHEMA_V1,CURRENT
608566,"Márquez, Germán",2026,34,8,23.5,10.2,30.6,47.5,0.223,0.18,0.309,36.0,9.8,77.59810907,,,,SL,Slider,13.0,119,22.2,0.182,0.364,0.271,0.2,BASEBALL_SAVANT_PITCH_ARSENAL_CURRENT_SEASON,2026-08-28T17:22:48+00:00,SAVANT_ARSENAL_SCHEMA_V1,CURRENT
608566,"Márquez, Germán",2026,4,1,25.0,10.2,0.0,47.5,0.43,0.304,0.72,66.7,9.8,77.59810907,,,,CH,Changeup,3.2,29,25.0,0.5,1.5,0.813,-11.8,BASEBALL_SAVANT_PITCH_ARSENAL_CURRENT_SEASON,2026-08-28T17:22:48+00:00,SAVANT_ARSENAL_SCHEMA_V1,CURRENT
667297,"Nance, Tommy",2026,88,24,27.3,9.2,32.8,48.4,0.32,0.251,0.392,37.5,6.0,77.653028182,,,,SL,Slider,41.8,329,31.6,0.215,0.316,0.281,1.7,BASEBALL_SAVANT_PITCH_ARSENAL_CURRENT_SEASON,2026-08-28T17:22:48+00:00,SAVANT_ARSENAL_SCHEMA_V1,CURRENT
667297,"Nance, Tommy",2026,61,27,44.3,9.2,24.8,48.4,0.181,0.154,0.178,26.7,6.0,77.653028182,,,,CU,Curveball,29.9,235,21.6,0.143,0.161,0.184,1.2,BASEBALL_SAVANT_PITCH_ARSENAL_CURRENT_SEASON,2026-08-28T17:22:48+00:00,SAVANT_ARSENAL_SCHEMA_V1,CURRENT
667297,"Nance, Tommy",2026,56,2,3.6,9.2,13.0,48.4,0.445,0.375,0.611,41.7,6.0,77.653028182,,,,SI,Sinker,28.0,220,7.1,0.438,0.625,0.48,-2.4,BASEBALL_SAVANT_PITCH_ARSENAL_CURRENT_SEASON,2026-08-28T17:22:48+00:00,SAVANT_ARSENAL_SCHEMA_V1,CURRENT
677053,"Nardi, Andrew",2026,48,14,29.2,11.1,29.0,47.9,0.345,0.252,0.406,48.1,13.3,77.222368667,,,,FF,4-Seam Fastball,47.9,181,25.0,0.25,0.3,0.311,1.1,BASEBALL_SAVANT_PITCH_ARSENAL_CURRENT_SEASON,2026-08-28T17:22:48+00:00,SAVANT_ARSENAL_SCHEMA_V1,CURRENT
677053,"Nardi, Andrew",2026,20,7,35.0,11.1,40.5,47.9,0.385,0.259,0.576,36.4,13.3,77.222368667,,,,ST,Sweeper,23.0,87,22.6,0.278,0.667,0.423,-3.2,BASEBALL_SAVANT_PITCH_ARSENAL_CURRENT_SEASON,2026-08-28T17:22:48+00:00,SAVANT_ARSENAL_SCHEMA_V1,CURRENT
677053,"Nardi, Andrew",2026,16,4,25.0,11.1,25.9,47.9,0.36,0.217,0.597,54.5,13.3,77.222368667,,,,SL,Slider,15.6,59,30.8,0.2,0.533,0.325,2.0,BASEBALL_SAVANT_PITCH_ARSENAL_CURRENT_SEASON,2026-08-28T17:22:48+00:00,SAVANT_ARSENAL_SCHEMA_V1,CURRENT
677053,"Nardi, Andrew",2026,12,2,16.7,11.1,30.0,47.9,0.284,0.209,0.368,33.3,13.3,77.222368667,,,,CH,Changeup,11.6,44,14.3,0.273,0.545,0.375,-3.1,BASEBALL_SAVANT_PITCH_ARSENAL_CURRENT_SEASON,2026-08-28T17:22:48+00:00,SAVANT_ARSENAL_SCHEMA_V1,CURRENT
677053,"Nardi, Andrew",2026,3,0,0.0,11.1,0.0,47.9,0.354,0.201,0.209,50.0,13.3,77.222368667,,,,SI,Sinker,1.9,7,0.0,0.0,0.0,0.233,1.4,BASEBALL_SAVANT_PITCH_ARSENAL_CURRENT_SEASON,2026-08-28T17:22:48+00:00,SAVANT_ARSENAL_SCHEMA_V1,CURRENT
696519,"Natera Jr., Samy",2026,77,26,33.8,9.6,32.2,47.6,0.24,0.17,0.265,34.9,5.9,77.762272308,,,,FF,4-Seam Fastball,81.0,374,25.2,0.145,0.217,0.212,2.5,BASEBALL_SAVANT_PITCH_ARSENAL_CURRENT_SEASON,2026-08-28T17:22:48+00:00,SAVANT_ARSENAL_SCHEMA_V1,CURRENT
696519,"Natera Jr., Samy",2026,26,15,57.7,9.6,60.5,47.6,0.166,0.084,0.141,12.5,5.9,77.762272308,,,,SL,Slider,18.0,83,38.5,0.13,0.261,0.227,-0.2,BASEBALL_SAVANT_PITCH_ARSENAL_CURRENT_SEASON,2026-08-28T17:22:48+00:00,SAVANT_ARSENAL_SCHEMA_V1,CURRENT
696519,"Natera Jr., Samy",2026,1,1,100.0,9.6,50.0,47.6,0.0,0.147,0.231,31.4,5.9,77.762272308,,,,FS,Split-Finger,1.1,5,33.3,0.0,0.0,0.0,-0.4,BASEBALL_SAVANT_PITCH_ARSENAL_CURRENT_SEASON,2026-08-28T17:22:48+00:00,SAVANT_ARSENAL_SCHEMA_V1,CURRENT
669194,"Nelson, Ryne",2026,214,38,17.8,6.2,19.8,54.2,0.357,0.263,0.506,46.2,10.2,80.202420909,,,,FF,4-Seam Fastball,56.8,734,15.4,0.23,0.434,0.322,0.3,BASEBALL_SAVANT_PITCH_ARSENAL_CURRENT_SEASON,2026-08-28T17:22:48+00:00,SAVANT_ARSENAL_SCHEMA_V1,CURRENT
669194,"Nelson, Ryne",2026,80,19,23.8,6.2,26.8,54.2,0.322,0.26,0.459,43.9,10.2,80.202420909,,,,SL,Slider,20.0,259,21.1,0.293,0.533,0.386,-2.3,BASEBALL_SAVANT_PITCH_ARSENAL_CURRENT_SEASON,2026-08-28T17:22:48+00:00,SAVANT_ARSENAL_SCHEMA_V1,CURRENT
669194,"Nelson, Ryne",2026,24,0,0.0,6.2,15.5,54.2,0.383,0.291,0.508,23.8,10.2,80.202420909,,,,FC,Cutter,9.9,128,0.0,0.286,0.476,0.373,-0.2,BASEBALL_SAVANT_PITCH_ARSENAL_CURRENT_SEASON,2026-08-28T17:22:48+00:00,SAVANT_ARSENAL_SCHEMA_V1,CURRENT
669194,"Nelson, Ryne",2026,25,5,20.0,6.2,21.4,54.2,0.317,0.223,0.46,38.9,10.2,80.202420909,,,,CU,Curveball,9.5,123,12.8,0.182,0.409,0.272,-2.1,BASEBALL_SAVANT_PITCH_ARSENAL_CURRENT_SEASON,2026-08-28T17:22:48+00:00,SAVANT_ARSENAL_SCHEMA_V1,CURRENT
669194,"Nelson, Ryne",2026,11,0,0.0,6.2,21.4,54.2,0.418,0.268,0.745,45.5,10.2,80.202420909,,,,SI,Sinker,3.7,48,0.0,0.364,1.0,0.559,-3.3,BASEBALL_SAVANT_PITCH_ARSENAL_CURRENT_SEASON,2026-08-28T17:22:48+00:00,SAVANT_ARSENAL_SCHEMA_V1,CURRENT
656794,"Newcomb, Sean",2026,111,37,33.3,8.9,30.6,45.1,0.26,0.189,0.291,29.0,5.5,77.396352551,,,,FF,4-Seam Fastball,38.0,446,25.7,0.155,0.237,0.235,2.2,BASEBALL_SAVANT_PITCH_ARSENAL_CURRENT_SEASON,2026-08-28T17:22:48+00:00,SAVANT_ARSENAL_SCHEMA_V1,CURRENT
656794,"Newcomb, Sean",2026,80,23,28.7,8.9,31.1,45.1,0.261,0.213,0.296,34.0,5.5,77.396352551,,,,SV,Slurve,32.4,381,21.5,0.181,0.278,0.239,1.3,BASEBALL_SAVANT_PITCH_ARSENAL_CURRENT_SEASON,2026-08-28T17:22:48+00:00,SAVANT_ARSENAL_SCHEMA_V1,CURRENT
656794,"Newcomb, Sean",2026,79,5,6.3,8.9,10.8,45.1,0.415,0.362,0.514,47.7,5.5,77.396352551,,,,SI,Sinker,22.0,259,11.6,0.314,0.414,0.361,0.0,BASEBALL_SAVANT_PITCH_ARSENAL_CURRENT_SEASON,2026-08-28T17:22:48+00:00,SAVANT_ARSENAL_SCHEMA_V1,CURRENT
656794,"Newcomb, Sean",2026,13,3,23.1,8.9,16.7,45.1,0.14,0.101,0.109,33.3,5.5,77.396352551,,,,CU,Curveball,3.1,36,11.1,0.0,0.0,0.054,3.8,BASEBALL_SAVANT_PITCH_ARSENAL_CURRENT_SEASON,2026-08-28T17:22:48+00:00,SAVANT_ARSENAL_SCHEMA_V1,CURRENT
656794,"Newcomb, Sean",2026,11,0,0.0,8.9,5.9,45.1,0.358,0.343,0.488,36.4,5.5,77.396352551,,,,CH,Changeup,2.8,33,0.0,0.273,0.455,0.391,-2.2,BASEBALL_SAVANT_PITCH_ARSENAL_CURRENT_SEASON,2026-08-28T17:22:48+00:00,SAVANT_ARSENAL_SCHEMA_V1,CURRENT
656794,"Newcomb, Sean",2026,5,0,0.0,8.9,0.0,45.1,0.347,0.286,0.306,25.0,5.5,77.396352551,,,,FC,Cutter,1.7,20,0.0,0.25,0.25,0.32,-2.1,BASEBALL_SAVANT_PITCH_ARSENAL_CURRENT_SEASON,2026-08-28T17:22:48+00:00,SAVANT_ARSENAL_SCHEMA_V1,CURRENT
693312,"Nicolas, Kyle",2026,27,5,18.5,31.0,17.2,29.8,0.441,0.235,0.445,33.3,5.0,75.944937,,,,FF,4-Seam Fastball,48.5,96,20.8,0.294,0.529,0.48,-3.1,BASEBALL_SAVANT_PITCH_ARSENAL_CURRENT_SEASON,2026-08-28T17:22:48+00:00,SAVANT_ARSENAL_SCHEMA_V1,CURRENT
693312,"Nicolas, Kyle",2026,9,0,0.0,31.0,31.8,29.8,0.455,0.296,0.317,16.7,5.0,75.944937,,,,SL,Slider,33.3,66,0.0,0.167,0.167,0.429,-0.3,BASEBALL_SAVANT_PITCH_ARSENAL_CURRENT_SEASON,2026-08-28T17:22:48+00:00,SAVANT_ARSENAL_SCHEMA_V1,CURRENT
693312,"Nicolas, Kyle",2026,5,2,40.0,31.0,33.3,29.8,0.308,0.271,0.452,66.7,5.0,75.944937,,,,CU,Curveball,16.2,32,22.2,0.2,0.2,0.18,-0.1,BASEBALL_SAVANT_PITCH_ARSENAL_CURRENT_SEASON,2026-08-28T17:22:48+00:00,SAVANT_ARSENAL_SCHEMA_V1,CURRENT
693312,"Nicolas, Kyle",2026,1,0,0.0,31.0,0.0,29.8,0.765,0.823,0.905,0.0,5.0,75.944937,,,,SI,Sinker,2.0,4,0.0,1.0,1.0,0.9,-12.1,BASEBALL_SAVANT_PITCH_ARSENAL_CURRENT_SEASON,2026-08-28T17:22:48+00:00,SAVANT_ARSENAL_SCHEMA_V1,CURRENT
680951,"Nikhazy, Doug",2026,6,0,0.0,22.2,14.3,30.8,0.301,0.241,0.261,40.0,0.0,75.657836667,,,,FF,4-Seam Fastball,46.2,18,,0.2,0.2,0.267,3.4,BASEBALL_SAVANT_PITCH_ARSENAL_CURRENT_SEASON,2026-08-28T17:22:48+00:00,SAVANT_ARSENAL_SCHEMA_V1,CURRENT
680951,"Nikhazy, Doug",2026,2,1,50.0,22.2,33.3,30.8,0.056,0.062,0.074,0.0,0.0,75.657836667,,,,SI,Sinker,15.4,6,50.0,0.0,0.0,0.0,8.2,BASEBALL_SAVANT_PITCH_ARSENAL_CURRENT_SEASON,2026-08-28T17:22:48+00:00,SAVANT_ARSENAL_SCHEMA_V1,CURRENT
680951,"Nikhazy, Doug",2026,1,0,0.0,22.2,33.3,30.8,0.7,0.19,0.208,33.3,0.0,75.657836667,,,,SL,Slider,7.7,3,0.0,,,0.7,-16.8,BASEBALL_SAVANT_PITCH_ARSENAL_CURRENT_SEASON,2026-08-28T17:22:48+00:00,SAVANT_ARSENAL_SCHEMA_V1,CURRENT
605400,"Nola, Aaron",2026,218,89,40.8,8.0,43.2,45.8,0.23,0.175,0.296,29.3,9.7,77.178822976,,,,CU,Curveball,33.2,815,28.2,0.172,0.34,0.256,1.2,BASEBALL_SAVANT_PITCH_ARSENAL_CURRENT_SEASON,2026-08-28T17:22:48+00:00,SAVANT_ARSENAL_SCHEMA_V1,CURRENT
605400,"Nola, Aaron",2026,121,21,17.4,8.0,13.7,45.8,0.401,0.298,0.595,52.7,9.7,77.178822976,,,,FF,4-Seam Fastball,23.6,580,14.8,0.342,0.703,0.458,-2.4,BASEBALL_SAVANT_PITCH_ARSENAL_CURRENT_SEASON,2026-08-28T17:22:48+00:00,SAVANT_ARSENAL_SCHEMA_V1,CURRENT
605400,"Nola, Aaron",2026,130,24,18.5,8.0,12.0,45.8,0.373,0.281,0.508,42.4,9.7,77.178822976,,,,SI,Sinker,18.7,459,16.6,0.348,0.661,0.453,-2.7,BASEBALL_SAVANT_PITCH_ARSENAL_CURRENT_SEASON,2026-08-28T17:22:48+00:00,SAVANT_ARSENAL_SCHEMA_V1,CURRENT
605400,"Nola, Aaron",2026,91,13,14.3,8.0,27.6,45.8,0.308,0.251,0.348,43.5,9.7,77.178822976,,,,CH,Changeup,16.2,398,14.8,0.212,0.275,0.267,0.6,BASEBALL_SAVANT_PITCH_ARSENAL_CURRENT_SEASON,2026-08-28T17:22:48+00:00,SAVANT_ARSENAL_SCHEMA_V1,CURRENT
605400,"Nola, Aaron",2026,46,6,13.0,8.0,27.2,45.8,0.345,0.31,0.454,44.7,9.7,77.178822976,,,,FC,Cutter,7.5,185,18.2,0.432,0.614,0.464,-2.7,BASEBALL_SAVANT_PITCH_ARSENAL_CURRENT_SEASON,2026-08-28T17:22:48+00:00,SAVANT_ARSENAL_SCHEMA_V1,CURRENT
605400,"Nola, Aaron",2026,8,0,0.0,8.0,26.7,45.8,0.314,0.21,0.399,57.1,9.7,77.178822976,,,,SL,Slider,90.0,21,0.0,0.286,0.714,0.45,-3.8,BASEBALL_SAVANT_PITCH_ARSENAL_CURRENT_SEASON,2026-08-28T17:22:48+00:00,SAVANT_ARSENAL_SCHEMA_V1,CURRENT
689296,"Nunez, Anthony",2026,66,27,40.9,11.7,47.9,48.1,0.216,0.147,0.226,28.1,6.7,76.495213846,,,,ST,Sweeper,29.9,253,27.0,0.138,0.172,0.221,1.7,BASEBALL_SAVANT_PITCH_ARSENAL_CURRENT_SEASON,2026-08-28T17:22:48+00:00,SAVANT_ARSENAL_SCHEMA_V1,CURRENT
689296,"Nunez, Anthony",2026,54,7,13.0,11.7,22.9,48.1,0.337,0.251,0.454,38.1,6.7,76.495213846,,,,FF,4-Seam Fastball,29.2,247,10.4,0.319,0.596,0.417,-0.8,BASEBALL_SAVANT_PITCH_ARSENAL_CURRENT_SEASON,2026-08-28T17:22:48+00:00,SAVANT_ARSENAL_SCHEMA_V1,CURRENT
689296,"Nunez, Anthony",2026,49,14,28.6,11.7,39.6,48.1,0.304,0.235,0.314,46.4,6.7,76.495213846,,,,CH,Changeup,22.5,190,20.0,0.122,0.195,0.218,1.1,BASEBALL_SAVANT_PITCH_ARSENAL_CURRENT_SEASON,2026-08-28T17:22:48+00:00,SAVANT_ARSENAL_SCHEMA_V1,CURRENT
689296,"Nunez, Anthony",2026,29,2,6.9,11.7,14.8,48.1,0.452,0.34,0.602,40.9,6.7,76.495213846,,,,SI,Sinker,13.2,112,18.2,0.458,0.667,0.555,-2.7,BASEBALL_SAVANT_PITCH_ARSENAL_CURRENT_SEASON,2026-08-28T17:22:48+00:00,SAVANT_ARSENAL_SCHEMA_V1,CURRENT
689296,"Nunez, Anthony",2026,14,3,21.4,11.7,36.0,48.1,0.35,0.214,0.563,60.0,6.7,76.495213846,,,,FC,Cutter,5.2,44,37.5,0.154,0.385,0.257,2.9,BASEBALL_SAVANT_PITCH_ARSENAL_CURRENT_SEASON,2026-08-28T17:22:48+00:00,SAVANT_ARSENAL_SCHEMA_V1,CURRENT
673380,"Núñez, Dedniel",2026,19,0,0.0,0.0,17.1,64.2,0.437,0.369,0.663,52.6,10.0,81.86641,,,,FF,4-Seam Fastball,60.4,64,0.0,0.421,0.895,0.597,-7.3,BASEBALL_SAVANT_PITCH_ARSENAL_CURRENT_SEASON,2026-08-28T17:22:48+00:00,SAVANT_ARSENAL_SCHEMA_V1,CURRENT
673380,"Núñez, Dedniel",2026,18,7,38.9,0.0,51.9,64.2,0.266,0.198,0.441,27.3,10.0,81.86641,,,,SL,Slider,39.6,42,41.2,0.278,0.444,0.311,0.1,BASEBALL_SAVANT_PITCH_ARSENAL_CURRENT_SEASON,2026-08-28T17:22:48+00:00,SAVANT_ARSENAL_SCHEMA_V1,CURRENT
676617,"O'Brien, Riley",2026,150,27,18.0,9.8,17.4,43.8,0.354,0.291,0.436,39.3,6.8,77.176575278,,,,SI,Sinker,59.9,552,19.1,0.258,0.348,0.324,0.8,BASEBALL_SAVANT_PITCH_ARSENAL_CURRENT_SEASON,2026-08-28T17:22:48+00:00,SAVANT_ARSENAL_SCHEMA_V1,CURRENT
676617,"O'Brien, Riley",2026,60,23,38.3,9.8,43.9,43.8,0.25,0.131,0.212,30.8,6.8,77.176575278,,,,ST,Sweeper,31.5,290,17.0,0.143,0.184,0.249,-0.2,BASEBALL_SAVANT_PITCH_ARSENAL_CURRENT_SEASON,2026-08-28T17:22:48+00:00,SAVANT_ARSENAL_SCHEMA_V1,CURRENT
676617,"O'Brien, Riley",2026,22,4,18.2,9.8,20.0,43.8,0.394,0.239,0.548,73.3,6.8,77.176575278,,,,SL,Slider,7.7,71,20.0,0.167,0.389,0.284,1.4,BASEBALL_SAVANT_PITCH_ARSENAL_CURRENT_SEASON,2026-08-28T17:22:48+00:00,SAVANT_ARSENAL_SCHEMA_V1,CURRENT
676617,"O'Brien, Riley",2026,1,0,0.0,9.8,100.0,43.8,0.7,0.247,0.392,41.2,6.8,77.176575278,,,,CH,Changeup,100.0,9,0.0,,,0.7,-4.2,BASEBALL_SAVANT_PITCH_ARSENAL_CURRENT_SEASON,2026-08-28T17:22:48+00:00,SAVANT_ARSENAL_SCHEMA_V1,CURRENT
641927,"Ober, Bailey",2026,161,25,15.5,6.3,22.6,48.9,0.364,0.286,0.499,34.1,10.3,77.644104914,,,,CH,Changeup,34.0,583,13.0,0.27,0.446,0.344,-1.3,BASEBALL_SAVANT_PITCH_ARSENAL_CURRENT_SEASON,2026-08-28T17:22:48+00:00,SAVANT_ARSENAL_SCHEMA_V1,CURRENT
641927,"Ober, Bailey",2026,146,17,11.6,6.3,15.0,48.9,0.342,0.25,0.482,42.7,10.3,77.644104914,,,,FF,4-Seam Fastball,32.7,561,12.6,0.284,0.522,0.371,0.0,BASEBALL_SAVANT_PITCH_ARSENAL_CURRENT_SEASON,2026-08-28T17:22:48+00:00,SAVANT_ARSENAL_SCHEMA_V1,CURRENT
641927,"Ober, Bailey",2026,83,13,15.7,6.3,12.8,48.9,0.303,0.253,0.439,38.2,10.3,77.644104914,,,,SL,Slider,17.1,293,18.1,0.237,0.4,0.283,0.8,BASEBALL_SAVANT_PITCH_ARSENAL_CURRENT_SEASON,2026-08-28T17:22:48+00:00,SAVANT_ARSENAL_SCHEMA_V1,CURRENT
641927,"Ober, Bailey",2026,49,19,38.8,6.3,41.9,48.9,0.174,0.135,0.187,11.1,10.3,77.644104914,,,,ST,Sweeper,12.1,208,21.8,0.087,0.109,0.123,3.1,BASEBALL_SAVANT_PITCH_ARSENAL_CURRENT_SEASON,2026-08-28T17:22:48+00:00,SAVANT_ARSENAL_SCHEMA_V1,CURRENT
641927,"Ober, Bailey",2026,13,0,0.0,6.3,9.1,48.9,0.578,0.378,0.986,50.0,10.3,77.644104914,,,,SI,Sinker,2.7,46,0.0,0.417,0.917,0.569,-4.2,BASEBALL_SAVANT_PITCH_ARSENAL_CURRENT_SEASON,2026-08-28T17:22:48+00:00,SAVANT_ARSENAL_SCHEMA_V1,CURRENT
641927,"Ober, Bailey",2026,5,0,0.0,6.3,0.0,48.9,0.628,0.415,1.048,25.0,10.3,77.644104914,,,,CU,Curveball,1.5,26,0.0,0.25,0.5,0.39,-0.8,BASEBALL_SAVANT_PITCH_ARSENAL_CURRENT_SEASON,2026-08-28T17:22:48+00:00,SAVANT_ARSENAL_SCHEMA_V1,CURRENT
660271,"Ohtani, Shohei",2026,166,42,25.3,7.6,26.9,47.5,0.261,0.2,0.311,39.4,3.8,76.583839906,,,,FF,4-Seam Fastball,45.1,602,26.9,0.193,0.307,0.263,1.7,BASEBALL_SAVANT_PITCH_ARSENAL_CURRENT_SEASON,2026-08-28T17:22:48+00:00,SAVANT_ARSENAL_SCHEMA_V1,CURRENT
660271,"Ohtani, Shohei",2026,91,32,35.2,7.6,37.7,47.5,0.226,0.187,0.257,20.8,3.8,76.583839906,,,,ST,Sweeper,29.4,393,28.1,0.129,0.176,0.17,3.1,BASEBALL_SAVANT_PITCH_ARSENAL_CURRENT_SEASON,2026-08-28T17:22:48+00:00,SAVANT_ARSENAL_SCHEMA_V1,CURRENT
660271,"Ohtani, Shohei",2026,22,8,36.4,7.6,38.7,47.5,0.22,0.117,0.149,20.0,3.8,76.583839906,,,,CU,Curveball,10.0,133,19.0,0.111,0.111,0.209,-0.5,BASEBALL_SAVANT_PITCH_ARSENAL_CURRENT_SEASON,2026-08-28T17:22:48+00:00,SAVANT_ARSENAL_SCHEMA_V1,CURRENT
660271,"Ohtani, Shohei",2026,35,10,28.6,7.6,34.5,47.5,0.237,0.251,0.292,36.0,3.8,76.583839906,,,,FS,Split-Finger,8.5,114,21.3,0.294,0.382,0.296,-1.5,BASEBALL_SAVANT_PITCH_ARSENAL_CURRENT_SEASON,2026-08-28T17:22:48+00:00,SAVANT_ARSENAL_SCHEMA_V1,CURRENT
660271,"Ohtani, Shohei",2026,20,3,15.0,7.6,20.7,47.5,0.345,0.211,0.235,45.5,3.8,76.583839906,,,,SI,Sinker,5.2,69,42.9,0.143,0.214,0.318,0.6,BASEBALL_SAVANT_PITCH_ARSENAL_CURRENT_SEASON,2026-08-28T17:22:48+00:00,SAVANT_ARSENAL_SCHEMA_V1,CURRENT
660271,"Ohtani, Shohei",2026,3,0,0.0,7.6,10.0,47.5,0.523,0.474,1.107,33.3,3.8,76.583839906,,,,SL,Slider,1.1,15,0.0,0.0,0.0,0.0,1.8,BASEBALL_SAVANT_PITCH_ARSENAL_CURRENT_SEASON,2026-08-28T17:22:48+00:00,SAVANT_ARSENAL_SCHEMA_V1,CURRENT
660271,"Ohtani, Shohei",2026,3,0,0.0,7.6,0.0,47.5,0.537,0.472,0.579,50.0,3.8,76.583839906,,,,FC,Cutter,70.0,9,,0.5,0.5,0.533,-3.1,BASEBALL_SAVANT_PITCH_ARSENAL_CURRENT_SEASON,2026-08-28T17:22:48+00:00,SAVANT_ARSENAL_SCHEMA_V1,CURRENT
595345,"Okert, Steven",2026,177,49,27.7,5.5,35.0,50.1,0.255,0.189,0.344,29.1,7.1,76.798499643,,,,SL,Slider,66.7,684,20.8,0.18,0.323,0.25,1.6,BASEBALL_SAVANT_PITCH_ARSENAL_CURRENT_SEASON,2026-08-28T17:22:48+00:00,SAVANT_ARSENAL_SCHEMA_V1,CURRENT
595345,"Okert, Steven",2026,66,17,25.8,5.5,20.0,50.1,0.322,0.256,0.42,55.8,7.1,76.798499643,,,,FF,4-Seam Fastball,27.8,285,16.3,0.237,0.373,0.298,-0.3,BASEBALL_SAVANT_PITCH_ARSENAL_CURRENT_SEASON,2026-08-28T17:22:48+00:00,SAVANT_ARSENAL_SCHEMA_V1,CURRENT
595345,"Okert, Steven",2026,13,0,0.0,5.5,5.3,50.1,0.343,0.312,0.404,33.3,7.1,76.798499643,,,,SI,Sinker,5.4,55,0.0,0.083,0.167,0.15,4.1,BASEBALL_SAVANT_PITCH_ARSENAL_CURRENT_SEASON,2026-08-28T17:22:48+00:00,SAVANT_ARSENAL_SCHEMA_V1,CURRENT
681544,"Olds, Wyatt",2026,11,2,18.2,12.5,18.2,50.5,0.342,0.225,0.255,16.7,0.0,84.3690625,,,,FF,4-Seam Fastball,45.1,41,22.2,0.125,0.125,0.273,2.4,BASEBALL_SAVANT_PITCH_ARSENAL_CURRENT_SEASON,2026-08-28T17:22:48+00:00,SAVANT_ARSENAL_SCHEMA_V1,CURRENT
681544,"Olds, Wyatt",2026,10,4,40.0,12.5,56.3,50.5,0.226,0.17,0.187,50.0,0.0,84.3690625,,,,SL,Slider,35.2,32,40.0,0.2,0.2,0.34,-1.6,BASEBALL_SAVANT_PITCH_ARSENAL_CURRENT_SEASON,2026-08-28T17:22:48+00:00,SAVANT_ARSENAL_SCHEMA_V1,CURRENT
681544,"Olds, Wyatt",2026,3,0,0.0,12.5,14.3,50.5,0.333,0.353,0.399,33.3,0.0,84.3690625,,,,FC,Cutter,18.7,17,0.0,0.333,0.333,0.6,-6.2,BASEBALL_SAVANT_PITCH_ARSENAL_CURRENT_SEASON,2026-08-28T17:22:48+00:00,SAVANT_ARSENAL_SCHEMA_V1,CURRENT
679358,"Orze, Eric",2026,99,22,22.2,11.1,27.3,43.4,0.278,0.247,0.334,24.3,7.0,74.549417813,,,,FS,Split-Finger,50.2,340,23.2,0.253,0.368,0.31,-0.6,BASEBALL_SAVANT_PITCH_ARSENAL_CURRENT_SEASON,2026-08-28T17:22:48+00:00,SAVANT_ARSENAL_SCHEMA_V1,CURRENT
679358,"Orze, Eric",2026,56,12,21.4,11.1,8.2,43.4,0.356,0.239,0.401,42.4,7.0,74.549417813,,,,FF,4-Seam Fastball,26.1,177,28.6,0.279,0.442,0.397,-0.8,BASEBALL_SAVANT_PITCH_ARSENAL_CURRENT_SEASON,2026-08-28T17:22:48+00:00,SAVANT_ARSENAL_SCHEMA_V1,CURRENT
679358,"Orze, Eric",2026,23,1,4.3,11.1,21.2,43.4,0.299,0.213,0.342,21.1,7.0,74.549417813,,,,SL,Slider,14.3,97,10.0,0.2,0.25,0.263,2.3,BASEBALL_SAVANT_PITCH_ARSENAL_CURRENT_SEASON,2026-08-28T17:22:48+00:00,SAVANT_ARSENAL_SCHEMA_V1,CURRENT
679358,"Orze, Eric",2026,9,1,11.1,11.1,26.1,43.4,0.449,0.463,0.572,37.5,7.0,74.549417813,,,,CU,Curveball,9.3,63,7.1,0.444,0.444,0.4,-0.8,BASEBALL_SAVANT_PITCH_ARSENAL_CURRENT_SEASON,2026-08-28T17:22:48+00:00,SAVANT_ARSENAL_SCHEMA_V1,CURRENT
670912,"Oviedo, Johan",2026,6,1,16.7,5.6,21.4,51.4,0.39,0.366,0.545,80.0,23.1,81.915164286,,,,FF,4-Seam Fastball,34.7,25,11.1,0.5,1.167,0.692,-9.6,BASEBALL_SAVANT_PITCH_ARSENAL_CURRENT_SEASON,2026-08-28T17:22:48+00:00,SAVANT_ARSENAL_SCHEMA_V1,CURRENT
670912,"Oviedo, Johan",2026,4,0,0.0,5.6,11.1,51.4,0.271,0.028,0.028,33.3,23.1,81.915164286,,,,CU,Curveball,25.0,18,0.0,0.0,0.0,0.175,1.3,BASEBALL_SAVANT_PITCH_ARSENAL_CURRENT_SEASON,2026-08-28T17:22:48+00:00,SAVANT_ARSENAL_SCHEMA_V1,CURRENT
670912,"Oviedo, Johan",2026,5,2,40.0,5.6,25.0,51.4,0.518,0.279,0.868,50.0,23.1,81.915164286,,,,SL,Slider,19.4,14,66.7,0.25,1.0,0.54,-4.3,BASEBALL_SAVANT_PITCH_ARSENAL_CURRENT_SEASON,2026-08-28T17:22:48+00:00,SAVANT_ARSENAL_SCHEMA_V1,CURRENT
670912,"Oviedo, Johan",2026,3,0,0.0,5.6,0.0,51.4,0.888,0.566,1.572,66.7,23.1,81.915164286,,,,SI,Sinker,19.4,14,0.0,0.667,1.0,0.717,-6.0,BASEBALL_SAVANT_PITCH_ARSENAL_CURRENT_SEASON,2026-08-28T17:22:48+00:00,SAVANT_ARSENAL_SCHEMA_V1,CURRENT
663978,"Paddack, Chris",2026,84,15,17.9,7.1,16.4,50.1,0.358,0.294,0.434,37.3,8.4,77.7658922,,,,FF,4-Seam Fastball,34.5,350,12.6,0.38,0.507,0.421,-1.1,BASEBALL_SAVANT_PITCH_ARSENAL_CURRENT_SEASON,2026-08-28T17:22:48+00:00,SAVANT_ARSENAL_SCHEMA_V1,CURRENT
663978,"Paddack, Chris",2026,92,17,18.5,7.1,27.5,50.1,0.285,0.256,0.375,31.9,8.4,77.7658922,,,,CH,Changeup,27.2,276,15.7,0.27,0.371,0.315,-0.3,BASEBALL_SAVANT_PITCH_ARSENAL_CURRENT_SEASON,2026-08-28T17:22:48+00:00,SAVANT_ARSENAL_SCHEMA_V1,CURRENT
663978,"Paddack, Chris",2026,30,3,10.0,7.1,23.4,50.1,0.366,0.25,0.495,47.8,8.4,77.7658922,,,,FC,Cutter,13.1,133,12.5,0.28,0.68,0.485,-2.6,BASEBALL_SAVANT_PITCH_ARSENAL_CURRENT_SEASON,2026-08-28T17:22:48+00:00,SAVANT_ARSENAL_SCHEMA_V1,CURRENT
663978,"Paddack, Chris",2026,23,2,8.7,7.1,25.6,50.1,0.427,0.311,0.64,42.1,8.4,77.7658922,,,,CU,Curveball,11.3,115,7.1,0.333,0.667,0.446,-2.0,BASEBALL_SAVANT_PITCH_ARSENAL_CURRENT_SEASON,2026-08-28T17:22:48+00:00,SAVANT_ARSENAL_SCHEMA_V1,CURRENT
663978,"Paddack, Chris",2026,18,3,16.7,7.1,25.0,50.1,0.319,0.255,0.501,26.7,8.4,77.7658922,,,,ST,Sweeper,7.7,78,13.0,0.222,0.444,0.316,-0.3,BASEBALL_SAVANT_PITCH_ARSENAL_CURRENT_SEASON,2026-08-28T17:22:48+00:00,SAVANT_ARSENAL_SCHEMA_V1,CURRENT
663978,"Paddack, Chris",2026,20,0,0.0,7.1,10.0,50.1,0.425,0.368,0.554,44.4,8.4,77.7658922,,,,SI,Sinker,6.1,62,0.0,0.389,0.5,0.42,-0.3,BASEBALL_SAVANT_PITCH_ARSENAL_CURRENT_SEASON,2026-08-28T17:22:48+00:00,SAVANT_ARSENAL_SCHEMA_V1,CURRENT
699151,"Paez, Jedixson",2026,8,0,0.0,18.8,15.4,46.2,0.616,0.502,1.167,57.1,23.1,89.427752857,,,,FF,4-Seam Fastball,35.4,23,0.0,0.667,1.667,0.813,-15.3,BASEBALL_SAVANT_PITCH_ARSENAL_CURRENT_SEASON,2026-08-28T17:22:48+00:00,SAVANT_ARSENAL_SCHEMA_V1,CURRENT
699151,"Paez, Jedixson",2026,5,0,0.0,18.8,37.5,46.2,0.431,0.267,0.298,33.3,23.1,89.427752857,,,,CH,Changeup,23.1,15,0.0,0.0,0.0,0.28,-0.7,BASEBALL_SAVANT_PITCH_ARSENAL_CURRENT_SEASON,2026-08-28T17:22:48+00:00,SAVANT_ARSENAL_SCHEMA_V1,CURRENT
699151,"Paez, Jedixson",2026,1,0,0.0,18.8,0.0,46.2,0.003,0.003,0.003,0.0,23.1,89.427752857,,,,FC,Cutter,16.9,11,,0.0,0.0,0.0,1.5,BASEBALL_SAVANT_PITCH_ARSENAL_CURRENT_SEASON,2026-08-28T17:22:48+00:00,SAVANT_ARSENAL_SCHEMA_V1,CURRENT
699151,"Paez, Jedixson",2026,2,0,0.0,18.8,0.0,46.2,0.396,0.207,0.765,50.0,23.1,89.427752857,,,,SI,Sinker,13.8,9,,0.0,0.0,0.0,7.2,BASEBALL_SAVANT_PITCH_ARSENAL_CURRENT_SEASON,2026-08-28T17:22:48+00:00,SAVANT_ARSENAL_SCHEMA_V1,CURRENT
641941,"Pagán, Emilio",2026,95,23,24.2,6.9,22.8,52.3,0.303,0.199,0.41,54.1,9.4,80.729467209,,,,FF,4-Seam Fastball,62.6,320,22.8,0.195,0.39,0.294,1.1,BASEBALL_SAVANT_PITCH_ARSENAL_CURRENT_SEASON,2026-08-28T17:22:48+00:00,SAVANT_ARSENAL_SCHEMA_V1,CURRENT
641941,"Pagán, Emilio",2026,16,3,18.8,6.9,40.0,52.3,0.222,0.217,0.294,23.1,9.4,80.729467209,,,,FC,Cutter,19.8,101,13.6,0.2,0.2,0.169,1.8,BASEBALL_SAVANT_PITCH_ARSENAL_CURRENT_SEASON,2026-08-28T17:22:48+00:00,SAVANT_ARSENAL_SCHEMA_V1,CURRENT
641941,"Pagán, Emilio",2026,19,7,36.8,6.9,42.1,52.3,0.28,0.208,0.397,36.4,9.4,80.729467209,,,,FS,Split-Finger,17.6,90,18.4,0.333,0.611,0.416,-4.8,BASEBALL_SAVANT_PITCH_ARSENAL_CURRENT_SEASON,2026-08-28T17:22:48+00:00,SAVANT_ARSENAL_SCHEMA_V1,CURRENT
686780,"Pagés, Pedro",2026,5,0,0.0,0.0,0.0,62.5,0.693,0.436,1.237,40.0,28.6,88.892765,,,,SL,Slider,68.8,11,0.0,0.2,0.8,0.4,-4.4,BASEBALL_SAVANT_PITCH_ARSENAL_CURRENT_SEASON,2026-08-28T17:22:48+00:00,SAVANT_ARSENAL_SCHEMA_V1,CURRENT
686780,"Pagés, Pedro",2026,2,0,0.0,0.0,0.0,62.5,0.311,0.336,0.375,50.0,28.6,88.892765,,,,CU,Curveball,25.0,4,,0.5,0.5,0.45,-4.2,BASEBALL_SAVANT_PITCH_ARSENAL_CURRENT_SEASON,2026-08-28T17:22:48+00:00,SAVANT_ARSENAL_SCHEMA_V1,CURRENT
691725,"Painter, Andrew",2026,140,15,10.7,8.3,14.2,48.7,0.41,0.32,0.561,40.0,8.6,75.305980897,,,,FF,4-Seam Fastball,32.4,510,11.4,0.363,0.613,0.448,-2.3,BASEBALL_SAVANT_PITCH_ARSENAL_CURRENT_SEASON,2026-08-28T17:22:48+00:00,SAVANT_ARSENAL_SCHEMA_V1,CURRENT
691725,"Painter, Andrew",2026,78,24,30.8,8.3,37.5,48.7,0.338,0.258,0.39,44.2,8.6,75.305980897,,,,SL,Slider,19.5,308,24.5,0.292,0.462,0.373,-1.2,BASEBALL_SAVANT_PITCH_ARSENAL_CURRENT_SEASON,2026-08-28T17:22:48+00:00,SAVANT_ARSENAL_SCHEMA_V1,CURRENT
691725,"Painter, Andrew",2026,45,5,11.1,8.3,23.6,48.7,0.322,0.252,0.385,28.6,8.6,75.305980897,,,,ST,Sweeper,15.2,240,10.2,0.231,0.436,0.33,0.2,BASEBALL_SAVANT_PITCH_ARSENAL_CURRENT_SEASON,2026-08-28T17:22:48+00:00,SAVANT_ARSENAL_SCHEMA_V1,CURRENT
691725,"Painter, Andrew",2026,42,15,35.7,8.3,38.4,48.7,0.234,0.174,0.353,30.8,8.6,75.305980897,,,,FS,Split-Finger,10.4,164,22.4,0.195,0.415,0.267,-0.4,BASEBALL_SAVANT_PITCH_ARSENAL_CURRENT_SEASON,2026-08-28T17:22:48+00:00,SAVANT_ARSENAL_SCHEMA_V1,CURRENT
691725,"Painter, Andrew",2026,49,3,6.1,8.3,8.4,48.7,0.396,0.317,0.544,36.6,8.6,75.305980897,,,,SI,Sinker,9.3,146,13.6,0.326,0.488,0.381,-0.7,BASEBALL_SAVANT_PITCH_ARSENAL_CURRENT_SEASON,2026-08-28T17:22:48+00:00,SAVANT_ARSENAL_SCHEMA_V1,CURRENT
691725,"Painter, Andrew",2026,30,8,26.7,8.3,26.3,48.7,0.221,0.166,0.284,30.0,8.6,75.305980897,,,,CU,Curveball,7.1,112,14.8,0.185,0.259,0.25,0.9,BASEBALL_SAVANT_PITCH_ARSENAL_CURRENT_SEASON,2026-08-28T17:22:48+00:00,SAVANT_ARSENAL_SCHEMA_V1,CURRENT
691725,"Painter, Andrew",2026,26,9,34.6,8.3,31.1,48.7,0.143,0.15,0.179,29.4,8.6,75.305980897,,,,CH,Changeup,6.1,96,23.1,0.115,0.115,0.138,3.5,BASEBALL_SAVANT_PITCH_ARSENAL_CURRENT_SEASON,2026-08-28T17:22:48+00:00,SAVANT_ARSENAL_SCHEMA_V1,CURRENT
694037,"Palencia, Daniel",2026,55,16,29.1,8.8,23.9,51.7,0.301,0.236,0.374,26.5,6.0,78.7699096,,,,FF,4-Seam Fastball,66.7,214,23.9,0.204,0.245,0.24,1.9,BASEBALL_SAVANT_PITCH_ARSENAL_CURRENT_SEASON,2026-08-28T17:22:48+00:00,SAVANT_ARSENAL_SCHEMA_V1,CURRENT
694037,"Palencia, Daniel",2026,17,5,29.4,8.8,45.7,51.7,0.295,0.237,0.322,30.0,6.0,78.7699096,,,,SL,Slider,25.2,81,23.8,0.4,0.667,0.485,-3.7,BASEBALL_SAVANT_PITCH_ARSENAL_CURRENT_SEASON,2026-08-28T17:22:48+00:00,SAVANT_ARSENAL_SCHEMA_V1,CURRENT
694037,"Palencia, Daniel",2026,3,0,0.0,8.8,44.4,51.7,0.419,0.331,0.651,33.3,6.0,78.7699096,,,,FS,Split-Finger,5.9,19,0.0,0.667,1.667,0.967,-9.9,BASEBALL_SAVANT_PITCH_ARSENAL_CURRENT_SEASON,2026-08-28T17:22:48+00:00,SAVANT_ARSENAL_SCHEMA_V1,CURRENT
694037,"Palencia, Daniel",2026,4,1,25.0,8.8,20.0,51.7,0.157,0.145,0.224,33.3,6.0,78.7699096,,,,SI,Sinker,2.2,7,50.0,0.25,0.25,0.225,2.1,BASEBALL_SAVANT_PITCH_ARSENAL_CURRENT_SEASON,2026-08-28T17:22:48+00:00,SAVANT_ARSENAL_SCHEMA_V1,CURRENT
669467,"Pallante, Andre",2026,186,15,8.1,7.3,14.0,44.9,0.336,0.28,0.408,40.5,5.3,75.849779904,,,,FF,4-Seam Fastball,32.0,704,11.5,0.286,0.399,0.345,0.9,BASEBALL_SAVANT_PITCH_ARSENAL_CURRENT_SEASON,2026-08-28T17:22:48+00:00,SAVANT_ARSENAL_SCHEMA_V1,CURRENT
669467,"Pallante, Andre",2026,164,44,26.8,7.3,31.5,44.9,0.271,0.218,0.343,34.9,5.3,75.849779904,,,,SL,Slider,29.6,653,20.5,0.203,0.314,0.267,2.0,BASEBALL_SAVANT_PITCH_ARSENAL_CURRENT_SEASON,2026-08-28T17:22:48+00:00,SAVANT_ARSENAL_SCHEMA_V1,CURRENT
669467,"Pallante, Andre",2026,122,11,9.0,7.3,11.7,44.9,0.322,0.273,0.35,21.6,5.3,75.849779904,,,,SI,Sinker,17.9,394,8.9,0.264,0.321,0.327,-0.2,BASEBALL_SAVANT_PITCH_ARSENAL_CURRENT_SEASON,2026-08-28T17:22:48+00:00,SAVANT_ARSENAL_SCHEMA_V1,CURRENT
669467,"Pallante, Andre",2026,86,26,30.2,7.3,30.6,44.9,0.29,0.228,0.41,39.3,5.3,75.849779904,,,,CU,Curveball,17.7,391,16.3,0.256,0.427,0.311,-1.7,BASEBALL_SAVANT_PITCH_ARSENAL_CURRENT_SEASON,2026-08-28T17:22:48+00:00,SAVANT_ARSENAL_SCHEMA_V1,CURRENT
669467,"Pallante, Andre",2026,6,1,16.7,7.3,31.8,44.9,0.148,0.156,0.187,40.0,5.3,75.849779904,,,,FS,Split-Finger,2.8,61,7.1,0.0,0.0,0.0,0.8,BASEBALL_SAVANT_PITCH_ARSENAL_CURRENT_SEASON,2026-08-28T17:22:48+00:00,SAVANT_ARSENAL_SCHEMA_V1,CURRENT
688883,"Pallette, Peyton",2026,55,9,16.4,16.5,29.1,39.8,0.423,0.281,0.466,51.6,7.1,78.551397857,,,,FF,4-Seam Fastball,52.3,231,16.1,0.275,0.425,0.41,-0.5,BASEBALL_SAVANT_PITCH_ARSENAL_CURRENT_SEASON,2026-08-28T17:22:48+00:00,SAVANT_ARSENAL_SCHEMA_V1,CURRENT
688883,"Pallette, Peyton",2026,22,9,40.9,16.5,25.7,39.8,0.287,0.252,0.315,45.5,7.1,78.551397857,,,,CU,Curveball,24.0,106,19.1,0.15,0.15,0.186,0.8,BASEBALL_SAVANT_PITCH_ARSENAL_CURRENT_SEASON,2026-08-28T17:22:48+00:00,SAVANT_ARSENAL_SCHEMA_V1,CURRENT
688883,"Pallette, Peyton",2026,19,4,21.1,16.5,31.4,39.8,0.253,0.182,0.286,23.1,7.1,78.551397857,,,,SL,Slider,22.4,99,14.3,0.176,0.412,0.292,-0.7,BASEBALL_SAVANT_PITCH_ARSENAL_CURRENT_SEASON,2026-08-28T17:22:48+00:00,SAVANT_ARSENAL_SCHEMA_V1,CURRENT
688883,"Pallette, Peyton",2026,1,0,0.0,16.5,0.0,39.8,0.117,0.122,0.157,0.0,7.1,78.551397857,,,,CH,Changeup,1.4,6,0.0,0.0,0.0,0.0,-0.9,BASEBALL_SAVANT_PITCH_ARSENAL_CURRENT_SEASON,2026-08-28T17:22:48+00:00,SAVANT_ARSENAL_SCHEMA_V1,CURRENT
687223,"Palmquist, Carson",2026,35,10,28.6,10.3,31.0,48.2,0.296,0.258,0.351,13.6,3.8,75.2212944,,,,ST,Sweeper,41.9,131,18.9,0.226,0.258,0.25,-0.5,BASEBALL_SAVANT_PITCH_ARSENAL_CURRENT_SEASON,2026-08-28T17:22:48+00:00,SAVANT_ARSENAL_SCHEMA_V1,CURRENT
687223,"Palmquist, Carson",2026,30,2,6.7,10.3,7.0,48.2,0.35,0.305,0.378,33.3,3.8,75.2212944,,,,SI,Sinker,32.6,102,13.3,0.44,0.56,0.474,-0.9,BASEBALL_SAVANT_PITCH_ARSENAL_CURRENT_SEASON,2026-08-28T17:22:48+00:00,SAVANT_ARSENAL_SCHEMA_V1,CURRENT
687223,"Palmquist, Carson",2026,9,3,33.3,10.3,22.7,48.2,0.447,0.226,0.543,33.3,3.8,75.2212944,,,,FF,4-Seam Fastball,15.7,49,13.6,0.333,0.833,0.556,-6.1,BASEBALL_SAVANT_PITCH_ARSENAL_CURRENT_SEASON,2026-08-28T17:22:48+00:00,SAVANT_ARSENAL_SCHEMA_V1,CURRENT
687223,"Palmquist, Carson",2026,4,0,0.0,10.3,26.7,48.2,0.329,0.217,0.24,0.0,3.8,75.2212944,,,,FC,Cutter,9.9,31,0.0,0.333,0.333,0.4,2.1,BASEBALL_SAVANT_PITCH_ARSENAL_CURRENT_SEASON,2026-08-28T17:22:48+00:00,SAVANT_ARSENAL_SCHEMA_V1,CURRENT
623381,"Pannone, Thomas",2026,3,0,0.0,14.3,9.1,50.0,0.494,0.523,0.602,33.3,10.0,78.04101,,,,FC,Cutter,44.6,25,0.0,0.333,0.333,0.3,1.2,BASEBALL_SAVANT_PITCH_ARSENAL_CURRENT_SEASON,2026-08-28T17:22:48+00:00,SAVANT_ARSENAL_SCHEMA_V1,CURRENT
623381,"Pannone, Thomas",2026,4,0,0.0,14.3,14.3,50.0,0.348,0.243,0.294,33.3,10.0,78.04101,,,,SI,Sinker,17.9,10,0.0,0.0,0.0,0.175,7.8,BASEBALL_SAVANT_PITCH_ARSENAL_CURRENT_SEASON,2026-08-28T17:22:48+00:00,SAVANT_ARSENAL_SCHEMA_V1,CURRENT
623381,"Pannone, Thomas",2026,2,0,0.0,14.3,0.0,50.0,1.015,0.754,2.476,100.0,10.0,78.04101,,,,CH,Changeup,10.7,6,0.0,1.0,4.0,1.35,-18.1,BASEBALL_SAVANT_PITCH_ARSENAL_CURRENT_SEASON,2026-08-28T17:22:48+00:00,SAVANT_ARSENAL_SCHEMA_V1,CURRENT
623381,"Pannone, Thomas",2026,3,2,66.7,14.3,33.3,50.0,0.056,0.052,0.083,0.0,10.0,78.04101,,,,ST,Sweeper,7.1,4,50.0,0.0,0.0,0.3,-1.7,BASEBALL_SAVANT_PITCH_ARSENAL_CURRENT_SEASON,2026-08-28T17:22:48+00:00,SAVANT_ARSENAL_SCHEMA_V1,CURRENT
623381,"Pannone, Thomas",2026,2,0,0.0,14.3,0.0,50.0,0.269,0.29,0.333,0.0,10.0,78.04101,,,,FF,4-Seam Fastball,7.1,4,0.0,0.5,0.5,0.45,-8.5,BASEBALL_SAVANT_PITCH_ARSENAL_CURRENT_SEASON,2026-08-28T17:22:48+00:00,SAVANT_ARSENAL_SCHEMA_V1,CURRENT
702474,"Paredes, Mike",2026,55,3,5.5,8.4,14.3,49.7,0.402,0.293,0.495,66.7,6.8,82.051931525,,,,FF,4-Seam Fastball,37.0,204,7.1,0.333,0.644,0.465,-2.3,BASEBALL_SAVANT_PITCH_ARSENAL_CURRENT_SEASON,2026-08-28T17:22:48+00:00,SAVANT_ARSENAL_SCHEMA_V1,CURRENT
702474,"Paredes, Mike",2026,38,3,7.9,8.4,17.4,49.7,0.323,0.29,0.38,50.0,6.8,82.051931525,,,,CH,Changeup,25.6,141,8.8,0.314,0.4,0.368,-0.6,BASEBALL_SAVANT_PITCH_ARSENAL_CURRENT_SEASON,2026-08-28T17:22:48+00:00,SAVANT_ARSENAL_SCHEMA_V1,CURRENT
702474,"Paredes, Mike",2026,37,10,27.0,8.4,28.3,49.7,0.296,0.248,0.385,25.0,6.8,82.051931525,,,,ST,Sweeper,22.0,121,20.8,0.219,0.375,0.276,-1.1,BASEBALL_SAVANT_PITCH_ARSENAL_CURRENT_SEASON,2026-08-28T17:22:48+00:00,SAVANT_ARSENAL_SCHEMA_V1,CURRENT
702474,"Paredes, Mike",2026,24,3,12.5,8.4,21.3,49.7,0.362,0.28,0.538,50.0,6.8,82.051931525,,,,FC,Cutter,15.4,85,23.1,0.136,0.364,0.226,2.3,BASEBALL_SAVANT_PITCH_ARSENAL_CURRENT_SEASON,2026-08-28T17:22:48+00:00,SAVANT_ARSENAL_SCHEMA_V1,CURRENT
680730,"Parker, Mitchell",2026,82,17,20.7,7.3,34.1,50.3,0.342,0.269,0.467,45.8,8.5,80.559445167,,,,SL,Slider,49.9,331,16.8,0.284,0.554,0.403,-2.3,BASEBALL_SAVANT_PITCH_ARSENAL_CURRENT_SEASON,2026-08-28T17:22:48+00:00,SAVANT_ARSENAL_SCHEMA_V1,CURRENT
680730,"Parker, Mitchell",2026,74,12,16.2,7.3,17.8,50.3,0.387,0.302,0.497,41.5,8.5,80.559445167,,,,FF,4-Seam Fastball,33.9,225,21.1,0.302,0.413,0.372,-0.6,BASEBALL_SAVANT_PITCH_ARSENAL_CURRENT_SEASON,2026-08-28T17:22:48+00:00,SAVANT_ARSENAL_SCHEMA_V1,CURRENT
680730,"Parker, Mitchell",2026,20,3,15.0,7.3,29.3,50.3,0.256,0.221,0.38,29.4,8.5,80.559445167,,,,CU,Curveball,15.5,103,13.0,0.3,0.65,0.398,-1.7,BASEBALL_SAVANT_PITCH_ARSENAL_CURRENT_SEASON,2026-08-28T17:22:48+00:00,SAVANT_ARSENAL_SCHEMA_V1,CURRENT
680730,"Parker, Mitchell",2026,2,2,100.0,7.3,100.0,50.3,0.0,0.272,0.462,41.9,8.5,80.559445167,,,,FS,Split-Finger,60.0,4,50.0,0.0,0.0,0.0,5.0,BASEBALL_SAVANT_PITCH_ARSENAL_CURRENT_SEASON,2026-08-28T17:22:48+00:00,SAVANT_ARSENAL_SCHEMA_V1,CURRENT
694477,"Patrick, Chad",2026,155,33,21.3,9.4,29.9,48.9,0.315,0.252,0.404,33.0,6.1,77.907542578,,,,FC,Cutter,43.0,646,24.3,0.206,0.355,0.278,1.2,BASEBALL_SAVANT_PITCH_ARSENAL_CURRENT_SEASON,2026-08-28T17:22:48+00:00,SAVANT_ARSENAL_SCHEMA_V1,CURRENT
694477,"Patrick, Chad",2026,96,28,29.2,9.4,31.3,48.9,0.28,0.211,0.327,37.9,6.1,77.907542578,,,,FF,4-Seam Fastball,25.5,383,18.3,0.176,0.271,0.246,1.7,BASEBALL_SAVANT_PITCH_ARSENAL_CURRENT_SEASON,2026-08-28T17:22:48+00:00,SAVANT_ARSENAL_SCHEMA_V1,CURRENT
694477,"Patrick, Chad",2026,92,11,12.0,9.4,12.9,48.9,0.356,0.282,0.453,45.1,6.1,77.907542578,,,,SI,Sinker,22.5,339,13.6,0.329,0.506,0.399,-0.5,BASEBALL_SAVANT_PITCH_ARSENAL_CURRENT_SEASON,2026-08-28T17:22:48+00:00,SAVANT_ARSENAL_SCHEMA_V1,CURRENT
694477,"Patrick, Chad",2026,34,10,29.4,9.4,21.7,48.9,0.242,0.213,0.282,40.9,6.1,77.907542578,,,,SV,Slurve,8.5,128,12.7,0.25,0.344,0.284,-1.6,BASEBALL_SAVANT_PITCH_ARSENAL_CURRENT_SEASON,2026-08-28T17:22:48+00:00,SAVANT_ARSENAL_SCHEMA_V1,CURRENT
694477,"Patrick, Chad",2026,3,0,0.0,9.4,0.0,48.9,0.448,0.214,0.555,50.0,6.1,77.907542578,,,,CH,Changeup,50.0,8,0.0,0.5,1.0,0.65,-12.7,BASEBALL_SAVANT_PITCH_ARSENAL_CURRENT_SEASON,2026-08-28T17:22:48+00:00,SAVANT_ARSENAL_SCHEMA_V1,CURRENT
606303,"Payamps, Joel",2026,18,4,22.2,11.1,16.1,46.4,0.377,0.279,0.51,25.0,17.4,85.2484475,,,,ST,Sweeper,45.7,69,19.0,0.313,0.563,0.408,-1.3,BASEBALL_SAVANT_PITCH_ARSENAL_CURRENT_SEASON,2026-08-28T17:22:48+00:00,SAVANT_ARSENAL_SCHEMA_V1,CURRENT
606303,"Payamps, Joel",2026,12,5,41.7,11.1,34.5,46.4,0.247,0.118,0.386,50.0,17.4,85.2484475,,,,FF,4-Seam Fastball,40.4,61,25.0,0.091,0.273,0.192,2.2,BASEBALL_SAVANT_PITCH_ARSENAL_CURRENT_SEASON,2026-08-28T17:22:48+00:00,SAVANT_ARSENAL_SCHEMA_V1,CURRENT
606303,"Payamps, Joel",2026,3,0,0.0,11.1,16.7,46.4,0.713,0.375,1.381,50.0,17.4,85.2484475,,,,SI,Sinker,10.6,16,0.0,0.5,2.0,0.9,-6.3,BASEBALL_SAVANT_PITCH_ARSENAL_CURRENT_SEASON,2026-08-28T17:22:48+00:00,SAVANT_ARSENAL_SCHEMA_V1,CURRENT
606303,"Payamps, Joel",2026,2,0,0.0,11.1,0.0,46.4,0.485,0.408,0.741,50.0,17.4,85.2484475,,,,CH,Changeup,2.6,4,,0.5,1.0,0.625,-10.9,BASEBALL_SAVANT_PITCH_ARSENAL_CURRENT_SEASON,2026-08-28T17:22:48+00:00,SAVANT_ARSENAL_SCHEMA_V1,CURRENT
606303,"Payamps, Joel",2026,1,0,0.0,11.1,0.0,46.4,0.721,0.74,0.895,100.0,17.4,85.2484475,,,,FC,Cutter,70.0,1,,1.0,1.0,0.9,-50.7,BASEBALL_SAVANT_PITCH_ARSENAL_CURRENT_SEASON,2026-08-28T17:22:48+00:00,SAVANT_ARSENAL_SCHEMA_V1,CURRENT
663878,"Pearson, Nate",2026,61,6,9.8,12.9,19.1,45.0,0.386,0.275,0.448,39.5,6.7,74.185631333,,,,FF,4-Seam Fastball,41.6,231,10.2,0.245,0.306,0.332,0.2,BASEBALL_SAVANT_PITCH_ARSENAL_CURRENT_SEASON,2026-08-28T17:22:48+00:00,SAVANT_ARSENAL_SCHEMA_V1,CURRENT
663878,"Pearson, Nate",2026,46,11,23.9,12.9,24.7,45.0,0.332,0.251,0.361,28.6,6.7,74.185631333,,,,SL,Slider,30.1,167,19.0,0.256,0.385,0.349,-1.0,BASEBALL_SAVANT_PITCH_ARSENAL_CURRENT_SEASON,2026-08-28T17:22:48+00:00,SAVANT_ARSENAL_SCHEMA_V1,CURRENT
663878,"Pearson, Nate",2026,18,2,11.1,12.9,10.5,45.0,0.266,0.177,0.227,46.2,6.7,74.185631333,,,,SI,Sinker,13.3,74,28.6,0.067,0.067,0.167,4.4,BASEBALL_SAVANT_PITCH_ARSENAL_CURRENT_SEASON,2026-08-28T17:22:48+00:00,SAVANT_ARSENAL_SCHEMA_V1,CURRENT
663878,"Pearson, Nate",2026,12,8,66.7,12.9,47.4,45.0,0.074,0.051,0.126,25.0,6.7,74.185631333,,,,CU,Curveball,11.9,66,34.8,0.0,0.0,0.0,3.0,BASEBALL_SAVANT_PITCH_ARSENAL_CURRENT_SEASON,2026-08-28T17:22:48+00:00,SAVANT_ARSENAL_SCHEMA_V1,CURRENT
663878,"Pearson, Nate",2026,3,1,33.3,12.9,33.3,45.0,0.028,0.029,0.037,0.0,6.7,74.185631333,,,,CH,Changeup,3.1,17,14.3,0.0,0.0,0.0,2.8,BASEBALL_SAVANT_PITCH_ARSENAL_CURRENT_SEASON,2026-08-28T17:22:48+00:00,SAVANT_ARSENAL_SCHEMA_V1,CURRENT
814490,"Pecko, Ethan",2026,15,3,20.0,17.9,29.6,42.9,0.376,0.257,0.336,50.0,7.7,82.270007692,,,,SI,Sinker,28.8,51,27.3,0.182,0.182,0.307,2.3,BASEBALL_SAVANT_PITCH_ARSENAL_CURRENT_SEASON,2026-08-28T17:22:48+00:00,SAVANT_ARSENAL_SCHEMA_V1,CURRENT
814490,"Pecko, Ethan",2026,8,0,0.0,17.9,19.0,42.9,0.445,0.387,0.657,50.0,7.7,82.270007692,,,,FF,4-Seam Fastball,27.7,49,0.0,0.25,0.625,0.363,-0.9,BASEBALL_SAVANT_PITCH_ARSENAL_CURRENT_SEASON,2026-08-28T17:22:48+00:00,SAVANT_ARSENAL_SCHEMA_V1,CURRENT
814490,"Pecko, Ethan",2026,8,0,0.0,17.9,27.3,42.9,0.668,0.476,1.065,80.0,7.7,82.270007692,,,,FC,Cutter,15.3,27,0.0,0.4,1.0,0.625,-5.6,BASEBALL_SAVANT_PITCH_ARSENAL_CURRENT_SEASON,2026-08-28T17:22:48+00:00,SAVANT_ARSENAL_SCHEMA_V1,CURRENT
814490,"Pecko, Ethan",2026,4,1,25.0,17.9,30.0,42.9,0.126,0.084,0.231,33.3,7.7,82.270007692,,,,CU,Curveball,13.6,24,10.0,0.0,0.0,0.0,1.6,BASEBALL_SAVANT_PITCH_ARSENAL_CURRENT_SEASON,2026-08-28T17:22:48+00:00,SAVANT_ARSENAL_SCHEMA_V1,CURRENT
814490,"Pecko, Ethan",2026,2,1,50.0,17.9,25.0,42.9,0.043,0.032,0.07,0.0,7.7,82.270007692,,,,ST,Sweeper,7.9,14,16.7,0.5,1.0,0.625,-5.1,BASEBALL_SAVANT_PITCH_ARSENAL_CURRENT_SEASON,2026-08-28T17:22:48+00:00,SAVANT_ARSENAL_SCHEMA_V1,CURRENT
814490,"Pecko, Ethan",2026,2,0,0.0,17.9,0.0,42.9,0.762,0.86,0.985,0.0,7.7,82.270007692,,,,CH,Changeup,6.8,12,0.0,1.0,1.0,0.8,-7.4,BASEBALL_SAVANT_PITCH_ARSENAL_CURRENT_SEASON,2026-08-28T17:22:48+00:00,SAVANT_ARSENAL_SCHEMA_V1,CURRENT
666711,"Peguero, Joel",2026,18,3,16.7,8.3,23.3,55.6,0.271,0.131,0.218,36.4,0.0,74.951455789,,,,FF,4-Seam Fastball,43.2,73,12.0,0.071,0.143,0.225,3.2,BASEBALL_SAVANT_PITCH_ARSENAL_CURRENT_SEASON,2026-08-28T17:22:48+00:00,SAVANT_ARSENAL_SCHEMA_V1,CURRENT
666711,"Peguero, Joel",2026,19,1,5.3,8.3,9.7,55.6,0.27,0.259,0.301,29.4,0.0,74.951455789,,,,SI,Sinker,33.7,57,9.1,0.278,0.278,0.274,1.9,BASEBALL_SAVANT_PITCH_ARSENAL_CURRENT_SEASON,2026-08-28T17:22:48+00:00,SAVANT_ARSENAL_SCHEMA_V1,CURRENT
666711,"Peguero, Joel",2026,11,1,9.1,8.3,20.0,55.6,0.201,0.156,0.19,0.0,0.0,74.951455789,,,,SL,Slider,23.1,39,6.3,0.4,0.6,0.536,-7.2,BASEBALL_SAVANT_PITCH_ARSENAL_CURRENT_SEASON,2026-08-28T17:22:48+00:00,SAVANT_ARSENAL_SCHEMA_V1,CURRENT
687239,"Peoples, Ben",2026,35,3,8.6,10.5,19.7,53.1,0.35,0.23,0.423,30.8,7.1,72.24155619,,,,FF,4-Seam Fastball,59.3,143,5.8,0.172,0.379,0.311,0.3,BASEBALL_SAVANT_PITCH_ARSENAL_CURRENT_SEASON,2026-08-28T17:22:48+00:00,SAVANT_ARSENAL_SCHEMA_V1,CURRENT
687239,"Peoples, Ben",2026,19,5,26.3,10.5,32.6,53.1,0.24,0.198,0.307,23.1,7.1,72.24155619,,,,SL,Slider,36.5,88,15.2,0.278,0.444,0.332,-1.0,BASEBALL_SAVANT_PITCH_ARSENAL_CURRENT_SEASON,2026-08-28T17:22:48+00:00,SAVANT_ARSENAL_SCHEMA_V1,CURRENT
687239,"Peoples, Ben",2026,3,0,0.0,10.5,16.7,53.1,0.184,0.199,0.209,0.0,7.1,72.24155619,,,,CH,Changeup,4.1,10,0.0,0.333,0.333,0.3,-1.7,BASEBALL_SAVANT_PITCH_ARSENAL_CURRENT_SEASON,2026-08-28T17:22:48+00:00,SAVANT_ARSENAL_SCHEMA_V1,CURRENT
691384,"Perales, Luis",2026,6,0,0.0,23.1,37.5,43.4,0.676,0.444,1.148,75.0,14.3,82.6970975,,,,FC,Cutter,32.1,17,0.0,0.5,1.25,0.717,-6.7,BASEBALL_SAVANT_PITCH_ARSENAL_CURRENT_SEASON,2026-08-28T17:22:48+00:00,SAVANT_ARSENAL_SCHEMA_V1,CURRENT
691384,"Perales, Luis",2026,4,1,25.0,23.1,33.3,43.4,0.377,0.293,0.319,100.0,14.3,82.6970975,,,,FF,4-Seam Fastball,32.1,17,25.0,0.667,0.667,0.625,-4.7,BASEBALL_SAVANT_PITCH_ARSENAL_CURRENT_SEASON,2026-08-28T17:22:48+00:00,SAVANT_ARSENAL_SCHEMA_V1,CURRENT
691384,"Perales, Luis",2026,3,2,66.7,23.1,80.0,43.4,0.076,0.078,0.09,0.0,14.3,82.6970975,,,,FS,Split-Finger,30.2,16,22.2,0.0,0.0,0.0,2.4,BASEBALL_SAVANT_PITCH_ARSENAL_CURRENT_SEASON,2026-08-28T17:22:48+00:00,SAVANT_ARSENAL_SCHEMA_V1,CURRENT
642547,"Peralta, Freddy",2026,317,57,18.0,8.7,21.7,47.3,0.342,0.259,0.429,49.1,6.1,76.102363538,,,,FF,4-Seam Fastball,52.5,1321,16.8,0.284,0.484,0.378,-0.5,BASEBALL_SAVANT_PITCH_ARSENAL_CURRENT_SEASON,2026-08-28T17:22:48+00:00,SAVANT_ARSENAL_SCHEMA_V1,CURRENT
642547,"Peralta, Freddy",2026,152,32,21.1,8.7,28.7,47.3,0.277,0.228,0.332,22.2,6.1,76.102363538,,,,CH,Changeup,22.8,575,17.2,0.252,0.381,0.319,-0.3,BASEBALL_SAVANT_PITCH_ARSENAL_CURRENT_SEASON,2026-08-28T17:22:48+00:00,SAVANT_ARSENAL_SCHEMA_V1,CURRENT
642547,"Peralta, Freddy",2026,96,31,32.3,8.7,34.3,47.3,0.236,0.191,0.315,32.8,6.1,76.102363538,,,,CU,Curveball,14.2,357,20.8,0.228,0.446,0.302,-0.1,BASEBALL_SAVANT_PITCH_ARSENAL_CURRENT_SEASON,2026-08-28T17:22:48+00:00,SAVANT_ARSENAL_SCHEMA_V1,CURRENT
642547,"Peralta, Freddy",2026,35,7,20.0,8.7,23.0,47.3,0.249,0.237,0.312,25.9,6.1,76.102363538,,,,ST,Sweeper,5.8,146,13.7,0.235,0.441,0.297,-0.6,BASEBALL_SAVANT_PITCH_ARSENAL_CURRENT_SEASON,2026-08-28T17:22:48+00:00,SAVANT_ARSENAL_SCHEMA_V1,CURRENT
642547,"Peralta, Freddy",2026,20,5,25.0,8.7,48.7,47.3,0.45,0.258,0.562,33.3,6.1,76.102363538,,,,SL,Slider,4.7,118,12.8,0.214,0.429,0.4,-0.5,BASEBALL_SAVANT_PITCH_ARSENAL_CURRENT_SEASON,2026-08-28T17:22:48+00:00,SAVANT_ARSENAL_SCHEMA_V1,CURRENT
671111,"Peralta, Sammy",2026,14,3,21.4,6.7,15.8,46.7,0.486,0.392,0.544,57.1,12.0,77.764805833,,,,SI,Sinker,31.3,47,75.0,0.4,0.5,0.482,-1.0,BASEBALL_SAVANT_PITCH_ARSENAL_CURRENT_SEASON,2026-08-28T17:22:48+00:00,SAVANT_ARSENAL_SCHEMA_V1,CURRENT
671111,"Peralta, Sammy",2026,8,3,37.5,6.7,26.7,46.7,0.312,0.215,0.531,40.0,12.0,77.764805833,,,,SL,Slider,22.7,34,33.3,0.143,0.571,0.286,-1.9,BASEBALL_SAVANT_PITCH_ARSENAL_CURRENT_SEASON,2026-08-28T17:22:48+00:00,SAVANT_ARSENAL_SCHEMA_V1,CURRENT
671111,"Peralta, Sammy",2026,8,2,25.0,6.7,26.7,46.7,0.293,0.247,0.291,60.0,12.0,77.764805833,,,,CH,Changeup,18.0,27,40.0,0.143,0.143,0.2,4.6,BASEBALL_SAVANT_PITCH_ARSENAL_CURRENT_SEASON,2026-08-28T17:22:48+00:00,SAVANT_ARSENAL_SCHEMA_V1,CURRENT
671111,"Peralta, Sammy",2026,6,0,0.0,6.7,16.7,46.7,0.377,0.229,0.685,16.7,12.0,77.764805833,,,,ST,Sweeper,16.0,24,0.0,0.5,1.167,0.692,-11.7,BASEBALL_SAVANT_PITCH_ARSENAL_CURRENT_SEASON,2026-08-28T17:22:48+00:00,SAVANT_ARSENAL_SCHEMA_V1,CURRENT
671111,"Peralta, Sammy",2026,9,6,66.7,6.7,33.3,46.7,0.237,0.194,0.21,50.0,12.0,77.764805833,,,,FF,4-Seam Fastball,12.0,18,40.0,0.125,0.25,0.217,2.0,BASEBALL_SAVANT_PITCH_ARSENAL_CURRENT_SEASON,2026-08-28T17:22:48+00:00,SAVANT_ARSENAL_SCHEMA_V1,CURRENT
593974,"Peralta, Wandy",2026,117,12,10.3,8.2,15.0,51.0,0.303,0.238,0.375,38.3,3.9,75.930423434,,,,SI,Sinker,40.8,415,14.0,0.276,0.438,0.344,0.7,BASEBALL_SAVANT_PITCH_ARSENAL_CURRENT_SEASON,2026-08-28T17:22:48+00:00,SAVANT_ARSENAL_SCHEMA_V1,CURRENT
593974,"Peralta, Wandy",2026,98,19,19.4,8.2,29.5,51.0,0.318,0.306,0.404,35.5,3.9,75.930423434,,,,CH,Changeup,33.1,337,15.8,0.266,0.383,0.291,0.2,BASEBALL_SAVANT_PITCH_ARSENAL_CURRENT_SEASON,2026-08-28T17:22:48+00:00,SAVANT_ARSENAL_SCHEMA_V1,CURRENT
593974,"Peralta, Wandy",2026,30,6,20.0,8.2,27.1,51.0,0.301,0.218,0.279,15.8,3.9,75.930423434,,,,SL,Slider,16.2,165,13.3,0.25,0.375,0.343,0.3,BASEBALL_SAVANT_PITCH_ARSENAL_CURRENT_SEASON,2026-08-28T17:22:48+00:00,SAVANT_ARSENAL_SCHEMA_V1,CURRENT
593974,"Peralta, Wandy",2026,20,3,15.0,8.2,9.3,51.0,0.362,0.301,0.4,28.6,3.9,75.930423434,,,,FF,4-Seam Fastball,9.8,100,4.7,0.353,0.353,0.375,-3.2,BASEBALL_SAVANT_PITCH_ARSENAL_CURRENT_SEASON,2026-08-28T17:22:48+00:00,SAVANT_ARSENAL_SCHEMA_V1,CURRENT
640902,"Pereda, Jhonny",2026,1,0,0.0,,0.0,,0.258,0.287,0.288,0.0,,,,,,FF,4-Seam Fastball,12.5,2,0.0,1.0,1.0,0.9,-33.4,BASEBALL_SAVANT_PITCH_ARSENAL_CURRENT_SEASON,2026-08-28T17:22:48+00:00,SAVANT_ARSENAL_SCHEMA_V1,CURRENT
678022,"Perkins, Jack",2026,131,23,17.6,9.2,15.9,47.9,0.388,0.262,0.505,37.6,8.9,78.591514453,,,,FF,4-Seam Fastball,32.8,511,15.3,0.318,0.664,0.462,-2.7,BASEBALL_SAVANT_PITCH_ARSENAL_CURRENT_SEASON,2026-08-28T17:22:48+00:00,SAVANT_ARSENAL_SCHEMA_V1,CURRENT
678022,"Perkins, Jack",2026,119,43,36.1,9.2,36.1,47.9,0.273,0.211,0.334,34.8,8.9,78.591514453,,,,ST,Sweeper,29.5,459,27.2,0.215,0.336,0.282,1.0,BASEBALL_SAVANT_PITCH_ARSENAL_CURRENT_SEASON,2026-08-28T17:22:48+00:00,SAVANT_ARSENAL_SCHEMA_V1,CURRENT
678022,"Perkins, Jack",2026,77,30,39.0,9.2,41.8,47.9,0.219,0.197,0.246,46.5,8.9,78.591514453,,,,CH,Changeup,18.5,289,25.6,0.205,0.247,0.26,0.0,BASEBALL_SAVANT_PITCH_ARSENAL_CURRENT_SEASON,2026-08-28T17:22:48+00:00,SAVANT_ARSENAL_SCHEMA_V1,CURRENT
678022,"Perkins, Jack",2026,43,2,4.7,9.2,16.8,47.9,0.29,0.267,0.407,25.0,8.9,78.591514453,,,,FC,Cutter,13.0,202,22.2,0.341,0.488,0.359,0.3,BASEBALL_SAVANT_PITCH_ARSENAL_CURRENT_SEASON,2026-08-28T17:22:48+00:00,SAVANT_ARSENAL_SCHEMA_V1,CURRENT
678022,"Perkins, Jack",2026,21,0,0.0,9.2,12.9,47.9,0.424,0.301,0.542,41.2,8.9,78.591514453,,,,SI,Sinker,3.7,57,0.0,0.471,1.059,0.693,-9.6,BASEBALL_SAVANT_PITCH_ARSENAL_CURRENT_SEASON,2026-08-28T17:22:48+00:00,SAVANT_ARSENAL_SCHEMA_V1,CURRENT
678022,"Perkins, Jack",2026,11,4,36.4,9.2,33.3,47.9,0.182,0.187,0.229,28.6,8.9,78.591514453,,,,SL,Slider,2.6,40,25.0,0.091,0.182,0.114,3.5,BASEBALL_SAVANT_PITCH_ARSENAL_CURRENT_SEASON,2026-08-28T17:22:48+00:00,SAVANT_ARSENAL_SCHEMA_V1,CURRENT
656848,"Petersen, Michael",2026,141,42,29.8,10.8,25.6,50.6,0.306,0.183,0.38,44.9,10.7,80.862820909,,,,FF,4-Seam Fastball,60.8,570,19.4,0.158,0.3,0.269,1.7,BASEBALL_SAVANT_PITCH_ARSENAL_CURRENT_SEASON,2026-08-28T17:22:48+00:00,SAVANT_ARSENAL_SCHEMA_V1,CURRENT
656848,"Petersen, Michael",2026,59,19,32.2,10.8,37.0,50.6,0.239,0.205,0.315,36.8,10.7,80.862820909,,,,SL,Slider,26.7,250,25.3,0.228,0.351,0.253,0.8,BASEBALL_SAVANT_PITCH_ARSENAL_CURRENT_SEASON,2026-08-28T17:22:48+00:00,SAVANT_ARSENAL_SCHEMA_V1,CURRENT
656848,"Petersen, Michael",2026,22,3,13.6,10.8,29.8,50.6,0.26,0.183,0.265,25.0,10.7,80.862820909,,,,CH,Changeup,12.4,116,10.3,0.263,0.368,0.332,-0.1,BASEBALL_SAVANT_PITCH_ARSENAL_CURRENT_SEASON,2026-08-28T17:22:48+00:00,SAVANT_ARSENAL_SCHEMA_V1,CURRENT
656849,"Peterson, David",2026,187,14,7.5,9.2,16.3,46.9,0.427,0.338,0.526,53.8,6.4,78.213670815,,,,SI,Sinker,30.1,586,17.5,0.286,0.448,0.383,0.0,BASEBALL_SAVANT_PITCH_ARSENAL_CURRENT_SEASON,2026-08-28T17:22:48+00:00,SAVANT_ARSENAL_SCHEMA_V1,CURRENT
656849,"Peterson, David",2026,103,17,16.5,9.2,17.4,46.9,0.336,0.266,0.393,24.7,6.4,78.213670815,,,,FF,4-Seam Fastball,24.3,473,13.1,0.3,0.478,0.38,-1.8,BASEBALL_SAVANT_PITCH_ARSENAL_CURRENT_SEASON,2026-08-28T17:22:48+00:00,SAVANT_ARSENAL_SCHEMA_V1,CURRENT
656849,"Peterson, David",2026,129,43,33.3,9.2,29.7,46.9,0.247,0.21,0.334,38.1,6.4,78.213670815,,,,SL,Slider,22.7,443,23.8,0.216,0.28,0.235,1.5,BASEBALL_SAVANT_PITCH_ARSENAL_CURRENT_SEASON,2026-08-28T17:22:48+00:00,SAVANT_ARSENAL_SCHEMA_V1,CURRENT
656849,"Peterson, David",2026,61,13,21.3,9.2,23.5,46.9,0.29,0.253,0.372,28.9,6.4,78.213670815,,,,CH,Changeup,12.9,251,19.7,0.293,0.397,0.364,-1.8,BASEBALL_SAVANT_PITCH_ARSENAL_CURRENT_SEASON,2026-08-28T17:22:48+00:00,SAVANT_ARSENAL_SCHEMA_V1,CURRENT
656849,"Peterson, David",2026,51,15,29.4,9.2,31.9,46.9,0.31,0.259,0.36,48.4,6.4,78.213670815,,,,CU,Curveball,10.1,197,22.1,0.311,0.533,0.43,-3.0,BASEBALL_SAVANT_PITCH_ARSENAL_CURRENT_SEASON,2026-08-28T17:22:48+00:00,SAVANT_ARSENAL_SCHEMA_V1,CURRENT
695534,"Petty, Chase",2026,62,2,3.2,6.5,9.3,48.2,0.424,0.317,0.559,42.3,9.1,77.668980909,,,,SI,Sinker,34.4,164,8.7,0.302,0.547,0.42,0.1,BASEBALL_SAVANT_PITCH_ARSENAL_CURRENT_SEASON,2026-08-28T17:22:48+00:00,SAVANT_ARSENAL_SCHEMA_V1,CURRENT
695534,"Petty, Chase",2026,23,2,8.7,6.5,33.3,48.2,0.319,0.239,0.37,22.2,9.1,77.668980909,,,,CH,Changeup,23.1,110,5.9,0.2,0.4,0.311,-1.0,BASEBALL_SAVANT_PITCH_ARSENAL_CURRENT_SEASON,2026-08-28T17:22:48+00:00,SAVANT_ARSENAL_SCHEMA_V1,CURRENT
695534,"Petty, Chase",2026,20,6,30.0,6.5,31.6,48.2,0.302,0.263,0.446,21.4,9.1,77.668980909,,,,ST,Sweeper,18.2,87,20.0,0.25,0.45,0.298,-1.3,BASEBALL_SAVANT_PITCH_ARSENAL_CURRENT_SEASON,2026-08-28T17:22:48+00:00,SAVANT_ARSENAL_SCHEMA_V1,CURRENT
695534,"Petty, Chase",2026,21,3,14.3,6.5,17.9,48.2,0.206,0.148,0.278,29.4,9.1,77.668980909,,,,FF,4-Seam Fastball,14.9,71,9.7,0.05,0.05,0.17,3.4,BASEBALL_SAVANT_PITCH_ARSENAL_CURRENT_SEASON,2026-08-28T17:22:48+00:00,SAVANT_ARSENAL_SCHEMA_V1,CURRENT
695534,"Petty, Chase",2026,13,2,15.4,6.5,13.6,48.2,0.464,0.407,0.589,72.7,9.1,77.668980909,,,,SL,Slider,9.4,45,20.0,0.417,0.75,0.458,-4.4,BASEBALL_SAVANT_PITCH_ARSENAL_CURRENT_SEASON,2026-08-28T17:22:48+00:00,SAVANT_ARSENAL_SCHEMA_V1,CURRENT
694297,"Pfaadt, Brandon",2026,117,16,13.7,6.0,14.6,48.9,0.289,0.221,0.356,35.6,7.6,77.884082744,,,,FF,4-Seam Fastball,25.6,406,12.6,0.226,0.358,0.294,1.5,BASEBALL_SAVANT_PITCH_ARSENAL_CURRENT_SEASON,2026-08-28T17:22:48+00:00,SAVANT_ARSENAL_SCHEMA_V1,CURRENT
694297,"Pfaadt, Brandon",2026,89,7,7.9,6.0,8.5,48.9,0.36,0.292,0.482,41.3,7.6,77.884082744,,,,SI,Sinker,17.0,270,13.7,0.293,0.488,0.373,-0.5,BASEBALL_SAVANT_PITCH_ARSENAL_CURRENT_SEASON,2026-08-28T17:22:48+00:00,SAVANT_ARSENAL_SCHEMA_V1,CURRENT
694297,"Pfaadt, Brandon",2026,67,13,19.4,6.0,24.8,48.9,0.341,0.291,0.47,31.4,7.6,77.884082744,,,,CH,Changeup,16.7,264,16.0,0.286,0.508,0.349,-0.4,BASEBALL_SAVANT_PITCH_ARSENAL_CURRENT_SEASON,2026-08-28T17:22:48+00:00,SAVANT_ARSENAL_SCHEMA_V1,CURRENT
694297,"Pfaadt, Brandon",2026,52,15,28.8,6.0,35.5,48.9,0.286,0.205,0.366,36.4,7.6,77.884082744,,,,CU,Curveball,15.4,244,21.1,0.191,0.34,0.259,0.3,BASEBALL_SAVANT_PITCH_ARSENAL_CURRENT_SEASON,2026-08-28T17:22:48+00:00,SAVANT_ARSENAL_SCHEMA_V1,CURRENT
694297,"Pfaadt, Brandon",2026,58,18,31.0,6.0,31.4,48.9,0.2,0.165,0.236,27.0,7.6,77.884082744,,,,ST,Sweeper,13.6,216,18.8,0.164,0.2,0.188,1.3,BASEBALL_SAVANT_PITCH_ARSENAL_CURRENT_SEASON,2026-08-28T17:22:48+00:00,SAVANT_ARSENAL_SCHEMA_V1,CURRENT
694297,"Pfaadt, Brandon",2026,48,3,6.3,6.0,22.9,48.9,0.289,0.259,0.363,28.6,7.6,77.884082744,,,,FC,Cutter,11.6,184,17.6,0.227,0.295,0.253,2.9,BASEBALL_SAVANT_PITCH_ARSENAL_CURRENT_SEASON,2026-08-28T17:22:48+00:00,SAVANT_ARSENAL_SCHEMA_V1,CURRENT
683175,"Phillips, Connor",2026,61,9,14.8,21.1,14.9,40.3,0.438,0.286,0.463,33.3,9.5,79.799812703,,,,FF,4-Seam Fastball,48.9,267,14.1,0.31,0.476,0.466,-1.9,BASEBALL_SAVANT_PITCH_ARSENAL_CURRENT_SEASON,2026-08-28T17:22:48+00:00,SAVANT_ARSENAL_SCHEMA_V1,CURRENT
683175,"Phillips, Connor",2026,68,18,26.5,21.1,36.7,40.3,0.305,0.194,0.305,42.1,9.5,79.799812703,,,,ST,Sweeper,48.2,263,20.9,0.127,0.218,0.243,1.2,BASEBALL_SAVANT_PITCH_ARSENAL_CURRENT_SEASON,2026-08-28T17:22:48+00:00,SAVANT_ARSENAL_SCHEMA_V1,CURRENT
683175,"Phillips, Connor",2026,4,1,25.0,21.1,16.7,40.3,0.659,0.377,1.222,100.0,9.5,79.799812703,,,,CU,Curveball,2.9,16,14.3,0.25,1.0,0.5,-11.7,BASEBALL_SAVANT_PITCH_ARSENAL_CURRENT_SEASON,2026-08-28T17:22:48+00:00,SAVANT_ARSENAL_SCHEMA_V1,CURRENT
623465,"Phillips, Evan",2026,32,10,31.3,6.9,24.6,47.2,0.332,0.254,0.499,52.4,16.3,82.7920488,,,,FF,4-Seam Fastball,46.2,134,23.8,0.258,0.387,0.292,0.8,BASEBALL_SAVANT_PITCH_ARSENAL_CURRENT_SEASON,2026-08-28T17:22:48+00:00,SAVANT_ARSENAL_SCHEMA_V1,CURRENT
623465,"Phillips, Evan",2026,24,7,29.2,6.9,31.0,47.2,0.358,0.224,0.57,46.7,16.3,82.7920488,,,,ST,Sweeper,37.6,109,14.3,0.095,0.381,0.225,-0.6,BASEBALL_SAVANT_PITCH_ARSENAL_CURRENT_SEASON,2026-08-28T17:22:48+00:00,SAVANT_ARSENAL_SCHEMA_V1,CURRENT
623465,"Phillips, Evan",2026,10,0,0.0,6.9,9.1,47.2,0.411,0.403,0.542,10.0,16.3,82.7920488,,,,FC,Cutter,11.4,33,0.0,0.6,0.7,0.575,-4.1,BASEBALL_SAVANT_PITCH_ARSENAL_CURRENT_SEASON,2026-08-28T17:22:48+00:00,SAVANT_ARSENAL_SCHEMA_V1,CURRENT
623465,"Phillips, Evan",2026,4,1,25.0,6.9,12.5,47.2,0.401,0.231,0.74,33.3,16.3,82.7920488,,,,SI,Sinker,4.8,14,20.0,0.5,1.25,0.725,-5.6,BASEBALL_SAVANT_PITCH_ARSENAL_CURRENT_SEASON,2026-08-28T17:22:48+00:00,SAVANT_ARSENAL_SCHEMA_V1,CURRENT
663969,"Phillips, Tyler",2026,133,6,4.5,9.9,6.7,45.9,0.411,0.309,0.528,47.2,8.2,79.798833608,,,,SI,Sinker,25.4,432,8.0,0.321,0.545,0.429,-1.9,BASEBALL_SAVANT_PITCH_ARSENAL_CURRENT_SEASON,2026-08-28T17:22:48+00:00,SAVANT_ARSENAL_SCHEMA_V1,CURRENT
663969,"Phillips, Tyler",2026,99,28,28.3,9.9,34.6,45.9,0.27,0.206,0.351,39.1,8.2,79.798833608,,,,ST,Sweeper,24.8,421,32.2,0.228,0.348,0.289,1.5,BASEBALL_SAVANT_PITCH_ARSENAL_CURRENT_SEASON,2026-08-28T17:22:48+00:00,SAVANT_ARSENAL_SCHEMA_V1,CURRENT
663969,"Phillips, Tyler",2026,104,28,26.9,9.9,34.4,45.9,0.267,0.217,0.319,39.7,8.2,79.798833608,,,,FS,Split-Finger,23.6,402,18.9,0.125,0.188,0.196,1.8,BASEBALL_SAVANT_PITCH_ARSENAL_CURRENT_SEASON,2026-08-28T17:22:48+00:00,SAVANT_ARSENAL_SCHEMA_V1,CURRENT
663969,"Phillips, Tyler",2026,78,22,28.2,9.9,41.3,45.9,0.329,0.272,0.346,57.8,8.2,79.798833608,,,,CU,Curveball,16.8,286,21.6,0.224,0.254,0.281,0.5,BASEBALL_SAVANT_PITCH_ARSENAL_CURRENT_SEASON,2026-08-28T17:22:48+00:00,SAVANT_ARSENAL_SCHEMA_V1,CURRENT
663969,"Phillips, Tyler",2026,35,2,5.7,9.9,10.3,45.9,0.404,0.337,0.568,25.8,8.2,79.798833608,,,,FF,4-Seam Fastball,8.1,138,7.1,0.438,0.844,0.551,-4.5,BASEBALL_SAVANT_PITCH_ARSENAL_CURRENT_SEASON,2026-08-28T17:22:48+00:00,SAVANT_ARSENAL_SCHEMA_V1,CURRENT
663969,"Phillips, Tyler",2026,5,0,0.0,9.9,0.0,45.9,0.646,0.36,1.228,60.0,8.2,79.798833608,,,,SL,Slider,1.3,22,0.0,0.2,0.8,0.4,-0.3,BASEBALL_SAVANT_PITCH_ARSENAL_CURRENT_SEASON,2026-08-28T17:22:48+00:00,SAVANT_ARSENAL_SCHEMA_V1,CURRENT
702752,"Pintaro, Jonathan",2026,42,5,11.9,14.0,29.4,43.4,0.357,0.217,0.458,26.7,6.0,80.213009583,,,,FC,Cutter,54.9,192,13.2,0.206,0.471,0.363,0.7,BASEBALL_SAVANT_PITCH_ARSENAL_CURRENT_SEASON,2026-08-28T17:22:48+00:00,SAVANT_ARSENAL_SCHEMA_V1,CURRENT
702752,"Pintaro, Jonathan",2026,23,5,21.7,14.0,14.7,43.4,0.336,0.298,0.344,80.0,6.0,80.213009583,,,,SI,Sinker,21.7,76,27.8,0.2,0.25,0.263,1.4,BASEBALL_SAVANT_PITCH_ARSENAL_CURRENT_SEASON,2026-08-28T17:22:48+00:00,SAVANT_ARSENAL_SCHEMA_V1,CURRENT
702752,"Pintaro, Jonathan",2026,13,8,61.5,14.0,41.2,43.4,0.221,0.009,0.009,0.0,6.0,80.213009583,,,,FF,4-Seam Fastball,12.3,43,33.3,0.111,0.111,0.285,0.2,BASEBALL_SAVANT_PITCH_ARSENAL_CURRENT_SEASON,2026-08-28T17:22:48+00:00,SAVANT_ARSENAL_SCHEMA_V1,CURRENT
702752,"Pintaro, Jonathan",2026,5,1,20.0,14.0,10.0,43.4,0.221,0.181,0.346,25.0,6.0,80.213009583,,,,CH,Changeup,6.0,21,7.1,0.0,0.0,0.0,2.6,BASEBALL_SAVANT_PITCH_ARSENAL_CURRENT_SEASON,2026-08-28T17:22:48+00:00,SAVANT_ARSENAL_SCHEMA_V1,CURRENT
702752,"Pintaro, Jonathan",2026,3,2,66.7,14.0,33.3,43.4,0.305,0.33,0.366,0.0,6.0,80.213009583,,,,CU,Curveball,5.1,18,20.0,0.333,0.333,0.3,-1.6,BASEBALL_SAVANT_PITCH_ARSENAL_CURRENT_SEASON,2026-08-28T17:22:48+00:00,SAVANT_ARSENAL_SCHEMA_V1,CURRENT
601713,"Pivetta, Nick",2026,38,13,34.2,9.1,23.8,48.8,0.231,0.133,0.245,40.0,2.8,76.394676111,,,,FF,4-Seam Fastball,57.6,163,21.3,0.182,0.273,0.262,1.5,BASEBALL_SAVANT_PITCH_ARSENAL_CURRENT_SEASON,2026-08-28T17:22:48+00:00,SAVANT_ARSENAL_SCHEMA_V1,CURRENT
601713,"Pivetta, Nick",2026,9,3,33.3,9.1,35.3,48.8,0.255,0.213,0.243,20.0,2.8,76.394676111,,,,CU,Curveball,17.7,50,23.1,0.375,0.375,0.378,-0.5,BASEBALL_SAVANT_PITCH_ARSENAL_CURRENT_SEASON,2026-08-28T17:22:48+00:00,SAVANT_ARSENAL_SCHEMA_V1,CURRENT
601713,"Pivetta, Nick",2026,10,6,60.0,9.1,40.9,48.8,0.094,0.1,0.122,50.0,2.8,76.394676111,,,,ST,Sweeper,12.4,35,30.0,0.1,0.1,0.09,3.9,BASEBALL_SAVANT_PITCH_ARSENAL_CURRENT_SEASON,2026-08-28T17:22:48+00:00,SAVANT_ARSENAL_SCHEMA_V1,CURRENT
601713,"Pivetta, Nick",2026,6,1,16.7,9.1,6.3,48.8,0.319,0.344,0.382,0.0,2.8,76.394676111,,,,FC,Cutter,10.2,29,16.7,0.333,0.5,0.358,0.5,BASEBALL_SAVANT_PITCH_ARSENAL_CURRENT_SEASON,2026-08-28T17:22:48+00:00,SAVANT_ARSENAL_SCHEMA_V1,CURRENT
601713,"Pivetta, Nick",2026,2,0,0.0,9.1,0.0,48.8,0.043,0.048,0.056,0.0,2.8,76.394676111,,,,SI,Sinker,1.4,4,0.0,0.0,0.0,0.0,14.6,BASEBALL_SAVANT_PITCH_ARSENAL_CURRENT_SEASON,2026-08-28T17:22:48+00:00,SAVANT_ARSENAL_SCHEMA_V1,CURRENT
601713,"Pivetta, Nick",2026,1,1,100.0,9.1,100.0,48.8,0.0,0.154,0.228,30.6,2.8,76.394676111,,,,SL,Slider,70.0,2,50.0,0.0,0.0,0.0,10.2,BASEBALL_SAVANT_PITCH_ARSENAL_CURRENT_SEASON,2026-08-28T17:22:48+00:00,SAVANT_ARSENAL_SCHEMA_V1,CURRENT
519141,"Pomeranz, Drew",2026,98,10,10.2,11.9,18.3,49.8,0.361,0.258,0.49,35.5,9.1,77.561619796,,,,FF,4-Seam Fastball,73.0,349,13.7,0.31,0.595,0.418,-1.5,BASEBALL_SAVANT_PITCH_ARSENAL_CURRENT_SEASON,2026-08-28T17:22:48+00:00,SAVANT_ARSENAL_SCHEMA_V1,CURRENT
519141,"Pomeranz, Drew",2026,33,7,21.2,11.9,15.4,49.8,0.319,0.292,0.388,41.7,9.1,77.561619796,,,,CU,Curveball,27.0,129,12.1,0.194,0.226,0.223,0.3,BASEBALL_SAVANT_PITCH_ARSENAL_CURRENT_SEASON,2026-08-28T17:22:48+00:00,SAVANT_ARSENAL_SCHEMA_V1,CURRENT
664074,"Ponce, Cody",2026,3,1,33.3,10.0,80.0,61.7,0.332,0.165,0.193,0.0,0.0,78.841886667,,,,SL,Slider,36.2,17,16.7,0.0,0.0,0.233,1.6,BASEBALL_SAVANT_PITCH_ARSENAL_CURRENT_SEASON,2026-08-28T17:22:48+00:00,SAVANT_ARSENAL_SCHEMA_V1,CURRENT
664074,"Ponce, Cody",2026,3,2,66.7,10.0,44.4,61.7,0.185,0.143,0.302,100.0,0.0,78.841886667,,,,CH,Changeup,25.5,12,33.3,0.0,0.0,0.0,6.8,BASEBALL_SAVANT_PITCH_ARSENAL_CURRENT_SEASON,2026-08-28T17:22:48+00:00,SAVANT_ARSENAL_SCHEMA_V1,CURRENT
664074,"Ponce, Cody",2026,2,0,0.0,10.0,28.6,61.7,0.197,0.151,0.315,50.0,0.0,78.841886667,,,,FF,4-Seam Fastball,25.5,12,0.0,0.5,1.0,0.625,-3.1,BASEBALL_SAVANT_PITCH_ARSENAL_CURRENT_SEASON,2026-08-28T17:22:48+00:00,SAVANT_ARSENAL_SCHEMA_V1,CURRENT
664074,"Ponce, Cody",2026,2,0,0.0,10.0,33.3,61.7,0.242,0.267,0.284,0.0,0.0,78.841886667,,,,CU,Curveball,12.8,6,0.0,0.0,0.0,0.45,-6.5,BASEBALL_SAVANT_PITCH_ARSENAL_CURRENT_SEASON,2026-08-28T17:22:48+00:00,SAVANT_ARSENAL_SCHEMA_V1,CURRENT
647315,"Pop, Zach",2026,21,4,19.0,9.7,11.8,40.0,0.272,0.218,0.336,46.7,4.8,87.23803,,,,SI,Sinker,62.3,81,20.0,0.111,0.167,0.169,3.4,BASEBALL_SAVANT_PITCH_ARSENAL_CURRENT_SEASON,2026-08-28T17:22:48+00:00,SAVANT_ARSENAL_SCHEMA_V1,CURRENT
647315,"Pop, Zach",2026,7,2,28.6,9.7,23.1,40.0,0.307,0.279,0.373,60.0,4.8,87.23803,,,,SL,Slider,26.2,34,16.7,0.333,0.667,0.357,-1.1,BASEBALL_SAVANT_PITCH_ARSENAL_CURRENT_SEASON,2026-08-28T17:22:48+00:00,SAVANT_ARSENAL_SCHEMA_V1,CURRENT
647315,"Pop, Zach",2026,3,0,0.0,9.7,20.0,40.0,0.65,0.611,0.65,0.0,4.8,87.23803,,,,FC,Cutter,11.5,15,0.0,1.0,1.0,0.767,-7.0,BASEBALL_SAVANT_PITCH_ARSENAL_CURRENT_SEASON,2026-08-28T17:22:48+00:00,SAVANT_ARSENAL_SCHEMA_V1,CURRENT
676571,"Poulin, PJ",2026,53,14,26.4,13.7,29.0,40.0,0.336,0.204,0.439,45.2,9.6,81.487914808,,,,ST,Sweeper,35.3,224,21.2,0.178,0.378,0.303,0.5,BASEBALL_SAVANT_PITCH_ARSENAL_CURRENT_SEASON,2026-08-28T17:22:48+00:00,SAVANT_ARSENAL_SCHEMA_V1,CURRENT
676571,"Poulin, PJ",2026,48,6,12.5,13.7,9.9,40.0,0.407,0.298,0.545,51.4,9.6,81.487914808,,,,FF,4-Seam Fastball,29.8,189,9.4,0.22,0.39,0.324,-0.6,BASEBALL_SAVANT_PITCH_ARSENAL_CURRENT_SEASON,2026-08-28T17:22:48+00:00,SAVANT_ARSENAL_SCHEMA_V1,CURRENT
676571,"Poulin, PJ",2026,38,3,7.9,13.7,5.6,40.0,0.313,0.238,0.308,34.5,9.6,81.487914808,,,,SI,Sinker,23.1,147,18.8,0.156,0.219,0.286,2.4,BASEBALL_SAVANT_PITCH_ARSENAL_CURRENT_SEASON,2026-08-28T17:22:48+00:00,SAVANT_ARSENAL_SCHEMA_V1,CURRENT
676571,"Poulin, PJ",2026,13,2,15.4,13.7,13.8,40.0,0.337,0.347,0.427,45.5,9.6,81.487914808,,,,CH,Changeup,11.8,75,6.3,0.385,0.462,0.373,-2.2,BASEBALL_SAVANT_PITCH_ARSENAL_CURRENT_SEASON,2026-08-28T17:22:48+00:00,SAVANT_ARSENAL_SCHEMA_V1,CURRENT
700249,"Povich, Cade",2026,52,8,15.4,8.3,20.2,45.9,0.335,0.242,0.455,35.9,8.0,80.974227045,,,,FF,4-Seam Fastball,45.0,204,15.1,0.191,0.34,0.272,1.8,BASEBALL_SAVANT_PITCH_ARSENAL_CURRENT_SEASON,2026-08-28T17:22:48+00:00,SAVANT_ARSENAL_SCHEMA_V1,CURRENT
700249,"Povich, Cade",2026,22,7,31.8,8.3,38.9,45.9,0.248,0.172,0.232,25.0,8.0,80.974227045,,,,CU,Curveball,21.0,95,19.4,0.158,0.211,0.234,1.0,BASEBALL_SAVANT_PITCH_ARSENAL_CURRENT_SEASON,2026-08-28T17:22:48+00:00,SAVANT_ARSENAL_SCHEMA_V1,CURRENT
700249,"Povich, Cade",2026,14,3,21.4,8.3,29.6,45.9,0.446,0.32,0.745,54.5,8.0,80.974227045,,,,SL,Slider,14.1,64,20.0,0.286,0.929,0.493,-4.8,BASEBALL_SAVANT_PITCH_ARSENAL_CURRENT_SEASON,2026-08-28T17:22:48+00:00,SAVANT_ARSENAL_SCHEMA_V1,CURRENT
700249,"Povich, Cade",2026,17,3,17.6,8.3,18.5,45.9,0.3,0.306,0.389,50.0,8.0,80.974227045,,,,CH,Changeup,11.0,50,23.1,0.412,0.412,0.371,-2.5,BASEBALL_SAVANT_PITCH_ARSENAL_CURRENT_SEASON,2026-08-28T17:22:48+00:00,SAVANT_ARSENAL_SCHEMA_V1,CURRENT
700249,"Povich, Cade",2026,15,0,0.0,8.3,10.5,45.9,0.465,0.385,0.551,66.7,8.0,80.974227045,,,,SI,Sinker,8.8,40,0.0,0.583,0.833,0.611,-6.0,BASEBALL_SAVANT_PITCH_ARSENAL_CURRENT_SEASON,2026-08-28T17:22:48+00:00,SAVANT_ARSENAL_SCHEMA_V1,CURRENT
687570,"Prielipp, Connor",2026,131,42,32.1,9.1,32.1,47.1,0.288,0.216,0.367,42.9,7.6,80.583691095,,,,SL,Slider,29.9,503,23.0,0.214,0.35,0.294,0.1,BASEBALL_SAVANT_PITCH_ARSENAL_CURRENT_SEASON,2026-08-28T17:22:48+00:00,SAVANT_ARSENAL_SCHEMA_V1,CURRENT
687570,"Prielipp, Connor",2026,108,15,13.9,9.1,15.2,47.1,0.417,0.277,0.518,48.6,7.6,80.583691095,,,,FF,4-Seam Fastball,27.4,461,12.2,0.296,0.556,0.427,-1.8,BASEBALL_SAVANT_PITCH_ARSENAL_CURRENT_SEASON,2026-08-28T17:22:48+00:00,SAVANT_ARSENAL_SCHEMA_V1,CURRENT
687570,"Prielipp, Connor",2026,67,32,47.8,9.1,39.2,47.1,0.187,0.146,0.217,25.8,7.6,80.583691095,,,,CU,Curveball,17.4,292,21.5,0.226,0.323,0.275,-0.6,BASEBALL_SAVANT_PITCH_ARSENAL_CURRENT_SEASON,2026-08-28T17:22:48+00:00,SAVANT_ARSENAL_SCHEMA_V1,CURRENT
687570,"Prielipp, Connor",2026,70,7,10.0,9.1,12.2,47.1,0.327,0.297,0.405,42.4,7.6,80.583691095,,,,SI,Sinker,14.6,245,15.6,0.348,0.439,0.379,-0.2,BASEBALL_SAVANT_PITCH_ARSENAL_CURRENT_SEASON,2026-08-28T17:22:48+00:00,SAVANT_ARSENAL_SCHEMA_V1,CURRENT
687570,"Prielipp, Connor",2026,54,10,18.5,9.1,20.7,47.1,0.345,0.285,0.492,42.9,7.6,80.583691095,,,,CH,Changeup,10.7,179,22.7,0.26,0.5,0.336,0.0,BASEBALL_SAVANT_PITCH_ARSENAL_CURRENT_SEASON,2026-08-28T17:22:48+00:00,SAVANT_ARSENAL_SCHEMA_V1,CURRENT
690155,"Pushard, Matt",2026,17,3,17.6,12.5,21.7,41.7,0.459,0.319,0.434,75.0,0.0,79.453457,,,,FF,4-Seam Fastball,45.0,54,18.8,0.273,0.273,0.406,-0.7,BASEBALL_SAVANT_PITCH_ARSENAL_CURRENT_SEASON,2026-08-28T17:22:48+00:00,SAVANT_ARSENAL_SCHEMA_V1,CURRENT
690155,"Pushard, Matt",2026,3,0,0.0,12.5,0.0,41.7,0.296,0.467,0.511,0.0,0.0,79.453457,,,,SL,Slider,21.7,26,0.0,0.5,0.5,0.3,-0.2,BASEBALL_SAVANT_PITCH_ARSENAL_CURRENT_SEASON,2026-08-28T17:22:48+00:00,SAVANT_ARSENAL_SCHEMA_V1,CURRENT
690155,"Pushard, Matt",2026,6,1,16.7,12.5,14.3,41.7,0.237,0.198,0.373,40.0,0.0,79.453457,,,,ST,Sweeper,12.5,15,12.5,0.167,0.333,0.358,-4.3,BASEBALL_SAVANT_PITCH_ARSENAL_CURRENT_SEASON,2026-08-28T17:22:48+00:00,SAVANT_ARSENAL_SCHEMA_V1,CURRENT
690155,"Pushard, Matt",2026,2,1,50.0,12.5,33.3,41.7,0.19,0.162,0.296,100.0,0.0,79.453457,,,,CU,Curveball,12.5,15,16.7,0.5,0.5,0.45,-2.1,BASEBALL_SAVANT_PITCH_ARSENAL_CURRENT_SEASON,2026-08-28T17:22:48+00:00,SAVANT_ARSENAL_SCHEMA_V1,CURRENT
690155,"Pushard, Matt",2026,4,1,25.0,12.5,20.0,41.7,0.236,0.248,0.281,33.3,0.0,79.453457,,,,CH,Changeup,7.5,9,33.3,0.0,0.0,0.0,9.6,BASEBALL_SAVANT_PITCH_ARSENAL_CURRENT_SEASON,2026-08-28T17:22:48+00:00,SAVANT_ARSENAL_SCHEMA_V1,CURRENT
672335,"Pérez, Cionel",2026,57,20,35.1,8.8,33.3,45.9,0.253,0.2,0.308,33.3,13.0,80.468019836,,,,SV,Slurve,31.8,223,24.1,0.226,0.358,0.315,0.0,BASEBALL_SAVANT_PITCH_ARSENAL_CURRENT_SEASON,2026-08-28T17:22:48+00:00,SAVANT_ARSENAL_SCHEMA_V1,CURRENT
672335,"Pérez, Cionel",2026,50,4,8.0,8.8,14.6,45.9,0.384,0.285,0.541,53.7,13.0,80.468019836,,,,SI,Sinker,29.1,204,13.8,0.311,0.511,0.396,-0.7,BASEBALL_SAVANT_PITCH_ARSENAL_CURRENT_SEASON,2026-08-28T17:22:48+00:00,SAVANT_ARSENAL_SCHEMA_V1,CURRENT
672335,"Pérez, Cionel",2026,40,8,20.0,8.8,26.1,45.9,0.433,0.328,0.607,59.3,13.0,80.468019836,,,,FF,4-Seam Fastball,20.9,147,17.4,0.343,0.486,0.403,-0.5,BASEBALL_SAVANT_PITCH_ARSENAL_CURRENT_SEASON,2026-08-28T17:22:48+00:00,SAVANT_ARSENAL_SCHEMA_V1,CURRENT
672335,"Pérez, Cionel",2026,34,9,26.5,8.8,27.6,45.9,0.348,0.275,0.491,56.5,13.0,80.468019836,,,,CU,Curveball,18.2,128,22.0,0.188,0.313,0.269,0.5,BASEBALL_SAVANT_PITCH_ARSENAL_CURRENT_SEASON,2026-08-28T17:22:48+00:00,SAVANT_ARSENAL_SCHEMA_V1,CURRENT
691587,"Pérez, Eury",2026,241,70,29.0,10.1,23.0,51.2,0.309,0.195,0.357,44.7,9.1,76.754447848,,,,FF,4-Seam Fastball,38.6,807,23.6,0.193,0.337,0.306,1.0,BASEBALL_SAVANT_PITCH_ARSENAL_CURRENT_SEASON,2026-08-28T17:22:48+00:00,SAVANT_ARSENAL_SCHEMA_V1,CURRENT
691587,"Pérez, Eury",2026,86,9,10.5,10.1,17.1,51.2,0.328,0.276,0.367,39.4,9.1,76.754447848,,,,SI,Sinker,16.9,353,10.7,0.27,0.378,0.342,-0.6,BASEBALL_SAVANT_PITCH_ARSENAL_CURRENT_SEASON,2026-08-28T17:22:48+00:00,SAVANT_ARSENAL_SCHEMA_V1,CURRENT
691587,"Pérez, Eury",2026,64,19,29.7,10.1,41.8,51.2,0.294,0.2,0.394,41.0,9.1,76.754447848,,,,SL,Slider,16.1,337,18.6,0.155,0.328,0.249,1.1,BASEBALL_SAVANT_PITCH_ARSENAL_CURRENT_SEASON,2026-08-28T17:22:48+00:00,SAVANT_ARSENAL_SCHEMA_V1,CURRENT
691587,"Pérez, Eury",2026,61,23,37.7,10.1,38.8,51.2,0.218,0.178,0.312,24.3,9.1,76.754447848,,,,ST,Sweeper,13.8,289,21.5,0.2,0.35,0.242,0.8,BASEBALL_SAVANT_PITCH_ARSENAL_CURRENT_SEASON,2026-08-28T17:22:48+00:00,SAVANT_ARSENAL_SCHEMA_V1,CURRENT
691587,"Pérez, Eury",2026,38,12,31.6,10.1,42.7,51.2,0.264,0.196,0.383,23.1,9.1,76.754447848,,,,CH,Changeup,8.9,186,16.2,0.184,0.342,0.242,-1.1,BASEBALL_SAVANT_PITCH_ARSENAL_CURRENT_SEASON,2026-08-28T17:22:48+00:00,SAVANT_ARSENAL_SCHEMA_V1,CURRENT
691587,"Pérez, Eury",2026,24,4,16.7,10.1,27.9,51.2,0.33,0.257,0.385,38.9,9.1,76.754447848,,,,CU,Curveball,5.8,121,15.4,0.143,0.19,0.223,0.4,BASEBALL_SAVANT_PITCH_ARSENAL_CURRENT_SEASON,2026-08-28T17:22:48+00:00,SAVANT_ARSENAL_SCHEMA_V1,CURRENT
527048,"Pérez, Martín",2026,171,22,12.9,10.1,8.2,42.7,0.348,0.276,0.394,45.2,5.3,75.918608323,,,,SI,Sinker,35.1,639,14.5,0.255,0.338,0.333,0.8,BASEBALL_SAVANT_PITCH_ARSENAL_CURRENT_SEASON,2026-08-28T17:22:48+00:00,SAVANT_ARSENAL_SCHEMA_V1,CURRENT
527048,"Pérez, Martín",2026,164,38,23.2,10.1,34.6,42.7,0.28,0.226,0.341,23.5,5.3,75.918608323,,,,CH,Changeup,30.3,551,18.4,0.153,0.287,0.23,0.9,BASEBALL_SAVANT_PITCH_ARSENAL_CURRENT_SEASON,2026-08-28T17:22:48+00:00,SAVANT_ARSENAL_SCHEMA_V1,CURRENT
527048,"Pérez, Martín",2026,102,22,21.6,10.1,17.9,42.7,0.343,0.259,0.42,41.8,5.3,75.918608323,,,,FC,Cutter,21.9,398,22.9,0.253,0.483,0.357,0.0,BASEBALL_SAVANT_PITCH_ARSENAL_CURRENT_SEASON,2026-08-28T17:22:48+00:00,SAVANT_ARSENAL_SCHEMA_V1,CURRENT
527048,"Pérez, Martín",2026,18,0,0.0,10.1,26.0,42.7,0.325,0.324,0.431,33.3,5.3,75.918608323,,,,CU,Curveball,7.8,142,0.0,0.222,0.444,0.281,1.1,BASEBALL_SAVANT_PITCH_ARSENAL_CURRENT_SEASON,2026-08-28T17:22:48+00:00,SAVANT_ARSENAL_SCHEMA_V1,CURRENT
527048,"Pérez, Martín",2026,19,3,15.8,10.1,8.6,42.7,0.372,0.325,0.544,56.3,5.3,75.918608323,,,,FF,4-Seam Fastball,4.8,88,15.0,0.316,0.526,0.408,-2.9,BASEBALL_SAVANT_PITCH_ARSENAL_CURRENT_SEASON,2026-08-28T17:22:48+00:00,SAVANT_ARSENAL_SCHEMA_V1,CURRENT
615698,"Quantrill, Cal",2026,98,19,19.4,6.3,16.1,48.5,0.259,0.227,0.308,30.1,6.9,78.228404264,,,,SI,Sinker,26.1,342,20.4,0.207,0.272,0.257,2.9,BASEBALL_SAVANT_PITCH_ARSENAL_CURRENT_SEASON,2026-08-28T17:22:48+00:00,SAVANT_ARSENAL_SCHEMA_V1,CURRENT
615698,"Quantrill, Cal",2026,91,18,19.8,6.3,23.2,48.5,0.28,0.237,0.359,30.9,6.9,78.228404264,,,,FS,Split-Finger,22.7,298,16.5,0.233,0.372,0.284,-0.6,BASEBALL_SAVANT_PITCH_ARSENAL_CURRENT_SEASON,2026-08-28T17:22:48+00:00,SAVANT_ARSENAL_SCHEMA_V1,CURRENT
615698,"Quantrill, Cal",2026,71,7,9.9,6.3,15.4,48.5,0.403,0.309,0.578,36.2,6.9,78.228404264,,,,FC,Cutter,22.7,297,11.7,0.323,0.538,0.41,-0.9,BASEBALL_SAVANT_PITCH_ARSENAL_CURRENT_SEASON,2026-08-28T17:22:48+00:00,SAVANT_ARSENAL_SCHEMA_V1,CURRENT
615698,"Quantrill, Cal",2026,66,14,21.2,6.3,26.0,48.5,0.319,0.202,0.411,47.6,6.9,78.228404264,,,,FF,4-Seam Fastball,21.7,285,13.2,0.185,0.315,0.281,0.7,BASEBALL_SAVANT_PITCH_ARSENAL_CURRENT_SEASON,2026-08-28T17:22:48+00:00,SAVANT_ARSENAL_SCHEMA_V1,CURRENT
615698,"Quantrill, Cal",2026,11,1,9.1,6.3,8.3,48.5,0.246,0.229,0.336,20.0,6.9,78.228404264,,,,CU,Curveball,4.3,56,10.0,0.182,0.182,0.164,1.9,BASEBALL_SAVANT_PITCH_ARSENAL_CURRENT_SEASON,2026-08-28T17:22:48+00:00,SAVANT_ARSENAL_SCHEMA_V1,CURRENT
615698,"Quantrill, Cal",2026,9,1,11.1,6.3,0.0,48.5,0.284,0.285,0.374,25.0,6.9,78.228404264,,,,SL,Slider,2.5,33,14.3,0.111,0.111,0.1,3.7,BASEBALL_SAVANT_PITCH_ARSENAL_CURRENT_SEASON,2026-08-28T17:22:48+00:00,SAVANT_ARSENAL_SCHEMA_V1,CURRENT
500779,"Quintana, Jose",2026,62,8,12.9,9.4,18.9,47.0,0.328,0.265,0.413,34.0,8.4,78.148649286,,,,FF,4-Seam Fastball,29.7,204,12.1,0.288,0.481,0.361,-0.1,BASEBALL_SAVANT_PITCH_ARSENAL_CURRENT_SEASON,2026-08-28T17:22:48+00:00,SAVANT_ARSENAL_SCHEMA_V1,CURRENT
500779,"Quintana, Jose",2026,37,3,8.1,9.4,29.7,47.0,0.346,0.281,0.372,16.7,8.4,78.148649286,,,,CH,Changeup,21.0,144,6.1,0.333,0.367,0.338,-1.2,BASEBALL_SAVANT_PITCH_ARSENAL_CURRENT_SEASON,2026-08-28T17:22:48+00:00,SAVANT_ARSENAL_SCHEMA_V1,CURRENT
500779,"Quintana, Jose",2026,33,4,12.1,9.4,10.0,47.0,0.395,0.282,0.492,60.9,8.4,78.148649286,,,,SI,Sinker,19.4,133,16.7,0.296,0.481,0.4,-0.9,BASEBALL_SAVANT_PITCH_ARSENAL_CURRENT_SEASON,2026-08-28T17:22:48+00:00,SAVANT_ARSENAL_SCHEMA_V1,CURRENT
500779,"Quintana, Jose",2026,26,1,3.8,9.4,22.4,47.0,0.335,0.31,0.464,29.2,8.4,78.148649286,,,,CU,Curveball,15.7,108,7.1,0.25,0.417,0.358,0.3,BASEBALL_SAVANT_PITCH_ARSENAL_CURRENT_SEASON,2026-08-28T17:22:48+00:00,SAVANT_ARSENAL_SCHEMA_V1,CURRENT
500779,"Quintana, Jose",2026,23,4,17.4,9.4,24.4,47.0,0.315,0.241,0.51,26.3,8.4,78.148649286,,,,SV,Slurve,14.3,98,8.9,0.261,0.826,0.478,-4.6,BASEBALL_SAVANT_PITCH_ARSENAL_CURRENT_SEASON,2026-08-28T17:22:48+00:00,SAVANT_ARSENAL_SCHEMA_V1,CURRENT
666142,"Ragans, Cole",2026,94,31,33.0,15.2,30.9,45.4,0.312,0.174,0.353,44.4,15.7,79.173246585,,,,FF,4-Seam Fastball,56.1,358,26.7,0.133,0.333,0.288,1.2,BASEBALL_SAVANT_PITCH_ARSENAL_CURRENT_SEASON,2026-08-28T17:22:48+00:00,SAVANT_ARSENAL_SCHEMA_V1,CURRENT
666142,"Ragans, Cole",2026,22,6,27.3,15.2,40.4,45.4,0.332,0.252,0.539,31.3,15.7,79.173246585,,,,CH,Changeup,16.5,105,18.8,0.318,0.636,0.402,-3.1,BASEBALL_SAVANT_PITCH_ARSENAL_CURRENT_SEASON,2026-08-28T17:22:48+00:00,SAVANT_ARSENAL_SCHEMA_V1,CURRENT
666142,"Ragans, Cole",2026,23,8,34.8,15.2,35.9,45.4,0.285,0.221,0.296,25.0,15.7,79.173246585,,,,SL,Slider,13.3,85,21.6,0.2,0.4,0.311,-1.6,BASEBALL_SAVANT_PITCH_ARSENAL_CURRENT_SEASON,2026-08-28T17:22:48+00:00,SAVANT_ARSENAL_SCHEMA_V1,CURRENT
666142,"Ragans, Cole",2026,6,0,0.0,15.2,12.5,45.4,1.111,0.626,2.283,60.0,15.7,79.173246585,,,,CU,Curveball,8.5,54,0.0,0.8,2.6,1.267,-6.9,BASEBALL_SAVANT_PITCH_ARSENAL_CURRENT_SEASON,2026-08-28T17:22:48+00:00,SAVANT_ARSENAL_SCHEMA_V1,CURRENT
666142,"Ragans, Cole",2026,6,0,0.0,15.2,22.2,45.4,0.353,0.307,0.346,40.0,15.7,79.173246585,,,,FC,Cutter,5.6,36,0.0,0.4,0.4,0.567,-1.0,BASEBALL_SAVANT_PITCH_ARSENAL_CURRENT_SEASON,2026-08-28T17:22:48+00:00,SAVANT_ARSENAL_SCHEMA_V1,CURRENT
663432,"Rainey, Tanner",2026,17,5,29.4,24.0,29.4,34.7,0.247,0.096,0.157,12.5,0.0,74.77586,,,,FF,4-Seam Fastball,51.5,52,45.5,0.0,0.0,0.165,4.5,BASEBALL_SAVANT_PITCH_ARSENAL_CURRENT_SEASON,2026-08-28T17:22:48+00:00,SAVANT_ARSENAL_SCHEMA_V1,CURRENT
663432,"Rainey, Tanner",2026,5,0,0.0,24.0,42.9,34.7,0.429,0.265,0.305,33.3,0.0,74.77586,,,,SL,Slider,38.6,39,0.0,0.333,0.333,0.46,-1.1,BASEBALL_SAVANT_PITCH_ARSENAL_CURRENT_SEASON,2026-08-28T17:22:48+00:00,SAVANT_ARSENAL_SCHEMA_V1,CURRENT
663432,"Rainey, Tanner",2026,3,1,33.3,24.0,33.3,34.7,0.121,0.134,0.138,0.0,0.0,74.77586,,,,CU,Curveball,8.9,9,33.3,0.0,0.0,0.0,4.5,BASEBALL_SAVANT_PITCH_ARSENAL_CURRENT_SEASON,2026-08-28T17:22:48+00:00,SAVANT_ARSENAL_SCHEMA_V1,CURRENT
691008,"Rajcic, Max",2026,14,1,7.1,15.4,21.7,41.1,0.4,0.25,0.411,33.3,8.0,76.259393077,,,,FF,4-Seam Fastball,40.5,66,6.3,0.2,0.4,0.379,-1.1,BASEBALL_SAVANT_PITCH_ARSENAL_CURRENT_SEASON,2026-08-28T17:22:48+00:00,SAVANT_ARSENAL_SCHEMA_V1,CURRENT
691008,"Rajcic, Max",2026,6,3,50.0,15.4,37.5,41.1,0.243,0.015,0.018,0.0,8.0,76.259393077,,,,CU,Curveball,25.8,42,16.7,0.0,0.0,0.233,0.8,BASEBALL_SAVANT_PITCH_ARSENAL_CURRENT_SEASON,2026-08-28T17:22:48+00:00,SAVANT_ARSENAL_SCHEMA_V1,CURRENT
691008,"Rajcic, Max",2026,8,3,37.5,15.4,36.4,41.1,0.181,0.116,0.318,40.0,8.0,76.259393077,,,,ST,Sweeper,11.7,19,50.0,0.25,0.75,0.406,-4.5,BASEBALL_SAVANT_PITCH_ARSENAL_CURRENT_SEASON,2026-08-28T17:22:48+00:00,SAVANT_ARSENAL_SCHEMA_V1,CURRENT
691008,"Rajcic, Max",2026,7,0,0.0,15.4,9.1,41.1,0.276,0.213,0.449,42.9,8.0,76.259393077,,,,CH,Changeup,11.7,19,0.0,0.143,0.143,0.129,5.2,BASEBALL_SAVANT_PITCH_ARSENAL_CURRENT_SEASON,2026-08-28T17:22:48+00:00,SAVANT_ARSENAL_SCHEMA_V1,CURRENT
691008,"Rajcic, Max",2026,3,1,33.3,15.4,0.0,41.1,0.151,0.163,0.185,50.0,8.0,76.259393077,,,,SI,Sinker,7.4,12,50.0,0.333,0.667,0.417,-1.0,BASEBALL_SAVANT_PITCH_ARSENAL_CURRENT_SEASON,2026-08-28T17:22:48+00:00,SAVANT_ARSENAL_SCHEMA_V1,CURRENT
691008,"Rajcic, Max",2026,1,0,0.0,15.4,0.0,41.1,0.067,0.073,0.074,0.0,8.0,76.259393077,,,,SL,Slider,3.1,5,,0.0,0.0,0.0,8.2,BASEBALL_SAVANT_PITCH_ARSENAL_CURRENT_SEASON,2026-08-28T17:22:48+00:00,SAVANT_ARSENAL_SCHEMA_V1,CURRENT
548384,"Raley, Brooks",2026,82,23,28.0,8.0,22.4,47.0,0.325,0.256,0.423,28.8,5.3,75.048949206,,,,ST,Sweeper,37.5,277,21.5,0.24,0.413,0.314,0.1,BASEBALL_SAVANT_PITCH_ARSENAL_CURRENT_SEASON,2026-08-28T17:22:48+00:00,SAVANT_ARSENAL_SCHEMA_V1,CURRENT
548384,"Raley, Brooks",2026,56,14,25.0,8.0,29.6,47.0,0.249,0.161,0.283,27.0,5.3,75.048949206,,,,FC,Cutter,29.2,216,31.8,0.196,0.37,0.285,1.1,BASEBALL_SAVANT_PITCH_ARSENAL_CURRENT_SEASON,2026-08-28T17:22:48+00:00,SAVANT_ARSENAL_SCHEMA_V1,CURRENT
548384,"Raley, Brooks",2026,30,1,3.3,8.0,12.2,47.0,0.376,0.288,0.401,43.5,5.3,75.048949206,,,,SI,Sinker,20.8,154,7.7,0.208,0.333,0.355,0.3,BASEBALL_SAVANT_PITCH_ARSENAL_CURRENT_SEASON,2026-08-28T17:22:48+00:00,SAVANT_ARSENAL_SCHEMA_V1,CURRENT
548384,"Raley, Brooks",2026,30,10,33.3,8.0,25.0,47.0,0.183,0.192,0.229,20.0,5.3,75.048949206,,,,CH,Changeup,12.4,92,20.0,0.167,0.167,0.15,0.8,BASEBALL_SAVANT_PITCH_ARSENAL_CURRENT_SEASON,2026-08-28T17:22:48+00:00,SAVANT_ARSENAL_SCHEMA_V1,CURRENT
667652,"Ralston, Jack",2026,6,1,16.7,0.0,23.1,48.8,0.188,0.198,0.225,0.0,0.0,65.760406,,,,FS,Split-Finger,61.0,25,10.0,0.333,0.333,0.3,0.4,BASEBALL_SAVANT_PITCH_ARSENAL_CURRENT_SEASON,2026-08-28T17:22:48+00:00,SAVANT_ARSENAL_SCHEMA_V1,CURRENT
667652,"Ralston, Jack",2026,4,0,0.0,0.0,16.7,48.8,0.152,0.167,0.185,50.0,0.0,65.760406,,,,SL,Slider,34.1,14,0.0,0.0,0.0,0.0,9.2,BASEBALL_SAVANT_PITCH_ARSENAL_CURRENT_SEASON,2026-08-28T17:22:48+00:00,SAVANT_ARSENAL_SCHEMA_V1,CURRENT
667652,"Ralston, Jack",2026,1,1,100.0,0.0,100.0,48.8,0.0,0.169,0.19,22.2,0.0,65.760406,,,,FF,4-Seam Fastball,4.9,2,100.0,0.0,0.0,0.0,7.5,BASEBALL_SAVANT_PITCH_ARSENAL_CURRENT_SEASON,2026-08-28T17:22:48+00:00,SAVANT_ARSENAL_SCHEMA_V1,CURRENT
678576,"Ramos, Wilkin",2026,9,0,0.0,26.7,11.1,37.7,0.399,0.33,0.385,57.1,0.0,79.481412,,,,SI,Sinker,60.7,37,0.0,0.571,0.571,0.556,-4.8,BASEBALL_SAVANT_PITCH_ARSENAL_CURRENT_SEASON,2026-08-28T17:22:48+00:00,SAVANT_ARSENAL_SCHEMA_V1,CURRENT
678576,"Ramos, Wilkin",2026,4,1,25.0,26.7,28.6,37.7,0.559,0.437,0.536,0.0,0.0,79.481412,,,,FF,4-Seam Fastball,21.3,13,14.3,0.0,0.0,0.35,-0.4,BASEBALL_SAVANT_PITCH_ARSENAL_CURRENT_SEASON,2026-08-28T17:22:48+00:00,SAVANT_ARSENAL_SCHEMA_V1,CURRENT
678576,"Ramos, Wilkin",2026,2,0,0.0,26.7,33.3,37.7,0.536,0.541,0.7,50.0,0.0,79.481412,,,,CU,Curveball,14.8,9,0.0,0.5,1.0,0.625,-4.0,BASEBALL_SAVANT_PITCH_ARSENAL_CURRENT_SEASON,2026-08-28T17:22:48+00:00,SAVANT_ARSENAL_SCHEMA_V1,CURRENT
670990,"Ramírez, Yohan",2026,106,48,45.3,13.6,40.0,44.3,0.211,0.138,0.176,22.7,4.7,72.437251176,,,,ST,Sweeper,39.5,470,28.2,0.12,0.174,0.22,1.9,BASEBALL_SAVANT_PITCH_ARSENAL_CURRENT_SEASON,2026-08-28T17:22:48+00:00,SAVANT_ARSENAL_SCHEMA_V1,CURRENT
670990,"Ramírez, Yohan",2026,80,8,10.0,13.6,13.2,44.3,0.306,0.267,0.354,33.8,4.7,72.437251176,,,,SI,Sinker,24.6,292,20.5,0.219,0.288,0.274,2.1,BASEBALL_SAVANT_PITCH_ARSENAL_CURRENT_SEASON,2026-08-28T17:22:48+00:00,SAVANT_ARSENAL_SCHEMA_V1,CURRENT
670990,"Ramírez, Yohan",2026,80,19,23.8,13.6,24.6,44.3,0.358,0.248,0.368,38.6,4.7,72.437251176,,,,FF,4-Seam Fastball,23.0,273,23.5,0.254,0.444,0.394,-1.2,BASEBALL_SAVANT_PITCH_ARSENAL_CURRENT_SEASON,2026-08-28T17:22:48+00:00,SAVANT_ARSENAL_SCHEMA_V1,CURRENT
670990,"Ramírez, Yohan",2026,34,10,29.4,13.6,28.6,44.3,0.321,0.208,0.356,27.8,4.7,72.437251176,,,,CU,Curveball,12.5,149,19.6,0.25,0.464,0.372,-2.6,BASEBALL_SAVANT_PITCH_ARSENAL_CURRENT_SEASON,2026-08-28T17:22:48+00:00,SAVANT_ARSENAL_SCHEMA_V1,CURRENT
660604,"Rangel, Alan",2026,53,15,28.3,10.6,35.5,50.1,0.28,0.234,0.349,20.6,5.1,77.783388462,,,,CH,Changeup,37.3,183,21.4,0.313,0.542,0.382,-1.2,BASEBALL_SAVANT_PITCH_ARSENAL_CURRENT_SEASON,2026-08-28T17:22:48+00:00,SAVANT_ARSENAL_SCHEMA_V1,CURRENT
660604,"Rangel, Alan",2026,44,6,13.6,10.6,9.0,50.1,0.372,0.266,0.435,46.7,5.1,77.783388462,,,,FF,4-Seam Fastball,34.2,168,12.5,0.25,0.528,0.393,-0.1,BASEBALL_SAVANT_PITCH_ARSENAL_CURRENT_SEASON,2026-08-28T17:22:48+00:00,SAVANT_ARSENAL_SCHEMA_V1,CURRENT
660604,"Rangel, Alan",2026,18,7,38.9,10.6,35.3,50.1,0.229,0.173,0.219,11.1,5.1,77.783388462,,,,SL,Slider,16.5,81,25.9,0.125,0.125,0.178,2.0,BASEBALL_SAVANT_PITCH_ARSENAL_CURRENT_SEASON,2026-08-28T17:22:48+00:00,SAVANT_ARSENAL_SCHEMA_V1,CURRENT
660604,"Rangel, Alan",2026,8,1,12.5,10.6,7.7,50.1,0.456,0.437,0.532,33.3,5.1,77.783388462,,,,CU,Curveball,12.0,59,6.7,0.714,0.857,0.694,-5.0,BASEBALL_SAVANT_PITCH_ARSENAL_CURRENT_SEASON,2026-08-28T17:22:48+00:00,SAVANT_ARSENAL_SCHEMA_V1,CURRENT
675919,"Raquet, Nick",2026,12,1,8.3,11.8,5.9,42.7,0.402,0.339,0.541,40.0,7.7,80.663465714,,,,ST,Sweeper,41.3,31,5.9,0.273,0.636,0.404,-5.7,BASEBALL_SAVANT_PITCH_ARSENAL_CURRENT_SEASON,2026-08-28T17:22:48+00:00,SAVANT_ARSENAL_SCHEMA_V1,CURRENT
675919,"Raquet, Nick",2026,3,0,0.0,11.8,16.7,42.7,0.546,0.231,0.297,0.0,7.7,80.663465714,,,,SI,Sinker,26.7,20,0.0,0.0,0.0,0.467,1.1,BASEBALL_SAVANT_PITCH_ARSENAL_CURRENT_SEASON,2026-08-28T17:22:48+00:00,SAVANT_ARSENAL_SCHEMA_V1,CURRENT
675919,"Raquet, Nick",2026,1,0,0.0,11.8,0.0,42.7,0.051,0.057,0.061,0.0,7.7,80.663465714,,,,SL,Slider,26.7,20,0.0,0.0,0.0,0.0,2.4,BASEBALL_SAVANT_PITCH_ARSENAL_CURRENT_SEASON,2026-08-28T17:22:48+00:00,SAVANT_ARSENAL_SCHEMA_V1,CURRENT
675919,"Raquet, Nick",2026,1,0,0.0,11.8,0.0,42.7,0.528,0.58,0.661,0.0,7.7,80.663465714,,,,FC,Cutter,4.0,3,0.0,0.0,0.0,0.0,5.1,BASEBALL_SAVANT_PITCH_ARSENAL_CURRENT_SEASON,2026-08-28T17:22:48+00:00,SAVANT_ARSENAL_SCHEMA_V1,CURRENT
688497,"Rashi, Taylor",2026,13,2,15.4,11.5,15.8,51.1,0.386,0.292,0.389,62.5,5.6,78.103501111,,,,FF,4-Seam Fastball,42.0,37,18.2,0.3,0.3,0.369,-0.7,BASEBALL_SAVANT_PITCH_ARSENAL_CURRENT_SEASON,2026-08-28T17:22:48+00:00,SAVANT_ARSENAL_SCHEMA_V1,CURRENT
688497,"Rashi, Taylor",2026,8,2,25.0,11.5,50.0,51.1,0.365,0.274,0.59,33.3,5.6,78.103501111,,,,SL,Slider,26.1,23,50.0,0.125,0.5,0.25,3.9,BASEBALL_SAVANT_PITCH_ARSENAL_CURRENT_SEASON,2026-08-28T17:22:48+00:00,SAVANT_ARSENAL_SCHEMA_V1,CURRENT
688497,"Rashi, Taylor",2026,3,0,0.0,11.5,40.0,51.1,0.218,0.24,0.267,33.3,5.6,78.103501111,,,,FS,Split-Finger,17.0,15,0.0,0.333,0.333,0.3,-0.9,BASEBALL_SAVANT_PITCH_ARSENAL_CURRENT_SEASON,2026-08-28T17:22:48+00:00,SAVANT_ARSENAL_SCHEMA_V1,CURRENT
688497,"Rashi, Taylor",2026,1,0,0.0,11.5,50.0,51.1,0.735,0.557,1.21,100.0,5.6,78.103501111,,,,CU,Curveball,10.2,9,0.0,1.0,2.0,1.25,-7.5,BASEBALL_SAVANT_PITCH_ARSENAL_CURRENT_SEASON,2026-08-28T17:22:48+00:00,SAVANT_ARSENAL_SCHEMA_V1,CURRENT
688497,"Rashi, Taylor",2026,1,1,100.0,11.5,33.3,51.1,0.0,0.278,0.462,50.0,5.6,78.103501111,,,,SV,Slurve,4.5,4,33.3,0.0,0.0,0.0,2.3,BASEBALL_SAVANT_PITCH_ARSENAL_CURRENT_SEASON,2026-08-28T17:22:48+00:00,SAVANT_ARSENAL_SCHEMA_V1,CURRENT
656876,"Rasmussen, Drew",2026,173,33,19.1,4.5,25.4,50.4,0.296,0.254,0.383,30.0,6.1,77.451408763,,,,FC,Cutter,29.1,635,17.2,0.222,0.364,0.286,0.7,BASEBALL_SAVANT_PITCH_ARSENAL_CURRENT_SEASON,2026-08-28T17:22:48+00:00,SAVANT_ARSENAL_SCHEMA_V1,CURRENT
656876,"Rasmussen, Drew",2026,147,47,32.0,4.5,26.5,50.4,0.291,0.219,0.354,36.5,6.1,77.451408763,,,,FF,4-Seam Fastball,28.9,632,20.4,0.227,0.379,0.305,0.6,BASEBALL_SAVANT_PITCH_ARSENAL_CURRENT_SEASON,2026-08-28T17:22:48+00:00,SAVANT_ARSENAL_SCHEMA_V1,CURRENT
656876,"Rasmussen, Drew",2026,132,33,25.0,4.5,15.6,50.4,0.256,0.211,0.328,39.1,6.1,77.451408763,,,,SI,Sinker,22.8,499,22.9,0.179,0.285,0.236,2.7,BASEBALL_SAVANT_PITCH_ARSENAL_CURRENT_SEASON,2026-08-28T17:22:48+00:00,SAVANT_ARSENAL_SCHEMA_V1,CURRENT
656876,"Rasmussen, Drew",2026,70,25,35.7,4.5,36.4,50.4,0.2,0.201,0.262,28.9,6.1,77.451408763,,,,CH,Changeup,12.5,273,18.2,0.143,0.143,0.141,2.2,BASEBALL_SAVANT_PITCH_ARSENAL_CURRENT_SEASON,2026-08-28T17:22:48+00:00,SAVANT_ARSENAL_SCHEMA_V1,CURRENT
656876,"Rasmussen, Drew",2026,10,3,30.0,4.5,30.0,50.4,0.267,0.185,0.453,28.6,6.1,77.451408763,,,,CU,Curveball,3.8,83,27.3,0.0,0.0,0.0,2.7,BASEBALL_SAVANT_PITCH_ARSENAL_CURRENT_SEASON,2026-08-28T17:22:48+00:00,SAVANT_ARSENAL_SCHEMA_V1,CURRENT
656876,"Rasmussen, Drew",2026,18,2,11.1,4.5,18.2,50.4,0.391,0.386,0.522,37.5,6.1,77.451408763,,,,ST,Sweeper,2.8,62,6.7,0.389,0.444,0.369,-2.8,BASEBALL_SAVANT_PITCH_ARSENAL_CURRENT_SEASON,2026-08-28T17:22:48+00:00,SAVANT_ARSENAL_SCHEMA_V1,CURRENT
592662,"Ray, Robbie",2026,207,47,22.7,11.7,20.0,47.0,0.38,0.237,0.5,41.9,8.6,78.405786181,,,,FF,4-Seam Fastball,32.6,790,16.9,0.244,0.488,0.376,-0.4,BASEBALL_SAVANT_PITCH_ARSENAL_CURRENT_SEASON,2026-08-28T17:22:48+00:00,SAVANT_ARSENAL_SCHEMA_V1,CURRENT
592662,"Ray, Robbie",2026,121,30,24.8,11.7,35.9,47.0,0.325,0.246,0.435,32.5,8.6,78.405786181,,,,SL,Slider,24.1,586,17.9,0.239,0.385,0.315,-0.1,BASEBALL_SAVANT_PITCH_ARSENAL_CURRENT_SEASON,2026-08-28T17:22:48+00:00,SAVANT_ARSENAL_SCHEMA_V1,CURRENT
592662,"Ray, Robbie",2026,132,25,18.9,11.7,25.0,47.0,0.253,0.203,0.333,26.7,8.6,78.405786181,,,,CH,Changeup,18.9,458,17.5,0.187,0.301,0.242,1.6,BASEBALL_SAVANT_PITCH_ARSENAL_CURRENT_SEASON,2026-08-28T17:22:48+00:00,SAVANT_ARSENAL_SCHEMA_V1,CURRENT
592662,"Ray, Robbie",2026,83,4,4.8,11.7,8.4,47.0,0.397,0.341,0.447,52.3,8.6,78.405786181,,,,SI,Sinker,13.2,321,11.1,0.309,0.426,0.402,-0.7,BASEBALL_SAVANT_PITCH_ARSENAL_CURRENT_SEASON,2026-08-28T17:22:48+00:00,SAVANT_ARSENAL_SCHEMA_V1,CURRENT
592662,"Ray, Robbie",2026,57,16,28.1,11.7,36.8,47.0,0.23,0.192,0.257,37.8,8.6,78.405786181,,,,CU,Curveball,11.2,272,22.2,0.132,0.17,0.172,2.3,BASEBALL_SAVANT_PITCH_ARSENAL_CURRENT_SEASON,2026-08-28T17:22:48+00:00,SAVANT_ARSENAL_SCHEMA_V1,CURRENT
694397,"Raya, Marco",2026,11,1,9.1,12.0,15.0,42.0,0.426,0.303,0.559,37.5,5.6,76.521663333,,,,FF,4-Seam Fastball,45.0,45,12.5,0.222,0.556,0.391,0.7,BASEBALL_SAVANT_PITCH_ARSENAL_CURRENT_SEASON,2026-08-28T17:22:48+00:00,SAVANT_ARSENAL_SCHEMA_V1,CURRENT
694397,"Raya, Marco",2026,6,2,33.3,12.0,36.4,42.0,0.332,0.349,0.411,0.0,5.6,76.521663333,,,,ST,Sweeper,27.0,27,25.0,0.333,0.333,0.3,0.1,BASEBALL_SAVANT_PITCH_ARSENAL_CURRENT_SEASON,2026-08-28T17:22:48+00:00,SAVANT_ARSENAL_SCHEMA_V1,CURRENT
694397,"Raya, Marco",2026,6,1,16.7,12.0,33.3,42.0,0.178,0.184,0.226,20.0,5.6,76.521663333,,,,CH,Changeup,17.0,17,25.0,0.167,0.167,0.15,2.6,BASEBALL_SAVANT_PITCH_ARSENAL_CURRENT_SEASON,2026-08-28T17:22:48+00:00,SAVANT_ARSENAL_SCHEMA_V1,CURRENT
694397,"Raya, Marco",2026,2,0,0.0,12.0,0.0,42.0,0.394,0.098,0.103,100.0,5.6,76.521663333,,,,CU,Curveball,10.0,10,0.0,0.0,0.0,0.35,-3.3,BASEBALL_SAVANT_PITCH_ARSENAL_CURRENT_SEASON,2026-08-28T17:22:48+00:00,SAVANT_ARSENAL_SCHEMA_V1,CURRENT
607067,"Rea, Colin",2026,222,30,13.5,8.2,14.1,46.7,0.383,0.293,0.521,44.6,10.6,79.567745918,,,,FF,4-Seam Fastball,42.4,867,12.3,0.299,0.485,0.374,-0.4,BASEBALL_SAVANT_PITCH_ARSENAL_CURRENT_SEASON,2026-08-28T17:22:48+00:00,SAVANT_ARSENAL_SCHEMA_V1,CURRENT
607067,"Rea, Colin",2026,103,19,18.4,8.2,27.7,46.7,0.301,0.233,0.344,40.3,10.6,79.567745918,,,,CH,Changeup,18.6,380,15.0,0.176,0.209,0.24,1.6,BASEBALL_SAVANT_PITCH_ARSENAL_CURRENT_SEASON,2026-08-28T17:22:48+00:00,SAVANT_ARSENAL_SCHEMA_V1,CURRENT
607067,"Rea, Colin",2026,76,25,32.9,8.2,29.1,46.7,0.308,0.232,0.455,44.7,10.6,79.567745918,,,,SL,Slider,10.9,222,22.1,0.169,0.38,0.251,0.9,BASEBALL_SAVANT_PITCH_ARSENAL_CURRENT_SEASON,2026-08-28T17:22:48+00:00,SAVANT_ARSENAL_SCHEMA_V1,CURRENT
607067,"Rea, Colin",2026,51,16,31.4,8.2,30.3,46.7,0.201,0.132,0.272,18.8,10.6,79.567745918,,,,ST,Sweeper,9.1,187,19.3,0.125,0.25,0.189,2.0,BASEBALL_SAVANT_PITCH_ARSENAL_CURRENT_SEASON,2026-08-28T17:22:48+00:00,SAVANT_ARSENAL_SCHEMA_V1,CURRENT
607067,"Rea, Colin",2026,46,1,2.2,8.2,5.3,46.7,0.453,0.366,0.647,41.5,10.6,79.567745918,,,,SI,Sinker,8.4,172,2.6,0.333,0.643,0.438,-2.1,BASEBALL_SAVANT_PITCH_ARSENAL_CURRENT_SEASON,2026-08-28T17:22:48+00:00,SAVANT_ARSENAL_SCHEMA_V1,CURRENT
607067,"Rea, Colin",2026,19,0,0.0,8.2,16.1,46.7,0.593,0.491,0.893,50.0,10.6,79.567745918,,,,CU,Curveball,5.4,111,0.0,0.556,0.889,0.671,-5.0,BASEBALL_SAVANT_PITCH_ARSENAL_CURRENT_SEASON,2026-08-28T17:22:48+00:00,SAVANT_ARSENAL_SCHEMA_V1,CURRENT
607067,"Rea, Colin",2026,22,1,4.5,8.2,17.8,46.7,0.514,0.428,0.707,38.9,10.6,79.567745918,,,,FC,Cutter,5.2,107,12.5,0.474,0.684,0.57,-2.5,BASEBALL_SAVANT_PITCH_ARSENAL_CURRENT_SEASON,2026-08-28T17:22:48+00:00,SAVANT_ARSENAL_SCHEMA_V1,CURRENT
687377,"Ribalta, Orlando",2026,59,11,18.6,10.5,27.6,51.1,0.342,0.222,0.459,30.0,7.8,72.186808246,,,,SL,Slider,39.5,286,12.4,0.216,0.373,0.312,0.8,BASEBALL_SAVANT_PITCH_ARSENAL_CURRENT_SEASON,2026-08-28T17:22:48+00:00,SAVANT_ARSENAL_SCHEMA_V1,CURRENT
687377,"Ribalta, Orlando",2026,51,15,29.4,10.5,27.4,51.1,0.291,0.169,0.405,54.8,7.8,72.186808246,,,,FF,4-Seam Fastball,28.3,205,18.8,0.159,0.341,0.254,0.9,BASEBALL_SAVANT_PITCH_ARSENAL_CURRENT_SEASON,2026-08-28T17:22:48+00:00,SAVANT_ARSENAL_SCHEMA_V1,CURRENT
687377,"Ribalta, Orlando",2026,35,1,2.9,10.5,10.4,51.1,0.378,0.37,0.505,27.3,7.8,72.186808246,,,,SI,Sinker,16.6,120,4.8,0.394,0.515,0.396,-1.9,BASEBALL_SAVANT_PITCH_ARSENAL_CURRENT_SEASON,2026-08-28T17:22:48+00:00,SAVANT_ARSENAL_SCHEMA_V1,CURRENT
687377,"Ribalta, Orlando",2026,26,11,42.3,10.5,41.5,51.1,0.162,0.068,0.079,0.0,7.8,72.186808246,,,,CH,Changeup,15.6,113,17.2,0.091,0.091,0.177,0.3,BASEBALL_SAVANT_PITCH_ARSENAL_CURRENT_SEASON,2026-08-28T17:22:48+00:00,SAVANT_ARSENAL_SCHEMA_V1,CURRENT
670950,"Richards, Trevor",2026,177,30,16.9,7.9,13.6,48.5,0.336,0.254,0.462,42.9,7.5,81.464024946,,,,FF,4-Seam Fastball,63.9,643,17.3,0.261,0.491,0.352,0.8,BASEBALL_SAVANT_PITCH_ARSENAL_CURRENT_SEASON,2026-08-28T17:22:48+00:00,SAVANT_ARSENAL_SCHEMA_V1,CURRENT
670950,"Richards, Trevor",2026,69,26,37.7,7.9,44.5,48.5,0.249,0.204,0.275,33.3,7.5,81.464024946,,,,CH,Changeup,27.8,280,21.8,0.143,0.222,0.194,0.1,BASEBALL_SAVANT_PITCH_ARSENAL_CURRENT_SEASON,2026-08-28T17:22:48+00:00,SAVANT_ARSENAL_SCHEMA_V1,CURRENT
670950,"Richards, Trevor",2026,16,2,12.5,7.9,31.6,48.5,0.248,0.212,0.368,35.7,7.5,81.464024946,,,,SL,Slider,8.3,84,9.1,0.125,0.188,0.134,2.8,BASEBALL_SAVANT_PITCH_ARSENAL_CURRENT_SEASON,2026-08-28T17:22:48+00:00,SAVANT_ARSENAL_SCHEMA_V1,CURRENT
680689,"Richardson, Lyon",2026,7,3,42.9,18.8,57.1,36.8,0.234,0.051,0.058,0.0,28.6,79.06667,,,,CH,Changeup,41.2,28,33.3,0.0,0.0,0.2,2.0,BASEBALL_SAVANT_PITCH_ARSENAL_CURRENT_SEASON,2026-08-28T17:22:48+00:00,SAVANT_ARSENAL_SCHEMA_V1,CURRENT
680689,"Richardson, Lyon",2026,6,1,16.7,18.8,0.0,36.8,0.684,0.369,1.269,33.3,28.6,79.06667,,,,SI,Sinker,35.3,24,33.3,0.25,1.0,0.68,-8.8,BASEBALL_SAVANT_PITCH_ARSENAL_CURRENT_SEASON,2026-08-28T17:22:48+00:00,SAVANT_ARSENAL_SCHEMA_V1,CURRENT
680689,"Richardson, Lyon",2026,1,0,0.0,18.8,0.0,36.8,1.857,0.923,3.622,100.0,28.6,79.06667,,,,FF,4-Seam Fastball,11.8,8,,1.0,4.0,2.0,-17.3,BASEBALL_SAVANT_PITCH_ARSENAL_CURRENT_SEASON,2026-08-28T17:22:48+00:00,SAVANT_ARSENAL_SCHEMA_V1,CURRENT
680689,"Richardson, Lyon",2026,2,0,0.0,18.8,0.0,36.8,0.113,0.124,0.139,0.0,28.6,79.06667,,,,ST,Sweeper,2.9,2,0.0,0.0,0.0,0.0,19.2,BASEBALL_SAVANT_PITCH_ARSENAL_CURRENT_SEASON,2026-08-28T17:22:48+00:00,SAVANT_ARSENAL_SCHEMA_V1,CURRENT
702275,"Ritchie, JR",2026,76,28,36.8,14.1,31.9,41.1,0.291,0.202,0.319,34.2,9.3,79.788373625,,,,CU,Curveball,27.4,280,24.6,0.185,0.292,0.268,0.7,BASEBALL_SAVANT_PITCH_ARSENAL_CURRENT_SEASON,2026-08-28T17:22:48+00:00,SAVANT_ARSENAL_SCHEMA_V1,CURRENT
702275,"Ritchie, JR",2026,47,4,8.5,14.1,15.7,41.1,0.358,0.259,0.408,40.0,9.3,79.788373625,,,,SI,Sinker,20.7,212,21.1,0.154,0.179,0.227,2.5,BASEBALL_SAVANT_PITCH_ARSENAL_CURRENT_SEASON,2026-08-28T17:22:48+00:00,SAVANT_ARSENAL_SCHEMA_V1,CURRENT
702275,"Ritchie, JR",2026,48,9,18.8,14.1,20.6,41.1,0.371,0.227,0.417,46.4,9.3,79.788373625,,,,FF,4-Seam Fastball,18.0,184,17.6,0.243,0.541,0.413,-3.8,BASEBALL_SAVANT_PITCH_ARSENAL_CURRENT_SEASON,2026-08-28T17:22:48+00:00,SAVANT_ARSENAL_SCHEMA_V1,CURRENT
702275,"Ritchie, JR",2026,52,10,19.2,14.1,23.7,41.1,0.355,0.263,0.506,45.9,9.3,79.788373625,,,,CH,Changeup,17.3,177,16.7,0.283,0.5,0.38,-2.6,BASEBALL_SAVANT_PITCH_ARSENAL_CURRENT_SEASON,2026-08-28T17:22:48+00:00,SAVANT_ARSENAL_SCHEMA_V1,CURRENT
702275,"Ritchie, JR",2026,19,1,5.3,14.1,19.5,41.1,0.43,0.355,0.407,23.1,9.3,79.788373625,,,,FC,Cutter,9.7,99,10.0,0.357,0.429,0.439,-1.5,BASEBALL_SAVANT_PITCH_ARSENAL_CURRENT_SEASON,2026-08-28T17:22:48+00:00,SAVANT_ARSENAL_SCHEMA_V1,CURRENT
702275,"Ritchie, JR",2026,13,1,7.7,14.1,18.2,41.1,0.32,0.208,0.48,36.4,9.3,79.788373625,,,,SL,Slider,6.9,71,9.1,0.167,0.417,0.277,1.9,BASEBALL_SAVANT_PITCH_ARSENAL_CURRENT_SEASON,2026-08-28T17:22:48+00:00,SAVANT_ARSENAL_SCHEMA_V1,CURRENT
700842,"Rivera, Eduardo",2026,29,5,17.2,13.6,21.8,45.7,0.293,0.207,0.273,52.6,3.6,81.97687,,,,FF,4-Seam Fastball,54.3,114,14.3,0.208,0.292,0.3,1.5,BASEBALL_SAVANT_PITCH_ARSENAL_CURRENT_SEASON,2026-08-28T17:22:48+00:00,SAVANT_ARSENAL_SCHEMA_V1,CURRENT
700842,"Rivera, Eduardo",2026,7,1,14.3,13.6,25.0,45.7,0.282,0.221,0.266,20.0,3.6,81.97687,,,,SL,Slider,31.0,65,5.3,0.167,0.167,0.357,-1.1,BASEBALL_SAVANT_PITCH_ARSENAL_CURRENT_SEASON,2026-08-28T17:22:48+00:00,SAVANT_ARSENAL_SCHEMA_V1,CURRENT
700842,"Rivera, Eduardo",2026,8,4,50.0,13.6,35.3,45.7,0.326,0.187,0.605,25.0,3.6,81.97687,,,,CH,Changeup,14.8,31,22.2,0.25,0.625,0.363,-2.7,BASEBALL_SAVANT_PITCH_ARSENAL_CURRENT_SEASON,2026-08-28T17:22:48+00:00,SAVANT_ARSENAL_SCHEMA_V1,CURRENT
685005,"Roa, Christian",2026,10,4,40.0,16.3,35.7,45.5,0.266,0.19,0.321,100.0,7.4,82.120582857,,,,SL,Slider,34.8,62,14.3,0.111,0.111,0.16,1.3,BASEBALL_SAVANT_PITCH_ARSENAL_CURRENT_SEASON,2026-08-28T17:22:48+00:00,SAVANT_ARSENAL_SCHEMA_V1,CURRENT
685005,"Roa, Christian",2026,18,0,0.0,16.3,11.1,45.5,0.425,0.293,0.435,50.0,7.4,82.120582857,,,,SI,Sinker,32.0,57,0.0,0.455,0.727,0.542,-5.2,BASEBALL_SAVANT_PITCH_ARSENAL_CURRENT_SEASON,2026-08-28T17:22:48+00:00,SAVANT_ARSENAL_SCHEMA_V1,CURRENT
685005,"Roa, Christian",2026,11,2,18.2,16.3,33.3,45.5,0.46,0.255,0.631,66.7,7.4,82.120582857,,,,FF,4-Seam Fastball,25.3,45,16.7,0.125,0.5,0.373,-0.4,BASEBALL_SAVANT_PITCH_ARSENAL_CURRENT_SEASON,2026-08-28T17:22:48+00:00,SAVANT_ARSENAL_SCHEMA_V1,CURRENT
685005,"Roa, Christian",2026,4,0,0.0,16.3,12.5,45.5,0.595,0.622,0.75,50.0,7.4,82.120582857,,,,CH,Changeup,7.9,14,0.0,0.75,0.75,0.675,-11.0,BASEBALL_SAVANT_PITCH_ARSENAL_CURRENT_SEASON,2026-08-28T17:22:48+00:00,SAVANT_ARSENAL_SCHEMA_V1,CURRENT
681799,"Roberts, Ethan",2026,52,6,11.5,12.7,18.9,43.6,0.364,0.258,0.406,47.2,3.9,81.901718947,,,,FC,Cutter,45.0,196,11.8,0.286,0.524,0.412,-1.7,BASEBALL_SAVANT_PITCH_ARSENAL_CURRENT_SEASON,2026-08-28T17:22:48+00:00,SAVANT_ARSENAL_SCHEMA_V1,CURRENT
681799,"Roberts, Ethan",2026,43,10,23.3,12.7,30.9,43.6,0.325,0.237,0.387,40.7,3.9,81.901718947,,,,ST,Sweeper,38.8,169,17.9,0.108,0.189,0.207,1.6,BASEBALL_SAVANT_PITCH_ARSENAL_CURRENT_SEASON,2026-08-28T17:22:48+00:00,SAVANT_ARSENAL_SCHEMA_V1,CURRENT
681799,"Roberts, Ethan",2026,15,1,6.7,12.7,15.6,43.6,0.311,0.294,0.354,46.2,3.9,81.901718947,,,,SI,Sinker,16.3,71,11.1,0.429,0.429,0.407,-1.5,BASEBALL_SAVANT_PITCH_ARSENAL_CURRENT_SEASON,2026-08-28T17:22:48+00:00,SAVANT_ARSENAL_SCHEMA_V1,CURRENT
645302,"Robles, Victor",2026,5,0,0.0,11.1,0.0,42.3,0.509,0.477,0.593,50.0,0.0,87.5538325,,,,CU,Curveball,42.3,11,0.0,0.5,0.5,0.5,-6.7,BASEBALL_SAVANT_PITCH_ARSENAL_CURRENT_SEASON,2026-08-28T17:22:48+00:00,SAVANT_ARSENAL_SCHEMA_V1,CURRENT
645302,"Robles, Victor",2026,2,0,0.0,11.1,0.0,42.3,0.662,0.678,0.837,50.0,0.0,87.5538325,,,,FF,4-Seam Fastball,42.3,11,0.0,1.0,1.0,0.9,-8.7,BASEBALL_SAVANT_PITCH_ARSENAL_CURRENT_SEASON,2026-08-28T17:22:48+00:00,SAVANT_ARSENAL_SCHEMA_V1,CURRENT
697812,"Rock, Joe",2026,20,3,15.0,20.8,27.0,43.1,0.489,0.301,0.51,55.6,3.6,87.123432143,,,,FF,4-Seam Fastball,48.7,95,17.6,0.333,0.333,0.46,-1.9,BASEBALL_SAVANT_PITCH_ARSENAL_CURRENT_SEASON,2026-08-28T17:22:48+00:00,SAVANT_ARSENAL_SCHEMA_V1,CURRENT
697812,"Rock, Joe",2026,27,8,29.6,20.8,34.2,43.1,0.346,0.275,0.381,53.3,3.6,87.123432143,,,,SL,Slider,37.4,73,32.0,0.261,0.261,0.304,0.2,BASEBALL_SAVANT_PITCH_ARSENAL_CURRENT_SEASON,2026-08-28T17:22:48+00:00,SAVANT_ARSENAL_SCHEMA_V1,CURRENT
697812,"Rock, Joe",2026,5,1,20.0,20.8,0.0,43.1,0.306,0.183,0.298,100.0,3.6,87.123432143,,,,SI,Sinker,10.3,20,100.0,0.25,0.5,0.39,0.6,BASEBALL_SAVANT_PITCH_ARSENAL_CURRENT_SEASON,2026-08-28T17:22:48+00:00,SAVANT_ARSENAL_SCHEMA_V1,CURRENT
697812,"Rock, Joe",2026,1,0,0.0,20.8,0.0,43.1,0.007,0.006,0.011,0.0,3.6,87.123432143,,,,CH,Changeup,3.6,7,0.0,0.0,0.0,0.0,-0.4,BASEBALL_SAVANT_PITCH_ARSENAL_CURRENT_SEASON,2026-08-28T17:22:48+00:00,SAVANT_ARSENAL_SCHEMA_V1,CURRENT
677958,"Rocker, Kumar",2026,209,82,39.2,9.2,41.2,47.8,0.225,0.181,0.29,35.0,7.6,77.932650899,,,,SL,Slider,38.2,810,25.6,0.198,0.34,0.251,0.5,BASEBALL_SAVANT_PITCH_ARSENAL_CURRENT_SEASON,2026-08-28T17:22:48+00:00,SAVANT_ARSENAL_SCHEMA_V1,CURRENT
677958,"Rocker, Kumar",2026,194,11,5.7,9.2,9.1,47.8,0.38,0.296,0.458,44.2,7.6,77.932650899,,,,SI,Sinker,30.0,637,11.2,0.309,0.461,0.406,-0.6,BASEBALL_SAVANT_PITCH_ARSENAL_CURRENT_SEASON,2026-08-28T17:22:48+00:00,SAVANT_ARSENAL_SCHEMA_V1,CURRENT
677958,"Rocker, Kumar",2026,64,8,12.5,9.2,21.8,47.8,0.434,0.359,0.584,43.8,7.6,77.932650899,,,,FC,Cutter,14.2,302,20.5,0.327,0.564,0.414,-0.6,BASEBALL_SAVANT_PITCH_ARSENAL_CURRENT_SEASON,2026-08-28T17:22:48+00:00,SAVANT_ARSENAL_SCHEMA_V1,CURRENT
677958,"Rocker, Kumar",2026,65,15,23.1,9.2,25.4,47.8,0.343,0.224,0.493,34.9,7.6,77.932650899,,,,FF,4-Seam Fastball,12.8,272,17.4,0.224,0.431,0.322,0.1,BASEBALL_SAVANT_PITCH_ARSENAL_CURRENT_SEASON,2026-08-28T17:22:48+00:00,SAVANT_ARSENAL_SCHEMA_V1,CURRENT
677958,"Rocker, Kumar",2026,18,1,5.6,9.2,24.3,47.8,0.491,0.457,0.687,47.1,7.6,77.932650899,,,,CH,Changeup,3.8,81,9.1,0.235,0.412,0.261,0.6,BASEBALL_SAVANT_PITCH_ARSENAL_CURRENT_SEASON,2026-08-28T17:22:48+00:00,SAVANT_ARSENAL_SCHEMA_V1,CURRENT
677958,"Rocker, Kumar",2026,3,0,0.0,9.2,28.6,47.8,0.774,0.455,1.508,50.0,7.6,77.932650899,,,,FS,Split-Finger,90.0,20,0.0,0.5,2.0,0.9,-14.6,BASEBALL_SAVANT_PITCH_ARSENAL_CURRENT_SEASON,2026-08-28T17:22:48+00:00,SAVANT_ARSENAL_SCHEMA_V1,CURRENT
699134,"Rodriguez, Bradgley",2026,103,38,36.9,6.9,40.6,51.4,0.175,0.145,0.198,26.7,3.1,76.275817875,,,,CH,Changeup,42.7,412,25.7,0.143,0.235,0.213,2.3,BASEBALL_SAVANT_PITCH_ARSENAL_CURRENT_SEASON,2026-08-28T17:22:48+00:00,SAVANT_ARSENAL_SCHEMA_V1,CURRENT
699134,"Rodriguez, Bradgley",2026,64,6,9.4,6.9,11.8,51.4,0.301,0.261,0.375,29.6,3.1,76.275817875,,,,SI,Sinker,25.1,242,16.2,0.317,0.467,0.363,-0.3,BASEBALL_SAVANT_PITCH_ARSENAL_CURRENT_SEASON,2026-08-28T17:22:48+00:00,SAVANT_ARSENAL_SCHEMA_V1,CURRENT
699134,"Rodriguez, Bradgley",2026,59,16,27.1,6.9,23.4,51.4,0.243,0.172,0.251,27.8,3.1,76.275817875,,,,FF,4-Seam Fastball,25.0,241,20.5,0.184,0.224,0.256,1.5,BASEBALL_SAVANT_PITCH_ARSENAL_CURRENT_SEASON,2026-08-28T17:22:48+00:00,SAVANT_ARSENAL_SCHEMA_V1,CURRENT
699134,"Rodriguez, Bradgley",2026,18,5,27.8,6.9,31.3,51.4,0.206,0.168,0.318,38.5,3.1,76.275817875,,,,SL,Slider,7.3,70,17.9,0.222,0.389,0.308,-1.1,BASEBALL_SAVANT_PITCH_ARSENAL_CURRENT_SEASON,2026-08-28T17:22:48+00:00,SAVANT_ARSENAL_SCHEMA_V1,CURRENT
692230,"Rodriguez, Carlos",2026,20,7,35.0,9.5,43.2,50.0,0.314,0.224,0.353,30.0,3.3,72.742499333,,,,CH,Changeup,36.8,67,23.3,0.294,0.529,0.403,-3.3,BASEBALL_SAVANT_PITCH_ARSENAL_CURRENT_SEASON,2026-08-28T17:22:48+00:00,SAVANT_ARSENAL_SCHEMA_V1,CURRENT
692230,"Rodriguez, Carlos",2026,10,0,0.0,9.5,20.0,50.0,0.217,0.208,0.305,10.0,3.3,72.742499333,,,,FC,Cutter,26.9,49,0.0,0.2,0.2,0.18,3.8,BASEBALL_SAVANT_PITCH_ARSENAL_CURRENT_SEASON,2026-08-28T17:22:48+00:00,SAVANT_ARSENAL_SCHEMA_V1,CURRENT
692230,"Rodriguez, Carlos",2026,6,0,0.0,9.5,5.3,50.0,0.323,0.331,0.409,16.7,3.3,72.742499333,,,,FF,4-Seam Fastball,26.9,49,0.0,0.333,0.5,0.358,-1.2,BASEBALL_SAVANT_PITCH_ARSENAL_CURRENT_SEASON,2026-08-28T17:22:48+00:00,SAVANT_ARSENAL_SCHEMA_V1,CURRENT
692230,"Rodriguez, Carlos",2026,5,1,20.0,9.5,20.0,50.0,0.151,0.162,0.18,0.0,3.3,72.742499333,,,,ST,Sweeper,8.2,15,12.5,0.2,0.2,0.18,4.6,BASEBALL_SAVANT_PITCH_ARSENAL_CURRENT_SEASON,2026-08-28T17:22:48+00:00,SAVANT_ARSENAL_SCHEMA_V1,CURRENT
692230,"Rodriguez, Carlos",2026,1,0,0.0,9.5,26.4,50.0,0.7,0.228,0.327,16.7,3.3,72.742499333,,,,CU,Curveball,1.1,2,0.0,,,0.7,-20.8,BASEBALL_SAVANT_PITCH_ARSENAL_CURRENT_SEASON,2026-08-28T17:22:48+00:00,SAVANT_ARSENAL_SCHEMA_V1,CURRENT
593958,"Rodriguez, Eduardo",2026,234,62,26.5,7.9,21.3,48.0,0.321,0.232,0.429,39.6,7.8,76.094258631,,,,FF,4-Seam Fastball,39.7,1021,17.4,0.194,0.327,0.273,1.4,BASEBALL_SAVANT_PITCH_ARSENAL_CURRENT_SEASON,2026-08-28T17:22:48+00:00,SAVANT_ARSENAL_SCHEMA_V1,CURRENT
593958,"Rodriguez, Eduardo",2026,214,34,15.9,7.9,26.8,48.0,0.283,0.226,0.343,22.8,7.8,76.094258631,,,,CH,Changeup,26.7,688,14.5,0.202,0.321,0.269,1.0,BASEBALL_SAVANT_PITCH_ARSENAL_CURRENT_SEASON,2026-08-28T17:22:48+00:00,SAVANT_ARSENAL_SCHEMA_V1,CURRENT
593958,"Rodriguez, Eduardo",2026,74,8,10.8,7.9,16.9,48.0,0.363,0.303,0.514,39.7,7.8,76.094258631,,,,FC,Cutter,12.9,332,17.4,0.31,0.493,0.372,-0.7,BASEBALL_SAVANT_PITCH_ARSENAL_CURRENT_SEASON,2026-08-28T17:22:48+00:00,SAVANT_ARSENAL_SCHEMA_V1,CURRENT
593958,"Rodriguez, Eduardo",2026,76,9,11.8,7.9,21.1,48.0,0.337,0.309,0.464,43.9,7.8,76.094258631,,,,CU,Curveball,12.2,315,14.3,0.227,0.333,0.248,1.7,BASEBALL_SAVANT_PITCH_ARSENAL_CURRENT_SEASON,2026-08-28T17:22:48+00:00,SAVANT_ARSENAL_SCHEMA_V1,CURRENT
593958,"Rodriguez, Eduardo",2026,63,6,9.5,7.9,7.6,48.0,0.41,0.344,0.526,32.0,7.8,76.094258631,,,,SI,Sinker,8.4,217,10.7,0.375,0.536,0.429,-1.8,BASEBALL_SAVANT_PITCH_ARSENAL_CURRENT_SEASON,2026-08-28T17:22:48+00:00,SAVANT_ARSENAL_SCHEMA_V1,CURRENT
680570,"Rodriguez, Grayson",2026,189,32,16.9,9.6,16.0,48.7,0.371,0.288,0.484,51.5,9.1,79.941662818,,,,FF,4-Seam Fastball,54.3,706,14.8,0.288,0.491,0.372,-0.6,BASEBALL_SAVANT_PITCH_ARSENAL_CURRENT_SEASON,2026-08-28T17:22:48+00:00,SAVANT_ARSENAL_SCHEMA_V1,CURRENT
680570,"Rodriguez, Grayson",2026,69,19,27.5,9.6,34.6,48.7,0.273,0.209,0.353,30.4,9.1,79.941662818,,,,CH,Changeup,24.2,314,15.4,0.234,0.359,0.304,-0.2,BASEBALL_SAVANT_PITCH_ARSENAL_CURRENT_SEASON,2026-08-28T17:22:48+00:00,SAVANT_ARSENAL_SCHEMA_V1,CURRENT
680570,"Rodriguez, Grayson",2026,39,11,28.2,9.6,35.7,48.7,0.395,0.288,0.562,39.1,9.1,79.941662818,,,,SL,Slider,11.2,145,25.6,0.303,0.636,0.446,-3.4,BASEBALL_SAVANT_PITCH_ARSENAL_CURRENT_SEASON,2026-08-28T17:22:48+00:00,SAVANT_ARSENAL_SCHEMA_V1,CURRENT
680570,"Rodriguez, Grayson",2026,23,3,13.0,9.6,21.3,48.7,0.392,0.328,0.462,41.2,9.1,79.941662818,,,,CU,Curveball,10.3,134,7.7,0.316,0.474,0.411,-2.1,BASEBALL_SAVANT_PITCH_ARSENAL_CURRENT_SEASON,2026-08-28T17:22:48+00:00,SAVANT_ARSENAL_SCHEMA_V1,CURRENT
695684,"Rodríguez, Elmer",2026,52,5,9.6,12.4,15.1,40.1,0.387,0.295,0.4,34.2,6.9,76.219989722,,,,SI,Sinker,44.6,181,11.6,0.286,0.333,0.342,0.7,BASEBALL_SAVANT_PITCH_ARSENAL_CURRENT_SEASON,2026-08-28T17:22:48+00:00,SAVANT_ARSENAL_SCHEMA_V1,CURRENT
695684,"Rodríguez, Elmer",2026,20,2,10.0,12.4,25.0,40.1,0.489,0.307,0.638,66.7,6.9,76.219989722,,,,FF,4-Seam Fastball,19.7,80,9.1,0.286,0.5,0.445,-2.7,BASEBALL_SAVANT_PITCH_ARSENAL_CURRENT_SEASON,2026-08-28T17:22:48+00:00,SAVANT_ARSENAL_SCHEMA_V1,CURRENT
695684,"Rodríguez, Elmer",2026,11,4,36.4,12.4,54.5,40.1,0.21,0.227,0.249,14.3,6.9,76.219989722,,,,ST,Sweeper,14.0,57,28.6,0.182,0.182,0.164,1.0,BASEBALL_SAVANT_PITCH_ARSENAL_CURRENT_SEASON,2026-08-28T17:22:48+00:00,SAVANT_ARSENAL_SCHEMA_V1,CURRENT
695684,"Rodríguez, Elmer",2026,9,4,44.4,12.4,58.8,40.1,0.09,0.095,0.113,0.0,6.9,76.219989722,,,,CU,Curveball,12.6,51,23.5,0.111,0.111,0.1,1.2,BASEBALL_SAVANT_PITCH_ARSENAL_CURRENT_SEASON,2026-08-28T17:22:48+00:00,SAVANT_ARSENAL_SCHEMA_V1,CURRENT
695684,"Rodríguez, Elmer",2026,13,1,7.7,12.4,21.1,40.1,0.349,0.241,0.433,40.0,6.9,76.219989722,,,,CH,Changeup,8.9,36,5.9,0.273,0.636,0.427,-7.8,BASEBALL_SAVANT_PITCH_ARSENAL_CURRENT_SEASON,2026-08-28T17:22:48+00:00,SAVANT_ARSENAL_SCHEMA_V1,CURRENT
655889,"Rodríguez, Manuel",2026,3,2,66.7,20.0,37.5,56.5,0.233,0.029,0.051,0.0,0.0,90.10641,,,,SL,Slider,52.2,12,40.0,0.0,0.0,0.233,4.9,BASEBALL_SAVANT_PITCH_ARSENAL_CURRENT_SEASON,2026-08-28T17:22:48+00:00,SAVANT_ARSENAL_SCHEMA_V1,CURRENT
655889,"Rodríguez, Manuel",2026,2,1,50.0,20.0,50.0,56.5,0.065,0.059,0.101,0.0,0.0,90.10641,,,,SI,Sinker,17.4,4,50.0,0.5,1.0,0.625,-12.9,BASEBALL_SAVANT_PITCH_ARSENAL_CURRENT_SEASON,2026-08-28T17:22:48+00:00,SAVANT_ARSENAL_SCHEMA_V1,CURRENT
684320,"Rodríguez, Yariel",2026,18,2,11.1,15.6,10.0,40.7,0.382,0.291,0.513,35.7,12.9,75.308805,,,,SL,Slider,39.5,68,14.3,0.25,0.438,0.339,0.6,BASEBALL_SAVANT_PITCH_ARSENAL_CURRENT_SEASON,2026-08-28T17:22:48+00:00,SAVANT_ARSENAL_SCHEMA_V1,CURRENT
684320,"Rodríguez, Yariel",2026,12,4,33.3,15.6,23.5,40.7,0.404,0.329,0.629,50.0,12.9,75.308805,,,,FS,Split-Finger,24.4,42,22.2,0.417,0.75,0.496,-8.4,BASEBALL_SAVANT_PITCH_ARSENAL_CURRENT_SEASON,2026-08-28T17:22:48+00:00,SAVANT_ARSENAL_SCHEMA_V1,CURRENT
684320,"Rodríguez, Yariel",2026,5,0,0.0,15.6,23.1,40.7,0.452,0.313,0.339,0.0,12.9,75.308805,,,,FF,4-Seam Fastball,20.9,36,0.0,0.667,0.667,0.64,-3.6,BASEBALL_SAVANT_PITCH_ARSENAL_CURRENT_SEASON,2026-08-28T17:22:48+00:00,SAVANT_ARSENAL_SCHEMA_V1,CURRENT
684320,"Rodríguez, Yariel",2026,10,0,0.0,15.6,10.0,40.7,0.407,0.231,0.253,16.7,12.9,75.308805,,,,SI,Sinker,15.1,26,0.0,0.167,0.167,0.46,-2.9,BASEBALL_SAVANT_PITCH_ARSENAL_CURRENT_SEASON,2026-08-28T17:22:48+00:00,SAVANT_ARSENAL_SCHEMA_V1,CURRENT
607074,"Rodón, Carlos",2026,90,19,21.1,13.2,23.4,47.5,0.403,0.246,0.427,52.2,6.5,80.670006087,,,,FF,4-Seam Fastball,44.5,432,18.4,0.156,0.25,0.328,0.8,BASEBALL_SAVANT_PITCH_ARSENAL_CURRENT_SEASON,2026-08-28T17:22:48+00:00,SAVANT_ARSENAL_SCHEMA_V1,CURRENT
607074,"Rodón, Carlos",2026,62,25,40.3,13.2,34.2,47.5,0.235,0.182,0.313,37.1,6.5,80.670006087,,,,SL,Slider,24.7,240,23.6,0.19,0.414,0.273,-0.9,BASEBALL_SAVANT_PITCH_ARSENAL_CURRENT_SEASON,2026-08-28T17:22:48+00:00,SAVANT_ARSENAL_SCHEMA_V1,CURRENT
607074,"Rodón, Carlos",2026,39,9,23.1,13.2,37.5,47.5,0.294,0.273,0.359,25.0,6.5,80.670006087,,,,CH,Changeup,14.7,143,18.0,0.278,0.361,0.317,-0.9,BASEBALL_SAVANT_PITCH_ARSENAL_CURRENT_SEASON,2026-08-28T17:22:48+00:00,SAVANT_ARSENAL_SCHEMA_V1,CURRENT
607074,"Rodón, Carlos",2026,35,4,11.4,13.2,18.3,47.5,0.225,0.195,0.254,24.1,6.5,80.670006087,,,,SI,Sinker,14.5,141,17.4,0.156,0.188,0.189,3.1,BASEBALL_SAVANT_PITCH_ARSENAL_CURRENT_SEASON,2026-08-28T17:22:48+00:00,SAVANT_ARSENAL_SCHEMA_V1,CURRENT
607074,"Rodón, Carlos",2026,2,1,50.0,13.2,66.7,47.5,0.065,0.071,0.078,0.0,6.5,80.670006087,,,,CU,Curveball,1.4,14,50.0,0.0,0.0,0.0,1.6,BASEBALL_SAVANT_PITCH_ARSENAL_CURRENT_SEASON,2026-08-28T17:22:48+00:00,SAVANT_ARSENAL_SCHEMA_V1,CURRENT
668670,"Rogers, Jake",2026,1,1,100.0,,100.0,,0.0,,,,,,,,,KN,Knuckleball,2.3,1,100.0,0.0,0.0,0.0,23.1,BASEBALL_SAVANT_PITCH_ARSENAL_CURRENT_SEASON,2026-08-28T17:22:48+00:00,SAVANT_ARSENAL_SCHEMA_V1,CURRENT
573124,"Rogers, Taylor",2026,112,20,17.9,10.2,22.6,42.2,0.272,0.226,0.299,19.8,6.7,75.919915139,,,,ST,Sweeper,49.8,422,16.0,0.293,0.424,0.346,-0.1,BASEBALL_SAVANT_PITCH_ARSENAL_CURRENT_SEASON,2026-08-28T17:22:48+00:00,SAVANT_ARSENAL_SCHEMA_V1,CURRENT
573124,"Rogers, Taylor",2026,81,19,23.5,10.2,9.4,42.2,0.355,0.248,0.425,35.3,6.7,75.919915139,,,,SI,Sinker,36.8,312,18.3,0.25,0.412,0.337,-0.4,BASEBALL_SAVANT_PITCH_ARSENAL_CURRENT_SEASON,2026-08-28T17:22:48+00:00,SAVANT_ARSENAL_SCHEMA_V1,CURRENT
573124,"Rogers, Taylor",2026,20,2,10.0,10.2,15.9,42.2,0.401,0.361,0.573,44.4,6.7,75.919915139,,,,FC,Cutter,13.4,114,10.0,0.316,0.316,0.284,0.4,BASEBALL_SAVANT_PITCH_ARSENAL_CURRENT_SEASON,2026-08-28T17:22:48+00:00,SAVANT_ARSENAL_SCHEMA_V1,CURRENT
669432,"Rogers, Trevor",2026,242,56,23.1,6.4,23.9,52.3,0.32,0.234,0.429,42.9,7.2,77.664941553,,,,FF,4-Seam Fastball,45.8,1027,18.4,0.24,0.438,0.335,0.7,BASEBALL_SAVANT_PITCH_ARSENAL_CURRENT_SEASON,2026-08-28T17:22:48+00:00,SAVANT_ARSENAL_SCHEMA_V1,CURRENT
669432,"Rogers, Trevor",2026,135,15,11.1,6.4,24.0,52.3,0.346,0.313,0.45,43.5,7.2,77.664941553,,,,CH,Changeup,21.5,481,10.3,0.326,0.465,0.386,-1.7,BASEBALL_SAVANT_PITCH_ARSENAL_CURRENT_SEASON,2026-08-28T17:22:48+00:00,SAVANT_ARSENAL_SCHEMA_V1,CURRENT
669432,"Rogers, Trevor",2026,89,32,36.0,6.4,30.7,52.3,0.213,0.165,0.235,24.0,7.2,77.664941553,,,,ST,Sweeper,13.4,301,20.8,0.175,0.3,0.237,1.0,BASEBALL_SAVANT_PITCH_ARSENAL_CURRENT_SEASON,2026-08-28T17:22:48+00:00,SAVANT_ARSENAL_SCHEMA_V1,CURRENT
669432,"Rogers, Trevor",2026,71,14,19.7,6.4,11.7,52.3,0.28,0.232,0.361,32.1,7.2,77.664941553,,,,SI,Sinker,10.0,225,17.7,0.254,0.358,0.286,0.2,BASEBALL_SAVANT_PITCH_ARSENAL_CURRENT_SEASON,2026-08-28T17:22:48+00:00,SAVANT_ARSENAL_SCHEMA_V1,CURRENT
669432,"Rogers, Trevor",2026,42,4,9.5,6.4,22.6,52.3,0.316,0.28,0.435,27.0,7.2,77.664941553,,,,FC,Cutter,9.3,208,8.2,0.25,0.4,0.304,0.5,BASEBALL_SAVANT_PITCH_ARSENAL_CURRENT_SEASON,2026-08-28T17:22:48+00:00,SAVANT_ARSENAL_SCHEMA_V1,CURRENT
643511,"Rogers, Tyler",2026,191,19,9.9,7.8,12.3,50.6,0.281,0.241,0.319,30.6,1.5,71.955932577,,,,SI,Sinker,76.9,674,11.3,0.24,0.291,0.285,1.9,BASEBALL_SAVANT_PITCH_ARSENAL_CURRENT_SEASON,2026-08-28T17:22:48+00:00,SAVANT_ARSENAL_SCHEMA_V1,CURRENT
643511,"Rogers, Tyler",2026,59,14,23.7,7.8,23.4,50.6,0.202,0.179,0.228,16.7,1.5,71.955932577,,,,SL,Slider,23.1,203,15.4,0.2,0.236,0.246,0.3,BASEBALL_SAVANT_PITCH_ARSENAL_CURRENT_SEASON,2026-08-28T17:22:48+00:00,SAVANT_ARSENAL_SCHEMA_V1,CURRENT
668942,"Rojas, Josh",2026,1,0,0.0,,0.0,,0.135,0.146,0.173,0.0,,,,,,CU,Curveball,46.2,6,0.0,0.0,0.0,0.0,4.0,BASEBALL_SAVANT_PITCH_ARSENAL_CURRENT_SEASON,2026-08-28T17:22:48+00:00,SAVANT_ARSENAL_SCHEMA_V1,CURRENT
696070,"Rojas, Kendry",2026,53,18,34.0,16.9,29.7,43.8,0.26,0.152,0.211,20.0,6.8,72.879891429,,,,FF,4-Seam Fastball,43.4,226,27.7,0.19,0.286,0.301,1.0,BASEBALL_SAVANT_PITCH_ARSENAL_CURRENT_SEASON,2026-08-28T17:22:48+00:00,SAVANT_ARSENAL_SCHEMA_V1,CURRENT
696070,"Rojas, Kendry",2026,38,10,26.3,16.9,33.3,43.8,0.32,0.193,0.358,33.3,6.8,72.879891429,,,,SL,Slider,27.6,144,17.2,0.258,0.419,0.366,-2.1,BASEBALL_SAVANT_PITCH_ARSENAL_CURRENT_SEASON,2026-08-28T17:22:48+00:00,SAVANT_ARSENAL_SCHEMA_V1,CURRENT
696070,"Rojas, Kendry",2026,20,4,20.0,16.9,27.0,43.8,0.262,0.234,0.38,50.0,6.8,72.879891429,,,,CH,Changeup,14.6,76,18.2,0.222,0.333,0.289,-0.9,BASEBALL_SAVANT_PITCH_ARSENAL_CURRENT_SEASON,2026-08-28T17:22:48+00:00,SAVANT_ARSENAL_SCHEMA_V1,CURRENT
696070,"Rojas, Kendry",2026,19,2,10.5,16.9,13.3,43.8,0.326,0.154,0.197,27.3,6.8,72.879891429,,,,SI,Sinker,14.4,75,20.0,0.231,0.231,0.363,1.0,BASEBALL_SAVANT_PITCH_ARSENAL_CURRENT_SEASON,2026-08-28T17:22:48+00:00,SAVANT_ARSENAL_SCHEMA_V1,CURRENT
669020,"Rolison, Ryan",2026,93,19,20.4,11.3,13.6,44.4,0.336,0.219,0.395,44.1,6.8,79.566153485,,,,FF,4-Seam Fastball,42.5,335,21.1,0.197,0.382,0.326,0.6,BASEBALL_SAVANT_PITCH_ARSENAL_CURRENT_SEASON,2026-08-28T17:22:48+00:00,SAVANT_ARSENAL_SCHEMA_V1,CURRENT
669020,"Rolison, Ryan",2026,31,9,29.0,11.3,25.4,44.4,0.327,0.26,0.447,45.0,6.8,79.566153485,,,,CU,Curveball,17.8,140,20.5,0.31,0.552,0.389,-1.6,BASEBALL_SAVANT_PITCH_ARSENAL_CURRENT_SEASON,2026-08-28T17:22:48+00:00,SAVANT_ARSENAL_SCHEMA_V1,CURRENT
669020,"Rolison, Ryan",2026,33,4,12.1,11.3,18.5,44.4,0.347,0.313,0.404,38.5,6.8,79.566153485,,,,SL,Slider,14.7,116,16.7,0.3,0.333,0.32,0.5,BASEBALL_SAVANT_PITCH_ARSENAL_CURRENT_SEASON,2026-08-28T17:22:48+00:00,SAVANT_ARSENAL_SCHEMA_V1,CURRENT
669020,"Rolison, Ryan",2026,30,13,43.3,11.3,39.7,44.4,0.204,0.203,0.272,47.1,6.8,79.566153485,,,,ST,Sweeper,14.5,114,27.1,0.167,0.167,0.15,2.0,BASEBALL_SAVANT_PITCH_ARSENAL_CURRENT_SEASON,2026-08-28T17:22:48+00:00,SAVANT_ARSENAL_SCHEMA_V1,CURRENT
669020,"Rolison, Ryan",2026,13,3,23.1,11.3,24.2,44.4,0.238,0.166,0.187,0.0,6.8,79.566153485,,,,SI,Sinker,9.4,74,33.3,0.091,0.091,0.177,3.5,BASEBALL_SAVANT_PITCH_ARSENAL_CURRENT_SEASON,2026-08-28T17:22:48+00:00,SAVANT_ARSENAL_SCHEMA_V1,CURRENT
669020,"Rolison, Ryan",2026,1,0,0.0,11.3,0.0,44.4,0.45,0.486,0.554,100.0,6.8,79.566153485,,,,CH,Changeup,1.1,9,0.0,1.0,1.0,0.9,-3.3,BASEBALL_SAVANT_PITCH_ARSENAL_CURRENT_SEASON,2026-08-28T17:22:48+00:00,SAVANT_ARSENAL_SCHEMA_V1,CURRENT
680723,"Rom, Drew",2026,40,13,32.5,12.5,30.2,39.9,0.366,0.263,0.445,54.5,15.2,89.77097625,,,,FF,4-Seam Fastball,65.7,140,35.1,0.303,0.485,0.374,-0.3,BASEBALL_SAVANT_PITCH_ARSENAL_CURRENT_SEASON,2026-08-28T17:22:48+00:00,SAVANT_ARSENAL_SCHEMA_V1,CURRENT
680723,"Rom, Drew",2026,9,3,33.3,12.5,28.6,39.9,0.193,0.141,0.156,80.0,15.2,89.77097625,,,,SI,Sinker,16.4,35,60.0,0.25,0.25,0.278,2.2,BASEBALL_SAVANT_PITCH_ARSENAL_CURRENT_SEASON,2026-08-28T17:22:48+00:00,SAVANT_ARSENAL_SCHEMA_V1,CURRENT
680723,"Rom, Drew",2026,2,0,0.0,12.5,0.0,39.9,0.65,0.456,1.106,100.0,15.2,89.77097625,,,,ST,Sweeper,12.7,27,0.0,0.5,2.0,1.0,-11.9,BASEBALL_SAVANT_PITCH_ARSENAL_CURRENT_SEASON,2026-08-28T17:22:48+00:00,SAVANT_ARSENAL_SCHEMA_V1,CURRENT
680723,"Rom, Drew",2026,4,0,0.0,12.5,0.0,39.9,0.451,0.355,0.712,50.0,15.2,89.77097625,,,,FS,Split-Finger,5.2,11,,0.5,0.75,0.538,-7.4,BASEBALL_SAVANT_PITCH_ARSENAL_CURRENT_SEASON,2026-08-28T17:22:48+00:00,SAVANT_ARSENAL_SCHEMA_V1,CURRENT
605447,"Romano, Jordan",2026,64,16,25.0,12.8,30.3,43.7,0.286,0.251,0.336,32.6,3.0,76.139338529,,,,SL,Slider,53.7,253,20.0,0.224,0.328,0.271,0.9,BASEBALL_SAVANT_PITCH_ARSENAL_CURRENT_SEASON,2026-08-28T17:22:48+00:00,SAVANT_ARSENAL_SCHEMA_V1,CURRENT
605447,"Romano, Jordan",2026,41,10,24.4,12.8,22.1,43.7,0.3,0.216,0.286,33.3,3.0,76.139338529,,,,FF,4-Seam Fastball,43.7,206,15.4,0.294,0.324,0.348,0.4,BASEBALL_SAVANT_PITCH_ARSENAL_CURRENT_SEASON,2026-08-28T17:22:48+00:00,SAVANT_ARSENAL_SCHEMA_V1,CURRENT
605447,"Romano, Jordan",2026,1,1,100.0,12.8,100.0,43.7,0.0,0.236,0.314,32.8,3.0,76.139338529,,,,FS,Split-Finger,1.9,9,25.0,0.0,0.0,0.0,1.6,BASEBALL_SAVANT_PITCH_ARSENAL_CURRENT_SEASON,2026-08-28T17:22:48+00:00,SAVANT_ARSENAL_SCHEMA_V1,CURRENT
605447,"Romano, Jordan",2026,2,0,0.0,12.8,27.2,43.7,0.7,0.236,0.314,32.8,3.0,76.139338529,,,,ST,Sweeper,60.0,3,0.0,,,0.7,-19.0,BASEBALL_SAVANT_PITCH_ARSENAL_CURRENT_SEASON,2026-08-28T17:22:48+00:00,SAVANT_ARSENAL_SCHEMA_V1,CURRENT
668941,"Romero, JoJo",2026,80,12,15.0,8.6,14.0,39.9,0.355,0.287,0.406,56.1,8.2,80.185425167,,,,SI,Sinker,44.1,318,27.9,0.265,0.324,0.336,1.5,BASEBALL_SAVANT_PITCH_ARSENAL_CURRENT_SEASON,2026-08-28T17:22:48+00:00,SAVANT_ARSENAL_SCHEMA_V1,CURRENT
668941,"Romero, JoJo",2026,64,20,31.3,8.6,26.9,39.9,0.334,0.247,0.486,32.5,8.2,80.185425167,,,,ST,Sweeper,36.1,260,23.0,0.237,0.441,0.313,-0.3,BASEBALL_SAVANT_PITCH_ARSENAL_CURRENT_SEASON,2026-08-28T17:22:48+00:00,SAVANT_ARSENAL_SCHEMA_V1,CURRENT
668941,"Romero, JoJo",2026,33,8,24.2,8.6,32.8,39.9,0.273,0.242,0.329,30.4,8.2,80.185425167,,,,CH,Changeup,17.9,129,13.6,0.226,0.355,0.305,-2.7,BASEBALL_SAVANT_PITCH_ARSENAL_CURRENT_SEASON,2026-08-28T17:22:48+00:00,SAVANT_ARSENAL_SCHEMA_V1,CURRENT
668941,"Romero, JoJo",2026,7,3,42.9,8.6,50.0,39.9,0.45,0.237,0.748,33.3,8.2,80.185425167,,,,FF,4-Seam Fastball,1.9,14,23.1,0.167,0.667,0.386,-15.3,BASEBALL_SAVANT_PITCH_ARSENAL_CURRENT_SEASON,2026-08-28T17:22:48+00:00,SAVANT_ARSENAL_SCHEMA_V1,CURRENT
605452,"Ross, Joe",2026,22,2,9.1,10.5,23.5,53.7,0.455,0.318,0.668,41.2,11.4,73.661929091,,,,SL,Slider,28.8,59,11.1,0.316,0.684,0.498,-3.5,BASEBALL_SAVANT_PITCH_ARSENAL_CURRENT_SEASON,2026-08-28T17:22:48+00:00,SAVANT_ARSENAL_SCHEMA_V1,CURRENT
605452,"Ross, Joe",2026,11,0,0.0,10.5,16.0,53.7,0.473,0.389,0.597,44.4,11.4,73.661929091,,,,SI,Sinker,24.4,50,0.0,0.556,1.0,0.668,-4.2,BASEBALL_SAVANT_PITCH_ARSENAL_CURRENT_SEASON,2026-08-28T17:22:48+00:00,SAVANT_ARSENAL_SCHEMA_V1,CURRENT
605452,"Ross, Joe",2026,7,1,14.3,10.5,47.8,53.7,0.24,0.258,0.282,16.7,11.4,73.661929091,,,,FS,Split-Finger,20.5,42,7.7,0.429,0.571,0.436,-2.4,BASEBALL_SAVANT_PITCH_ARSENAL_CURRENT_SEASON,2026-08-28T17:22:48+00:00,SAVANT_ARSENAL_SCHEMA_V1,CURRENT
605452,"Ross, Joe",2026,13,2,15.4,10.5,33.3,53.7,0.37,0.306,0.496,40.0,11.4,73.661929091,,,,FF,4-Seam Fastball,20.0,41,15.4,0.083,0.083,0.123,4.2,BASEBALL_SAVANT_PITCH_ARSENAL_CURRENT_SEASON,2026-08-28T17:22:48+00:00,SAVANT_ARSENAL_SCHEMA_V1,CURRENT
605452,"Ross, Joe",2026,4,2,50.0,10.5,42.9,53.7,0.151,0.162,0.182,0.0,11.4,73.661929091,,,,CU,Curveball,6.3,13,50.0,0.25,0.25,0.225,0.4,BASEBALL_SAVANT_PITCH_ARSENAL_CURRENT_SEASON,2026-08-28T17:22:48+00:00,SAVANT_ARSENAL_SCHEMA_V1,CURRENT
694738,"Roupp, Landen",2026,204,21,10.3,11.1,8.1,43.6,0.397,0.287,0.48,39.3,5.1,75.345818526,,,,SI,Sinker,34.3,846,14.6,0.267,0.455,0.396,0.0,BASEBALL_SAVANT_PITCH_ARSENAL_CURRENT_SEASON,2026-08-28T17:22:48+00:00,SAVANT_ARSENAL_SCHEMA_V1,CURRENT
694738,"Roupp, Landen",2026,155,55,35.5,11.1,34.6,43.6,0.241,0.184,0.248,19.3,5.1,75.345818526,,,,CU,Curveball,25.8,637,24.2,0.199,0.279,0.265,0.8,BASEBALL_SAVANT_PITCH_ARSENAL_CURRENT_SEASON,2026-08-28T17:22:48+00:00,SAVANT_ARSENAL_SCHEMA_V1,CURRENT
694738,"Roupp, Landen",2026,137,29,21.2,11.1,29.8,43.6,0.258,0.226,0.304,23.0,5.1,75.345818526,,,,CH,Changeup,21.0,518,15.7,0.18,0.258,0.233,1.1,BASEBALL_SAVANT_PITCH_ARSENAL_CURRENT_SEASON,2026-08-28T17:22:48+00:00,SAVANT_ARSENAL_SCHEMA_V1,CURRENT
694738,"Roupp, Landen",2026,69,14,20.3,11.1,26.8,43.6,0.299,0.248,0.336,29.2,5.1,75.345818526,,,,FC,Cutter,13.4,330,22.2,0.274,0.403,0.347,-0.1,BASEBALL_SAVANT_PITCH_ARSENAL_CURRENT_SEASON,2026-08-28T17:22:48+00:00,SAVANT_ARSENAL_SCHEMA_V1,CURRENT
694738,"Roupp, Landen",2026,30,14,46.7,11.1,37.0,43.6,0.193,0.158,0.266,40.0,5.1,75.345818526,,,,FF,4-Seam Fastball,5.6,137,14.9,0.214,0.357,0.252,-1.3,BASEBALL_SAVANT_PITCH_ARSENAL_CURRENT_SEASON,2026-08-28T17:22:48+00:00,SAVANT_ARSENAL_SCHEMA_V1,CURRENT
688297,"Roycroft, Chris",2026,73,9,12.3,9.6,14.7,48.0,0.404,0.308,0.528,46.3,12.0,78.898365682,,,,SI,Sinker,52.3,230,21.4,0.349,0.603,0.466,-3.2,BASEBALL_SAVANT_PITCH_ARSENAL_CURRENT_SEASON,2026-08-28T17:22:48+00:00,SAVANT_ARSENAL_SCHEMA_V1,CURRENT
688297,"Roycroft, Chris",2026,32,4,12.5,9.6,15.8,48.0,0.371,0.353,0.511,40.7,12.0,78.898365682,,,,FC,Cutter,24.1,106,11.8,0.379,0.552,0.4,-2.9,BASEBALL_SAVANT_PITCH_ARSENAL_CURRENT_SEASON,2026-08-28T17:22:48+00:00,SAVANT_ARSENAL_SCHEMA_V1,CURRENT
688297,"Roycroft, Chris",2026,16,5,31.3,9.6,23.7,48.0,0.233,0.131,0.158,12.5,12.0,78.898365682,,,,FF,4-Seam Fastball,19.5,86,15.6,0.154,0.154,0.244,0.9,BASEBALL_SAVANT_PITCH_ARSENAL_CURRENT_SEASON,2026-08-28T17:22:48+00:00,SAVANT_ARSENAL_SCHEMA_V1,CURRENT
688297,"Roycroft, Chris",2026,3,0,0.0,9.6,28.6,48.0,1.259,0.734,2.316,100.0,12.0,78.898365682,,,,ST,Sweeper,4.1,18,0.0,0.667,2.667,1.333,-23.6,BASEBALL_SAVANT_PITCH_ARSENAL_CURRENT_SEASON,2026-08-28T17:22:48+00:00,SAVANT_ARSENAL_SCHEMA_V1,CURRENT
621074,"Rucker, Michael",2026,45,11,24.4,9.1,23.9,45.9,0.345,0.263,0.417,50.0,8.5,77.485860488,,,,FF,4-Seam Fastball,33.5,176,22.0,0.308,0.513,0.398,-1.0,BASEBALL_SAVANT_PITCH_ARSENAL_CURRENT_SEASON,2026-08-28T17:22:48+00:00,SAVANT_ARSENAL_SCHEMA_V1,CURRENT
621074,"Rucker, Michael",2026,43,20,46.5,9.1,37.2,45.9,0.237,0.198,0.296,28.6,8.5,77.485860488,,,,CU,Curveball,32.0,168,26.7,0.175,0.25,0.231,0.5,BASEBALL_SAVANT_PITCH_ARSENAL_CURRENT_SEASON,2026-08-28T17:22:48+00:00,SAVANT_ARSENAL_SCHEMA_V1,CURRENT
621074,"Rucker, Michael",2026,26,3,11.5,9.1,16.3,45.9,0.342,0.259,0.436,40.0,8.5,77.485860488,,,,FC,Cutter,20.4,107,16.7,0.304,0.478,0.379,-0.8,BASEBALL_SAVANT_PITCH_ARSENAL_CURRENT_SEASON,2026-08-28T17:22:48+00:00,SAVANT_ARSENAL_SCHEMA_V1,CURRENT
621074,"Rucker, Michael",2026,17,2,11.8,9.1,21.7,45.9,0.319,0.252,0.283,33.3,8.5,77.485860488,,,,SI,Sinker,11.8,62,25.0,0.214,0.214,0.282,3.1,BASEBALL_SAVANT_PITCH_ARSENAL_CURRENT_SEASON,2026-08-28T17:22:48+00:00,SAVANT_ARSENAL_SCHEMA_V1,CURRENT
621074,"Rucker, Michael",2026,1,0,0.0,9.1,0.0,45.9,0.168,0.187,0.187,0.0,8.5,77.485860488,,,,CH,Changeup,60.0,3,,0.0,0.0,0.0,4.2,BASEBALL_SAVANT_PITCH_ARSENAL_CURRENT_SEASON,2026-08-28T17:22:48+00:00,SAVANT_ARSENAL_SCHEMA_V1,CURRENT
671131,"Rutledge, Jackson",2026,5,1,20.0,16.7,30.8,52.3,0.187,0.199,0.225,25.0,12.5,73.781985,,,,FC,Cutter,45.5,20,16.7,0.6,0.6,0.54,-4.7,BASEBALL_SAVANT_PITCH_ARSENAL_CURRENT_SEASON,2026-08-28T17:22:48+00:00,SAVANT_ARSENAL_SCHEMA_V1,CURRENT
671131,"Rutledge, Jackson",2026,4,1,25.0,16.7,75.0,52.3,0.581,0.497,0.553,0.0,12.5,73.781985,,,,FS,Split-Finger,27.3,12,16.7,0.5,1.5,0.75,-11.5,BASEBALL_SAVANT_PITCH_ARSENAL_CURRENT_SEASON,2026-08-28T17:22:48+00:00,SAVANT_ARSENAL_SCHEMA_V1,CURRENT
671131,"Rutledge, Jackson",2026,3,0,0.0,16.7,16.7,52.3,0.587,0.388,1.013,66.7,12.5,73.781985,,,,SI,Sinker,27.3,12,0.0,0.667,1.0,0.717,-6.2,BASEBALL_SAVANT_PITCH_ARSENAL_CURRENT_SEASON,2026-08-28T17:22:48+00:00,SAVANT_ARSENAL_SCHEMA_V1,CURRENT
657746,"Ryan, Joe",2026,226,57,25.2,5.2,26.2,50.2,0.314,0.233,0.426,46.7,10.5,79.0089436,,,,FF,4-Seam Fastball,45.6,953,18.7,0.243,0.456,0.336,0.4,BASEBALL_SAVANT_PITCH_ARSENAL_CURRENT_SEASON,2026-08-28T17:22:48+00:00,SAVANT_ARSENAL_SCHEMA_V1,CURRENT
657746,"Ryan, Joe",2026,75,28,37.3,5.2,36.3,50.2,0.23,0.175,0.328,29.5,10.5,79.0089436,,,,ST,Sweeper,14.5,302,28.6,0.211,0.366,0.285,0.3,BASEBALL_SAVANT_PITCH_ARSENAL_CURRENT_SEASON,2026-08-28T17:22:48+00:00,SAVANT_ARSENAL_SCHEMA_V1,CURRENT
657746,"Ryan, Joe",2026,67,12,17.9,5.2,21.8,50.2,0.275,0.237,0.373,43.4,10.5,79.0089436,,,,FS,Split-Finger,12.5,262,13.5,0.2,0.338,0.244,1.1,BASEBALL_SAVANT_PITCH_ARSENAL_CURRENT_SEASON,2026-08-28T17:22:48+00:00,SAVANT_ARSENAL_SCHEMA_V1,CURRENT
657746,"Ryan, Joe",2026,72,30,41.7,5.2,27.6,50.2,0.193,0.15,0.22,28.2,10.5,79.0089436,,,,CU,Curveball,11.6,242,20.5,0.174,0.246,0.226,0.7,BASEBALL_SAVANT_PITCH_ARSENAL_CURRENT_SEASON,2026-08-28T17:22:48+00:00,SAVANT_ARSENAL_SCHEMA_V1,CURRENT
657746,"Ryan, Joe",2026,61,9,14.8,5.2,7.3,50.2,0.372,0.291,0.499,50.0,10.5,79.0089436,,,,SI,Sinker,9.6,201,15.8,0.345,0.527,0.385,-0.5,BASEBALL_SAVANT_PITCH_ARSENAL_CURRENT_SEASON,2026-08-28T17:22:48+00:00,SAVANT_ARSENAL_SCHEMA_V1,CURRENT
657746,"Ryan, Joe",2026,22,2,9.1,5.2,25.0,50.2,0.408,0.342,0.591,42.1,10.5,79.0089436,,,,SL,Slider,6.2,129,6.7,0.35,0.45,0.35,-0.3,BASEBALL_SAVANT_PITCH_ARSENAL_CURRENT_SEASON,2026-08-28T17:22:48+00:00,SAVANT_ARSENAL_SCHEMA_V1,CURRENT
605441,"Ríos, Yacksel",2026,2,1,50.0,0.0,33.3,46.2,0.165,0.17,0.207,0.0,0.0,82.933405,,,,SI,Sinker,38.5,5,100.0,0.0,0.0,0.0,9.2,BASEBALL_SAVANT_PITCH_ARSENAL_CURRENT_SEASON,2026-08-28T17:22:48+00:00,SAVANT_ARSENAL_SCHEMA_V1,CURRENT
605441,"Ríos, Yacksel",2026,2,0,0.0,0.0,0.0,46.2,0.672,0.692,0.867,50.0,0.0,82.933405,,,,FF,4-Seam Fastball,38.5,5,0.0,0.0,0.0,0.0,12.4,BASEBALL_SAVANT_PITCH_ARSENAL_CURRENT_SEASON,2026-08-28T17:22:48+00:00,SAVANT_ARSENAL_SCHEMA_V1,CURRENT
605441,"Ríos, Yacksel",2026,1,1,100.0,0.0,100.0,46.2,0.0,0.345,0.43,33.3,0.0,82.933405,,,,FS,Split-Finger,15.4,2,100.0,0.0,0.0,0.0,7.5,BASEBALL_SAVANT_PITCH_ARSENAL_CURRENT_SEASON,2026-08-28T17:22:48+00:00,SAVANT_ARSENAL_SCHEMA_V1,CURRENT
681870,"Sabrowski, Erik",2026,105,35,33.3,15.1,28.0,46.7,0.308,0.15,0.289,41.3,8.1,79.12389973,,,,FF,4-Seam Fastball,65.8,451,26.7,0.177,0.329,0.315,0.4,BASEBALL_SAVANT_PITCH_ARSENAL_CURRENT_SEASON,2026-08-28T17:22:48+00:00,SAVANT_ARSENAL_SCHEMA_V1,CURRENT
681870,"Sabrowski, Erik",2026,31,16,51.6,15.1,35.0,46.7,0.198,0.183,0.28,33.3,8.1,79.12389973,,,,CU,Curveball,20.3,139,26.7,0.226,0.387,0.261,-0.5,BASEBALL_SAVANT_PITCH_ARSENAL_CURRENT_SEASON,2026-08-28T17:22:48+00:00,SAVANT_ARSENAL_SCHEMA_V1,CURRENT
681870,"Sabrowski, Erik",2026,27,13,48.1,15.1,50.9,46.7,0.122,0.114,0.173,14.3,8.1,79.12389973,,,,SL,Slider,13.9,95,41.9,0.111,0.148,0.113,4.1,BASEBALL_SAVANT_PITCH_ARSENAL_CURRENT_SEASON,2026-08-28T17:22:48+00:00,SAVANT_ARSENAL_SCHEMA_V1,CURRENT
519242,"Sale, Chris",2026,232,72,31.0,4.9,26.5,50.7,0.295,0.227,0.373,44.7,5.3,76.974244022,,,,FF,4-Seam Fastball,41.3,941,22.6,0.217,0.34,0.28,1.4,BASEBALL_SAVANT_PITCH_ARSENAL_CURRENT_SEASON,2026-08-28T17:22:48+00:00,SAVANT_ARSENAL_SCHEMA_V1,CURRENT
519242,"Sale, Chris",2026,235,99,42.1,4.9,38.5,50.7,0.221,0.177,0.244,19.5,5.3,76.974244022,,,,SL,Slider,39.5,900,25.9,0.189,0.244,0.236,1.3,BASEBALL_SAVANT_PITCH_ARSENAL_CURRENT_SEASON,2026-08-28T17:22:48+00:00,SAVANT_ARSENAL_SCHEMA_V1,CURRENT
519242,"Sale, Chris",2026,60,2,3.3,4.9,31.9,50.7,0.317,0.32,0.423,41.4,5.3,76.974244022,,,,CH,Changeup,10.8,247,5.4,0.288,0.356,0.279,1.3,BASEBALL_SAVANT_PITCH_ARSENAL_CURRENT_SEASON,2026-08-28T17:22:48+00:00,SAVANT_ARSENAL_SCHEMA_V1,CURRENT
519242,"Sale, Chris",2026,48,3,6.3,4.9,10.6,50.7,0.313,0.285,0.373,28.6,5.3,76.974244022,,,,SI,Sinker,8.4,192,16.7,0.273,0.295,0.301,2.0,BASEBALL_SAVANT_PITCH_ARSENAL_CURRENT_SEASON,2026-08-28T17:22:48+00:00,SAVANT_ARSENAL_SCHEMA_V1,CURRENT
701719,"Samaniego, Tyler",2026,37,5,13.5,8.9,13.2,44.3,0.319,0.259,0.311,38.5,3.2,79.516716552,,,,SI,Sinker,40.8,128,20.0,0.321,0.321,0.377,0.3,BASEBALL_SAVANT_PITCH_ARSENAL_CURRENT_SEASON,2026-08-28T17:22:48+00:00,SAVANT_ARSENAL_SCHEMA_V1,CURRENT
701719,"Samaniego, Tyler",2026,29,6,20.7,8.9,25.0,44.3,0.332,0.27,0.36,42.1,3.2,79.516716552,,,,FF,4-Seam Fastball,26.8,84,24.0,0.28,0.36,0.338,-0.2,BASEBALL_SAVANT_PITCH_ARSENAL_CURRENT_SEASON,2026-08-28T17:22:48+00:00,SAVANT_ARSENAL_SCHEMA_V1,CURRENT
701719,"Samaniego, Tyler",2026,16,5,31.3,8.9,29.2,44.3,0.27,0.221,0.412,36.4,3.2,79.516716552,,,,ST,Sweeper,18.8,59,19.2,0.188,0.188,0.169,1.2,BASEBALL_SAVANT_PITCH_ARSENAL_CURRENT_SEASON,2026-08-28T17:22:48+00:00,SAVANT_ARSENAL_SCHEMA_V1,CURRENT
701719,"Samaniego, Tyler",2026,6,0,0.0,8.9,33.3,44.3,0.656,0.504,1.048,16.7,3.2,79.516716552,,,,FC,Cutter,7.6,24,,0.5,1.0,0.633,-3.8,BASEBALL_SAVANT_PITCH_ARSENAL_CURRENT_SEASON,2026-08-28T17:22:48+00:00,SAVANT_ARSENAL_SCHEMA_V1,CURRENT
701719,"Samaniego, Tyler",2026,1,0,0.0,8.9,16.7,44.3,0.053,0.059,0.061,0.0,3.2,79.516716552,,,,CH,Changeup,6.1,19,0.0,0.0,0.0,0.0,1.6,BASEBALL_SAVANT_PITCH_ARSENAL_CURRENT_SEASON,2026-08-28T17:22:48+00:00,SAVANT_ARSENAL_SCHEMA_V1,CURRENT
676742,"Sanders, Cam",2026,43,10,23.3,14.6,35.6,46.4,0.386,0.224,0.398,33.3,5.8,78.330039615,,,,FF,4-Seam Fastball,44.9,180,18.9,0.161,0.29,0.334,0.6,BASEBALL_SAVANT_PITCH_ARSENAL_CURRENT_SEASON,2026-08-28T17:22:48+00:00,SAVANT_ARSENAL_SCHEMA_V1,CURRENT
676742,"Sanders, Cam",2026,37,15,40.5,14.6,42.9,46.4,0.182,0.15,0.199,25.0,5.8,78.330039615,,,,SL,Slider,37.7,151,27.8,0.147,0.176,0.174,2.7,BASEBALL_SAVANT_PITCH_ARSENAL_CURRENT_SEASON,2026-08-28T17:22:48+00:00,SAVANT_ARSENAL_SCHEMA_V1,CURRENT
676742,"Sanders, Cam",2026,14,2,14.3,14.6,23.1,46.4,0.398,0.345,0.452,50.0,5.8,78.330039615,,,,CH,Changeup,14.0,56,11.1,0.333,0.417,0.382,-3.4,BASEBALL_SAVANT_PITCH_ARSENAL_CURRENT_SEASON,2026-08-28T17:22:48+00:00,SAVANT_ARSENAL_SCHEMA_V1,CURRENT
676742,"Sanders, Cam",2026,1,0,0.0,14.6,33.3,46.4,0.184,0.204,0.22,0.0,5.8,78.330039615,,,,SI,Sinker,3.5,14,,1.0,1.0,0.9,-4.1,BASEBALL_SAVANT_PITCH_ARSENAL_CURRENT_SEASON,2026-08-28T17:22:48+00:00,SAVANT_ARSENAL_SCHEMA_V1,CURRENT
689818,"Sandlin, David",2026,37,6,16.2,11.3,19.4,45.0,0.378,0.294,0.443,36.0,10.1,75.845682,,,,FF,4-Seam Fastball,36.9,151,15.0,0.355,0.548,0.441,-1.6,BASEBALL_SAVANT_PITCH_ARSENAL_CURRENT_SEASON,2026-08-28T17:22:48+00:00,SAVANT_ARSENAL_SCHEMA_V1,CURRENT
689818,"Sandlin, David",2026,29,7,24.1,11.3,25.0,45.0,0.227,0.159,0.289,30.0,10.1,75.845682,,,,CU,Curveball,26.2,107,26.9,0.185,0.519,0.317,0.9,BASEBALL_SAVANT_PITCH_ARSENAL_CURRENT_SEASON,2026-08-28T17:22:48+00:00,SAVANT_ARSENAL_SCHEMA_V1,CURRENT
689818,"Sandlin, David",2026,18,3,16.7,11.3,25.8,45.0,0.458,0.297,0.679,33.3,10.1,75.845682,,,,FC,Cutter,16.6,68,30.0,0.267,0.533,0.397,0.5,BASEBALL_SAVANT_PITCH_ARSENAL_CURRENT_SEASON,2026-08-28T17:22:48+00:00,SAVANT_ARSENAL_SCHEMA_V1,CURRENT
689818,"Sandlin, David",2026,6,2,33.3,11.3,7.1,45.0,0.258,0.038,0.041,0.0,10.1,75.845682,,,,SI,Sinker,8.8,36,25.0,0.0,0.0,0.233,0.1,BASEBALL_SAVANT_PITCH_ARSENAL_CURRENT_SEASON,2026-08-28T17:22:48+00:00,SAVANT_ARSENAL_SCHEMA_V1,CURRENT
689818,"Sandlin, David",2026,9,3,33.3,11.3,30.8,45.0,0.227,0.224,0.302,33.3,10.1,75.845682,,,,CH,Changeup,6.6,27,17.6,0.111,0.333,0.178,1.4,BASEBALL_SAVANT_PITCH_ARSENAL_CURRENT_SEASON,2026-08-28T17:22:48+00:00,SAVANT_ARSENAL_SCHEMA_V1,CURRENT
689818,"Sandlin, David",2026,7,3,42.9,11.3,36.4,45.0,0.182,0.194,0.232,0.0,10.1,75.845682,,,,ST,Sweeper,4.9,20,18.8,0.143,0.143,0.129,1.4,BASEBALL_SAVANT_PITCH_ARSENAL_CURRENT_SEASON,2026-08-28T17:22:48+00:00,SAVANT_ARSENAL_SCHEMA_V1,CURRENT
680704,"Sandlin, Nick",2026,20,4,20.0,12.5,37.5,38.9,0.382,0.244,0.405,18.2,7.7,75.572523846,,,,SL,Slider,54.1,85,20.0,0.333,0.533,0.5,-2.4,BASEBALL_SAVANT_PITCH_ARSENAL_CURRENT_SEASON,2026-08-28T17:22:48+00:00,SAVANT_ARSENAL_SCHEMA_V1,CURRENT
680704,"Sandlin, Nick",2026,9,1,11.1,12.5,35.7,38.9,0.283,0.238,0.291,42.9,7.7,75.572523846,,,,FS,Split-Finger,23.6,37,16.7,0.375,0.625,0.456,-4.3,BASEBALL_SAVANT_PITCH_ARSENAL_CURRENT_SEASON,2026-08-28T17:22:48+00:00,SAVANT_ARSENAL_SCHEMA_V1,CURRENT
680704,"Sandlin, Nick",2026,6,1,16.7,12.5,14.3,38.9,0.169,0.069,0.078,25.0,7.7,75.572523846,,,,FF,4-Seam Fastball,13.4,21,10.0,0.0,0.0,0.117,4.4,BASEBALL_SAVANT_PITCH_ARSENAL_CURRENT_SEASON,2026-08-28T17:22:48+00:00,SAVANT_ARSENAL_SCHEMA_V1,CURRENT
680704,"Sandlin, Nick",2026,5,0,0.0,12.5,12.5,38.9,0.757,0.487,1.855,100.0,7.7,75.572523846,,,,SI,Sinker,8.9,14,0.0,0.333,1.333,0.54,-10.7,BASEBALL_SAVANT_PITCH_ARSENAL_CURRENT_SEASON,2026-08-28T17:22:48+00:00,SAVANT_ARSENAL_SCHEMA_V1,CURRENT
663776,"Sandoval, Patrick",2026,44,9,20.5,9.8,28.0,47.6,0.35,0.289,0.463,32.3,6.5,75.549393934,,,,SL,Slider,26.5,178,18.0,0.359,0.513,0.399,-2.6,BASEBALL_SAVANT_PITCH_ARSENAL_CURRENT_SEASON,2026-08-28T17:22:48+00:00,SAVANT_ARSENAL_SCHEMA_V1,CURRENT
663776,"Sandoval, Patrick",2026,51,19,37.3,9.8,43.8,47.6,0.175,0.169,0.194,20.0,6.5,75.549393934,,,,CH,Changeup,24.9,167,39.6,0.17,0.17,0.204,1.6,BASEBALL_SAVANT_PITCH_ARSENAL_CURRENT_SEASON,2026-08-28T17:22:48+00:00,SAVANT_ARSENAL_SCHEMA_V1,CURRENT
663776,"Sandoval, Patrick",2026,42,4,9.5,9.8,17.7,47.6,0.425,0.326,0.589,45.5,6.5,75.549393934,,,,FF,4-Seam Fastball,20.4,137,23.5,0.405,0.73,0.507,-1.7,BASEBALL_SAVANT_PITCH_ARSENAL_CURRENT_SEASON,2026-08-28T17:22:48+00:00,SAVANT_ARSENAL_SCHEMA_V1,CURRENT
663776,"Sandoval, Patrick",2026,37,5,13.5,9.8,15.4,47.6,0.475,0.384,0.57,41.7,6.5,75.549393934,,,,SI,Sinker,20.2,136,14.3,0.393,0.536,0.471,-3.2,BASEBALL_SAVANT_PITCH_ARSENAL_CURRENT_SEASON,2026-08-28T17:22:48+00:00,SAVANT_ARSENAL_SCHEMA_V1,CURRENT
663776,"Sandoval, Patrick",2026,2,1,50.0,9.8,28.6,47.6,0.007,0.007,0.011,0.0,6.5,75.549393934,,,,CU,Curveball,4.9,33,33.3,0.0,0.0,0.0,1.0,BASEBALL_SAVANT_PITCH_ARSENAL_CURRENT_SEASON,2026-08-28T17:22:48+00:00,SAVANT_ARSENAL_SCHEMA_V1,CURRENT
663776,"Sandoval, Patrick",2026,8,3,37.5,9.8,14.3,47.6,0.334,0.272,0.519,20.0,6.5,75.549393934,,,,ST,Sweeper,3.1,21,23.1,0.5,0.875,0.588,-8.6,BASEBALL_SAVANT_PITCH_ARSENAL_CURRENT_SEASON,2026-08-28T17:22:48+00:00,SAVANT_ARSENAL_SCHEMA_V1,CURRENT
663485,"Sands, Cole",2026,22,1,4.5,8.9,13.2,49.3,0.358,0.224,0.419,68.8,10.3,87.479249474,,,,FF,4-Seam Fastball,39.7,83,4.3,0.188,0.25,0.298,0.9,BASEBALL_SAVANT_PITCH_ARSENAL_CURRENT_SEASON,2026-08-28T17:22:48+00:00,SAVANT_ARSENAL_SCHEMA_V1,CURRENT
663485,"Sands, Cole",2026,12,5,41.7,8.9,32.1,49.3,0.385,0.233,0.626,66.7,10.3,87.479249474,,,,FC,Cutter,23.4,49,41.7,0.273,0.818,0.467,0.9,BASEBALL_SAVANT_PITCH_ARSENAL_CURRENT_SEASON,2026-08-28T17:22:48+00:00,SAVANT_ARSENAL_SCHEMA_V1,CURRENT
663485,"Sands, Cole",2026,6,1,16.7,8.9,28.6,49.3,0.445,0.289,0.779,20.0,10.3,87.479249474,,,,FS,Split-Finger,16.3,34,10.0,0.2,0.8,0.4,-3.3,BASEBALL_SAVANT_PITCH_ARSENAL_CURRENT_SEASON,2026-08-28T17:22:48+00:00,SAVANT_ARSENAL_SCHEMA_V1,CURRENT
663485,"Sands, Cole",2026,9,4,44.4,8.9,41.7,49.3,0.221,0.236,0.266,40.0,10.3,87.479249474,,,,CU,Curveball,12.9,27,26.7,0.333,0.333,0.3,-2.3,BASEBALL_SAVANT_PITCH_ARSENAL_CURRENT_SEASON,2026-08-28T17:22:48+00:00,SAVANT_ARSENAL_SCHEMA_V1,CURRENT
663485,"Sands, Cole",2026,7,0,0.0,8.9,9.1,49.3,0.469,0.451,0.636,57.1,10.3,87.479249474,,,,SI,Sinker,7.7,16,,0.714,1.143,0.793,-15.5,BASEBALL_SAVANT_PITCH_ARSENAL_CURRENT_SEASON,2026-08-28T17:22:48+00:00,SAVANT_ARSENAL_SCHEMA_V1,CURRENT
665665,"Sanmartin, Reiver",2026,23,3,13.0,6.9,16.2,44.3,0.374,0.333,0.462,44.4,13.6,73.742766818,,,,SI,Sinker,34.9,74,25.0,0.238,0.429,0.32,2.9,BASEBALL_SAVANT_PITCH_ARSENAL_CURRENT_SEASON,2026-08-28T17:22:48+00:00,SAVANT_ARSENAL_SCHEMA_V1,CURRENT
665665,"Sanmartin, Reiver",2026,14,4,28.6,6.9,31.8,44.3,0.232,0.154,0.397,30.0,13.6,73.742766818,,,,SL,Slider,28.8,61,22.2,0.286,0.643,0.386,-2.5,BASEBALL_SAVANT_PITCH_ARSENAL_CURRENT_SEASON,2026-08-28T17:22:48+00:00,SAVANT_ARSENAL_SCHEMA_V1,CURRENT
665665,"Sanmartin, Reiver",2026,16,2,12.5,6.9,17.2,44.3,0.275,0.251,0.318,38.5,13.6,73.742766818,,,,CH,Changeup,27.4,58,11.1,0.267,0.4,0.313,-0.5,BASEBALL_SAVANT_PITCH_ARSENAL_CURRENT_SEASON,2026-08-28T17:22:48+00:00,SAVANT_ARSENAL_SCHEMA_V1,CURRENT
665665,"Sanmartin, Reiver",2026,4,1,25.0,6.9,16.7,44.3,0.727,0.551,1.182,100.0,13.6,73.742766818,,,,FF,4-Seam Fastball,9.0,19,10.0,0.75,1.5,0.95,-12.3,BASEBALL_SAVANT_PITCH_ARSENAL_CURRENT_SEASON,2026-08-28T17:22:48+00:00,SAVANT_ARSENAL_SCHEMA_V1,CURRENT
695001,"Santa, Alimber",2026,25,5,20.0,10.2,22.4,45.4,0.197,0.148,0.187,36.8,2.3,70.190901364,,,,ST,Sweeper,37.8,90,12.8,0.143,0.19,0.15,3.0,BASEBALL_SAVANT_PITCH_ARSENAL_CURRENT_SEASON,2026-08-28T17:22:48+00:00,SAVANT_ARSENAL_SCHEMA_V1,CURRENT
695001,"Santa, Alimber",2026,18,2,11.1,10.2,24.1,45.4,0.371,0.248,0.399,33.3,2.3,70.190901364,,,,SL,Slider,31.1,74,15.4,0.214,0.429,0.367,0.1,BASEBALL_SAVANT_PITCH_ARSENAL_CURRENT_SEASON,2026-08-28T17:22:48+00:00,SAVANT_ARSENAL_SCHEMA_V1,CURRENT
695001,"Santa, Alimber",2026,10,0,0.0,10.2,8.7,45.4,0.229,0.191,0.205,22.2,2.3,70.190901364,,,,SI,Sinker,23.5,56,0.0,0.111,0.111,0.34,0.1,BASEBALL_SAVANT_PITCH_ARSENAL_CURRENT_SEASON,2026-08-28T17:22:48+00:00,SAVANT_ARSENAL_SCHEMA_V1,CURRENT
695001,"Santa, Alimber",2026,6,2,33.3,10.2,0.0,45.4,0.316,0.341,0.378,50.0,2.3,70.190901364,,,,FF,4-Seam Fastball,7.6,18,20.0,0.167,0.167,0.15,1.3,BASEBALL_SAVANT_PITCH_ARSENAL_CURRENT_SEASON,2026-08-28T17:22:48+00:00,SAVANT_ARSENAL_SCHEMA_V1,CURRENT
642701,"Santana, Dennis",2026,71,22,31.0,10.4,37.6,48.6,0.284,0.199,0.342,41.5,9.6,79.470242794,,,,SL,Slider,35.6,271,19.8,0.27,0.476,0.36,-1.2,BASEBALL_SAVANT_PITCH_ARSENAL_CURRENT_SEASON,2026-08-28T17:22:48+00:00,SAVANT_ARSENAL_SCHEMA_V1,CURRENT
642701,"Santana, Dennis",2026,60,11,18.3,10.4,17.8,48.6,0.397,0.268,0.513,36.8,9.6,79.470242794,,,,FF,4-Seam Fastball,29.0,221,18.0,0.204,0.469,0.372,-0.6,BASEBALL_SAVANT_PITCH_ARSENAL_CURRENT_SEASON,2026-08-28T17:22:48+00:00,SAVANT_ARSENAL_SCHEMA_V1,CURRENT
642701,"Santana, Dennis",2026,27,5,18.5,10.4,27.3,48.6,0.369,0.3,0.537,38.1,9.6,79.470242794,,,,CH,Changeup,14.7,112,12.5,0.269,0.654,0.394,-2.9,BASEBALL_SAVANT_PITCH_ARSENAL_CURRENT_SEASON,2026-08-28T17:22:48+00:00,SAVANT_ARSENAL_SCHEMA_V1,CURRENT
642701,"Santana, Dennis",2026,31,2,6.5,10.4,12.8,48.6,0.326,0.289,0.441,46.4,9.6,79.470242794,,,,SI,Sinker,12.7,97,12.5,0.241,0.379,0.282,0.8,BASEBALL_SAVANT_PITCH_ARSENAL_CURRENT_SEASON,2026-08-28T17:22:48+00:00,SAVANT_ARSENAL_SCHEMA_V1,CURRENT
642701,"Santana, Dennis",2026,10,1,10.0,10.4,25.0,48.6,0.345,0.282,0.431,50.0,9.6,79.470242794,,,,FC,Cutter,7.9,60,16.7,0.333,0.333,0.34,1.3,BASEBALL_SAVANT_PITCH_ARSENAL_CURRENT_SEASON,2026-08-28T17:22:48+00:00,SAVANT_ARSENAL_SCHEMA_V1,CURRENT
663574,"Santillan, Tony",2026,102,21,20.6,12.2,18.7,45.3,0.356,0.253,0.496,41.4,13.4,82.539786809,,,,FF,4-Seam Fastball,65.2,353,20.4,0.264,0.494,0.364,-0.8,BASEBALL_SAVANT_PITCH_ARSENAL_CURRENT_SEASON,2026-08-28T17:22:48+00:00,SAVANT_ARSENAL_SCHEMA_V1,CURRENT
663574,"Santillan, Tony",2026,39,7,17.9,12.2,31.0,45.3,0.438,0.315,0.65,64.3,13.4,82.539786809,,,,SV,Slurve,32.2,174,18.9,0.257,0.571,0.416,-2.0,BASEBALL_SAVANT_PITCH_ARSENAL_CURRENT_SEASON,2026-08-28T17:22:48+00:00,SAVANT_ARSENAL_SCHEMA_V1,CURRENT
663574,"Santillan, Tony",2026,5,2,40.0,12.2,60.0,45.3,0.3,0.038,0.038,0.0,13.4,82.539786809,,,,SL,Slider,2.6,14,40.0,0.0,0.0,0.28,-1.0,BASEBALL_SAVANT_PITCH_ARSENAL_CURRENT_SEASON,2026-08-28T17:22:48+00:00,SAVANT_ARSENAL_SCHEMA_V1,CURRENT
666619,"Santos, Gregory",2026,8,1,12.5,13.6,6.3,43.0,0.284,0.215,0.318,33.3,0.0,80.238957778,,,,SL,Slider,51.2,44,7.1,0.143,0.429,0.288,-0.1,BASEBALL_SAVANT_PITCH_ARSENAL_CURRENT_SEASON,2026-08-28T17:22:48+00:00,SAVANT_ARSENAL_SCHEMA_V1,CURRENT
666619,"Santos, Gregory",2026,10,0,0.0,13.6,12.5,43.0,0.424,0.397,0.512,66.7,0.0,80.238957778,,,,SI,Sinker,33.7,29,0.0,0.222,0.333,0.285,2.0,BASEBALL_SAVANT_PITCH_ARSENAL_CURRENT_SEASON,2026-08-28T17:22:48+00:00,SAVANT_ARSENAL_SCHEMA_V1,CURRENT
666619,"Santos, Gregory",2026,2,0,0.0,13.6,0.0,43.0,0.502,0.338,0.355,100.0,0.0,80.238957778,,,,FF,4-Seam Fastball,12.8,11,0.0,0.0,0.0,0.8,-4.4,BASEBALL_SAVANT_PITCH_ARSENAL_CURRENT_SEASON,2026-08-28T17:22:48+00:00,SAVANT_ARSENAL_SCHEMA_V1,CURRENT
666619,"Santos, Gregory",2026,2,0,0.0,13.6,0.0,43.0,0.381,0.396,0.473,50.0,0.0,80.238957778,,,,CH,Changeup,2.3,2,0.0,1.0,1.5,1.075,-69.8,BASEBALL_SAVANT_PITCH_ARSENAL_CURRENT_SEASON,2026-08-28T17:22:48+00:00,SAVANT_ARSENAL_SCHEMA_V1,CURRENT
692437,"Santos, Winston",2026,5,0,0.0,11.1,0.0,39.4,0.519,0.334,0.801,25.0,14.3,77.2217375,,,,FF,4-Seam Fastball,54.5,18,0.0,0.25,1.0,0.54,-3.4,BASEBALL_SAVANT_PITCH_ARSENAL_CURRENT_SEASON,2026-08-28T17:22:48+00:00,SAVANT_ARSENAL_SCHEMA_V1,CURRENT
692437,"Santos, Winston",2026,2,0,0.0,11.1,0.0,39.4,0.298,0.32,0.383,0.0,14.3,77.2217375,,,,SL,Slider,30.3,10,0.0,0.5,0.5,0.45,-1.7,BASEBALL_SAVANT_PITCH_ARSENAL_CURRENT_SEASON,2026-08-28T17:22:48+00:00,SAVANT_ARSENAL_SCHEMA_V1,CURRENT
692437,"Santos, Winston",2026,2,1,50.0,11.1,50.0,39.4,0.149,0.153,0.195,0.0,14.3,77.2217375,,,,CH,Changeup,15.2,5,100.0,0.0,0.0,0.0,10.3,BASEBALL_SAVANT_PITCH_ARSENAL_CURRENT_SEASON,2026-08-28T17:22:48+00:00,SAVANT_ARSENAL_SCHEMA_V1,CURRENT
808963,"Sasaki, Roki",2026,219,34,15.5,9.4,19.9,50.2,0.41,0.31,0.527,57.6,10.0,78.79601503,,,,FF,4-Seam Fastball,41.9,860,16.0,0.319,0.589,0.434,-1.4,BASEBALL_SAVANT_PITCH_ARSENAL_CURRENT_SEASON,2026-08-28T17:22:48+00:00,SAVANT_ARSENAL_SCHEMA_V1,CURRENT
808963,"Sasaki, Roki",2026,197,57,28.9,9.4,35.3,50.2,0.259,0.212,0.334,32.6,10.0,78.79601503,,,,FS,Split-Finger,36.5,750,19.0,0.178,0.33,0.247,0.5,BASEBALL_SAVANT_PITCH_ARSENAL_CURRENT_SEASON,2026-08-28T17:22:48+00:00,SAVANT_ARSENAL_SCHEMA_V1,CURRENT
808963,"Sasaki, Roki",2026,95,26,27.4,9.4,39.8,50.2,0.25,0.179,0.318,29.5,10.0,78.79601503,,,,SL,Slider,21.5,442,24.8,0.224,0.506,0.333,-0.6,BASEBALL_SAVANT_PITCH_ARSENAL_CURRENT_SEASON,2026-08-28T17:22:48+00:00,SAVANT_ARSENAL_SCHEMA_V1,CURRENT
642048,"Saucedo, Tayler",2026,15,5,33.3,5.9,48.3,48.5,0.176,0.113,0.221,22.2,9.7,78.2517075,,,,ST,Sweeper,26.5,54,22.7,0.143,0.143,0.167,3.9,BASEBALL_SAVANT_PITCH_ARSENAL_CURRENT_SEASON,2026-08-28T17:22:48+00:00,SAVANT_ARSENAL_SCHEMA_V1,CURRENT
642048,"Saucedo, Tayler",2026,8,0,0.0,5.9,37.5,48.5,0.554,0.458,0.782,28.6,9.7,78.2517075,,,,SL,Slider,25.5,52,0.0,0.571,0.714,0.581,-1.9,BASEBALL_SAVANT_PITCH_ARSENAL_CURRENT_SEASON,2026-08-28T17:22:48+00:00,SAVANT_ARSENAL_SCHEMA_V1,CURRENT
642048,"Saucedo, Tayler",2026,12,2,16.7,5.9,27.8,48.5,0.35,0.3,0.339,50.0,9.7,78.2517075,,,,SI,Sinker,18.6,38,33.3,0.4,0.4,0.417,-1.9,BASEBALL_SAVANT_PITCH_ARSENAL_CURRENT_SEASON,2026-08-28T17:22:48+00:00,SAVANT_ARSENAL_SCHEMA_V1,CURRENT
642048,"Saucedo, Tayler",2026,10,4,40.0,5.9,29.4,48.5,0.265,0.174,0.465,50.0,9.7,78.2517075,,,,FF,4-Seam Fastball,17.6,36,25.0,0.2,0.6,0.325,-0.7,BASEBALL_SAVANT_PITCH_ARSENAL_CURRENT_SEASON,2026-08-28T17:22:48+00:00,SAVANT_ARSENAL_SCHEMA_V1,CURRENT
642048,"Saucedo, Tayler",2026,6,5,83.3,5.9,63.6,48.5,0.05,0.041,0.08,100.0,9.7,78.2517075,,,,CH,Changeup,11.8,24,41.7,0.0,0.0,0.0,4.4,BASEBALL_SAVANT_PITCH_ARSENAL_CURRENT_SEASON,2026-08-28T17:22:48+00:00,SAVANT_ARSENAL_SCHEMA_V1,CURRENT
453286,"Scherzer, Max",2026,93,9,9.7,11.1,14.0,49.7,0.367,0.26,0.41,37.9,9.2,76.89870679,,,,FF,4-Seam Fastball,46.7,432,9.5,0.243,0.392,0.357,0.1,BASEBALL_SAVANT_PITCH_ARSENAL_CURRENT_SEASON,2026-08-28T17:22:48+00:00,SAVANT_ARSENAL_SCHEMA_V1,CURRENT
453286,"Scherzer, Max",2026,59,11,18.6,11.1,21.1,49.7,0.369,0.259,0.546,34.9,9.2,76.89870679,,,,SL,Slider,18.7,173,13.1,0.296,0.722,0.461,-5.2,BASEBALL_SAVANT_PITCH_ARSENAL_CURRENT_SEASON,2026-08-28T17:22:48+00:00,SAVANT_ARSENAL_SCHEMA_V1,CURRENT
453286,"Scherzer, Max",2026,40,8,20.0,11.1,16.9,49.7,0.232,0.212,0.263,26.7,9.2,76.89870679,,,,CH,Changeup,16.0,148,12.3,0.243,0.324,0.264,0.0,BASEBALL_SAVANT_PITCH_ARSENAL_CURRENT_SEASON,2026-08-28T17:22:48+00:00,SAVANT_ARSENAL_SCHEMA_V1,CURRENT
453286,"Scherzer, Max",2026,26,7,26.9,11.1,31.5,49.7,0.313,0.269,0.431,27.8,9.2,76.89870679,,,,CU,Curveball,13.8,128,20.0,0.32,0.44,0.346,-0.7,BASEBALL_SAVANT_PITCH_ARSENAL_CURRENT_SEASON,2026-08-28T17:22:48+00:00,SAVANT_ARSENAL_SCHEMA_V1,CURRENT
453286,"Scherzer, Max",2026,7,1,14.3,11.1,24.0,49.7,0.31,0.206,0.539,16.7,9.2,76.89870679,,,,FC,Cutter,4.8,44,9.1,0.143,0.571,0.286,0.2,BASEBALL_SAVANT_PITCH_ARSENAL_CURRENT_SEASON,2026-08-28T17:22:48+00:00,SAVANT_ARSENAL_SCHEMA_V1,CURRENT
693645,"Schlittler, Cam",2026,252,98,38.9,5.9,34.4,52.3,0.24,0.182,0.311,43.9,7.7,77.330928438,,,,FF,4-Seam Fastball,44.1,1094,26.6,0.189,0.305,0.247,1.6,BASEBALL_SAVANT_PITCH_ARSENAL_CURRENT_SEASON,2026-08-28T17:22:48+00:00,SAVANT_ARSENAL_SCHEMA_V1,CURRENT
693645,"Schlittler, Cam",2026,170,40,23.5,5.9,23.5,52.3,0.293,0.235,0.377,36.4,7.7,77.330928438,,,,FC,Cutter,25.8,640,23.0,0.224,0.404,0.308,0.3,BASEBALL_SAVANT_PITCH_ARSENAL_CURRENT_SEASON,2026-08-28T17:22:48+00:00,SAVANT_ARSENAL_SCHEMA_V1,CURRENT
693645,"Schlittler, Cam",2026,152,37,24.3,5.9,16.7,52.3,0.26,0.201,0.299,33.7,7.7,77.330928438,,,,SI,Sinker,19.9,494,23.7,0.174,0.246,0.244,1.8,BASEBALL_SAVANT_PITCH_ARSENAL_CURRENT_SEASON,2026-08-28T17:22:48+00:00,SAVANT_ARSENAL_SCHEMA_V1,CURRENT
693645,"Schlittler, Cam",2026,47,16,34.0,5.9,43.0,52.3,0.343,0.299,0.442,50.0,7.7,77.330928438,,,,CU,Curveball,9.1,225,18.6,0.273,0.386,0.312,-1.1,BASEBALL_SAVANT_PITCH_ARSENAL_CURRENT_SEASON,2026-08-28T17:22:48+00:00,SAVANT_ARSENAL_SCHEMA_V1,CURRENT
693645,"Schlittler, Cam",2026,5,1,20.0,5.9,25.0,52.3,0.207,0.168,0.331,25.0,7.7,77.330928438,,,,SL,Slider,1.1,28,7.7,0.0,0.0,0.0,2.1,BASEBALL_SAVANT_PITCH_ARSENAL_CURRENT_SEASON,2026-08-28T17:22:48+00:00,SAVANT_ARSENAL_SCHEMA_V1,CURRENT
669947,"Scholtens, Jesse",2026,57,5,8.8,7.1,16.4,49.8,0.438,0.356,0.641,46.9,10.3,76.816485556,,,,SL,Slider,30.7,222,10.2,0.278,0.611,0.436,-2.1,BASEBALL_SAVANT_PITCH_ARSENAL_CURRENT_SEASON,2026-08-28T17:22:48+00:00,SAVANT_ARSENAL_SCHEMA_V1,CURRENT
669947,"Scholtens, Jesse",2026,53,8,15.1,7.1,21.1,49.8,0.319,0.264,0.403,27.5,10.3,76.816485556,,,,SI,Sinker,23.4,169,20.0,0.213,0.34,0.293,1.6,BASEBALL_SAVANT_PITCH_ARSENAL_CURRENT_SEASON,2026-08-28T17:22:48+00:00,SAVANT_ARSENAL_SCHEMA_V1,CURRENT
669947,"Scholtens, Jesse",2026,31,11,35.5,7.1,26.8,49.8,0.341,0.164,0.405,30.8,10.3,76.816485556,,,,FF,4-Seam Fastball,21.6,156,18.6,0.208,0.5,0.385,-1.2,BASEBALL_SAVANT_PITCH_ARSENAL_CURRENT_SEASON,2026-08-28T17:22:48+00:00,SAVANT_ARSENAL_SCHEMA_V1,CURRENT
669947,"Scholtens, Jesse",2026,32,2,6.3,7.1,14.8,49.8,0.344,0.323,0.461,30.0,10.3,76.816485556,,,,FS,Split-Finger,13.8,100,5.6,0.355,0.548,0.377,-1.9,BASEBALL_SAVANT_PITCH_ARSENAL_CURRENT_SEASON,2026-08-28T17:22:48+00:00,SAVANT_ARSENAL_SCHEMA_V1,CURRENT
669947,"Scholtens, Jesse",2026,22,8,36.4,7.1,28.6,49.8,0.194,0.158,0.238,30.8,10.3,76.816485556,,,,ST,Sweeper,10.5,76,17.8,0.238,0.429,0.302,-1.3,BASEBALL_SAVANT_PITCH_ARSENAL_CURRENT_SEASON,2026-08-28T17:22:48+00:00,SAVANT_ARSENAL_SCHEMA_V1,CURRENT
670167,"Schreiber, John",2026,62,22,35.5,11.0,25.7,43.1,0.256,0.182,0.308,32.4,6.4,77.579328696,,,,FF,4-Seam Fastball,28.0,227,21.2,0.196,0.393,0.306,-1.7,BASEBALL_SAVANT_PITCH_ARSENAL_CURRENT_SEASON,2026-08-28T17:22:48+00:00,SAVANT_ARSENAL_SCHEMA_V1,CURRENT
670167,"Schreiber, John",2026,43,7,16.3,11.0,26.8,43.1,0.361,0.26,0.487,41.9,6.4,77.579328696,,,,ST,Sweeper,27.8,226,12.3,0.216,0.514,0.371,-1.7,BASEBALL_SAVANT_PITCH_ARSENAL_CURRENT_SEASON,2026-08-28T17:22:48+00:00,SAVANT_ARSENAL_SCHEMA_V1,CURRENT
670167,"Schreiber, John",2026,60,2,3.3,11.0,13.0,43.1,0.372,0.316,0.465,49.0,6.4,77.579328696,,,,SI,Sinker,23.6,192,9.1,0.288,0.346,0.324,1.6,BASEBALL_SAVANT_PITCH_ARSENAL_CURRENT_SEASON,2026-08-28T17:22:48+00:00,SAVANT_ARSENAL_SCHEMA_V1,CURRENT
670167,"Schreiber, John",2026,18,2,11.1,11.0,20.0,43.1,0.407,0.344,0.586,28.6,6.4,77.579328696,,,,FC,Cutter,12.9,105,15.4,0.267,0.467,0.389,1.7,BASEBALL_SAVANT_PITCH_ARSENAL_CURRENT_SEASON,2026-08-28T17:22:48+00:00,SAVANT_ARSENAL_SCHEMA_V1,CURRENT
670167,"Schreiber, John",2026,14,3,21.4,11.0,17.4,43.1,0.247,0.232,0.343,36.4,6.4,77.579328696,,,,CH,Changeup,7.6,62,11.1,0.214,0.357,0.262,-1.0,BASEBALL_SAVANT_PITCH_ARSENAL_CURRENT_SEASON,2026-08-28T17:22:48+00:00,SAVANT_ARSENAL_SCHEMA_V1,CURRENT
702273,"Schultz, Noah",2026,82,8,9.8,10.7,10.7,44.5,0.39,0.306,0.45,41.7,9.4,78.237856489,,,,SI,Sinker,25.9,297,15.1,0.277,0.415,0.37,0.3,BASEBALL_SAVANT_PITCH_ARSENAL_CURRENT_SEASON,2026-08-28T17:22:48+00:00,SAVANT_ARSENAL_SCHEMA_V1,CURRENT
702273,"Schultz, Noah",2026,79,21,26.6,10.7,20.8,44.5,0.318,0.237,0.361,42.6,9.4,78.237856489,,,,FF,4-Seam Fastball,22.6,259,18.4,0.191,0.353,0.318,-0.5,BASEBALL_SAVANT_PITCH_ARSENAL_CURRENT_SEASON,2026-08-28T17:22:48+00:00,SAVANT_ARSENAL_SCHEMA_V1,CURRENT
702273,"Schultz, Noah",2026,48,6,12.5,10.7,19.0,44.5,0.376,0.283,0.483,33.3,9.4,78.237856489,,,,FC,Cutter,21.0,241,14.3,0.25,0.4,0.334,-0.3,BASEBALL_SAVANT_PITCH_ARSENAL_CURRENT_SEASON,2026-08-28T17:22:48+00:00,SAVANT_ARSENAL_SCHEMA_V1,CURRENT
702273,"Schultz, Noah",2026,42,14,33.3,10.7,32.5,44.5,0.442,0.264,0.694,54.5,9.4,78.237856489,,,,ST,Sweeper,18.2,209,19.2,0.222,0.611,0.393,-3.2,BASEBALL_SAVANT_PITCH_ARSENAL_CURRENT_SEASON,2026-08-28T17:22:48+00:00,SAVANT_ARSENAL_SCHEMA_V1,CURRENT
702273,"Schultz, Noah",2026,33,8,24.2,10.7,28.6,44.5,0.304,0.286,0.355,30.4,9.4,78.237856489,,,,CH,Changeup,10.0,115,13.1,0.355,0.419,0.391,-3.4,BASEBALL_SAVANT_PITCH_ARSENAL_CURRENT_SEASON,2026-08-28T17:22:48+00:00,SAVANT_ARSENAL_SCHEMA_V1,CURRENT
702273,"Schultz, Noah",2026,7,2,28.6,10.7,25.0,44.5,0.296,0.261,0.424,40.0,9.4,78.237856489,,,,CU,Curveball,2.3,26,13.3,0.286,0.429,0.307,-0.7,BASEBALL_SAVANT_PITCH_ARSENAL_CURRENT_SEASON,2026-08-28T17:22:48+00:00,SAVANT_ARSENAL_SCHEMA_V1,CURRENT
687606,"Schultz, Paxton",2026,58,7,12.1,7.8,20.3,44.8,0.405,0.309,0.546,38.6,8.4,82.112614528,,,,FC,Cutter,44.6,272,18.9,0.34,0.62,0.459,-0.6,BASEBALL_SAVANT_PITCH_ARSENAL_CURRENT_SEASON,2026-08-28T17:22:48+00:00,SAVANT_ARSENAL_SCHEMA_V1,CURRENT
687606,"Schultz, Paxton",2026,70,24,34.3,7.8,14.1,44.8,0.249,0.191,0.286,40.0,8.4,82.112614528,,,,FF,4-Seam Fastball,33.9,207,22.9,0.222,0.238,0.245,1.6,BASEBALL_SAVANT_PITCH_ARSENAL_CURRENT_SEASON,2026-08-28T17:22:48+00:00,SAVANT_ARSENAL_SCHEMA_V1,CURRENT
687606,"Schultz, Paxton",2026,13,0,0.0,7.8,24.1,44.8,0.481,0.406,0.728,38.5,8.4,82.112614528,,,,CH,Changeup,14.3,87,0.0,0.538,1.077,0.681,-5.9,BASEBALL_SAVANT_PITCH_ARSENAL_CURRENT_SEASON,2026-08-28T17:22:48+00:00,SAVANT_ARSENAL_SCHEMA_V1,CURRENT
687606,"Schultz, Paxton",2026,11,1,9.1,7.8,23.5,44.8,0.477,0.452,0.658,40.0,8.4,82.112614528,,,,SL,Slider,7.2,44,5.6,0.455,0.636,0.473,-4.6,BASEBALL_SAVANT_PITCH_ARSENAL_CURRENT_SEASON,2026-08-28T17:22:48+00:00,SAVANT_ARSENAL_SCHEMA_V1,CURRENT
805326,"Schweitzer, Tyler",2026,48,4,8.3,8.0,20.0,53.3,0.388,0.311,0.533,52.5,9.2,81.854506735,,,,FF,4-Seam Fastball,39.4,187,7.3,0.25,0.409,0.317,1.1,BASEBALL_SAVANT_PITCH_ARSENAL_CURRENT_SEASON,2026-08-28T17:22:48+00:00,SAVANT_ARSENAL_SCHEMA_V1,CURRENT
805326,"Schweitzer, Tyler",2026,49,8,16.3,8.0,27.3,53.3,0.351,0.283,0.482,50.0,9.2,81.854506735,,,,SL,Slider,38.1,181,18.2,0.267,0.511,0.351,-0.3,BASEBALL_SAVANT_PITCH_ARSENAL_CURRENT_SEASON,2026-08-28T17:22:48+00:00,SAVANT_ARSENAL_SCHEMA_V1,CURRENT
805326,"Schweitzer, Tyler",2026,13,3,23.1,8.0,21.1,53.3,0.358,0.298,0.549,60.0,9.2,81.854506735,,,,ST,Sweeper,10.3,49,16.7,0.231,0.308,0.179,1.1,BASEBALL_SAVANT_PITCH_ARSENAL_CURRENT_SEASON,2026-08-28T17:22:48+00:00,SAVANT_ARSENAL_SCHEMA_V1,CURRENT
805326,"Schweitzer, Tyler",2026,11,1,9.1,8.0,16.0,53.3,0.228,0.193,0.22,22.2,9.2,81.854506735,,,,CH,Changeup,9.5,45,4.3,0.3,0.3,0.309,-1.1,BASEBALL_SAVANT_PITCH_ARSENAL_CURRENT_SEASON,2026-08-28T17:22:48+00:00,SAVANT_ARSENAL_SCHEMA_V1,CURRENT
805326,"Schweitzer, Tyler",2026,4,0,0.0,8.0,40.0,53.3,0.418,0.149,0.152,50.0,9.2,81.854506735,,,,SI,Sinker,2.7,13,0.0,0.5,0.5,0.575,-5.7,BASEBALL_SAVANT_PITCH_ARSENAL_CURRENT_SEASON,2026-08-28T17:22:48+00:00,SAVANT_ARSENAL_SCHEMA_V1,CURRENT
681035,"Scott, Christian",2026,175,53,30.3,10.0,27.7,49.5,0.328,0.229,0.394,43.8,7.4,75.97101886,,,,FF,4-Seam Fastball,47.7,776,21.0,0.25,0.446,0.354,-0.4,BASEBALL_SAVANT_PITCH_ARSENAL_CURRENT_SEASON,2026-08-28T17:22:48+00:00,SAVANT_ARSENAL_SCHEMA_V1,CURRENT
681035,"Scott, Christian",2026,94,35,37.2,10.0,31.8,49.5,0.235,0.181,0.249,20.0,7.4,75.97101886,,,,ST,Sweeper,23.4,381,25.2,0.2,0.271,0.253,0.7,BASEBALL_SAVANT_PITCH_ARSENAL_CURRENT_SEASON,2026-08-28T17:22:48+00:00,SAVANT_ARSENAL_SCHEMA_V1,CURRENT
681035,"Scott, Christian",2026,70,14,20.0,10.0,25.5,49.5,0.338,0.254,0.39,26.1,7.4,75.97101886,,,,FC,Cutter,18.2,296,24.1,0.15,0.233,0.254,1.8,BASEBALL_SAVANT_PITCH_ARSENAL_CURRENT_SEASON,2026-08-28T17:22:48+00:00,SAVANT_ARSENAL_SCHEMA_V1,CURRENT
681035,"Scott, Christian",2026,32,8,25.0,10.0,14.3,49.5,0.261,0.238,0.332,34.8,7.4,75.97101886,,,,CU,Curveball,5.7,92,12.3,0.355,0.581,0.408,-4.2,BASEBALL_SAVANT_PITCH_ARSENAL_CURRENT_SEASON,2026-08-28T17:22:48+00:00,SAVANT_ARSENAL_SCHEMA_V1,CURRENT
681035,"Scott, Christian",2026,13,1,7.7,10.0,13.6,49.5,0.445,0.381,0.603,36.4,7.4,75.97101886,,,,FS,Split-Finger,3.2,52,4.5,0.25,0.25,0.262,-0.7,BASEBALL_SAVANT_PITCH_ARSENAL_CURRENT_SEASON,2026-08-28T17:22:48+00:00,SAVANT_ARSENAL_SCHEMA_V1,CURRENT
681035,"Scott, Christian",2026,6,0,0.0,10.0,18.2,49.5,0.438,0.315,0.598,60.0,7.4,75.97101886,,,,SI,Sinker,1.7,28,0.0,0.4,0.4,0.417,-2.7,BASEBALL_SAVANT_PITCH_ARSENAL_CURRENT_SEASON,2026-08-28T17:22:48+00:00,SAVANT_ARSENAL_SCHEMA_V1,CURRENT
656945,"Scott, Tanner",2026,113,40,35.4,5.7,41.2,56.2,0.235,0.224,0.278,27.5,6.8,77.090994769,,,,SL,Slider,51.9,416,26.3,0.167,0.222,0.188,3.0,BASEBALL_SAVANT_PITCH_ARSENAL_CURRENT_SEASON,2026-08-28T17:22:48+00:00,SAVANT_ARSENAL_SCHEMA_V1,CURRENT
656945,"Scott, Tanner",2026,93,25,26.9,5.7,27.0,56.2,0.324,0.259,0.455,38.1,6.8,77.090994769,,,,FF,4-Seam Fastball,48.1,385,19.4,0.253,0.448,0.32,-0.3,BASEBALL_SAVANT_PITCH_ARSENAL_CURRENT_SEASON,2026-08-28T17:22:48+00:00,SAVANT_ARSENAL_SCHEMA_V1,CURRENT
657756,"Seabold, Connor",2026,56,12,21.4,8.0,17.6,47.3,0.294,0.256,0.35,43.6,6.3,76.54324025,,,,FF,4-Seam Fastball,52.9,252,14.6,0.327,0.469,0.364,-0.2,BASEBALL_SAVANT_PITCH_ARSENAL_CURRENT_SEASON,2026-08-28T17:22:48+00:00,SAVANT_ARSENAL_SCHEMA_V1,CURRENT
657756,"Seabold, Connor",2026,24,4,16.7,8.0,16.7,47.3,0.301,0.249,0.364,16.7,6.3,76.54324025,,,,CH,Changeup,21.0,100,12.5,0.318,0.5,0.381,-2.4,BASEBALL_SAVANT_PITCH_ARSENAL_CURRENT_SEASON,2026-08-28T17:22:48+00:00,SAVANT_ARSENAL_SCHEMA_V1,CURRENT
657756,"Seabold, Connor",2026,24,4,16.7,8.0,22.2,47.3,0.34,0.27,0.432,52.9,6.3,76.54324025,,,,SL,Slider,16.0,76,13.8,0.25,0.3,0.29,0.3,BASEBALL_SAVANT_PITCH_ARSENAL_CURRENT_SEASON,2026-08-28T17:22:48+00:00,SAVANT_ARSENAL_SCHEMA_V1,CURRENT
657756,"Seabold, Connor",2026,9,0,0.0,8.0,36.4,47.3,0.319,0.196,0.244,14.3,6.3,76.54324025,,,,FC,Cutter,10.1,48,0.0,0.286,0.286,0.4,-1.1,BASEBALL_SAVANT_PITCH_ARSENAL_CURRENT_SEASON,2026-08-28T17:22:48+00:00,SAVANT_ARSENAL_SCHEMA_V1,CURRENT
808825,"Sears, Andrew",2026,12,1,8.3,5.6,11.8,47.3,0.249,0.208,0.272,30.0,14.3,86.990461429,,,,FF,4-Seam Fastball,54.1,40,11.1,0.273,0.273,0.283,1.1,BASEBALL_SAVANT_PITCH_ARSENAL_CURRENT_SEASON,2026-08-28T17:22:48+00:00,SAVANT_ARSENAL_SCHEMA_V1,CURRENT
808825,"Sears, Andrew",2026,5,2,40.0,5.6,46.7,47.3,0.577,0.335,1.058,66.7,14.3,86.990461429,,,,SL,Slider,35.1,26,22.2,0.4,1.2,0.65,-5.3,BASEBALL_SAVANT_PITCH_ARSENAL_CURRENT_SEASON,2026-08-28T17:22:48+00:00,SAVANT_ARSENAL_SCHEMA_V1,CURRENT
808825,"Sears, Andrew",2026,1,0,0.0,5.6,33.3,47.3,0.641,0.551,0.968,100.0,14.3,86.990461429,,,,CH,Changeup,6.8,5,,1.0,2.0,1.25,-15.3,BASEBALL_SAVANT_PITCH_ARSENAL_CURRENT_SEASON,2026-08-28T17:22:48+00:00,SAVANT_ARSENAL_SCHEMA_V1,CURRENT
676664,"Sears, JP",2026,57,12,21.1,7.7,18.9,47.4,0.325,0.224,0.461,42.5,8.7,81.108293137,,,,FF,4-Seam Fastball,34.4,182,17.6,0.231,0.346,0.289,1.6,BASEBALL_SAVANT_PITCH_ARSENAL_CURRENT_SEASON,2026-08-28T17:22:48+00:00,SAVANT_ARSENAL_SCHEMA_V1,CURRENT
676664,"Sears, JP",2026,31,4,12.9,7.7,24.5,47.4,0.426,0.371,0.545,54.2,8.7,81.108293137,,,,CH,Changeup,20.8,110,21.1,0.321,0.5,0.4,-3.4,BASEBALL_SAVANT_PITCH_ARSENAL_CURRENT_SEASON,2026-08-28T17:22:48+00:00,SAVANT_ARSENAL_SCHEMA_V1,CURRENT
676664,"Sears, JP",2026,19,1,5.3,7.7,12.5,47.4,0.425,0.374,0.44,42.9,8.7,81.108293137,,,,SI,Sinker,14.7,78,7.7,0.333,0.333,0.384,0.8,BASEBALL_SAVANT_PITCH_ARSENAL_CURRENT_SEASON,2026-08-28T17:22:48+00:00,SAVANT_ARSENAL_SCHEMA_V1,CURRENT
676664,"Sears, JP",2026,13,5,38.5,7.7,39.1,47.4,0.291,0.192,0.418,57.1,8.7,81.108293137,,,,ST,Sweeper,14.4,76,33.3,0.25,0.75,0.431,-2.9,BASEBALL_SAVANT_PITCH_ARSENAL_CURRENT_SEASON,2026-08-28T17:22:48+00:00,SAVANT_ARSENAL_SCHEMA_V1,CURRENT
676664,"Sears, JP",2026,21,3,14.3,7.7,16.7,47.4,0.227,0.149,0.177,29.4,8.7,81.108293137,,,,SL,Slider,14.0,74,13.0,0.105,0.105,0.162,2.6,BASEBALL_SAVANT_PITCH_ARSENAL_CURRENT_SEASON,2026-08-28T17:22:48+00:00,SAVANT_ARSENAL_SCHEMA_V1,CURRENT
676664,"Sears, JP",2026,2,0,0.0,7.7,25.0,47.4,0.702,0.504,1.163,100.0,8.7,81.108293137,,,,FC,Cutter,1.7,9,,1.0,3.0,1.625,-17.5,BASEBALL_SAVANT_PITCH_ARSENAL_CURRENT_SEASON,2026-08-28T17:22:48+00:00,SAVANT_ARSENAL_SCHEMA_V1,CURRENT
676910,"Seelinger, Matt",2026,6,1,16.7,26.7,27.3,46.2,0.273,0.166,0.276,25.0,22.2,83.32846,,,,FC,Cutter,42.3,22,16.7,0.4,0.6,0.475,-4.3,BASEBALL_SAVANT_PITCH_ARSENAL_CURRENT_SEASON,2026-08-28T17:22:48+00:00,SAVANT_ARSENAL_SCHEMA_V1,CURRENT
676910,"Seelinger, Matt",2026,5,1,20.0,26.7,33.3,46.2,0.47,0.272,0.739,66.7,22.2,83.32846,,,,FF,4-Seam Fastball,38.5,20,33.3,0.5,1.5,0.79,-7.5,BASEBALL_SAVANT_PITCH_ARSENAL_CURRENT_SEASON,2026-08-28T17:22:48+00:00,SAVANT_ARSENAL_SCHEMA_V1,CURRENT
676910,"Seelinger, Matt",2026,4,0,0.0,26.7,25.0,46.2,0.539,0.283,0.556,50.0,22.2,83.32846,,,,CU,Curveball,19.2,10,0.0,0.5,1.0,0.663,-13.7,BASEBALL_SAVANT_PITCH_ARSENAL_CURRENT_SEASON,2026-08-28T17:22:48+00:00,SAVANT_ARSENAL_SCHEMA_V1,CURRENT
673540,"Senga, Kodai",2026,97,21,21.6,14.9,16.7,45.0,0.361,0.254,0.455,36.1,12.1,79.753873333,,,,FF,4-Seam Fastball,40.9,394,25.0,0.272,0.543,0.395,-1.4,BASEBALL_SAVANT_PITCH_ARSENAL_CURRENT_SEASON,2026-08-28T17:22:48+00:00,SAVANT_ARSENAL_SCHEMA_V1,CURRENT
673540,"Senga, Kodai",2026,66,32,48.5,14.9,46.1,45.0,0.224,0.119,0.153,36.4,12.1,79.753873333,,,,FS,Split-Finger,24.5,236,25.4,0.111,0.148,0.22,0.1,BASEBALL_SAVANT_PITCH_ARSENAL_CURRENT_SEASON,2026-08-28T17:22:48+00:00,SAVANT_ARSENAL_SCHEMA_V1,CURRENT
673540,"Senga, Kodai",2026,36,2,5.6,14.9,26.6,45.0,0.353,0.26,0.321,26.9,12.1,79.753873333,,,,FC,Cutter,14.8,143,10.0,0.357,0.536,0.456,-1.8,BASEBALL_SAVANT_PITCH_ARSENAL_CURRENT_SEASON,2026-08-28T17:22:48+00:00,SAVANT_ARSENAL_SCHEMA_V1,CURRENT
673540,"Senga, Kodai",2026,14,1,7.1,14.9,25.9,45.0,0.532,0.42,0.808,66.7,12.1,79.753873333,,,,ST,Sweeper,8.9,86,25.0,0.538,0.846,0.604,-2.2,BASEBALL_SAVANT_PITCH_ARSENAL_CURRENT_SEASON,2026-08-28T17:22:48+00:00,SAVANT_ARSENAL_SCHEMA_V1,CURRENT
673540,"Senga, Kodai",2026,21,5,23.8,14.9,47.7,45.0,0.405,0.266,0.63,50.0,12.1,79.753873333,,,,SL,Slider,7.0,67,27.8,0.263,0.947,0.507,-6.2,BASEBALL_SAVANT_PITCH_ARSENAL_CURRENT_SEASON,2026-08-28T17:22:48+00:00,SAVANT_ARSENAL_SCHEMA_V1,CURRENT
673540,"Senga, Kodai",2026,7,1,14.3,14.9,18.8,45.0,0.537,0.351,0.866,40.0,12.1,79.753873333,,,,SI,Sinker,3.6,35,33.3,0.333,0.833,0.514,-1.7,BASEBALL_SAVANT_PITCH_ARSENAL_CURRENT_SEASON,2026-08-28T17:22:48+00:00,SAVANT_ARSENAL_SCHEMA_V1,CURRENT
622608,"Senzatela, Antonio",2026,96,28,29.2,8.0,29.4,49.6,0.309,0.234,0.355,45.6,5.9,76.650572065,,,,FF,4-Seam Fastball,34.2,336,20.3,0.277,0.434,0.357,-0.7,BASEBALL_SAVANT_PITCH_ARSENAL_CURRENT_SEASON,2026-08-28T17:22:48+00:00,SAVANT_ARSENAL_SCHEMA_V1,CURRENT
622608,"Senzatela, Antonio",2026,91,17,18.7,8.0,27.0,49.6,0.275,0.235,0.321,31.3,5.9,76.650572065,,,,FC,Cutter,32.2,316,21.8,0.226,0.321,0.274,1.6,BASEBALL_SAVANT_PITCH_ARSENAL_CURRENT_SEASON,2026-08-28T17:22:48+00:00,SAVANT_ARSENAL_SCHEMA_V1,CURRENT
622608,"Senzatela, Antonio",2026,41,2,4.9,8.0,8.1,49.6,0.302,0.297,0.372,47.4,5.9,76.650572065,,,,SI,Sinker,17.2,169,7.7,0.325,0.35,0.333,0.4,BASEBALL_SAVANT_PITCH_ARSENAL_CURRENT_SEASON,2026-08-28T17:22:48+00:00,SAVANT_ARSENAL_SCHEMA_V1,CURRENT
622608,"Senzatela, Antonio",2026,15,6,40.0,8.0,33.3,49.6,0.295,0.185,0.453,50.0,5.9,76.650572065,,,,CU,Curveball,8.9,87,19.4,0.143,0.429,0.263,-2.1,BASEBALL_SAVANT_PITCH_ARSENAL_CURRENT_SEASON,2026-08-28T17:22:48+00:00,SAVANT_ARSENAL_SCHEMA_V1,CURRENT
622608,"Senzatela, Antonio",2026,13,1,7.7,8.0,10.0,49.6,0.538,0.501,0.717,54.5,5.9,76.650572065,,,,CH,Changeup,5.4,53,5.3,0.333,0.417,0.358,-1.8,BASEBALL_SAVANT_PITCH_ARSENAL_CURRENT_SEASON,2026-08-28T17:22:48+00:00,SAVANT_ARSENAL_SCHEMA_V1,CURRENT
622608,"Senzatela, Antonio",2026,5,0,0.0,8.0,0.0,49.6,0.13,0.155,0.192,20.0,5.9,76.650572065,,,,SL,Slider,2.1,21,0.0,0.0,0.0,0.18,-0.7,BASEBALL_SAVANT_PITCH_ARSENAL_CURRENT_SEASON,2026-08-28T17:22:48+00:00,SAVANT_ARSENAL_SCHEMA_V1,CURRENT
622663,"Severino, Luis",2026,71,24,33.8,11.4,28.8,47.6,0.28,0.185,0.331,39.5,8.7,78.384796047,,,,ST,Sweeper,24.6,267,20.5,0.21,0.419,0.32,-1.0,BASEBALL_SAVANT_PITCH_ARSENAL_CURRENT_SEASON,2026-08-28T17:22:48+00:00,SAVANT_ARSENAL_SCHEMA_V1,CURRENT
622663,"Severino, Luis",2026,76,11,14.5,11.4,15.2,47.6,0.397,0.312,0.517,44.6,8.7,78.384796047,,,,SI,Sinker,23.8,259,18.6,0.323,0.508,0.411,-0.9,BASEBALL_SAVANT_PITCH_ARSENAL_CURRENT_SEASON,2026-08-28T17:22:48+00:00,SAVANT_ARSENAL_SCHEMA_V1,CURRENT
622663,"Severino, Luis",2026,52,16,30.8,11.4,26.1,47.6,0.3,0.233,0.369,48.4,8.7,78.384796047,,,,FF,4-Seam Fastball,21.2,230,17.8,0.298,0.447,0.357,-0.3,BASEBALL_SAVANT_PITCH_ARSENAL_CURRENT_SEASON,2026-08-28T17:22:48+00:00,SAVANT_ARSENAL_SCHEMA_V1,CURRENT
622663,"Severino, Luis",2026,49,4,8.2,11.4,18.1,47.6,0.349,0.242,0.388,22.2,8.7,78.384796047,,,,FC,Cutter,20.7,225,12.1,0.3,0.475,0.438,-1.3,BASEBALL_SAVANT_PITCH_ARSENAL_CURRENT_SEASON,2026-08-28T17:22:48+00:00,SAVANT_ARSENAL_SCHEMA_V1,CURRENT
622663,"Severino, Luis",2026,10,3,30.0,11.4,30.0,47.6,0.195,0.139,0.334,28.6,8.7,78.384796047,,,,CH,Changeup,5.4,59,33.3,0.1,0.3,0.16,0.6,BASEBALL_SAVANT_PITCH_ARSENAL_CURRENT_SEASON,2026-08-28T17:22:48+00:00,SAVANT_ARSENAL_SCHEMA_V1,CURRENT
622663,"Severino, Luis",2026,13,7,53.8,11.4,42.1,47.6,0.123,0.072,0.104,40.0,8.7,78.384796047,,,,SL,Slider,4.2,46,30.4,0.0,0.0,0.054,4.1,BASEBALL_SAVANT_PITCH_ARSENAL_CURRENT_SEASON,2026-08-28T17:22:48+00:00,SAVANT_ARSENAL_SCHEMA_V1,CURRENT
623149,"Sewald, Paul",2026,108,23,21.3,6.1,22.9,51.4,0.366,0.253,0.558,47.4,15.0,80.9319235,,,,FF,4-Seam Fastball,57.1,401,20.5,0.237,0.546,0.355,-0.7,BASEBALL_SAVANT_PITCH_ARSENAL_CURRENT_SEASON,2026-08-28T17:22:48+00:00,SAVANT_ARSENAL_SCHEMA_V1,CURRENT
623149,"Sewald, Paul",2026,71,25,35.2,6.1,37.5,51.4,0.259,0.182,0.377,31.0,15.0,80.9319235,,,,ST,Sweeper,41.6,292,27.8,0.197,0.424,0.293,0.3,BASEBALL_SAVANT_PITCH_ARSENAL_CURRENT_SEASON,2026-08-28T17:22:48+00:00,SAVANT_ARSENAL_SCHEMA_V1,CURRENT
623149,"Sewald, Paul",2026,2,0,0.0,6.1,0.0,51.4,0.077,0.086,0.098,0.0,15.0,80.9319235,,,,FC,Cutter,1.3,9,,0.0,0.0,0.0,2.5,BASEBALL_SAVANT_PITCH_ARSENAL_CURRENT_SEASON,2026-08-28T17:22:48+00:00,SAVANT_ARSENAL_SCHEMA_V1,CURRENT
693313,"Seymour, Carson",2026,26,3,11.5,10.0,19.1,48.2,0.441,0.335,0.628,35.0,8.8,77.793301034,,,,SI,Sinker,28.8,90,25.0,0.348,0.739,0.483,-2.0,BASEBALL_SAVANT_PITCH_ARSENAL_CURRENT_SEASON,2026-08-28T17:22:48+00:00,SAVANT_ARSENAL_SCHEMA_V1,CURRENT
693313,"Seymour, Carson",2026,24,8,33.3,10.0,30.2,48.2,0.258,0.243,0.304,33.3,8.8,77.793301034,,,,SL,Slider,27.5,86,20.0,0.13,0.13,0.142,2.4,BASEBALL_SAVANT_PITCH_ARSENAL_CURRENT_SEASON,2026-08-28T17:22:48+00:00,SAVANT_ARSENAL_SCHEMA_V1,CURRENT
693313,"Seymour, Carson",2026,16,2,12.5,10.0,11.8,48.2,0.474,0.372,0.627,63.6,8.8,77.793301034,,,,FF,4-Seam Fastball,19.8,62,13.3,0.231,0.308,0.322,1.0,BASEBALL_SAVANT_PITCH_ARSENAL_CURRENT_SEASON,2026-08-28T17:22:48+00:00,SAVANT_ARSENAL_SCHEMA_V1,CURRENT
693313,"Seymour, Carson",2026,11,1,9.1,10.0,27.3,48.2,0.409,0.372,0.42,25.0,8.8,77.793301034,,,,FC,Cutter,19.5,61,16.7,0.444,0.444,0.455,-1.9,BASEBALL_SAVANT_PITCH_ARSENAL_CURRENT_SEASON,2026-08-28T17:22:48+00:00,SAVANT_ARSENAL_SCHEMA_V1,CURRENT
693313,"Seymour, Carson",2026,3,0,0.0,10.0,0.0,48.2,0.243,0.236,0.332,33.3,8.8,77.793301034,,,,FS,Split-Finger,4.2,13,0.0,0.667,1.667,0.967,-10.9,BASEBALL_SAVANT_PITCH_ARSENAL_CURRENT_SEASON,2026-08-28T17:22:48+00:00,SAVANT_ARSENAL_SCHEMA_V1,CURRENT
693855,"Seymour, Ian",2026,157,58,36.9,7.2,39.3,50.6,0.24,0.197,0.315,34.4,9.6,77.214692044,,,,CH,Changeup,29.8,517,25.6,0.174,0.302,0.231,1.1,BASEBALL_SAVANT_PITCH_ARSENAL_CURRENT_SEASON,2026-08-28T17:22:48+00:00,SAVANT_ARSENAL_SCHEMA_V1,CURRENT
693855,"Seymour, Ian",2026,123,38,30.9,7.2,24.6,50.6,0.307,0.218,0.381,41.4,9.6,77.214692044,,,,FF,4-Seam Fastball,27.6,478,20.4,0.217,0.425,0.328,-0.1,BASEBALL_SAVANT_PITCH_ARSENAL_CURRENT_SEASON,2026-08-28T17:22:48+00:00,SAVANT_ARSENAL_SCHEMA_V1,CURRENT
693855,"Seymour, Ian",2026,81,25,30.9,7.2,31.8,50.6,0.285,0.188,0.427,31.4,9.6,77.214692044,,,,ST,Sweeper,21.6,375,26.3,0.211,0.513,0.335,0.1,BASEBALL_SAVANT_PITCH_ARSENAL_CURRENT_SEASON,2026-08-28T17:22:48+00:00,SAVANT_ARSENAL_SCHEMA_V1,CURRENT
693855,"Seymour, Ian",2026,54,2,3.7,7.2,7.9,50.6,0.397,0.323,0.529,34.0,9.6,77.214692044,,,,SI,Sinker,14.4,249,7.4,0.354,0.604,0.437,-0.1,BASEBALL_SAVANT_PITCH_ARSENAL_CURRENT_SEASON,2026-08-28T17:22:48+00:00,SAVANT_ARSENAL_SCHEMA_V1,CURRENT
693855,"Seymour, Ian",2026,23,5,21.7,7.2,23.1,50.6,0.301,0.254,0.488,33.3,9.6,77.214692044,,,,SL,Slider,5.2,90,18.5,0.318,0.636,0.424,-0.4,BASEBALL_SAVANT_PITCH_ARSENAL_CURRENT_SEASON,2026-08-28T17:22:48+00:00,SAVANT_ARSENAL_SCHEMA_V1,CURRENT
693855,"Seymour, Ian",2026,2,0,0.0,7.2,50.0,50.6,0.791,0.886,1.183,100.0,9.6,77.214692044,,,,CU,Curveball,80.0,14,0.0,0.0,0.0,0.35,-2.7,BASEBALL_SAVANT_PITCH_ARSENAL_CURRENT_SEASON,2026-08-28T17:22:48+00:00,SAVANT_ARSENAL_SCHEMA_V1,CURRENT
693855,"Seymour, Ian",2026,2,0,0.0,7.2,16.7,50.6,0.662,0.504,1.094,100.0,9.6,77.214692044,,,,FC,Cutter,60.0,11,0.0,1.0,2.0,1.25,-12.5,BASEBALL_SAVANT_PITCH_ARSENAL_CURRENT_SEASON,2026-08-28T17:22:48+00:00,SAVANT_ARSENAL_SCHEMA_V1,CURRENT
686218,"Sheehan, Emmet",2026,146,35,24.0,7.3,29.2,50.2,0.368,0.252,0.532,47.9,10.5,78.062125682,,,,FF,4-Seam Fastball,42.8,726,19.4,0.262,0.631,0.404,-1.2,BASEBALL_SAVANT_PITCH_ARSENAL_CURRENT_SEASON,2026-08-28T17:22:48+00:00,SAVANT_ARSENAL_SCHEMA_V1,CURRENT
686218,"Sheehan, Emmet",2026,149,50,33.6,7.3,38.1,50.2,0.267,0.198,0.352,33.0,10.5,78.062125682,,,,SL,Slider,30.0,510,27.0,0.231,0.448,0.309,0.6,BASEBALL_SAVANT_PITCH_ARSENAL_CURRENT_SEASON,2026-08-28T17:22:48+00:00,SAVANT_ARSENAL_SCHEMA_V1,CURRENT
686218,"Sheehan, Emmet",2026,85,18,21.2,7.3,23.2,50.2,0.294,0.26,0.337,43.3,10.5,78.062125682,,,,CH,Changeup,16.3,276,14.9,0.295,0.385,0.341,-1.7,BASEBALL_SAVANT_PITCH_ARSENAL_CURRENT_SEASON,2026-08-28T17:22:48+00:00,SAVANT_ARSENAL_SCHEMA_V1,CURRENT
686218,"Sheehan, Emmet",2026,31,5,16.1,7.3,26.2,50.2,0.254,0.2,0.23,13.6,10.5,78.062125682,,,,CU,Curveball,11.0,186,14.7,0.185,0.259,0.258,0.8,BASEBALL_SAVANT_PITCH_ARSENAL_CURRENT_SEASON,2026-08-28T17:22:48+00:00,SAVANT_ARSENAL_SCHEMA_V1,CURRENT
669298,"Shook, TJ",2026,12,3,25.0,5.6,20.0,47.8,0.232,0.184,0.258,25.0,7.4,83.179486429,,,,FF,4-Seam Fastball,44.0,59,23.1,0.182,0.455,0.3,-0.5,BASEBALL_SAVANT_PITCH_ARSENAL_CURRENT_SEASON,2026-08-28T17:22:48+00:00,SAVANT_ARSENAL_SCHEMA_V1,CURRENT
669298,"Shook, TJ",2026,11,1,9.1,5.6,17.6,47.8,0.444,0.326,0.733,50.0,7.4,83.179486429,,,,ST,Sweeper,23.1,31,12.5,0.364,0.818,0.491,-7.1,BASEBALL_SAVANT_PITCH_ARSENAL_CURRENT_SEASON,2026-08-28T17:22:48+00:00,SAVANT_ARSENAL_SCHEMA_V1,CURRENT
669298,"Shook, TJ",2026,8,2,25.0,5.6,23.1,47.8,0.202,0.198,0.29,33.3,7.4,83.179486429,,,,CH,Changeup,20.9,28,18.2,0.5,1.125,0.675,-11.3,BASEBALL_SAVANT_PITCH_ARSENAL_CURRENT_SEASON,2026-08-28T17:22:48+00:00,SAVANT_ARSENAL_SCHEMA_V1,CURRENT
669298,"Shook, TJ",2026,4,0,0.0,5.6,33.3,47.8,0.551,0.472,0.699,66.7,7.4,83.179486429,,,,FC,Cutter,11.9,16,0.0,0.667,1.0,0.713,-3.9,BASEBALL_SAVANT_PITCH_ARSENAL_CURRENT_SEASON,2026-08-28T17:22:48+00:00,SAVANT_ARSENAL_SCHEMA_V1,CURRENT
663767,"Shugart, Chase",2026,45,2,4.4,9.6,16.7,39.5,0.382,0.305,0.468,38.9,11.5,75.676022807,,,,FC,Cutter,30.9,229,6.1,0.314,0.571,0.401,-0.9,BASEBALL_SAVANT_PITCH_ARSENAL_CURRENT_SEASON,2026-08-28T17:22:48+00:00,SAVANT_ARSENAL_SCHEMA_V1,CURRENT
663767,"Shugart, Chase",2026,57,26,45.6,9.6,22.2,39.5,0.282,0.185,0.359,40.0,11.5,75.676022807,,,,SI,Sinker,28.8,214,40.0,0.16,0.24,0.225,3.2,BASEBALL_SAVANT_PITCH_ARSENAL_CURRENT_SEASON,2026-08-28T17:22:48+00:00,SAVANT_ARSENAL_SCHEMA_V1,CURRENT
663767,"Shugart, Chase",2026,48,15,31.3,9.6,33.3,39.5,0.253,0.163,0.342,27.6,11.5,75.676022807,,,,ST,Sweeper,21.4,159,21.7,0.227,0.523,0.345,-2.7,BASEBALL_SAVANT_PITCH_ARSENAL_CURRENT_SEASON,2026-08-28T17:22:48+00:00,SAVANT_ARSENAL_SCHEMA_V1,CURRENT
663767,"Shugart, Chase",2026,18,5,27.8,9.6,28.6,39.5,0.48,0.31,0.69,33.3,11.5,75.676022807,,,,FF,4-Seam Fastball,10.2,76,21.7,0.214,0.643,0.428,-2.1,BASEBALL_SAVANT_PITCH_ARSENAL_CURRENT_SEASON,2026-08-28T17:22:48+00:00,SAVANT_ARSENAL_SCHEMA_V1,CURRENT
663767,"Shugart, Chase",2026,19,5,26.3,9.6,32.1,39.5,0.252,0.212,0.382,42.9,11.5,75.676022807,,,,CH,Changeup,8.6,64,23.8,0.368,0.737,0.463,-5.2,BASEBALL_SAVANT_PITCH_ARSENAL_CURRENT_SEASON,2026-08-28T17:22:48+00:00,SAVANT_ARSENAL_SCHEMA_V1,CURRENT
694363,"Shuster, Jared",2026,14,1,7.1,13.6,5.3,39.8,0.198,0.164,0.202,33.3,2.9,80.926432941,,,,FF,4-Seam Fastball,29.5,49,12.5,0.308,0.462,0.357,0.9,BASEBALL_SAVANT_PITCH_ARSENAL_CURRENT_SEASON,2026-08-28T17:22:48+00:00,SAVANT_ARSENAL_SCHEMA_V1,CURRENT
694363,"Shuster, Jared",2026,11,2,18.2,13.6,36.4,39.8,0.308,0.244,0.264,14.3,2.9,80.926432941,,,,CH,Changeup,20.5,34,20.0,0.333,0.333,0.373,-4.9,BASEBALL_SAVANT_PITCH_ARSENAL_CURRENT_SEASON,2026-08-28T17:22:48+00:00,SAVANT_ARSENAL_SCHEMA_V1,CURRENT
694363,"Shuster, Jared",2026,6,1,16.7,13.6,16.7,39.8,0.213,0.191,0.308,60.0,2.9,80.926432941,,,,SL,Slider,20.5,34,11.1,0.0,0.0,0.0,3.3,BASEBALL_SAVANT_PITCH_ARSENAL_CURRENT_SEASON,2026-08-28T17:22:48+00:00,SAVANT_ARSENAL_SCHEMA_V1,CURRENT
694363,"Shuster, Jared",2026,7,0,0.0,13.6,12.5,39.8,0.431,0.305,0.723,85.7,2.9,80.926432941,,,,FC,Cutter,16.9,28,0.0,0.286,0.714,0.543,-1.4,BASEBALL_SAVANT_PITCH_ARSENAL_CURRENT_SEASON,2026-08-28T17:22:48+00:00,SAVANT_ARSENAL_SCHEMA_V1,CURRENT
694363,"Shuster, Jared",2026,5,0,0.0,13.6,0.0,39.8,0.581,0.496,0.681,100.0,2.9,80.926432941,,,,SI,Sinker,12.7,21,0.0,0.667,1.0,0.71,-7.1,BASEBALL_SAVANT_PITCH_ARSENAL_CURRENT_SEASON,2026-08-28T17:22:48+00:00,SAVANT_ARSENAL_SCHEMA_V1,CURRENT
681217,"Silseth, Chase",2026,89,28,31.5,13.5,37.0,46.9,0.339,0.224,0.386,40.9,9.8,75.442786923,,,,FF,4-Seam Fastball,41.1,369,23.1,0.188,0.275,0.293,1.2,BASEBALL_SAVANT_PITCH_ARSENAL_CURRENT_SEASON,2026-08-28T17:22:48+00:00,SAVANT_ARSENAL_SCHEMA_V1,CURRENT
681217,"Silseth, Chase",2026,58,17,29.3,13.5,36.7,46.9,0.27,0.199,0.318,31.4,9.8,75.442786923,,,,FS,Split-Finger,25.8,232,17.9,0.192,0.346,0.278,-0.6,BASEBALL_SAVANT_PITCH_ARSENAL_CURRENT_SEASON,2026-08-28T17:22:48+00:00,SAVANT_ARSENAL_SCHEMA_V1,CURRENT
681217,"Silseth, Chase",2026,42,12,28.6,13.5,28.4,46.9,0.226,0.195,0.306,10.3,9.8,75.442786923,,,,ST,Sweeper,19.2,172,23.1,0.171,0.268,0.201,2.3,BASEBALL_SAVANT_PITCH_ARSENAL_CURRENT_SEASON,2026-08-28T17:22:48+00:00,SAVANT_ARSENAL_SCHEMA_V1,CURRENT
681217,"Silseth, Chase",2026,29,1,3.4,13.5,10.5,46.9,0.475,0.358,0.679,41.7,9.8,75.442786923,,,,SI,Sinker,13.9,125,9.1,0.458,0.708,0.53,-2.5,BASEBALL_SAVANT_PITCH_ARSENAL_CURRENT_SEASON,2026-08-28T17:22:48+00:00,SAVANT_ARSENAL_SCHEMA_V1,CURRENT
681006,"Simpson, Josh",2026,13,3,23.1,10.5,9.1,41.8,0.376,0.248,0.589,55.6,17.4,82.3413875,,,,SI,Sinker,38.6,59,20.0,0.417,0.917,0.569,-5.0,BASEBALL_SAVANT_PITCH_ARSENAL_CURRENT_SEASON,2026-08-28T17:22:48+00:00,SAVANT_ARSENAL_SCHEMA_V1,CURRENT
681006,"Simpson, Josh",2026,13,3,23.1,10.5,29.4,41.8,0.337,0.21,0.428,25.0,17.4,82.3413875,,,,ST,Sweeper,27.5,42,20.0,0.182,0.455,0.331,-2.6,BASEBALL_SAVANT_PITCH_ARSENAL_CURRENT_SEASON,2026-08-28T17:22:48+00:00,SAVANT_ARSENAL_SCHEMA_V1,CURRENT
681006,"Simpson, Josh",2026,10,4,40.0,10.5,26.3,41.8,0.361,0.211,0.569,40.0,17.4,82.3413875,,,,CU,Curveball,25.5,39,22.2,0.333,0.667,0.45,-1.9,BASEBALL_SAVANT_PITCH_ARSENAL_CURRENT_SEASON,2026-08-28T17:22:48+00:00,SAVANT_ARSENAL_SCHEMA_V1,CURRENT
681006,"Simpson, Josh",2026,2,0,0.0,10.5,25.0,41.8,0.556,0.311,0.681,100.0,17.4,82.3413875,,,,FF,4-Seam Fastball,4.6,7,0.0,1.0,2.0,0.975,-15.1,BASEBALL_SAVANT_PITCH_ARSENAL_CURRENT_SEASON,2026-08-28T17:22:48+00:00,SAVANT_ARSENAL_SCHEMA_V1,CURRENT
608371,"Sims, Lucas",2026,22,3,13.6,15.2,6.1,43.3,0.428,0.276,0.536,64.3,7.1,73.754161538,,,,FF,4-Seam Fastball,45.6,78,21.4,0.25,0.5,0.407,-1.6,BASEBALL_SAVANT_PITCH_ARSENAL_CURRENT_SEASON,2026-08-28T17:22:48+00:00,SAVANT_ARSENAL_SCHEMA_V1,CURRENT
608371,"Sims, Lucas",2026,11,2,18.2,15.2,27.8,43.3,0.276,0.244,0.262,12.5,7.1,73.754161538,,,,SL,Slider,24.0,41,18.2,0.5,0.5,0.43,-1.8,BASEBALL_SAVANT_PITCH_ARSENAL_CURRENT_SEASON,2026-08-28T17:22:48+00:00,SAVANT_ARSENAL_SCHEMA_V1,CURRENT
608371,"Sims, Lucas",2026,9,3,33.3,15.2,46.7,43.3,0.289,0.163,0.23,25.0,7.1,73.754161538,,,,ST,Sweeper,20.5,35,27.3,0.143,0.286,0.294,-0.5,BASEBALL_SAVANT_PITCH_ARSENAL_CURRENT_SEASON,2026-08-28T17:22:48+00:00,SAVANT_ARSENAL_SCHEMA_V1,CURRENT
608371,"Sims, Lucas",2026,3,2,66.7,15.2,25.0,43.3,0.042,0.045,0.046,0.0,7.1,73.754161538,,,,CU,Curveball,7.0,12,40.0,0.0,0.0,0.0,2.2,BASEBALL_SAVANT_PITCH_ARSENAL_CURRENT_SEASON,2026-08-28T17:22:48+00:00,SAVANT_ARSENAL_SCHEMA_V1,CURRENT
608371,"Sims, Lucas",2026,1,0,0.0,15.2,0.0,43.3,0.041,0.046,0.05,0.0,7.1,73.754161538,,,,SI,Sinker,60.0,1,,0.0,0.0,0.0,32.8,BASEBALL_SAVANT_PITCH_ARSENAL_CURRENT_SEASON,2026-08-28T17:22:48+00:00,SAVANT_ARSENAL_SCHEMA_V1,CURRENT
663903,"Singer, Brady",2026,333,59,17.7,7.4,16.3,44.7,0.36,0.28,0.441,46.1,9.5,80.980389626,,,,SI,Sinker,49.6,1171,18.4,0.275,0.425,0.363,-0.2,BASEBALL_SAVANT_PITCH_ARSENAL_CURRENT_SEASON,2026-08-28T17:22:48+00:00,SAVANT_ARSENAL_SCHEMA_V1,CURRENT
663903,"Singer, Brady",2026,140,26,18.6,7.4,31.2,44.7,0.314,0.259,0.427,41.5,9.5,80.980389626,,,,SL,Slider,26.0,615,17.1,0.26,0.435,0.345,-0.3,BASEBALL_SAVANT_PITCH_ARSENAL_CURRENT_SEASON,2026-08-28T17:22:48+00:00,SAVANT_ARSENAL_SCHEMA_V1,CURRENT
663903,"Singer, Brady",2026,95,25,26.3,7.4,41.0,44.7,0.278,0.224,0.386,31.8,9.5,80.980389626,,,,ST,Sweeper,15.2,358,18.4,0.242,0.462,0.328,-1.4,BASEBALL_SAVANT_PITCH_ARSENAL_CURRENT_SEASON,2026-08-28T17:22:48+00:00,SAVANT_ARSENAL_SCHEMA_V1,CURRENT
663903,"Singer, Brady",2026,32,0,0.0,7.4,17.7,44.7,0.45,0.343,0.657,27.6,9.5,80.980389626,,,,FC,Cutter,7.0,165,0.0,0.379,0.828,0.552,-3.9,BASEBALL_SAVANT_PITCH_ARSENAL_CURRENT_SEASON,2026-08-28T17:22:48+00:00,SAVANT_ARSENAL_SCHEMA_V1,CURRENT
663903,"Singer, Brady",2026,10,2,20.0,7.4,13.0,44.7,0.474,0.381,0.75,50.0,9.5,80.980389626,,,,FF,4-Seam Fastball,2.3,54,12.5,0.4,0.7,0.47,-7.1,BASEBALL_SAVANT_PITCH_ARSENAL_CURRENT_SEASON,2026-08-28T17:22:48+00:00,SAVANT_ARSENAL_SCHEMA_V1,CURRENT
681895,"Sisk, Evan",2026,48,6,12.5,10.3,15.7,41.7,0.43,0.303,0.49,46.7,3.0,72.6317744,,,,SI,Sinker,31.2,232,23.1,0.314,0.514,0.462,-1.0,BASEBALL_SAVANT_PITCH_ARSENAL_CURRENT_SEASON,2026-08-28T17:22:48+00:00,SAVANT_ARSENAL_SCHEMA_V1,CURRENT
681895,"Sisk, Evan",2026,45,14,31.1,10.3,29.5,41.7,0.182,0.121,0.146,11.5,3.0,72.6317744,,,,CU,Curveball,26.9,200,21.9,0.128,0.179,0.198,1.5,BASEBALL_SAVANT_PITCH_ARSENAL_CURRENT_SEASON,2026-08-28T17:22:48+00:00,SAVANT_ARSENAL_SCHEMA_V1,CURRENT
681895,"Sisk, Evan",2026,31,12,38.7,10.3,31.9,41.7,0.233,0.157,0.238,26.7,3.0,72.6317744,,,,FF,4-Seam Fastball,16.6,123,24.5,0.231,0.385,0.311,1.2,BASEBALL_SAVANT_PITCH_ARSENAL_CURRENT_SEASON,2026-08-28T17:22:48+00:00,SAVANT_ARSENAL_SCHEMA_V1,CURRENT
681895,"Sisk, Evan",2026,35,11,31.4,10.3,34.7,41.7,0.237,0.201,0.256,28.6,3.0,72.6317744,,,,ST,Sweeper,16.3,121,17.7,0.226,0.226,0.24,-0.1,BASEBALL_SAVANT_PITCH_ARSENAL_CURRENT_SEASON,2026-08-28T17:22:48+00:00,SAVANT_ARSENAL_SCHEMA_V1,CURRENT
681895,"Sisk, Evan",2026,14,3,21.4,10.3,24.0,41.7,0.265,0.199,0.244,44.4,3.0,72.6317744,,,,CH,Changeup,9.0,67,13.6,0.333,0.5,0.407,-2.3,BASEBALL_SAVANT_PITCH_ARSENAL_CURRENT_SEASON,2026-08-28T17:22:48+00:00,SAVANT_ARSENAL_SCHEMA_V1,CURRENT
694973,"Skenes, Paul",2026,246,80,32.5,6.9,30.2,51.1,0.279,0.202,0.352,46.9,7.3,77.00066011,,,,FF,4-Seam Fastball,41.1,1003,25.5,0.205,0.355,0.283,1.1,BASEBALL_SAVANT_PITCH_ARSENAL_CURRENT_SEASON,2026-08-28T17:22:48+00:00,SAVANT_ARSENAL_SCHEMA_V1,CURRENT
694973,"Skenes, Paul",2026,64,20,31.3,6.9,28.9,51.1,0.215,0.178,0.28,23.8,7.3,77.00066011,,,,ST,Sweeper,15.6,380,18.7,0.164,0.328,0.248,0.8,BASEBALL_SAVANT_PITCH_ARSENAL_CURRENT_SEASON,2026-08-28T17:22:48+00:00,SAVANT_ARSENAL_SCHEMA_V1,CURRENT
694973,"Skenes, Paul",2026,80,29,36.3,6.9,38.1,51.1,0.246,0.214,0.307,19.1,7.3,77.00066011,,,,CH,Changeup,13.1,320,17.3,0.253,0.413,0.302,-1.8,BASEBALL_SAVANT_PITCH_ARSENAL_CURRENT_SEASON,2026-08-28T17:22:48+00:00,SAVANT_ARSENAL_SCHEMA_V1,CURRENT
694973,"Skenes, Paul",2026,69,8,11.6,6.9,18.0,51.1,0.328,0.279,0.392,38.9,7.3,77.00066011,,,,FS,Split-Finger,11.2,273,20.5,0.317,0.367,0.339,0.8,BASEBALL_SAVANT_PITCH_ARSENAL_CURRENT_SEASON,2026-08-28T17:22:48+00:00,SAVANT_ARSENAL_SCHEMA_V1,CURRENT
694973,"Skenes, Paul",2026,71,12,16.9,6.9,12.0,51.1,0.323,0.271,0.399,50.9,7.3,77.00066011,,,,SI,Sinker,11.1,271,20.3,0.292,0.462,0.368,0.0,BASEBALL_SAVANT_PITCH_ARSENAL_CURRENT_SEASON,2026-08-28T17:22:48+00:00,SAVANT_ARSENAL_SCHEMA_V1,CURRENT
694973,"Skenes, Paul",2026,63,26,41.3,6.9,37.7,51.1,0.255,0.148,0.279,35.7,7.3,77.00066011,,,,SL,Slider,7.5,184,28.9,0.167,0.296,0.283,1.3,BASEBALL_SAVANT_PITCH_ARSENAL_CURRENT_SEASON,2026-08-28T17:22:48+00:00,SAVANT_ARSENAL_SCHEMA_V1,CURRENT
694973,"Skenes, Paul",2026,1,0,0.0,6.9,20.0,51.1,0.141,0.151,0.17,0.0,7.3,77.00066011,,,,CU,Curveball,40.0,10,0.0,0.0,0.0,0.0,1.3,BASEBALL_SAVANT_PITCH_ARSENAL_CURRENT_SEASON,2026-08-28T17:22:48+00:00,SAVANT_ARSENAL_SCHEMA_V1,CURRENT
669373,"Skubal, Tarik",2026,157,44,28.0,4.4,25.3,53.7,0.297,0.244,0.402,40.0,7.3,75.129737551,,,,FF,4-Seam Fastball,36.0,657,20.7,0.231,0.401,0.302,0.8,BASEBALL_SAVANT_PITCH_ARSENAL_CURRENT_SEASON,2026-08-28T17:22:48+00:00,SAVANT_ARSENAL_SCHEMA_V1,CURRENT
669373,"Skubal, Tarik",2026,139,55,39.6,4.4,48.6,53.7,0.221,0.187,0.286,27.8,7.3,75.129737551,,,,CH,Changeup,26.0,475,26.8,0.172,0.299,0.224,1.7,BASEBALL_SAVANT_PITCH_ARSENAL_CURRENT_SEASON,2026-08-28T17:22:48+00:00,SAVANT_ARSENAL_SCHEMA_V1,CURRENT
669373,"Skubal, Tarik",2026,90,18,20.0,4.4,18.9,53.7,0.317,0.275,0.329,37.7,7.3,75.129737551,,,,SI,Sinker,19.6,358,19.8,0.291,0.367,0.349,0.3,BASEBALL_SAVANT_PITCH_ARSENAL_CURRENT_SEASON,2026-08-28T17:22:48+00:00,SAVANT_ARSENAL_SCHEMA_V1,CURRENT
669373,"Skubal, Tarik",2026,58,15,25.9,4.4,30.8,53.7,0.248,0.241,0.332,37.2,7.3,75.129737551,,,,SL,Slider,13.8,252,26.3,0.196,0.339,0.261,2.0,BASEBALL_SAVANT_PITCH_ARSENAL_CURRENT_SEASON,2026-08-28T17:22:48+00:00,SAVANT_ARSENAL_SCHEMA_V1,CURRENT
669373,"Skubal, Tarik",2026,29,14,48.3,4.4,42.5,53.7,0.207,0.128,0.281,30.8,7.3,75.129737551,,,,CU,Curveball,4.6,84,42.4,0.111,0.259,0.191,-0.1,BASEBALL_SAVANT_PITCH_ARSENAL_CURRENT_SEASON,2026-08-28T17:22:48+00:00,SAVANT_ARSENAL_SCHEMA_V1,CURRENT
686580,"Slaten, Justin",2026,48,7,14.6,5.8,18.6,50.8,0.375,0.316,0.506,44.7,4.4,77.338378864,,,,FC,Cutter,41.5,211,22.6,0.395,0.605,0.439,-1.7,BASEBALL_SAVANT_PITCH_ARSENAL_CURRENT_SEASON,2026-08-28T17:22:48+00:00,SAVANT_ARSENAL_SCHEMA_V1,CURRENT
686580,"Slaten, Justin",2026,38,13,34.2,5.8,20.8,50.8,0.246,0.205,0.309,43.5,4.4,77.338378864,,,,FF,4-Seam Fastball,25.2,128,22.0,0.278,0.417,0.345,-1.2,BASEBALL_SAVANT_PITCH_ARSENAL_CURRENT_SEASON,2026-08-28T17:22:48+00:00,SAVANT_ARSENAL_SCHEMA_V1,CURRENT
686580,"Slaten, Justin",2026,26,11,42.3,5.8,43.9,50.8,0.158,0.104,0.158,23.1,4.4,77.338378864,,,,ST,Sweeper,17.1,87,26.8,0.167,0.333,0.248,-0.2,BASEBALL_SAVANT_PITCH_ARSENAL_CURRENT_SEASON,2026-08-28T17:22:48+00:00,SAVANT_ARSENAL_SCHEMA_V1,CURRENT
686580,"Slaten, Justin",2026,19,4,21.1,5.8,26.5,50.8,0.273,0.266,0.302,21.4,4.4,77.338378864,,,,SI,Sinker,12.8,65,40.0,0.167,0.167,0.226,3.8,BASEBALL_SAVANT_PITCH_ARSENAL_CURRENT_SEASON,2026-08-28T17:22:48+00:00,SAVANT_ARSENAL_SCHEMA_V1,CURRENT
686580,"Slaten, Justin",2026,6,4,66.7,5.8,44.4,50.8,0.024,0.026,0.028,0.0,4.4,77.338378864,,,,CU,Curveball,3.3,17,44.4,0.167,0.167,0.15,4.7,BASEBALL_SAVANT_PITCH_ARSENAL_CURRENT_SEASON,2026-08-28T17:22:48+00:00,SAVANT_ARSENAL_SCHEMA_V1,CURRENT
572143,"Smith, Burch",2026,30,11,36.7,9.6,23.7,46.0,0.277,0.171,0.33,46.7,4.4,79.596606364,,,,FF,4-Seam Fastball,43.6,125,26.8,0.231,0.5,0.358,0.0,BASEBALL_SAVANT_PITCH_ARSENAL_CURRENT_SEASON,2026-08-28T17:22:48+00:00,SAVANT_ARSENAL_SCHEMA_V1,CURRENT
572143,"Smith, Burch",2026,19,6,31.6,9.6,27.0,46.0,0.208,0.222,0.252,61.5,4.4,79.596606364,,,,CU,Curveball,25.4,73,30.0,0.278,0.333,0.285,1.8,BASEBALL_SAVANT_PITCH_ARSENAL_CURRENT_SEASON,2026-08-28T17:22:48+00:00,SAVANT_ARSENAL_SCHEMA_V1,CURRENT
572143,"Smith, Burch",2026,20,2,10.0,9.6,16.0,46.0,0.391,0.303,0.482,40.0,4.4,79.596606364,,,,FC,Cutter,20.9,60,22.2,0.412,0.647,0.535,-4.5,BASEBALL_SAVANT_PITCH_ARSENAL_CURRENT_SEASON,2026-08-28T17:22:48+00:00,SAVANT_ARSENAL_SCHEMA_V1,CURRENT
572143,"Smith, Burch",2026,4,1,25.0,9.6,18.2,46.0,0.176,0.132,0.29,33.3,4.4,79.596606364,,,,CH,Changeup,9.4,27,9.1,0.0,0.0,0.0,0.9,BASEBALL_SAVANT_PITCH_ARSENAL_CURRENT_SEASON,2026-08-28T17:22:48+00:00,SAVANT_ARSENAL_SCHEMA_V1,CURRENT
671922,"Smith, Cade",2026,168,53,31.5,8.1,30.4,49.0,0.313,0.236,0.402,52.0,9.3,82.520397571,,,,FF,4-Seam Fastball,64.2,663,24.9,0.236,0.358,0.32,0.4,BASEBALL_SAVANT_PITCH_ARSENAL_CURRENT_SEASON,2026-08-28T17:22:48+00:00,SAVANT_ARSENAL_SCHEMA_V1,CURRENT
671922,"Smith, Cade",2026,53,23,43.4,8.1,43.7,49.0,0.19,0.121,0.172,34.6,9.3,82.520397571,,,,FS,Split-Finger,23.6,244,22.3,0.106,0.106,0.138,1.5,BASEBALL_SAVANT_PITCH_ARSENAL_CURRENT_SEASON,2026-08-28T17:22:48+00:00,SAVANT_ARSENAL_SCHEMA_V1,CURRENT
671922,"Smith, Cade",2026,21,6,28.6,8.1,34.8,49.0,0.208,0.133,0.304,28.6,9.3,82.520397571,,,,ST,Sweeper,12.1,125,24.0,0.2,0.55,0.326,-1.1,BASEBALL_SAVANT_PITCH_ARSENAL_CURRENT_SEASON,2026-08-28T17:22:48+00:00,SAVANT_ARSENAL_SCHEMA_V1,CURRENT
681916,"Smith, Dylan",2026,62,22,35.5,11.0,26.6,49.1,0.263,0.177,0.379,55.6,6.7,78.108821944,,,,FF,4-Seam Fastball,54.6,278,23.2,0.218,0.436,0.314,-0.3,BASEBALL_SAVANT_PITCH_ARSENAL_CURRENT_SEASON,2026-08-28T17:22:48+00:00,SAVANT_ARSENAL_SCHEMA_V1,CURRENT
681916,"Smith, Dylan",2026,36,10,27.8,11.0,28.2,49.1,0.242,0.235,0.312,34.6,6.7,78.108821944,,,,ST,Sweeper,25.9,132,20.4,0.257,0.314,0.244,1.7,BASEBALL_SAVANT_PITCH_ARSENAL_CURRENT_SEASON,2026-08-28T17:22:48+00:00,SAVANT_ARSENAL_SCHEMA_V1,CURRENT
681916,"Smith, Dylan",2026,14,1,7.1,11.0,14.3,49.1,0.52,0.404,0.483,14.3,6.7,78.108821944,,,,SI,Sinker,7.9,40,20.0,0.375,0.375,0.493,-3.2,BASEBALL_SAVANT_PITCH_ARSENAL_CURRENT_SEASON,2026-08-28T17:22:48+00:00,SAVANT_ARSENAL_SCHEMA_V1,CURRENT
681916,"Smith, Dylan",2026,3,0,0.0,11.0,0.0,49.1,0.446,0.315,0.434,50.0,6.7,78.108821944,,,,CU,Curveball,5.9,30,0.0,0.0,0.0,0.233,1.7,BASEBALL_SAVANT_PITCH_ARSENAL_CURRENT_SEASON,2026-08-28T17:22:48+00:00,SAVANT_ARSENAL_SCHEMA_V1,CURRENT
681916,"Smith, Dylan",2026,9,3,33.3,11.0,42.9,49.1,0.362,0.242,0.378,75.0,6.7,78.108821944,,,,FS,Split-Finger,5.7,29,27.3,0.143,0.143,0.256,1.7,BASEBALL_SAVANT_PITCH_ARSENAL_CURRENT_SEASON,2026-08-28T17:22:48+00:00,SAVANT_ARSENAL_SCHEMA_V1,CURRENT
696146,"Smith, Hagen",2026,14,4,28.6,22.5,38.7,39.2,0.314,0.166,0.197,50.0,5.9,76.1787625,,,,FF,4-Seam Fastball,53.4,94,20.0,0.0,0.0,0.2,1.9,BASEBALL_SAVANT_PITCH_ARSENAL_CURRENT_SEASON,2026-08-28T17:22:48+00:00,SAVANT_ARSENAL_SCHEMA_V1,CURRENT
696146,"Smith, Hagen",2026,18,8,44.4,22.5,27.3,39.2,0.184,0.057,0.137,28.6,5.9,76.1787625,,,,SL,Slider,23.9,42,40.0,0.067,0.267,0.228,2.6,BASEBALL_SAVANT_PITCH_ARSENAL_CURRENT_SEASON,2026-08-28T17:22:48+00:00,SAVANT_ARSENAL_SCHEMA_V1,CURRENT
696146,"Smith, Hagen",2026,5,1,20.0,22.5,30.8,39.2,0.473,0.266,0.293,0.0,5.9,76.1787625,,,,FC,Cutter,18.2,32,25.0,0.0,0.0,0.35,2.4,BASEBALL_SAVANT_PITCH_ARSENAL_CURRENT_SEASON,2026-08-28T17:22:48+00:00,SAVANT_ARSENAL_SCHEMA_V1,CURRENT
696146,"Smith, Hagen",2026,3,1,33.3,22.5,33.3,39.2,0.229,0.205,0.333,50.0,5.9,76.1787625,,,,CH,Changeup,4.5,8,20.0,0.333,0.667,0.417,-6.0,BASEBALL_SAVANT_PITCH_ARSENAL_CURRENT_SEASON,2026-08-28T17:22:48+00:00,SAVANT_ARSENAL_SCHEMA_V1,CURRENT
681343,"Smith, Shane",2026,13,5,38.5,18.4,26.9,42.7,0.352,0.056,0.066,0.0,0.0,66.787195714,,,,FF,4-Seam Fastball,32.9,74,17.9,0.143,0.143,0.392,-1.3,BASEBALL_SAVANT_PITCH_ARSENAL_CURRENT_SEASON,2026-08-28T17:22:48+00:00,SAVANT_ARSENAL_SCHEMA_V1,CURRENT
681343,"Smith, Shane",2026,13,3,23.1,18.4,42.3,42.7,0.352,0.214,0.235,33.3,0.0,66.787195714,,,,CU,Curveball,23.6,53,15.0,0.0,0.0,0.285,2.1,BASEBALL_SAVANT_PITCH_ARSENAL_CURRENT_SEASON,2026-08-28T17:22:48+00:00,SAVANT_ARSENAL_SCHEMA_V1,CURRENT
681343,"Smith, Shane",2026,10,2,20.0,18.4,28.6,42.7,0.267,0.28,0.334,37.5,0.0,66.787195714,,,,CH,Changeup,18.2,41,13.3,0.5,0.8,0.555,-5.1,BASEBALL_SAVANT_PITCH_ARSENAL_CURRENT_SEASON,2026-08-28T17:22:48+00:00,SAVANT_ARSENAL_SCHEMA_V1,CURRENT
681343,"Smith, Shane",2026,5,1,20.0,18.4,0.0,42.7,0.492,0.472,0.53,33.3,0.0,66.787195714,,,,SI,Sinker,14.2,32,16.7,0.5,0.75,0.57,-2.0,BASEBALL_SAVANT_PITCH_ARSENAL_CURRENT_SEASON,2026-08-28T17:22:48+00:00,SAVANT_ARSENAL_SCHEMA_V1,CURRENT
681343,"Smith, Shane",2026,8,0,0.0,18.4,7.7,42.7,0.295,0.29,0.389,37.5,0.0,66.787195714,,,,SL,Slider,11.1,25,0.0,0.5,0.875,0.7,-14.0,BASEBALL_SAVANT_PITCH_ARSENAL_CURRENT_SEASON,2026-08-28T17:22:48+00:00,SAVANT_ARSENAL_SCHEMA_V1,CURRENT
700363,"Smith-Shawver, AJ",2026,26,2,7.7,12.7,10.6,46.2,0.287,0.211,0.386,31.8,6.7,78.025006818,,,,FF,4-Seam Fastball,44.4,104,11.1,0.208,0.25,0.275,1.7,BASEBALL_SAVANT_PITCH_ARSENAL_CURRENT_SEASON,2026-08-28T17:22:48+00:00,SAVANT_ARSENAL_SCHEMA_V1,CURRENT
700363,"Smith-Shawver, AJ",2026,26,8,30.8,12.7,34.1,46.2,0.27,0.225,0.265,26.7,6.7,78.025006818,,,,FS,Split-Finger,35.0,82,21.6,0.217,0.261,0.302,0.2,BASEBALL_SAVANT_PITCH_ARSENAL_CURRENT_SEASON,2026-08-28T17:22:48+00:00,SAVANT_ARSENAL_SCHEMA_V1,CURRENT
700363,"Smith-Shawver, AJ",2026,4,0,0.0,12.7,0.0,46.2,0.603,0.458,0.891,66.7,6.7,78.025006818,,,,SL,Slider,7.3,17,0.0,0.667,1.667,0.9,-12.7,BASEBALL_SAVANT_PITCH_ARSENAL_CURRENT_SEASON,2026-08-28T17:22:48+00:00,SAVANT_ARSENAL_SCHEMA_V1,CURRENT
700363,"Smith-Shawver, AJ",2026,3,0,0.0,12.7,16.7,46.2,0.503,0.449,0.525,100.0,6.7,78.025006818,,,,CU,Curveball,7.3,17,0.0,0.0,0.0,0.233,1.0,BASEBALL_SAVANT_PITCH_ARSENAL_CURRENT_SEASON,2026-08-28T17:22:48+00:00,SAVANT_ARSENAL_SCHEMA_V1,CURRENT
700363,"Smith-Shawver, AJ",2026,4,0,0.0,12.7,16.7,46.2,0.763,0.701,1.159,66.7,6.7,78.025006818,,,,SI,Sinker,6.0,14,,0.667,1.0,0.713,-5.6,BASEBALL_SAVANT_PITCH_ARSENAL_CURRENT_SEASON,2026-08-28T17:22:48+00:00,SAVANT_ARSENAL_SCHEMA_V1,CURRENT
605483,"Snell, Blake",2026,37,10,27.0,10.3,24.1,52.8,0.255,0.139,0.162,0.0,0.0,71.194978462,,,,FF,4-Seam Fastball,49.0,169,22.7,0.172,0.172,0.273,2.2,BASEBALL_SAVANT_PITCH_ARSENAL_CURRENT_SEASON,2026-08-28T17:22:48+00:00,SAVANT_ARSENAL_SCHEMA_V1,CURRENT
605483,"Snell, Blake",2026,22,11,50.0,10.3,47.1,52.8,0.143,0.095,0.107,11.1,0.0,71.194978462,,,,CU,Curveball,20.9,72,24.4,0.05,0.05,0.145,2.1,BASEBALL_SAVANT_PITCH_ARSENAL_CURRENT_SEASON,2026-08-28T17:22:48+00:00,SAVANT_ARSENAL_SCHEMA_V1,CURRENT
605483,"Snell, Blake",2026,16,1,6.3,10.3,42.5,52.8,0.316,0.338,0.428,13.3,0.0,71.194978462,,,,CH,Changeup,17.7,61,7.1,0.267,0.333,0.247,2.1,BASEBALL_SAVANT_PITCH_ARSENAL_CURRENT_SEASON,2026-08-28T17:22:48+00:00,SAVANT_ARSENAL_SCHEMA_V1,CURRENT
605483,"Snell, Blake",2026,12,4,33.3,10.3,56.0,52.8,0.24,0.254,0.296,25.0,0.0,71.194978462,,,,SL,Slider,12.5,43,25.0,0.25,0.25,0.225,-0.9,BASEBALL_SAVANT_PITCH_ARSENAL_CURRENT_SEASON,2026-08-28T17:22:48+00:00,SAVANT_ARSENAL_SCHEMA_V1,CURRENT
702281,"Snelling, Robby",2026,11,1,9.1,18.2,31.3,48.8,0.348,0.259,0.37,62.5,6.3,75.735108571,,,,CU,Curveball,33.7,29,7.1,0.333,0.444,0.405,-4.2,BASEBALL_SAVANT_PITCH_ARSENAL_CURRENT_SEASON,2026-08-28T17:22:48+00:00,SAVANT_ARSENAL_SCHEMA_V1,CURRENT
702281,"Snelling, Robby",2026,7,1,14.3,18.2,16.7,48.8,0.476,0.335,0.714,40.0,6.3,75.735108571,,,,FF,4-Seam Fastball,32.6,28,10.0,0.333,0.833,0.514,-5.8,BASEBALL_SAVANT_PITCH_ARSENAL_CURRENT_SEASON,2026-08-28T17:22:48+00:00,SAVANT_ARSENAL_SCHEMA_V1,CURRENT
702281,"Snelling, Robby",2026,1,0,0.0,18.2,37.5,48.8,0.7,0.261,0.445,43.8,6.3,75.735108571,,,,CH,Changeup,16.3,14,0.0,,,0.7,-1.1,BASEBALL_SAVANT_PITCH_ARSENAL_CURRENT_SEASON,2026-08-28T17:22:48+00:00,SAVANT_ARSENAL_SCHEMA_V1,CURRENT
702281,"Snelling, Robby",2026,2,0,0.0,18.2,33.3,48.8,0.093,0.103,0.106,0.0,6.3,75.735108571,,,,SL,Slider,9.3,8,0.0,0.0,0.0,0.0,7.7,BASEBALL_SAVANT_PITCH_ARSENAL_CURRENT_SEASON,2026-08-28T17:22:48+00:00,SAVANT_ARSENAL_SCHEMA_V1,CURRENT
702281,"Snelling, Robby",2026,1,0,0.0,18.2,33.3,48.8,0.137,0.146,0.173,0.0,6.3,75.735108571,,,,SI,Sinker,8.1,7,0.0,0.0,0.0,0.0,3.7,BASEBALL_SAVANT_PITCH_ARSENAL_CURRENT_SEASON,2026-08-28T17:22:48+00:00,SAVANT_ARSENAL_SCHEMA_V1,CURRENT
686678,"Solesky, Chase",2026,8,1,12.5,5.9,0.0,37.9,0.454,0.429,0.54,50.0,8.3,79.709023333,,,,SI,Sinker,37.9,22,20.0,0.714,1.0,0.738,-10.2,BASEBALL_SAVANT_PITCH_ARSENAL_CURRENT_SEASON,2026-08-28T17:22:48+00:00,SAVANT_ARSENAL_SCHEMA_V1,CURRENT
686678,"Solesky, Chase",2026,5,2,40.0,5.9,0.0,37.9,0.076,0.083,0.095,0.0,8.3,79.709023333,,,,ST,Sweeper,25.9,15,25.0,0.0,0.0,0.18,2.7,BASEBALL_SAVANT_PITCH_ARSENAL_CURRENT_SEASON,2026-08-28T17:22:48+00:00,SAVANT_ARSENAL_SCHEMA_V1,CURRENT
686678,"Solesky, Chase",2026,2,0,0.0,5.9,20.0,37.9,0.943,0.584,1.669,50.0,8.3,79.709023333,,,,FC,Cutter,15.5,9,,0.5,2.0,1.0,-13.4,BASEBALL_SAVANT_PITCH_ARSENAL_CURRENT_SEASON,2026-08-28T17:22:48+00:00,SAVANT_ARSENAL_SCHEMA_V1,CURRENT
686678,"Solesky, Chase",2026,2,1,50.0,5.9,33.3,37.9,0.056,0.033,0.103,0.0,8.3,79.709023333,,,,FF,4-Seam Fastball,10.3,6,33.3,0.0,0.0,0.0,5.7,BASEBALL_SAVANT_PITCH_ARSENAL_CURRENT_SEASON,2026-08-28T17:22:48+00:00,SAVANT_ARSENAL_SCHEMA_V1,CURRENT
805427,"Sommers, Drew",2026,53,12,22.6,9.6,18.8,50.3,0.258,0.202,0.227,20.6,1.7,71.725760714,,,,SI,Sinker,43.3,198,26.7,0.267,0.289,0.309,1.2,BASEBALL_SAVANT_PITCH_ARSENAL_CURRENT_SEASON,2026-08-28T17:22:48+00:00,SAVANT_ARSENAL_SCHEMA_V1,CURRENT
805427,"Sommers, Drew",2026,31,21,67.7,9.6,51.3,50.3,0.143,0.121,0.167,33.3,1.7,71.725760714,,,,FF,4-Seam Fastball,30.6,140,30.9,0.133,0.167,0.15,2.5,BASEBALL_SAVANT_PITCH_ARSENAL_CURRENT_SEASON,2026-08-28T17:22:48+00:00,SAVANT_ARSENAL_SCHEMA_V1,CURRENT
805427,"Sommers, Drew",2026,26,10,38.5,9.6,32.7,50.3,0.192,0.124,0.223,21.4,1.7,71.725760714,,,,SL,Slider,23.0,105,20.8,0.167,0.292,0.235,-0.2,BASEBALL_SAVANT_PITCH_ARSENAL_CURRENT_SEASON,2026-08-28T17:22:48+00:00,SAVANT_ARSENAL_SCHEMA_V1,CURRENT
805427,"Sommers, Drew",2026,2,0,0.0,9.6,25.0,50.3,0.424,0.327,0.682,50.0,1.7,71.725760714,,,,CH,Changeup,3.1,14,0.0,1.0,2.5,1.45,-12.4,BASEBALL_SAVANT_PITCH_ARSENAL_CURRENT_SEASON,2026-08-28T17:22:48+00:00,SAVANT_ARSENAL_SCHEMA_V1,CURRENT
666277,"Soriano, George",2026,91,38,41.8,10.7,39.4,47.9,0.227,0.176,0.245,28.9,9.1,80.48870321,,,,CH,Changeup,30.4,298,28.8,0.193,0.337,0.268,0.8,BASEBALL_SAVANT_PITCH_ARSENAL_CURRENT_SEASON,2026-08-28T17:22:48+00:00,SAVANT_ARSENAL_SCHEMA_V1,CURRENT
666277,"Soriano, George",2026,73,6,8.2,10.7,16.9,47.9,0.353,0.258,0.471,49.2,9.1,80.48870321,,,,FF,4-Seam Fastball,29.4,288,8.8,0.219,0.344,0.292,1.0,BASEBALL_SAVANT_PITCH_ARSENAL_CURRENT_SEASON,2026-08-28T17:22:48+00:00,SAVANT_ARSENAL_SCHEMA_V1,CURRENT
666277,"Soriano, George",2026,40,5,12.5,10.7,36.9,47.9,0.351,0.277,0.425,41.4,9.1,80.48870321,,,,SL,Slider,22.1,217,11.9,0.212,0.333,0.321,0.3,BASEBALL_SAVANT_PITCH_ARSENAL_CURRENT_SEASON,2026-08-28T17:22:48+00:00,SAVANT_ARSENAL_SCHEMA_V1,CURRENT
666277,"Soriano, George",2026,20,8,40.0,10.7,40.0,47.9,0.206,0.152,0.27,27.3,9.1,80.48870321,,,,ST,Sweeper,10.1,99,17.4,0.158,0.211,0.188,0.2,BASEBALL_SAVANT_PITCH_ARSENAL_CURRENT_SEASON,2026-08-28T17:22:48+00:00,SAVANT_ARSENAL_SCHEMA_V1,CURRENT
666277,"Soriano, George",2026,24,0,0.0,10.7,5.4,47.9,0.619,0.393,0.978,50.0,9.1,80.48870321,,,,SI,Sinker,8.0,78,0.0,0.444,1.167,0.615,-4.1,BASEBALL_SAVANT_PITCH_ARSENAL_CURRENT_SEASON,2026-08-28T17:22:48+00:00,SAVANT_ARSENAL_SCHEMA_V1,CURRENT
667755,"Soriano, José",2026,192,22,11.5,10.8,20.9,46.6,0.374,0.301,0.424,50.7,8.0,77.908978438,,,,SI,Sinker,28.2,681,16.9,0.282,0.337,0.346,0.4,BASEBALL_SAVANT_PITCH_ARSENAL_CURRENT_SEASON,2026-08-28T17:22:48+00:00,SAVANT_ARSENAL_SCHEMA_V1,CURRENT
667755,"Soriano, José",2026,134,54,40.3,10.8,44.6,46.6,0.27,0.205,0.344,34.3,8.0,77.908978438,,,,CU,Curveball,25.6,618,26.2,0.195,0.301,0.252,1.3,BASEBALL_SAVANT_PITCH_ARSENAL_CURRENT_SEASON,2026-08-28T17:22:48+00:00,SAVANT_ARSENAL_SCHEMA_V1,CURRENT
667755,"Soriano, José",2026,140,27,19.3,10.8,20.2,46.6,0.382,0.25,0.505,34.4,8.0,77.908978438,,,,FF,4-Seam Fastball,22.8,552,15.6,0.252,0.487,0.377,-0.2,BASEBALL_SAVANT_PITCH_ARSENAL_CURRENT_SEASON,2026-08-28T17:22:48+00:00,SAVANT_ARSENAL_SCHEMA_V1,CURRENT
667755,"Soriano, José",2026,116,35,30.2,10.8,37.6,46.6,0.243,0.215,0.29,30.7,8.0,77.908978438,,,,FS,Split-Finger,19.0,460,21.6,0.173,0.209,0.196,1.2,BASEBALL_SAVANT_PITCH_ARSENAL_CURRENT_SEASON,2026-08-28T17:22:48+00:00,SAVANT_ARSENAL_SCHEMA_V1,CURRENT
667755,"Soriano, José",2026,20,5,25.0,10.8,30.8,46.6,0.303,0.24,0.304,25.0,8.0,77.908978438,,,,SL,Slider,4.4,106,13.2,0.176,0.176,0.24,-0.2,BASEBALL_SAVANT_PITCH_ARSENAL_CURRENT_SEASON,2026-08-28T17:22:48+00:00,SAVANT_ARSENAL_SCHEMA_V1,CURRENT
647336,"Soroka, Michael",2026,132,53,40.2,6.1,34.6,49.8,0.265,0.212,0.278,30.8,8.0,76.745812721,,,,SV,Slurve,32.2,493,24.3,0.195,0.254,0.25,0.9,BASEBALL_SAVANT_PITCH_ARSENAL_CURRENT_SEASON,2026-08-28T17:22:48+00:00,SAVANT_ARSENAL_SCHEMA_V1,CURRENT
647336,"Soroka, Michael",2026,128,24,18.8,6.1,15.0,49.8,0.354,0.287,0.475,42.1,8.0,76.745812721,,,,FF,4-Seam Fastball,32.0,490,14.7,0.28,0.407,0.323,0.7,BASEBALL_SAVANT_PITCH_ARSENAL_CURRENT_SEASON,2026-08-28T17:22:48+00:00,SAVANT_ARSENAL_SCHEMA_V1,CURRENT
647336,"Soroka, Michael",2026,52,4,7.7,6.1,19.1,49.8,0.373,0.328,0.532,23.4,8.0,76.745812721,,,,CH,Changeup,12.4,189,11.4,0.294,0.49,0.342,-1.3,BASEBALL_SAVANT_PITCH_ARSENAL_CURRENT_SEASON,2026-08-28T17:22:48+00:00,SAVANT_ARSENAL_SCHEMA_V1,CURRENT
647336,"Soroka, Michael",2026,40,5,12.5,6.1,19.5,49.8,0.375,0.297,0.561,33.3,8.0,76.745812721,,,,FC,Cutter,12.0,183,31.3,0.306,0.583,0.382,0.0,BASEBALL_SAVANT_PITCH_ARSENAL_CURRENT_SEASON,2026-08-28T17:22:48+00:00,SAVANT_ARSENAL_SCHEMA_V1,CURRENT
647336,"Soroka, Michael",2026,39,4,10.3,6.1,15.6,49.8,0.28,0.203,0.329,25.0,8.0,76.745812721,,,,SI,Sinker,10.7,163,19.0,0.139,0.194,0.205,4.2,BASEBALL_SAVANT_PITCH_ARSENAL_CURRENT_SEASON,2026-08-28T17:22:48+00:00,SAVANT_ARSENAL_SCHEMA_V1,CURRENT
647336,"Soroka, Michael",2026,3,1,33.3,6.1,16.7,49.8,0.269,0.241,0.369,50.0,8.0,76.745812721,,,,ST,Sweeper,80.0,12,10.0,0.0,0.0,0.0,3.9,BASEBALL_SAVANT_PITCH_ARSENAL_CURRENT_SEASON,2026-08-28T17:22:48+00:00,SAVANT_ARSENAL_SCHEMA_V1,CURRENT
642397,"Soto, Gregory",2026,84,3,3.6,10.1,11.3,43.6,0.401,0.327,0.458,40.3,5.0,74.806034493,,,,SI,Sinker,37.9,366,7.7,0.279,0.426,0.394,0.1,BASEBALL_SAVANT_PITCH_ARSENAL_CURRENT_SEASON,2026-08-28T17:22:48+00:00,SAVANT_ARSENAL_SCHEMA_V1,CURRENT
642397,"Soto, Gregory",2026,61,30,49.2,10.1,45.7,43.6,0.147,0.112,0.16,14.3,5.0,74.806034493,,,,SL,Slider,28.5,275,27.8,0.121,0.155,0.149,2.8,BASEBALL_SAVANT_PITCH_ARSENAL_CURRENT_SEASON,2026-08-28T17:22:48+00:00,SAVANT_ARSENAL_SCHEMA_V1,CURRENT
642397,"Soto, Gregory",2026,50,28,56.0,10.1,44.3,43.6,0.155,0.107,0.175,21.1,5.0,74.806034493,,,,ST,Sweeper,17.0,164,36.8,0.149,0.255,0.204,0.3,BASEBALL_SAVANT_PITCH_ARSENAL_CURRENT_SEASON,2026-08-28T17:22:48+00:00,SAVANT_ARSENAL_SCHEMA_V1,CURRENT
642397,"Soto, Gregory",2026,41,7,17.1,10.1,15.3,43.6,0.312,0.188,0.358,48.1,5.0,74.806034493,,,,FF,4-Seam Fastball,16.6,160,9.9,0.206,0.471,0.374,-1.8,BASEBALL_SAVANT_PITCH_ARSENAL_CURRENT_SEASON,2026-08-28T17:22:48+00:00,SAVANT_ARSENAL_SCHEMA_V1,CURRENT
656986,"Sousa, Bennett",2026,60,21,35.0,11.4,40.0,49.5,0.234,0.172,0.252,21.2,10.5,78.010716786,,,,SL,Slider,72.9,234,24.7,0.264,0.34,0.309,-0.3,BASEBALL_SAVANT_PITCH_ARSENAL_CURRENT_SEASON,2026-08-28T17:22:48+00:00,SAVANT_ARSENAL_SCHEMA_V1,CURRENT
656986,"Sousa, Bennett",2026,24,0,0.0,11.4,9.7,49.5,0.409,0.276,0.557,50.0,10.5,78.010716786,,,,FF,4-Seam Fastball,19.9,64,0.0,0.4,0.7,0.506,-3.4,BASEBALL_SAVANT_PITCH_ARSENAL_CURRENT_SEASON,2026-08-28T17:22:48+00:00,SAVANT_ARSENAL_SCHEMA_V1,CURRENT
656986,"Sousa, Bennett",2026,4,0,0.0,11.4,7.7,49.5,0.424,0.452,0.51,25.0,10.5,78.010716786,,,,SI,Sinker,7.2,23,0.0,0.5,0.5,0.45,-1.8,BASEBALL_SAVANT_PITCH_ARSENAL_CURRENT_SEASON,2026-08-28T17:22:48+00:00,SAVANT_ARSENAL_SCHEMA_V1,CURRENT
642100,"Speier, Gabe",2026,53,18,34.0,8.7,28.0,50.5,0.274,0.182,0.407,37.5,9.0,75.729623265,,,,FF,4-Seam Fastball,38.1,207,20.9,0.125,0.271,0.197,2.7,BASEBALL_SAVANT_PITCH_ARSENAL_CURRENT_SEASON,2026-08-28T17:22:48+00:00,SAVANT_ARSENAL_SCHEMA_V1,CURRENT
642100,"Speier, Gabe",2026,59,6,10.2,8.7,13.5,50.5,0.326,0.244,0.391,40.0,9.0,75.729623265,,,,SI,Sinker,33.0,179,24.0,0.26,0.4,0.341,-0.3,BASEBALL_SAVANT_PITCH_ARSENAL_CURRENT_SEASON,2026-08-28T17:22:48+00:00,SAVANT_ARSENAL_SCHEMA_V1,CURRENT
642100,"Speier, Gabe",2026,36,7,19.4,8.7,23.9,50.5,0.32,0.264,0.349,29.2,9.0,75.729623265,,,,SL,Slider,28.2,153,11.3,0.267,0.333,0.317,-0.5,BASEBALL_SAVANT_PITCH_ARSENAL_CURRENT_SEASON,2026-08-28T17:22:48+00:00,SAVANT_ARSENAL_SCHEMA_V1,CURRENT
687765,"Spence, Mitch",2026,25,2,8.0,16.1,16.7,45.0,0.366,0.301,0.398,31.6,2.4,82.727817143,,,,FC,Cutter,38.0,76,14.3,0.35,0.5,0.408,-1.0,BASEBALL_SAVANT_PITCH_ARSENAL_CURRENT_SEASON,2026-08-28T17:22:48+00:00,SAVANT_ARSENAL_SCHEMA_V1,CURRENT
687765,"Spence, Mitch",2026,10,1,10.0,16.1,30.8,45.0,0.382,0.26,0.298,33.3,2.4,82.727817143,,,,SL,Slider,20.0,40,12.5,0.571,1.143,0.715,-9.1,BASEBALL_SAVANT_PITCH_ARSENAL_CURRENT_SEASON,2026-08-28T17:22:48+00:00,SAVANT_ARSENAL_SCHEMA_V1,CURRENT
687765,"Spence, Mitch",2026,10,0,0.0,16.1,0.0,45.0,0.335,0.292,0.384,44.4,2.4,82.727817143,,,,SI,Sinker,17.0,34,0.0,0.444,0.778,0.535,-5.4,BASEBALL_SAVANT_PITCH_ARSENAL_CURRENT_SEASON,2026-08-28T17:22:48+00:00,SAVANT_ARSENAL_SCHEMA_V1,CURRENT
687765,"Spence, Mitch",2026,9,3,33.3,16.1,43.8,45.0,0.382,0.232,0.594,60.0,2.4,82.727817143,,,,CU,Curveball,16.5,33,25.0,0.375,0.875,0.539,-9.2,BASEBALL_SAVANT_PITCH_ARSENAL_CURRENT_SEASON,2026-08-28T17:22:48+00:00,SAVANT_ARSENAL_SCHEMA_V1,CURRENT
687765,"Spence, Mitch",2026,2,0,0.0,16.1,0.0,45.0,0.228,0.248,0.269,100.0,2.4,82.727817143,,,,CH,Changeup,8.5,17,0.0,0.5,0.5,0.45,-4.1,BASEBALL_SAVANT_PITCH_ARSENAL_CURRENT_SEASON,2026-08-28T17:22:48+00:00,SAVANT_ARSENAL_SCHEMA_V1,CURRENT
605488,"Springs, Jeffrey",2026,232,38,16.4,9.3,15.3,46.4,0.372,0.264,0.485,41.9,9.2,76.290429683,,,,FF,4-Seam Fastball,43.8,897,13.8,0.292,0.549,0.408,-1.9,BASEBALL_SAVANT_PITCH_ARSENAL_CURRENT_SEASON,2026-08-28T17:22:48+00:00,SAVANT_ARSENAL_SCHEMA_V1,CURRENT
605488,"Springs, Jeffrey",2026,125,18,14.4,9.3,23.0,46.4,0.369,0.278,0.531,37.8,9.2,76.290429683,,,,SL,Slider,24.3,498,19.8,0.27,0.626,0.387,-0.8,BASEBALL_SAVANT_PITCH_ARSENAL_CURRENT_SEASON,2026-08-28T17:22:48+00:00,SAVANT_ARSENAL_SCHEMA_V1,CURRENT
605488,"Springs, Jeffrey",2026,144,33,22.9,9.3,37.2,46.4,0.264,0.223,0.336,23.3,9.2,76.290429683,,,,CH,Changeup,24.3,497,18.5,0.259,0.415,0.317,-1.3,BASEBALL_SAVANT_PITCH_ARSENAL_CURRENT_SEASON,2026-08-28T17:22:48+00:00,SAVANT_ARSENAL_SCHEMA_V1,CURRENT
605488,"Springs, Jeffrey",2026,17,1,5.9,9.3,7.5,46.4,0.409,0.311,0.579,31.3,9.2,76.290429683,,,,ST,Sweeper,5.7,117,11.1,0.25,0.75,0.382,-2.4,BASEBALL_SAVANT_PITCH_ARSENAL_CURRENT_SEASON,2026-08-28T17:22:48+00:00,SAVANT_ARSENAL_SCHEMA_V1,CURRENT
605488,"Springs, Jeffrey",2026,9,2,22.2,9.3,8.3,46.4,0.185,0.124,0.152,0.0,9.2,76.290429683,,,,FC,Cutter,2.0,40,13.3,0.125,0.125,0.178,0.0,BASEBALL_SAVANT_PITCH_ARSENAL_CURRENT_SEASON,2026-08-28T17:22:48+00:00,SAVANT_ARSENAL_SCHEMA_V1,CURRENT
687075,"Sproat, Brandon",2026,119,21,17.6,11.6,17.0,45.9,0.323,0.245,0.345,43.8,8.7,79.436102857,,,,SI,Sinker,26.0,439,19.3,0.277,0.396,0.368,-0.2,BASEBALL_SAVANT_PITCH_ARSENAL_CURRENT_SEASON,2026-08-28T17:22:48+00:00,SAVANT_ARSENAL_SCHEMA_V1,CURRENT
687075,"Sproat, Brandon",2026,103,29,28.2,11.6,23.4,45.9,0.333,0.235,0.392,43.1,8.7,79.436102857,,,,FF,4-Seam Fastball,24.3,411,20.0,0.207,0.345,0.317,0.2,BASEBALL_SAVANT_PITCH_ARSENAL_CURRENT_SEASON,2026-08-28T17:22:48+00:00,SAVANT_ARSENAL_SCHEMA_V1,CURRENT
687075,"Sproat, Brandon",2026,65,8,12.3,11.6,23.9,45.9,0.42,0.319,0.587,40.0,8.7,79.436102857,,,,FC,Cutter,21.5,364,17.0,0.357,0.714,0.479,-1.6,BASEBALL_SAVANT_PITCH_ARSENAL_CURRENT_SEASON,2026-08-28T17:22:48+00:00,SAVANT_ARSENAL_SCHEMA_V1,CURRENT
687075,"Sproat, Brandon",2026,47,19,40.4,11.6,40.3,45.9,0.254,0.156,0.286,27.3,8.7,79.436102857,,,,ST,Sweeper,10.3,174,19.4,0.171,0.341,0.297,-1.5,BASEBALL_SAVANT_PITCH_ARSENAL_CURRENT_SEASON,2026-08-28T17:22:48+00:00,SAVANT_ARSENAL_SCHEMA_V1,CURRENT
687075,"Sproat, Brandon",2026,48,18,37.5,11.6,32.0,45.9,0.363,0.234,0.516,54.2,8.7,79.436102857,,,,CU,Curveball,9.8,166,20.7,0.214,0.595,0.386,-3.8,BASEBALL_SAVANT_PITCH_ARSENAL_CURRENT_SEASON,2026-08-28T17:22:48+00:00,SAVANT_ARSENAL_SCHEMA_V1,CURRENT
687075,"Sproat, Brandon",2026,25,3,12.0,11.6,31.7,45.9,0.338,0.303,0.366,42.1,8.7,79.436102857,,,,CH,Changeup,8.1,137,8.3,0.227,0.273,0.278,-0.1,BASEBALL_SAVANT_PITCH_ARSENAL_CURRENT_SEASON,2026-08-28T17:22:48+00:00,SAVANT_ARSENAL_SCHEMA_V1,CURRENT
668831,"Stallings, Garrett",2026,16,6,37.5,10.0,45.2,48.4,0.185,0.165,0.179,0.0,0.0,82.524535556,,,,CH,Changeup,40.2,49,26.1,0.133,0.133,0.156,5.7,BASEBALL_SAVANT_PITCH_ARSENAL_CURRENT_SEASON,2026-08-28T17:22:48+00:00,SAVANT_ARSENAL_SCHEMA_V1,CURRENT
668831,"Stallings, Garrett",2026,5,2,40.0,10.0,28.6,48.4,0.165,0.032,0.037,0.0,0.0,82.524535556,,,,FC,Cutter,28.7,35,25.0,0.0,0.0,0.14,3.3,BASEBALL_SAVANT_PITCH_ARSENAL_CURRENT_SEASON,2026-08-28T17:22:48+00:00,SAVANT_ARSENAL_SCHEMA_V1,CURRENT
668831,"Stallings, Garrett",2026,8,1,12.5,10.0,15.4,48.4,0.167,0.099,0.111,33.3,0.0,82.524535556,,,,SI,Sinker,24.6,30,20.0,0.143,0.143,0.2,2.3,BASEBALL_SAVANT_PITCH_ARSENAL_CURRENT_SEASON,2026-08-28T17:22:48+00:00,SAVANT_ARSENAL_SCHEMA_V1,CURRENT
668831,"Stallings, Garrett",2026,1,0,0.0,10.0,0.0,48.4,0.358,0.376,0.391,100.0,0.0,82.524535556,,,,FF,4-Seam Fastball,1.6,2,0.0,0.0,0.0,0.0,7.7,BASEBALL_SAVANT_PITCH_ARSENAL_CURRENT_SEASON,2026-08-28T17:22:48+00:00,SAVANT_ARSENAL_SCHEMA_V1,CURRENT
592773,"Stanek, Ryne",2026,113,22,19.5,12.5,24.6,48.8,0.409,0.279,0.525,44.9,8.5,78.550905571,,,,FF,4-Seam Fastball,50.4,462,16.1,0.286,0.516,0.411,-0.3,BASEBALL_SAVANT_PITCH_ARSENAL_CURRENT_SEASON,2026-08-28T17:22:48+00:00,SAVANT_ARSENAL_SCHEMA_V1,CURRENT
592773,"Stanek, Ryne",2026,46,11,23.9,12.5,39.8,48.8,0.277,0.238,0.338,34.4,8.5,78.550905571,,,,SL,Slider,23.5,215,15.3,0.233,0.419,0.303,-0.6,BASEBALL_SAVANT_PITCH_ARSENAL_CURRENT_SEASON,2026-08-28T17:22:48+00:00,SAVANT_ARSENAL_SCHEMA_V1,CURRENT
592773,"Stanek, Ryne",2026,42,17,40.5,12.5,32.4,48.8,0.155,0.11,0.192,26.1,8.5,78.550905571,,,,FS,Split-Finger,15.7,144,19.8,0.175,0.35,0.244,-0.8,BASEBALL_SAVANT_PITCH_ARSENAL_CURRENT_SEASON,2026-08-28T17:22:48+00:00,SAVANT_ARSENAL_SCHEMA_V1,CURRENT
592773,"Stanek, Ryne",2026,21,2,9.5,12.5,17.4,48.8,0.307,0.268,0.343,29.4,8.5,78.550905571,,,,SI,Sinker,10.2,93,18.2,0.158,0.158,0.195,4.5,BASEBALL_SAVANT_PITCH_ARSENAL_CURRENT_SEASON,2026-08-28T17:22:48+00:00,SAVANT_ARSENAL_SCHEMA_V1,CURRENT
592773,"Stanek, Ryne",2026,1,1,100.0,12.5,100.0,48.8,0.0,0.233,0.394,37.6,8.5,78.550905571,,,,ST,Sweeper,20.0,2,100.0,0.0,0.0,0.0,7.2,BASEBALL_SAVANT_PITCH_ARSENAL_CURRENT_SEASON,2026-08-28T17:22:48+00:00,SAVANT_ARSENAL_SCHEMA_V1,CURRENT
686993,"Sterner, Justin",2026,71,12,16.9,7.1,20.5,52.1,0.345,0.252,0.474,50.0,9.2,80.132451587,,,,FF,4-Seam Fastball,39.5,287,13.2,0.286,0.54,0.377,-0.4,BASEBALL_SAVANT_PITCH_ARSENAL_CURRENT_SEASON,2026-08-28T17:22:48+00:00,SAVANT_ARSENAL_SCHEMA_V1,CURRENT
686993,"Sterner, Justin",2026,65,10,15.4,7.1,31.2,52.1,0.306,0.244,0.427,43.1,9.2,80.132451587,,,,FC,Cutter,30.9,224,17.9,0.333,0.55,0.42,-1.3,BASEBALL_SAVANT_PITCH_ARSENAL_CURRENT_SEASON,2026-08-28T17:22:48+00:00,SAVANT_ARSENAL_SCHEMA_V1,CURRENT
686993,"Sterner, Justin",2026,47,18,38.3,7.1,43.3,52.1,0.196,0.161,0.259,39.3,9.2,80.132451587,,,,ST,Sweeper,29.6,215,22.0,0.178,0.467,0.269,-1.2,BASEBALL_SAVANT_PITCH_ARSENAL_CURRENT_SEASON,2026-08-28T17:22:48+00:00,SAVANT_ARSENAL_SCHEMA_V1,CURRENT
592779,"Stewart, Brock",2026,25,11,44.0,8.8,35.4,48.4,0.158,0.096,0.224,15.4,4.5,64.492013182,,,,FF,4-Seam Fastball,35.2,90,36.7,0.125,0.417,0.238,1.7,BASEBALL_SAVANT_PITCH_ARSENAL_CURRENT_SEASON,2026-08-28T17:22:48+00:00,SAVANT_ARSENAL_SCHEMA_V1,CURRENT
592779,"Stewart, Brock",2026,13,2,15.4,8.8,29.2,48.4,0.245,0.249,0.322,18.2,4.5,64.492013182,,,,ST,Sweeper,24.6,63,8.3,0.154,0.154,0.138,1.6,BASEBALL_SAVANT_PITCH_ARSENAL_CURRENT_SEASON,2026-08-28T17:22:48+00:00,SAVANT_ARSENAL_SCHEMA_V1,CURRENT
592779,"Stewart, Brock",2026,9,4,44.4,8.8,33.3,48.4,0.147,0.085,0.092,0.0,4.5,64.492013182,,,,CH,Changeup,16.4,42,30.8,0.0,0.0,0.178,0.9,BASEBALL_SAVANT_PITCH_ARSENAL_CURRENT_SEASON,2026-08-28T17:22:48+00:00,SAVANT_ARSENAL_SCHEMA_V1,CURRENT
592779,"Stewart, Brock",2026,13,0,0.0,8.8,15.8,48.4,0.264,0.252,0.266,33.3,4.5,64.492013182,,,,SI,Sinker,14.1,36,0.0,0.167,0.167,0.192,6.1,BASEBALL_SAVANT_PITCH_ARSENAL_CURRENT_SEASON,2026-08-28T17:22:48+00:00,SAVANT_ARSENAL_SCHEMA_V1,CURRENT
592779,"Stewart, Brock",2026,7,1,14.3,8.8,20.0,48.4,0.432,0.201,0.582,25.0,4.5,64.492013182,,,,FC,Cutter,9.8,25,50.0,0.2,0.4,0.379,0.5,BASEBALL_SAVANT_PITCH_ARSENAL_CURRENT_SEASON,2026-08-28T17:22:48+00:00,SAVANT_ARSENAL_SCHEMA_V1,CURRENT
476594,"Stock, Robert",2026,30,2,6.7,12.5,19.0,47.8,0.5,0.365,0.698,40.9,9.0,76.295622188,,,,FC,Cutter,31.7,128,8.3,0.333,0.583,0.452,-1.5,BASEBALL_SAVANT_PITCH_ARSENAL_CURRENT_SEASON,2026-08-28T17:22:48+00:00,SAVANT_ARSENAL_SCHEMA_V1,CURRENT
476594,"Stock, Robert",2026,35,14,40.0,12.5,29.7,47.8,0.188,0.129,0.15,17.6,9.0,76.295622188,,,,FF,4-Seam Fastball,26.5,107,23.0,0.226,0.258,0.27,1.5,BASEBALL_SAVANT_PITCH_ARSENAL_CURRENT_SEASON,2026-08-28T17:22:48+00:00,SAVANT_ARSENAL_SCHEMA_V1,CURRENT
476594,"Stock, Robert",2026,19,0,0.0,12.5,14.7,47.8,0.364,0.26,0.301,21.4,9.0,76.295622188,,,,SI,Sinker,20.3,82,0.0,0.429,0.571,0.553,-3.8,BASEBALL_SAVANT_PITCH_ARSENAL_CURRENT_SEASON,2026-08-28T17:22:48+00:00,SAVANT_ARSENAL_SCHEMA_V1,CURRENT
476594,"Stock, Robert",2026,8,0,0.0,12.5,20.0,47.8,0.416,0.289,0.602,57.1,9.0,76.295622188,,,,ST,Sweeper,11.4,46,0.0,0.429,0.857,0.563,-3.7,BASEBALL_SAVANT_PITCH_ARSENAL_CURRENT_SEASON,2026-08-28T17:22:48+00:00,SAVANT_ARSENAL_SCHEMA_V1,CURRENT
476594,"Stock, Robert",2026,10,4,40.0,12.5,45.0,47.8,0.247,0.269,0.299,0.0,9.0,76.295622188,,,,CH,Changeup,9.4,38,33.3,0.2,0.2,0.18,0.3,BASEBALL_SAVANT_PITCH_ARSENAL_CURRENT_SEASON,2026-08-28T17:22:48+00:00,SAVANT_ARSENAL_SCHEMA_V1,CURRENT
476594,"Stock, Robert",2026,1,0,0.0,12.5,0.0,47.8,0.907,0.957,1.122,100.0,9.0,76.295622188,,,,CU,Curveball,70.0,3,0.0,1.0,1.0,0.9,-23.7,BASEBALL_SAVANT_PITCH_ARSENAL_CURRENT_SEASON,2026-08-28T17:22:48+00:00,SAVANT_ARSENAL_SCHEMA_V1,CURRENT
621381,"Strahm, Matt",2026,61,16,26.2,8.7,26.2,49.8,0.243,0.168,0.353,40.5,11.3,80.020580172,,,,FF,4-Seam Fastball,38.9,246,17.8,0.207,0.5,0.313,-0.1,BASEBALL_SAVANT_PITCH_ARSENAL_CURRENT_SEASON,2026-08-28T17:22:48+00:00,SAVANT_ARSENAL_SCHEMA_V1,CURRENT
621381,"Strahm, Matt",2026,43,10,23.3,8.7,27.8,49.8,0.46,0.328,0.673,37.0,11.3,80.020580172,,,,SL,Slider,28.0,177,19.6,0.351,0.892,0.54,-4.3,BASEBALL_SAVANT_PITCH_ARSENAL_CURRENT_SEASON,2026-08-28T17:22:48+00:00,SAVANT_ARSENAL_SCHEMA_V1,CURRENT
621381,"Strahm, Matt",2026,20,1,5.0,8.7,9.1,49.8,0.204,0.171,0.243,33.3,11.3,80.020580172,,,,SI,Sinker,14.5,92,11.1,0.368,0.526,0.403,0.3,BASEBALL_SAVANT_PITCH_ARSENAL_CURRENT_SEASON,2026-08-28T17:22:48+00:00,SAVANT_ARSENAL_SCHEMA_V1,CURRENT
621381,"Strahm, Matt",2026,24,2,8.3,8.7,17.1,49.8,0.255,0.191,0.25,47.4,11.3,80.020580172,,,,CH,Changeup,11.4,72,4.1,0.19,0.238,0.252,-0.1,BASEBALL_SAVANT_PITCH_ARSENAL_CURRENT_SEASON,2026-08-28T17:22:48+00:00,SAVANT_ARSENAL_SCHEMA_V1,CURRENT
621381,"Strahm, Matt",2026,12,1,8.3,8.7,28.6,49.8,0.478,0.352,0.682,33.3,11.3,80.020580172,,,,FC,Cutter,7.3,46,50.0,0.3,0.6,0.433,-2.2,BASEBALL_SAVANT_PITCH_ARSENAL_CURRENT_SEASON,2026-08-28T17:22:48+00:00,SAVANT_ARSENAL_SCHEMA_V1,CURRENT
676702,"Stratton, Hunter",2026,8,1,12.5,0.0,13.3,53.6,0.386,0.409,0.476,28.6,0.0,75.922256667,,,,FF,4-Seam Fastball,44.6,25,11.1,0.5,0.5,0.45,-2.2,BASEBALL_SAVANT_PITCH_ARSENAL_CURRENT_SEASON,2026-08-28T17:22:48+00:00,SAVANT_ARSENAL_SCHEMA_V1,CURRENT
676702,"Stratton, Hunter",2026,4,2,50.0,0.0,14.3,53.6,0.167,0.174,0.2,0.0,0.0,75.922256667,,,,SL,Slider,32.1,18,33.3,0.25,0.25,0.225,1.9,BASEBALL_SAVANT_PITCH_ARSENAL_CURRENT_SEASON,2026-08-28T17:22:48+00:00,SAVANT_ARSENAL_SCHEMA_V1,CURRENT
676702,"Stratton, Hunter",2026,3,0,0.0,0.0,25.0,53.6,0.666,0.691,0.841,33.3,0.0,75.922256667,,,,FC,Cutter,19.6,11,0.0,0.333,0.667,0.417,-0.3,BASEBALL_SAVANT_PITCH_ARSENAL_CURRENT_SEASON,2026-08-28T17:22:48+00:00,SAVANT_ARSENAL_SCHEMA_V1,CURRENT
664702,"Straw, Myles",2026,5,0,0.0,5.0,0.0,46.3,0.562,0.422,0.91,20.0,5.3,72.232687,,,,SL,Slider,11.1,6,,0.6,1.2,0.76,-37.8,BASEBALL_SAVANT_PITCH_ARSENAL_CURRENT_SEASON,2026-08-28T17:22:48+00:00,SAVANT_ARSENAL_SCHEMA_V1,CURRENT
675911,"Strider, Spencer",2026,84,13,15.5,12.1,18.3,46.6,0.382,0.265,0.511,43.1,11.2,79.165809184,,,,FF,4-Seam Fastball,47.6,329,17.1,0.286,0.6,0.417,-1.2,BASEBALL_SAVANT_PITCH_ARSENAL_CURRENT_SEASON,2026-08-28T17:22:48+00:00,SAVANT_ARSENAL_SCHEMA_V1,CURRENT
675911,"Strider, Spencer",2026,39,15,38.5,12.1,39.8,46.6,0.257,0.149,0.308,36.8,11.2,79.165809184,,,,SL,Slider,27.6,191,22.1,0.265,0.618,0.409,-1.4,BASEBALL_SAVANT_PITCH_ARSENAL_CURRENT_SEASON,2026-08-28T17:22:48+00:00,SAVANT_ARSENAL_SCHEMA_V1,CURRENT
675911,"Strider, Spencer",2026,29,13,44.8,12.1,48.6,46.6,0.113,0.055,0.109,14.3,11.2,79.165809184,,,,CU,Curveball,14.5,100,33.3,0.111,0.259,0.191,-0.1,BASEBALL_SAVANT_PITCH_ARSENAL_CURRENT_SEASON,2026-08-28T17:22:48+00:00,SAVANT_ARSENAL_SCHEMA_V1,CURRENT
675911,"Strider, Spencer",2026,13,5,38.5,12.1,52.0,46.6,0.196,0.147,0.16,28.6,11.2,79.165809184,,,,CH,Changeup,10.3,71,23.8,0.091,0.091,0.123,1.9,BASEBALL_SAVANT_PITCH_ARSENAL_CURRENT_SEASON,2026-08-28T17:22:48+00:00,SAVANT_ARSENAL_SCHEMA_V1,CURRENT
669704,"Strowd, Kade",2026,6,1,16.7,42.9,0.0,25.0,0.491,0.291,0.35,0.0,0.0,85.41686,,,,FC,Cutter,71.9,23,20.0,0.333,0.333,0.5,-4.2,BASEBALL_SAVANT_PITCH_ARSENAL_CURRENT_SEASON,2026-08-28T17:22:48+00:00,SAVANT_ARSENAL_SCHEMA_V1,CURRENT
669704,"Strowd, Kade",2026,1,0,0.0,42.9,0.0,25.0,0.628,0.669,0.772,100.0,0.0,85.41686,,,,CU,Curveball,18.8,6,0.0,0.0,0.0,0.0,2.9,BASEBALL_SAVANT_PITCH_ARSENAL_CURRENT_SEASON,2026-08-28T17:22:48+00:00,SAVANT_ARSENAL_SCHEMA_V1,CURRENT
657265,"Strzelecki, Peter",2026,29,1,3.4,9.8,6.8,42.2,0.381,0.287,0.443,45.8,4.4,83.304908636,,,,SI,Sinker,39.4,99,7.1,0.375,0.583,0.438,-2.3,BASEBALL_SAVANT_PITCH_ARSENAL_CURRENT_SEASON,2026-08-28T17:22:48+00:00,SAVANT_ARSENAL_SCHEMA_V1,CURRENT
657265,"Strzelecki, Peter",2026,16,3,18.8,9.8,23.1,42.2,0.203,0.133,0.169,27.3,4.4,83.304908636,,,,CU,Curveball,27.5,69,10.7,0.071,0.071,0.144,1.4,BASEBALL_SAVANT_PITCH_ARSENAL_CURRENT_SEASON,2026-08-28T17:22:48+00:00,SAVANT_ARSENAL_SCHEMA_V1,CURRENT
657265,"Strzelecki, Peter",2026,7,2,28.6,9.8,25.0,42.2,0.344,0.134,0.358,66.7,4.4,83.304908636,,,,FF,4-Seam Fastball,11.6,29,14.3,0.2,0.4,0.379,0.0,BASEBALL_SAVANT_PITCH_ARSENAL_CURRENT_SEASON,2026-08-28T17:22:48+00:00,SAVANT_ARSENAL_SCHEMA_V1,CURRENT
657265,"Strzelecki, Peter",2026,7,0,0.0,9.8,11.1,42.2,0.17,0.144,0.254,14.3,4.4,83.304908636,,,,ST,Sweeper,10.8,27,,0.286,0.429,0.307,0.6,BASEBALL_SAVANT_PITCH_ARSENAL_CURRENT_SEASON,2026-08-28T17:22:48+00:00,SAVANT_ARSENAL_SCHEMA_V1,CURRENT
657265,"Strzelecki, Peter",2026,2,2,100.0,9.8,36.4,42.2,0.0,0.201,0.319,37.8,4.4,83.304908636,,,,CH,Changeup,10.8,27,25.0,0.0,0.0,0.0,2.0,BASEBALL_SAVANT_PITCH_ARSENAL_CURRENT_SEASON,2026-08-28T17:22:48+00:00,SAVANT_ARSENAL_SCHEMA_V1,CURRENT
660761,"Suarez, José",2026,87,18,20.7,9.7,21.0,48.6,0.354,0.264,0.418,38.2,2.4,78.102962024,,,,FF,4-Seam Fastball,37.7,383,16.7,0.306,0.514,0.403,-0.8,BASEBALL_SAVANT_PITCH_ARSENAL_CURRENT_SEASON,2026-08-28T17:22:48+00:00,SAVANT_ARSENAL_SCHEMA_V1,CURRENT
660761,"Suarez, José",2026,54,14,25.9,9.7,27.9,48.6,0.227,0.21,0.27,23.7,2.4,78.102962024,,,,SL,Slider,26.0,264,24.1,0.231,0.327,0.264,1.5,BASEBALL_SAVANT_PITCH_ARSENAL_CURRENT_SEASON,2026-08-28T17:22:48+00:00,SAVANT_ARSENAL_SCHEMA_V1,CURRENT
660761,"Suarez, José",2026,72,22,30.6,9.7,37.4,48.6,0.273,0.235,0.287,30.2,2.4,78.102962024,,,,CH,Changeup,24.3,247,19.5,0.246,0.369,0.308,-0.2,BASEBALL_SAVANT_PITCH_ARSENAL_CURRENT_SEASON,2026-08-28T17:22:48+00:00,SAVANT_ARSENAL_SCHEMA_V1,CURRENT
660761,"Suarez, José",2026,29,0,0.0,9.7,9.1,48.6,0.407,0.397,0.488,37.0,2.4,78.102962024,,,,SI,Sinker,8.5,86,0.0,0.462,0.615,0.518,-2.7,BASEBALL_SAVANT_PITCH_ARSENAL_CURRENT_SEASON,2026-08-28T17:22:48+00:00,SAVANT_ARSENAL_SCHEMA_V1,CURRENT
660761,"Suarez, José",2026,13,6,46.2,9.7,36.4,48.6,0.171,0.056,0.121,20.0,2.4,78.102962024,,,,ST,Sweeper,2.8,28,30.0,0.0,0.0,0.108,4.6,BASEBALL_SAVANT_PITCH_ARSENAL_CURRENT_SEASON,2026-08-28T17:22:48+00:00,SAVANT_ARSENAL_SCHEMA_V1,CURRENT
660761,"Suarez, José",2026,2,0,0.0,9.7,0.0,48.6,0.552,0.574,0.671,50.0,2.4,78.102962024,,,,FC,Cutter,70.0,7,,1.0,2.0,1.25,-11.8,BASEBALL_SAVANT_PITCH_ARSENAL_CURRENT_SEASON,2026-08-28T17:22:48+00:00,SAVANT_ARSENAL_SCHEMA_V1,CURRENT
624133,"Suarez, Ranger",2026,140,24,17.1,7.5,13.7,45.9,0.355,0.312,0.427,39.4,4.5,74.901113129,,,,SI,Sinker,22.9,438,23.5,0.299,0.409,0.34,-0.2,BASEBALL_SAVANT_PITCH_ARSENAL_CURRENT_SEASON,2026-08-28T17:22:48+00:00,SAVANT_ARSENAL_SCHEMA_V1,CURRENT
624133,"Suarez, Ranger",2026,86,22,25.6,7.5,17.1,45.9,0.308,0.249,0.346,33.3,4.5,74.901113129,,,,FF,4-Seam Fastball,22.7,434,21.2,0.224,0.25,0.278,1.8,BASEBALL_SAVANT_PITCH_ARSENAL_CURRENT_SEASON,2026-08-28T17:22:48+00:00,SAVANT_ARSENAL_SCHEMA_V1,CURRENT
624133,"Suarez, Ranger",2026,100,11,11.0,7.5,14.6,45.9,0.297,0.243,0.368,28.4,4.5,74.901113129,,,,FC,Cutter,20.0,383,13.6,0.211,0.367,0.305,1.2,BASEBALL_SAVANT_PITCH_ARSENAL_CURRENT_SEASON,2026-08-28T17:22:48+00:00,SAVANT_ARSENAL_SCHEMA_V1,CURRENT
624133,"Suarez, Ranger",2026,83,39,47.0,7.5,40.1,45.9,0.194,0.14,0.186,30.6,4.5,74.901113129,,,,CU,Curveball,16.6,317,28.5,0.216,0.284,0.262,1.2,BASEBALL_SAVANT_PITCH_ARSENAL_CURRENT_SEASON,2026-08-28T17:22:48+00:00,SAVANT_ARSENAL_SCHEMA_V1,CURRENT
624133,"Suarez, Ranger",2026,60,11,18.3,7.5,27.6,45.9,0.285,0.257,0.372,25.5,4.5,74.901113129,,,,CH,Changeup,13.5,259,10.6,0.207,0.362,0.257,-0.3,BASEBALL_SAVANT_PITCH_ARSENAL_CURRENT_SEASON,2026-08-28T17:22:48+00:00,SAVANT_ARSENAL_SCHEMA_V1,CURRENT
624133,"Suarez, Ranger",2026,20,9,45.0,7.5,52.6,45.9,0.245,0.19,0.262,33.3,4.5,74.901113129,,,,SL,Slider,4.2,81,22.5,0.167,0.278,0.24,0.2,BASEBALL_SAVANT_PITCH_ARSENAL_CURRENT_SEASON,2026-08-28T17:22:48+00:00,SAVANT_ARSENAL_SCHEMA_V1,CURRENT
663158,"Suarez, Robert",2026,56,14,25.0,5.0,17.9,53.6,0.29,0.213,0.374,45.9,3.4,72.212930465,,,,FF,4-Seam Fastball,47.4,221,17.7,0.137,0.216,0.217,2.9,BASEBALL_SAVANT_PITCH_ARSENAL_CURRENT_SEASON,2026-08-28T17:22:48+00:00,SAVANT_ARSENAL_SCHEMA_V1,CURRENT
663158,"Suarez, Robert",2026,44,12,27.3,5.0,36.4,53.6,0.225,0.212,0.249,20.0,3.4,72.212930465,,,,CH,Changeup,31.8,148,16.2,0.167,0.167,0.179,2.8,BASEBALL_SAVANT_PITCH_ARSENAL_CURRENT_SEASON,2026-08-28T17:22:48+00:00,SAVANT_ARSENAL_SCHEMA_V1,CURRENT
663158,"Suarez, Robert",2026,10,0,0.0,5.0,23.3,53.6,0.447,0.467,0.559,20.0,3.4,72.212930465,,,,FC,Cutter,14.8,69,0.0,0.5,0.5,0.45,-0.3,BASEBALL_SAVANT_PITCH_ARSENAL_CURRENT_SEASON,2026-08-28T17:22:48+00:00,SAVANT_ARSENAL_SCHEMA_V1,CURRENT
663158,"Suarez, Robert",2026,11,0,0.0,5.0,0.0,53.6,0.356,0.384,0.432,36.4,3.4,72.212930465,,,,SI,Sinker,6.0,28,,0.182,0.182,0.245,3.9,BASEBALL_SAVANT_PITCH_ARSENAL_CURRENT_SEASON,2026-08-28T17:22:48+00:00,SAVANT_ARSENAL_SCHEMA_V1,CURRENT
608372,"Sugano, Tomoyuki",2026,114,25,21.9,5.4,31.3,46.2,0.323,0.261,0.444,25.3,13.0,80.43480801,,,,FS,Split-Finger,21.5,428,17.2,0.187,0.355,0.268,0.1,BASEBALL_SAVANT_PITCH_ARSENAL_CURRENT_SEASON,2026-08-28T17:22:48+00:00,SAVANT_ARSENAL_SCHEMA_V1,CURRENT
608372,"Sugano, Tomoyuki",2026,114,19,16.7,5.4,14.6,46.2,0.418,0.311,0.625,59.3,13.0,80.43480801,,,,FF,4-Seam Fastball,19.9,397,12.7,0.305,0.629,0.415,-1.1,BASEBALL_SAVANT_PITCH_ARSENAL_CURRENT_SEASON,2026-08-28T17:22:48+00:00,SAVANT_ARSENAL_SCHEMA_V1,CURRENT
608372,"Sugano, Tomoyuki",2026,108,5,4.6,5.4,2.8,46.2,0.462,0.403,0.608,53.1,13.0,80.43480801,,,,SI,Sinker,19.8,394,6.4,0.351,0.557,0.398,0.0,BASEBALL_SAVANT_PITCH_ARSENAL_CURRENT_SEASON,2026-08-28T17:22:48+00:00,SAVANT_ARSENAL_SCHEMA_V1,CURRENT
608372,"Sugano, Tomoyuki",2026,60,3,5.0,5.4,17.3,46.2,0.487,0.355,0.788,49.1,13.0,80.43480801,,,,FC,Cutter,11.3,226,10.0,0.31,0.741,0.46,-2.5,BASEBALL_SAVANT_PITCH_ARSENAL_CURRENT_SEASON,2026-08-28T17:22:48+00:00,SAVANT_ARSENAL_SCHEMA_V1,CURRENT
608372,"Sugano, Tomoyuki",2026,38,3,7.9,5.4,19.8,46.2,0.353,0.297,0.532,32.4,13.0,80.43480801,,,,ST,Sweeper,10.3,206,9.7,0.306,0.583,0.374,-2.2,BASEBALL_SAVANT_PITCH_ARSENAL_CURRENT_SEASON,2026-08-28T17:22:48+00:00,SAVANT_ARSENAL_SCHEMA_V1,CURRENT
608372,"Sugano, Tomoyuki",2026,50,12,24.0,5.4,23.0,46.2,0.304,0.229,0.45,33.3,13.0,80.43480801,,,,SL,Slider,9.9,198,14.5,0.234,0.468,0.306,-1.3,BASEBALL_SAVANT_PITCH_ARSENAL_CURRENT_SEASON,2026-08-28T17:22:48+00:00,SAVANT_ARSENAL_SCHEMA_V1,CURRENT
608372,"Sugano, Tomoyuki",2026,30,4,13.3,5.4,20.7,46.2,0.341,0.307,0.458,32.0,13.0,80.43480801,,,,CU,Curveball,7.2,143,12.1,0.207,0.379,0.263,-0.1,BASEBALL_SAVANT_PITCH_ARSENAL_CURRENT_SEASON,2026-08-28T17:22:48+00:00,SAVANT_ARSENAL_SCHEMA_V1,CURRENT
807743,"Sullivan, Sean",2026,52,7,13.5,9.6,15.7,47.8,0.385,0.266,0.491,47.2,9.5,78.262507381,,,,FF,4-Seam Fastball,45.9,189,14.3,0.419,0.814,0.549,-3.1,BASEBALL_SAVANT_PITCH_ARSENAL_CURRENT_SEASON,2026-08-28T17:22:48+00:00,SAVANT_ARSENAL_SCHEMA_V1,CURRENT
807743,"Sullivan, Sean",2026,18,3,16.7,9.6,9.7,47.8,0.256,0.221,0.312,28.6,9.5,78.262507381,,,,ST,Sweeper,17.5,72,15.0,0.412,0.765,0.508,-4.6,BASEBALL_SAVANT_PITCH_ARSENAL_CURRENT_SEASON,2026-08-28T17:22:48+00:00,SAVANT_ARSENAL_SCHEMA_V1,CURRENT
807743,"Sullivan, Sean",2026,26,4,15.4,9.6,22.2,47.8,0.281,0.195,0.392,20.0,9.5,78.262507381,,,,CH,Changeup,15.8,65,16.0,0.208,0.417,0.296,-2.9,BASEBALL_SAVANT_PITCH_ARSENAL_CURRENT_SEASON,2026-08-28T17:22:48+00:00,SAVANT_ARSENAL_SCHEMA_V1,CURRENT
807743,"Sullivan, Sean",2026,11,2,18.2,9.6,19.4,47.8,0.205,0.135,0.233,25.0,9.5,78.262507381,,,,FC,Cutter,15.0,62,15.4,0.111,0.222,0.177,1.4,BASEBALL_SAVANT_PITCH_ARSENAL_CURRENT_SEASON,2026-08-28T17:22:48+00:00,SAVANT_ARSENAL_SCHEMA_V1,CURRENT
807743,"Sullivan, Sean",2026,7,0,0.0,9.6,10.0,47.8,0.567,0.467,0.796,33.3,9.5,78.262507381,,,,SI,Sinker,5.8,24,,0.5,1.167,0.693,-5.7,BASEBALL_SAVANT_PITCH_ARSENAL_CURRENT_SEASON,2026-08-28T17:22:48+00:00,SAVANT_ARSENAL_SCHEMA_V1,CURRENT
642121,"Sulser, Cole",2026,85,20,23.5,7.1,22.1,51.3,0.359,0.257,0.545,48.3,11.9,74.425593333,,,,FF,4-Seam Fastball,45.2,350,21.1,0.241,0.443,0.314,1.1,BASEBALL_SAVANT_PITCH_ARSENAL_CURRENT_SEASON,2026-08-28T17:22:48+00:00,SAVANT_ARSENAL_SCHEMA_V1,CURRENT
642121,"Sulser, Cole",2026,75,24,32.0,7.1,35.6,51.3,0.266,0.212,0.337,30.4,11.9,74.425593333,,,,CH,Changeup,39.2,304,22.2,0.246,0.362,0.301,-0.9,BASEBALL_SAVANT_PITCH_ARSENAL_CURRENT_SEASON,2026-08-28T17:22:48+00:00,SAVANT_ARSENAL_SCHEMA_V1,CURRENT
642121,"Sulser, Cole",2026,27,1,3.7,7.1,18.8,51.3,0.357,0.35,0.438,32.0,11.9,74.425593333,,,,FC,Cutter,11.5,89,16.7,0.32,0.36,0.317,0.6,BASEBALL_SAVANT_PITCH_ARSENAL_CURRENT_SEASON,2026-08-28T17:22:48+00:00,SAVANT_ARSENAL_SCHEMA_V1,CURRENT
642121,"Sulser, Cole",2026,7,3,42.9,7.1,33.3,51.3,0.535,0.312,0.994,50.0,11.9,74.425593333,,,,ST,Sweeper,4.1,32,12.5,0.429,1.286,0.7,-14.0,BASEBALL_SAVANT_PITCH_ARSENAL_CURRENT_SEASON,2026-08-28T17:22:48+00:00,SAVANT_ARSENAL_SCHEMA_V1,CURRENT
608718,"Suter, Brent",2026,114,20,17.5,7.0,12.2,46.1,0.337,0.276,0.41,35.4,6.2,74.951079369,,,,SI,Sinker,32.8,422,15.3,0.267,0.337,0.327,1.6,BASEBALL_SAVANT_PITCH_ARSENAL_CURRENT_SEASON,2026-08-28T17:22:48+00:00,SAVANT_ARSENAL_SCHEMA_V1,CURRENT
608718,"Suter, Brent",2026,78,14,17.9,7.0,32.2,46.1,0.269,0.255,0.353,23.8,6.2,74.951079369,,,,CH,Changeup,28.2,362,9.4,0.211,0.329,0.253,-0.4,BASEBALL_SAVANT_PITCH_ARSENAL_CURRENT_SEASON,2026-08-28T17:22:48+00:00,SAVANT_ARSENAL_SCHEMA_V1,CURRENT
608718,"Suter, Brent",2026,87,18,20.7,7.0,18.7,46.1,0.321,0.24,0.41,31.7,6.2,74.951079369,,,,FF,4-Seam Fastball,25.3,325,15.4,0.295,0.538,0.404,-1.7,BASEBALL_SAVANT_PITCH_ARSENAL_CURRENT_SEASON,2026-08-28T17:22:48+00:00,SAVANT_ARSENAL_SCHEMA_V1,CURRENT
608718,"Suter, Brent",2026,35,10,28.6,7.0,31.1,46.1,0.364,0.3,0.533,37.5,6.2,74.951079369,,,,SL,Slider,13.7,176,17.5,0.235,0.588,0.359,-0.5,BASEBALL_SAVANT_PITCH_ARSENAL_CURRENT_SEASON,2026-08-28T17:22:48+00:00,SAVANT_ARSENAL_SCHEMA_V1,CURRENT
544150,"Suárez, Albert",2026,121,24,19.8,8.3,20.5,49.2,0.331,0.259,0.417,49.4,7.5,79.169247882,,,,FF,4-Seam Fastball,53.7,451,19.2,0.259,0.417,0.335,-0.3,BASEBALL_SAVANT_PITCH_ARSENAL_CURRENT_SEASON,2026-08-28T17:22:48+00:00,SAVANT_ARSENAL_SCHEMA_V1,CURRENT
544150,"Suárez, Albert",2026,47,7,14.9,8.3,25.3,49.2,0.255,0.195,0.347,35.9,7.5,79.169247882,,,,FC,Cutter,21.1,177,21.9,0.182,0.409,0.265,0.6,BASEBALL_SAVANT_PITCH_ARSENAL_CURRENT_SEASON,2026-08-28T17:22:48+00:00,SAVANT_ARSENAL_SCHEMA_V1,CURRENT
544150,"Suárez, Albert",2026,42,2,4.8,8.3,21.4,49.2,0.413,0.34,0.536,22.9,7.5,79.169247882,,,,CH,Changeup,16.3,137,9.1,0.243,0.459,0.345,0.7,BASEBALL_SAVANT_PITCH_ARSENAL_CURRENT_SEASON,2026-08-28T17:22:48+00:00,SAVANT_ARSENAL_SCHEMA_V1,CURRENT
544150,"Suárez, Albert",2026,19,5,26.3,8.3,28.6,49.2,0.236,0.215,0.336,42.9,7.5,79.169247882,,,,CU,Curveball,8.8,74,22.7,0.263,0.421,0.292,-1.6,BASEBALL_SAVANT_PITCH_ARSENAL_CURRENT_SEASON,2026-08-28T17:22:48+00:00,SAVANT_ARSENAL_SCHEMA_V1,CURRENT
694335,"Svanson, Matt",2026,116,18,15.5,10.1,13.2,48.7,0.394,0.324,0.492,45.8,7.0,80.273224507,,,,SI,Sinker,44.9,354,19.8,0.357,0.531,0.418,-1.4,BASEBALL_SAVANT_PITCH_ARSENAL_CURRENT_SEASON,2026-08-28T17:22:48+00:00,SAVANT_ARSENAL_SCHEMA_V1,CURRENT
694335,"Svanson, Matt",2026,54,17,31.5,10.1,27.7,48.7,0.3,0.247,0.4,35.3,7.0,80.273224507,,,,ST,Sweeper,32.2,254,19.5,0.196,0.294,0.256,0.3,BASEBALL_SAVANT_PITCH_ARSENAL_CURRENT_SEASON,2026-08-28T17:22:48+00:00,SAVANT_ARSENAL_SCHEMA_V1,CURRENT
694335,"Svanson, Matt",2026,35,6,17.1,10.1,19.3,48.7,0.392,0.33,0.514,56.0,7.0,80.273224507,,,,FC,Cutter,21.7,171,16.2,0.333,0.467,0.379,-1.5,BASEBALL_SAVANT_PITCH_ARSENAL_CURRENT_SEASON,2026-08-28T17:22:48+00:00,SAVANT_ARSENAL_SCHEMA_V1,CURRENT
694335,"Svanson, Matt",2026,2,0,0.0,10.1,0.0,48.7,0.357,0.011,0.021,0.0,7.0,80.273224507,,,,FF,4-Seam Fastball,1.1,9,0.0,0.0,0.0,0.35,-4.0,BASEBALL_SAVANT_PITCH_ARSENAL_CURRENT_SEASON,2026-08-28T17:22:48+00:00,SAVANT_ARSENAL_SCHEMA_V1,CURRENT
650911,"Sánchez, Cristopher",2026,314,46,14.6,5.4,12.3,50.3,0.366,0.316,0.488,53.0,7.3,78.188685522,,,,SI,Sinker,43.4,1120,19.5,0.346,0.481,0.395,-0.1,BASEBALL_SAVANT_PITCH_ARSENAL_CURRENT_SEASON,2026-08-28T17:22:48+00:00,SAVANT_ARSENAL_SCHEMA_V1,CURRENT
650911,"Sánchez, Cristopher",2026,271,106,39.1,5.4,47.2,50.3,0.197,0.165,0.226,27.8,7.3,78.188685522,,,,CH,Changeup,37.6,972,29.3,0.173,0.247,0.212,1.4,BASEBALL_SAVANT_PITCH_ARSENAL_CURRENT_SEASON,2026-08-28T17:22:48+00:00,SAVANT_ARSENAL_SCHEMA_V1,CURRENT
650911,"Sánchez, Cristopher",2026,116,42,36.2,5.4,45.6,50.3,0.267,0.203,0.325,32.8,7.3,78.188685522,,,,SL,Slider,19.0,490,29.8,0.208,0.302,0.27,0.9,BASEBALL_SAVANT_PITCH_ARSENAL_CURRENT_SEASON,2026-08-28T17:22:48+00:00,SAVANT_ARSENAL_SCHEMA_V1,CURRENT
596142,"Sánchez, Gary",2026,2,0,0.0,,0.0,,0.347,0.382,0.414,50.0,,,,,,SL,Slider,13.3,4,,0.5,0.5,0.45,4.9,BASEBALL_SAVANT_PITCH_ARSENAL_CURRENT_SEASON,2026-08-28T17:22:48+00:00,SAVANT_ARSENAL_SCHEMA_V1,CURRENT
592791,"Taillon, Jameson",2026,83,16,19.3,8.8,22.8,46.4,0.445,0.311,0.692,43.3,14.6,77.67128,,,,FF,4-Seam Fastball,27.6,390,17.6,0.316,0.697,0.447,-1.3,BASEBALL_SAVANT_PITCH_ARSENAL_CURRENT_SEASON,2026-08-28T17:22:48+00:00,SAVANT_ARSENAL_SCHEMA_V1,CURRENT
592791,"Taillon, Jameson",2026,61,9,14.8,8.8,27.2,46.4,0.48,0.305,0.757,51.2,14.6,77.67128,,,,FC,Cutter,18.6,263,21.4,0.288,0.692,0.451,-2.5,BASEBALL_SAVANT_PITCH_ARSENAL_CURRENT_SEASON,2026-08-28T17:22:48+00:00,SAVANT_ARSENAL_SCHEMA_V1,CURRENT
592791,"Taillon, Jameson",2026,79,29,36.7,8.8,33.8,46.4,0.169,0.124,0.243,33.3,14.6,77.67128,,,,ST,Sweeper,16.5,233,27.6,0.143,0.273,0.189,1.8,BASEBALL_SAVANT_PITCH_ARSENAL_CURRENT_SEASON,2026-08-28T17:22:48+00:00,SAVANT_ARSENAL_SCHEMA_V1,CURRENT
592791,"Taillon, Jameson",2026,64,13,20.3,8.8,31.0,46.4,0.307,0.261,0.428,20.4,14.6,77.67128,,,,CH,Changeup,15.9,225,18.3,0.258,0.484,0.341,-1.4,BASEBALL_SAVANT_PITCH_ARSENAL_CURRENT_SEASON,2026-08-28T17:22:48+00:00,SAVANT_ARSENAL_SCHEMA_V1,CURRENT
592791,"Taillon, Jameson",2026,29,2,6.9,8.8,25.0,46.4,0.426,0.283,0.557,52.4,14.6,77.67128,,,,CU,Curveball,10.9,154,5.7,0.217,0.348,0.336,-0.8,BASEBALL_SAVANT_PITCH_ARSENAL_CURRENT_SEASON,2026-08-28T17:22:48+00:00,SAVANT_ARSENAL_SCHEMA_V1,CURRENT
592791,"Taillon, Jameson",2026,40,5,12.5,8.8,15.5,46.4,0.452,0.328,0.616,39.3,14.6,77.67128,,,,SI,Sinker,9.5,135,14.3,0.333,0.667,0.47,-3.7,BASEBALL_SAVANT_PITCH_ARSENAL_CURRENT_SEASON,2026-08-28T17:22:48+00:00,SAVANT_ARSENAL_SCHEMA_V1,CURRENT
592791,"Taillon, Jameson",2026,5,1,20.0,8.8,20.0,46.4,0.309,0.318,0.382,50.0,14.6,77.67128,,,,SL,Slider,100.0,14,10.0,0.2,0.4,0.25,-0.1,BASEBALL_SAVANT_PITCH_ARSENAL_CURRENT_SEASON,2026-08-28T17:22:48+00:00,SAVANT_ARSENAL_SCHEMA_V1,CURRENT
691799,"Taylor, Grant",2026,139,47,33.8,8.7,28.4,46.4,0.269,0.202,0.294,49.4,5.6,79.736964625,,,,FF,4-Seam Fastball,46.6,513,26.6,0.213,0.344,0.298,1.1,BASEBALL_SAVANT_PITCH_ARSENAL_CURRENT_SEASON,2026-08-28T17:22:48+00:00,SAVANT_ARSENAL_SCHEMA_V1,CURRENT
691799,"Taylor, Grant",2026,64,24,37.5,8.7,34.7,46.4,0.241,0.181,0.289,51.4,5.6,79.736964625,,,,CU,Curveball,27.1,299,28.6,0.136,0.153,0.173,2.5,BASEBALL_SAVANT_PITCH_ARSENAL_CURRENT_SEASON,2026-08-28T17:22:48+00:00,SAVANT_ARSENAL_SCHEMA_V1,CURRENT
691799,"Taylor, Grant",2026,42,17,40.5,8.7,35.0,46.4,0.17,0.152,0.212,29.2,5.6,79.736964625,,,,SL,Slider,15.2,168,21.5,0.22,0.317,0.244,0.1,BASEBALL_SAVANT_PITCH_ARSENAL_CURRENT_SEASON,2026-08-28T17:22:48+00:00,SAVANT_ARSENAL_SCHEMA_V1,CURRENT
691799,"Taylor, Grant",2026,29,1,3.4,8.7,12.1,46.4,0.221,0.136,0.194,12.5,5.6,79.736964625,,,,SI,Sinker,10.7,118,6.7,0.16,0.16,0.196,3.5,BASEBALL_SAVANT_PITCH_ARSENAL_CURRENT_SEASON,2026-08-28T17:22:48+00:00,SAVANT_ARSENAL_SCHEMA_V1,CURRENT
691799,"Taylor, Grant",2026,1,0,0.0,8.7,0.0,46.4,0.558,0.62,0.705,0.0,5.6,79.736964625,,,,FC,Cutter,40.0,4,0.0,1.0,1.0,0.9,-15.3,BASEBALL_SAVANT_PITCH_ARSENAL_CURRENT_SEASON,2026-08-28T17:22:48+00:00,SAVANT_ARSENAL_SCHEMA_V1,CURRENT
678906,"Teng, Kai-Wei",2026,126,38,30.2,9.7,31.1,44.3,0.304,0.206,0.364,29.6,8.2,79.442591837,,,,ST,Sweeper,35.6,426,24.2,0.174,0.33,0.279,0.5,BASEBALL_SAVANT_PITCH_ARSENAL_CURRENT_SEASON,2026-08-28T17:22:48+00:00,SAVANT_ARSENAL_SCHEMA_V1,CURRENT
678906,"Teng, Kai-Wei",2026,82,14,17.1,9.7,18.7,44.3,0.32,0.244,0.395,40.7,8.2,79.442591837,,,,FF,4-Seam Fastball,27.6,330,14.3,0.274,0.466,0.37,-0.8,BASEBALL_SAVANT_PITCH_ARSENAL_CURRENT_SEASON,2026-08-28T17:22:48+00:00,SAVANT_ARSENAL_SCHEMA_V1,CURRENT
678906,"Teng, Kai-Wei",2026,43,3,7.0,9.7,16.4,44.3,0.386,0.289,0.444,50.0,8.2,79.442591837,,,,SI,Sinker,15.6,187,23.1,0.286,0.457,0.41,-0.4,BASEBALL_SAVANT_PITCH_ARSENAL_CURRENT_SEASON,2026-08-28T17:22:48+00:00,SAVANT_ARSENAL_SCHEMA_V1,CURRENT
678906,"Teng, Kai-Wei",2026,27,3,11.1,9.7,24.5,44.3,0.442,0.4,0.602,47.8,8.2,79.442591837,,,,CH,Changeup,9.9,118,8.1,0.346,0.538,0.393,-3.4,BASEBALL_SAVANT_PITCH_ARSENAL_CURRENT_SEASON,2026-08-28T17:22:48+00:00,SAVANT_ARSENAL_SCHEMA_V1,CURRENT
678906,"Teng, Kai-Wei",2026,27,12,44.4,9.7,42.1,44.3,0.316,0.198,0.339,50.0,8.2,79.442591837,,,,CU,Curveball,9.5,113,29.3,0.227,0.364,0.337,-1.5,BASEBALL_SAVANT_PITCH_ARSENAL_CURRENT_SEASON,2026-08-28T17:22:48+00:00,SAVANT_ARSENAL_SCHEMA_V1,CURRENT
678906,"Teng, Kai-Wei",2026,4,1,25.0,9.7,66.7,44.3,0.358,0.011,0.021,0.0,8.2,79.442591837,,,,SL,Slider,1.8,21,50.0,0.0,0.0,0.35,-0.6,BASEBALL_SAVANT_PITCH_ARSENAL_CURRENT_SEASON,2026-08-28T17:22:48+00:00,SAVANT_ARSENAL_SCHEMA_V1,CURRENT
693713,"Teodo, Emiliano",2026,4,0,0.0,20.0,20.0,46.5,0.49,0.426,0.541,33.3,0.0,82.2597325,,,,SI,Sinker,58.1,25,0.0,0.667,0.667,0.625,-4.4,BASEBALL_SAVANT_PITCH_ARSENAL_CURRENT_SEASON,2026-08-28T17:22:48+00:00,SAVANT_ARSENAL_SCHEMA_V1,CURRENT
693713,"Teodo, Emiliano",2026,5,1,20.0,20.0,14.3,46.5,0.296,0.159,0.31,66.7,0.0,82.2597325,,,,SL,Slider,34.9,15,20.0,0.0,0.0,0.14,3.9,BASEBALL_SAVANT_PITCH_ARSENAL_CURRENT_SEASON,2026-08-28T17:22:48+00:00,SAVANT_ARSENAL_SCHEMA_V1,CURRENT
693713,"Teodo, Emiliano",2026,1,0,0.0,20.0,33.3,46.5,0.362,0.384,0.441,0.0,0.0,82.2597325,,,,CH,Changeup,7.0,3,0.0,1.0,2.0,1.25,-19.1,BASEBALL_SAVANT_PITCH_ARSENAL_CURRENT_SEASON,2026-08-28T17:22:48+00:00,SAVANT_ARSENAL_SCHEMA_V1,CURRENT
573204,"Thielbar, Caleb",2026,71,19,26.8,7.6,23.8,51.4,0.364,0.257,0.56,41.7,11.0,76.678061111,,,,FF,4-Seam Fastball,39.6,278,17.6,0.242,0.485,0.329,-0.3,BASEBALL_SAVANT_PITCH_ARSENAL_CURRENT_SEASON,2026-08-28T17:22:48+00:00,SAVANT_ARSENAL_SCHEMA_V1,CURRENT
573204,"Thielbar, Caleb",2026,47,18,38.3,7.6,26.5,51.4,0.234,0.194,0.304,37.0,11.0,76.678061111,,,,CU,Curveball,27.2,191,23.7,0.2,0.333,0.248,1.3,BASEBALL_SAVANT_PITCH_ARSENAL_CURRENT_SEASON,2026-08-28T17:22:48+00:00,SAVANT_ARSENAL_SCHEMA_V1,CURRENT
573204,"Thielbar, Caleb",2026,38,7,18.4,7.6,33.8,51.4,0.386,0.29,0.478,44.0,11.0,76.678061111,,,,SL,Slider,20.9,147,17.5,0.344,0.563,0.45,-1.3,BASEBALL_SAVANT_PITCH_ARSENAL_CURRENT_SEASON,2026-08-28T17:22:48+00:00,SAVANT_ARSENAL_SCHEMA_V1,CURRENT
573204,"Thielbar, Caleb",2026,14,4,28.6,7.6,29.3,51.4,0.266,0.181,0.457,30.0,11.0,76.678061111,,,,ST,Sweeper,12.3,86,15.4,0.214,0.643,0.414,-2.6,BASEBALL_SAVANT_PITCH_ARSENAL_CURRENT_SEASON,2026-08-28T17:22:48+00:00,SAVANT_ARSENAL_SCHEMA_V1,CURRENT
671162,"Thomas, Connor",2026,13,5,38.5,10.9,40.9,47.9,0.256,0.135,0.195,33.3,7.5,76.1354175,,,,FF,4-Seam Fastball,23.9,45,35.7,0.2,0.3,0.273,1.3,BASEBALL_SAVANT_PITCH_ARSENAL_CURRENT_SEASON,2026-08-28T17:22:48+00:00,SAVANT_ARSENAL_SCHEMA_V1,CURRENT
671162,"Thomas, Connor",2026,15,1,6.7,10.9,15.8,47.9,0.439,0.252,0.64,54.5,7.5,76.1354175,,,,SI,Sinker,22.3,42,25.0,0.417,0.917,0.587,-6.9,BASEBALL_SAVANT_PITCH_ARSENAL_CURRENT_SEASON,2026-08-28T17:22:48+00:00,SAVANT_ARSENAL_SCHEMA_V1,CURRENT
671162,"Thomas, Connor",2026,10,1,10.0,10.9,29.4,47.9,0.425,0.366,0.457,57.1,7.5,76.1354175,,,,CH,Changeup,20.7,39,6.7,0.25,0.25,0.32,-1.9,BASEBALL_SAVANT_PITCH_ARSENAL_CURRENT_SEASON,2026-08-28T17:22:48+00:00,SAVANT_ARSENAL_SCHEMA_V1,CURRENT
671162,"Thomas, Connor",2026,9,0,0.0,10.9,23.1,47.9,0.32,0.305,0.405,12.5,7.5,76.1354175,,,,ST,Sweeper,17.6,33,0.0,0.571,1.0,0.6,-6.6,BASEBALL_SAVANT_PITCH_ARSENAL_CURRENT_SEASON,2026-08-28T17:22:48+00:00,SAVANT_ARSENAL_SCHEMA_V1,CURRENT
671162,"Thomas, Connor",2026,8,0,0.0,10.9,15.8,47.9,0.44,0.348,0.687,50.0,7.5,76.1354175,,,,FC,Cutter,15.4,29,0.0,0.5,0.875,0.7,-5.9,BASEBALL_SAVANT_PITCH_ARSENAL_CURRENT_SEASON,2026-08-28T17:22:48+00:00,SAVANT_ARSENAL_SCHEMA_V1,CURRENT
624522,"Thompson, Keegan",2026,21,4,19.0,3.5,18.8,49.7,0.427,0.312,0.638,40.0,13.6,83.929022727,,,,FF,4-Seam Fastball,28.7,56,21.1,0.368,0.684,0.469,-3.6,BASEBALL_SAVANT_PITCH_ARSENAL_CURRENT_SEASON,2026-08-28T17:22:48+00:00,SAVANT_ARSENAL_SCHEMA_V1,CURRENT
624522,"Thompson, Keegan",2026,13,2,15.4,3.5,25.9,49.7,0.282,0.257,0.459,81.8,13.6,83.929022727,,,,FC,Cutter,24.1,47,13.3,0.25,0.5,0.288,1.7,BASEBALL_SAVANT_PITCH_ARSENAL_CURRENT_SEASON,2026-08-28T17:22:48+00:00,SAVANT_ARSENAL_SCHEMA_V1,CURRENT
624522,"Thompson, Keegan",2026,13,2,15.4,3.5,14.3,49.7,0.55,0.502,0.779,54.5,13.6,83.929022727,,,,SI,Sinker,22.6,44,33.3,0.538,0.615,0.512,-3.7,BASEBALL_SAVANT_PITCH_ARSENAL_CURRENT_SEASON,2026-08-28T17:22:48+00:00,SAVANT_ARSENAL_SCHEMA_V1,CURRENT
624522,"Thompson, Keegan",2026,5,2,40.0,3.5,50.0,49.7,0.389,0.252,0.682,33.3,13.6,83.929022727,,,,ST,Sweeper,9.7,19,50.0,0.2,0.4,0.25,-0.1,BASEBALL_SAVANT_PITCH_ARSENAL_CURRENT_SEASON,2026-08-28T17:22:48+00:00,SAVANT_ARSENAL_SCHEMA_V1,CURRENT
624522,"Thompson, Keegan",2026,4,1,25.0,3.5,16.7,49.7,0.323,0.474,0.574,0.0,13.6,83.929022727,,,,CU,Curveball,8.2,16,100.0,0.5,1.0,0.417,-2.4,BASEBALL_SAVANT_PITCH_ARSENAL_CURRENT_SEASON,2026-08-28T17:22:48+00:00,SAVANT_ARSENAL_SCHEMA_V1,CURRENT
624522,"Thompson, Keegan",2026,1,0,0.0,3.5,0.0,49.7,0.071,0.079,0.083,0.0,13.6,83.929022727,,,,CH,Changeup,6.7,13,0.0,0.0,0.0,0.0,0.4,BASEBALL_SAVANT_PITCH_ARSENAL_CURRENT_SEASON,2026-08-28T17:22:48+00:00,SAVANT_ARSENAL_SCHEMA_V1,CURRENT
657044,"Thompson, Ryan",2026,112,12,10.7,7.0,15.6,48.6,0.332,0.295,0.374,39.3,4.3,77.181734783,,,,SI,Sinker,62.5,409,14.5,0.34,0.46,0.391,-1.0,BASEBALL_SAVANT_PITCH_ARSENAL_CURRENT_SEASON,2026-08-28T17:22:48+00:00,SAVANT_ARSENAL_SCHEMA_V1,CURRENT
657044,"Thompson, Ryan",2026,62,14,22.6,7.0,25.2,48.6,0.244,0.227,0.336,21.3,4.3,77.181734783,,,,SL,Slider,33.2,217,17.3,0.233,0.333,0.249,0.4,BASEBALL_SAVANT_PITCH_ARSENAL_CURRENT_SEASON,2026-08-28T17:22:48+00:00,SAVANT_ARSENAL_SCHEMA_V1,CURRENT
657044,"Thompson, Ryan",2026,9,3,33.3,7.0,18.2,48.6,0.512,0.377,0.795,60.0,4.3,77.181734783,,,,FF,4-Seam Fastball,4.3,28,20.0,0.375,0.875,0.539,-7.6,BASEBALL_SAVANT_PITCH_ARSENAL_CURRENT_SEASON,2026-08-28T17:22:48+00:00,SAVANT_ARSENAL_SCHEMA_V1,CURRENT
663423,"Thornton, Trent",2026,65,8,12.3,9.1,17.8,48.8,0.394,0.287,0.556,54.0,8.1,80.344816613,,,,FF,4-Seam Fastball,35.1,212,13.3,0.228,0.421,0.322,1.2,BASEBALL_SAVANT_PITCH_ARSENAL_CURRENT_SEASON,2026-08-28T17:22:48+00:00,SAVANT_ARSENAL_SCHEMA_V1,CURRENT
663423,"Thornton, Trent",2026,29,4,13.8,9.1,30.3,48.8,0.289,0.253,0.425,40.0,8.1,80.344816613,,,,FC,Cutter,22.0,133,25.0,0.172,0.345,0.217,0.7,BASEBALL_SAVANT_PITCH_ARSENAL_CURRENT_SEASON,2026-08-28T17:22:48+00:00,SAVANT_ARSENAL_SCHEMA_V1,CURRENT
663423,"Thornton, Trent",2026,30,5,16.7,9.1,26.0,48.8,0.236,0.201,0.27,30.4,8.1,80.344816613,,,,ST,Sweeper,18.2,110,12.5,0.179,0.214,0.208,1.5,BASEBALL_SAVANT_PITCH_ARSENAL_CURRENT_SEASON,2026-08-28T17:22:48+00:00,SAVANT_ARSENAL_SCHEMA_V1,CURRENT
663423,"Thornton, Trent",2026,21,6,28.6,9.1,12.1,48.8,0.268,0.23,0.283,30.8,8.1,80.344816613,,,,CU,Curveball,16.1,97,14.6,0.211,0.211,0.238,0.7,BASEBALL_SAVANT_PITCH_ARSENAL_CURRENT_SEASON,2026-08-28T17:22:48+00:00,SAVANT_ARSENAL_SCHEMA_V1,CURRENT
663423,"Thornton, Trent",2026,17,2,11.8,9.1,13.8,48.8,0.292,0.205,0.265,41.7,8.1,80.344816613,,,,SI,Sinker,8.3,50,33.3,0.214,0.357,0.324,2.8,BASEBALL_SAVANT_PITCH_ARSENAL_CURRENT_SEASON,2026-08-28T17:22:48+00:00,SAVANT_ARSENAL_SCHEMA_V1,CURRENT
804267,"Thornton, Zac",2026,63,5,7.9,6.3,17.7,51.0,0.34,0.29,0.432,34.0,8.3,77.185416867,,,,FC,Cutter,30.1,249,10.0,0.286,0.393,0.353,0.9,BASEBALL_SAVANT_PITCH_ARSENAL_CURRENT_SEASON,2026-08-28T17:22:48+00:00,SAVANT_ARSENAL_SCHEMA_V1,CURRENT
804267,"Thornton, Zac",2026,55,14,25.5,6.3,16.3,51.0,0.341,0.27,0.542,46.3,8.3,77.185416867,,,,FF,4-Seam Fastball,24.7,204,25.9,0.236,0.455,0.292,0.6,BASEBALL_SAVANT_PITCH_ARSENAL_CURRENT_SEASON,2026-08-28T17:22:48+00:00,SAVANT_ARSENAL_SCHEMA_V1,CURRENT
804267,"Thornton, Zac",2026,28,5,17.9,6.3,26.0,51.0,0.235,0.197,0.265,28.6,8.3,77.185416867,,,,ST,Sweeper,14.9,123,15.6,0.154,0.192,0.191,1.4,BASEBALL_SAVANT_PITCH_ARSENAL_CURRENT_SEASON,2026-08-28T17:22:48+00:00,SAVANT_ARSENAL_SCHEMA_V1,CURRENT
804267,"Thornton, Zac",2026,37,8,21.6,6.3,24.1,51.0,0.376,0.271,0.464,56.5,8.3,77.185416867,,,,SL,Slider,12.5,103,15.4,0.226,0.355,0.323,-0.5,BASEBALL_SAVANT_PITCH_ARSENAL_CURRENT_SEASON,2026-08-28T17:22:48+00:00,SAVANT_ARSENAL_SCHEMA_V1,CURRENT
804267,"Thornton, Zac",2026,19,3,15.8,6.3,18.9,51.0,0.385,0.328,0.533,40.0,8.3,77.185416867,,,,SI,Sinker,10.5,87,17.6,0.278,0.278,0.274,1.6,BASEBALL_SAVANT_PITCH_ARSENAL_CURRENT_SEASON,2026-08-28T17:22:48+00:00,SAVANT_ARSENAL_SCHEMA_V1,CURRENT
804267,"Thornton, Zac",2026,10,2,20.0,6.3,17.6,51.0,0.261,0.281,0.309,12.5,8.3,77.185416867,,,,CH,Changeup,4.0,33,12.5,0.4,0.4,0.36,-1.5,BASEBALL_SAVANT_PITCH_ARSENAL_CURRENT_SEASON,2026-08-28T17:22:48+00:00,SAVANT_ARSENAL_SCHEMA_V1,CURRENT
804267,"Thornton, Zac",2026,11,3,27.3,6.3,26.7,51.0,0.172,0.125,0.15,28.6,8.3,77.185416867,,,,CU,Curveball,3.4,28,20.0,0.2,0.3,0.259,-1.0,BASEBALL_SAVANT_PITCH_ARSENAL_CURRENT_SEASON,2026-08-28T17:22:48+00:00,SAVANT_ARSENAL_SCHEMA_V1,CURRENT
694918,"Tidwell, Blade",2026,47,14,29.8,9.2,37.8,44.9,0.183,0.154,0.188,23.3,5.6,75.677002667,,,,ST,Sweeper,37.1,198,20.9,0.233,0.256,0.244,1.1,BASEBALL_SAVANT_PITCH_ARSENAL_CURRENT_SEASON,2026-08-28T17:22:48+00:00,SAVANT_ARSENAL_SCHEMA_V1,CURRENT
694918,"Tidwell, Blade",2026,41,6,14.6,9.2,17.9,44.9,0.409,0.292,0.475,57.7,5.6,75.677002667,,,,FF,4-Seam Fastball,32.2,172,12.0,0.344,0.563,0.457,-2.3,BASEBALL_SAVANT_PITCH_ARSENAL_CURRENT_SEASON,2026-08-28T17:22:48+00:00,SAVANT_ARSENAL_SCHEMA_V1,CURRENT
694918,"Tidwell, Blade",2026,19,4,21.1,9.2,11.8,44.9,0.297,0.284,0.342,64.3,5.6,75.677002667,,,,SI,Sinker,13.1,70,25.0,0.111,0.111,0.132,4.7,BASEBALL_SAVANT_PITCH_ARSENAL_CURRENT_SEASON,2026-08-28T17:22:48+00:00,SAVANT_ARSENAL_SCHEMA_V1,CURRENT
694918,"Tidwell, Blade",2026,15,1,6.7,9.2,24.0,44.9,0.306,0.281,0.364,30.8,5.6,75.677002667,,,,SL,Slider,9.4,50,4.5,0.143,0.214,0.19,3.6,BASEBALL_SAVANT_PITCH_ARSENAL_CURRENT_SEASON,2026-08-28T17:22:48+00:00,SAVANT_ARSENAL_SCHEMA_V1,CURRENT
694918,"Tidwell, Blade",2026,4,0,0.0,9.2,0.0,44.9,0.076,0.081,0.089,0.0,5.6,75.677002667,,,,CH,Changeup,5.4,29,0.0,0.25,0.25,0.225,-1.6,BASEBALL_SAVANT_PITCH_ARSENAL_CURRENT_SEASON,2026-08-28T17:22:48+00:00,SAVANT_ARSENAL_SCHEMA_V1,CURRENT
694918,"Tidwell, Blade",2026,5,2,40.0,9.2,28.6,44.9,0.146,0.149,0.185,0.0,5.6,75.677002667,,,,CU,Curveball,2.8,15,25.0,0.0,0.0,0.0,6.0,BASEBALL_SAVANT_PITCH_ARSENAL_CURRENT_SEASON,2026-08-28T17:22:48+00:00,SAVANT_ARSENAL_SCHEMA_V1,CURRENT
694357,"Tiedemann, Ricky",2026,6,1,16.7,0.0,25.0,44.4,0.388,0.374,0.535,40.0,0.0,79.95865,,,,ST,Sweeper,59.3,16,33.3,0.333,0.333,0.3,0.8,BASEBALL_SAVANT_PITCH_ARSENAL_CURRENT_SEASON,2026-08-28T17:22:48+00:00,SAVANT_ARSENAL_SCHEMA_V1,CURRENT
694357,"Tiedemann, Ricky",2026,1,1,100.0,0.0,25.0,44.4,0.0,0.321,0.458,40.0,0.0,79.95865,,,,CH,Changeup,3.7,1,100.0,0.0,0.0,0.0,23.6,BASEBALL_SAVANT_PITCH_ARSENAL_CURRENT_SEASON,2026-08-28T17:22:48+00:00,SAVANT_ARSENAL_SCHEMA_V1,CURRENT
801139,"Tolle, Payton",2026,225,75,33.3,6.9,29.4,55.2,0.255,0.183,0.308,35.7,6.5,76.473346981,,,,FF,4-Seam Fastball,45.4,867,25.0,0.193,0.351,0.287,0.6,BASEBALL_SAVANT_PITCH_ARSENAL_CURRENT_SEASON,2026-08-28T17:22:48+00:00,SAVANT_ARSENAL_SCHEMA_V1,CURRENT
801139,"Tolle, Payton",2026,116,11,9.5,6.9,15.2,55.2,0.313,0.261,0.385,36.8,6.5,76.473346981,,,,SI,Sinker,22.1,421,19.3,0.305,0.476,0.386,-0.6,BASEBALL_SAVANT_PITCH_ARSENAL_CURRENT_SEASON,2026-08-28T17:22:48+00:00,SAVANT_ARSENAL_SCHEMA_V1,CURRENT
801139,"Tolle, Payton",2026,92,21,22.8,6.9,28.6,55.2,0.256,0.217,0.318,27.3,6.5,76.473346981,,,,FC,Cutter,19.9,379,19.6,0.23,0.345,0.273,1.7,BASEBALL_SAVANT_PITCH_ARSENAL_CURRENT_SEASON,2026-08-28T17:22:48+00:00,SAVANT_ARSENAL_SCHEMA_V1,CURRENT
801139,"Tolle, Payton",2026,59,32,54.2,6.9,44.3,55.2,0.143,0.12,0.195,30.8,6.5,76.473346981,,,,CU,Curveball,9.4,180,31.4,0.155,0.276,0.192,1.4,BASEBALL_SAVANT_PITCH_ARSENAL_CURRENT_SEASON,2026-08-28T17:22:48+00:00,SAVANT_ARSENAL_SCHEMA_V1,CURRENT
801139,"Tolle, Payton",2026,12,2,16.7,6.9,18.5,55.2,0.279,0.204,0.454,30.0,6.5,76.473346981,,,,CH,Changeup,3.2,61,12.5,0.083,0.333,0.167,1.8,BASEBALL_SAVANT_PITCH_ARSENAL_CURRENT_SEASON,2026-08-28T17:22:48+00:00,SAVANT_ARSENAL_SCHEMA_V1,CURRENT
680899,"Tolman, Erik",2026,4,1,25.0,18.2,38.5,45.8,0.321,0.154,0.305,50.0,0.0,73.046903333,,,,FF,4-Seam Fastball,60.4,29,14.3,0.333,0.333,0.4,0.5,BASEBALL_SAVANT_PITCH_ARSENAL_CURRENT_SEASON,2026-08-28T17:22:48+00:00,SAVANT_ARSENAL_SCHEMA_V1,CURRENT
680899,"Tolman, Erik",2026,5,1,20.0,18.2,0.0,45.8,0.216,0.103,0.111,0.0,0.0,73.046903333,,,,CH,Changeup,25.0,12,16.7,0.0,0.0,0.14,4.3,BASEBALL_SAVANT_PITCH_ARSENAL_CURRENT_SEASON,2026-08-28T17:22:48+00:00,SAVANT_ARSENAL_SCHEMA_V1,CURRENT
680899,"Tolman, Erik",2026,2,0,0.0,18.2,0.0,45.8,0.235,0.252,0.281,0.0,0.0,73.046903333,,,,SL,Slider,14.6,7,0.0,0.5,0.5,0.45,-0.4,BASEBALL_SAVANT_PITCH_ARSENAL_CURRENT_SEASON,2026-08-28T17:22:48+00:00,SAVANT_ARSENAL_SCHEMA_V1,CURRENT
804636,"Tong, Jonah",2026,25,3,12.0,14.9,18.4,50.3,0.358,0.226,0.354,6.3,6.1,81.939258,,,,FF,4-Seam Fastball,45.5,85,13.6,0.211,0.211,0.384,-0.8,BASEBALL_SAVANT_PITCH_ARSENAL_CURRENT_SEASON,2026-08-28T17:22:48+00:00,SAVANT_ARSENAL_SCHEMA_V1,CURRENT
804636,"Tong, Jonah",2026,11,4,36.4,14.9,30.0,50.3,0.121,0.102,0.184,57.1,6.1,81.939258,,,,CH,Changeup,27.8,52,17.4,0.091,0.091,0.09,2.7,BASEBALL_SAVANT_PITCH_ARSENAL_CURRENT_SEASON,2026-08-28T17:22:48+00:00,SAVANT_ARSENAL_SCHEMA_V1,CURRENT
804636,"Tong, Jonah",2026,9,0,0.0,14.9,25.0,50.3,0.415,0.31,0.714,50.0,6.1,81.939258,,,,FC,Cutter,20.3,38,0.0,0.286,0.714,0.4,-0.4,BASEBALL_SAVANT_PITCH_ARSENAL_CURRENT_SEASON,2026-08-28T17:22:48+00:00,SAVANT_ARSENAL_SCHEMA_V1,CURRENT
804636,"Tong, Jonah",2026,2,0,0.0,14.9,0.0,50.3,0.164,0.178,0.192,50.0,6.1,81.939258,,,,CU,Curveball,6.4,12,0.0,0.5,0.5,0.45,-3.6,BASEBALL_SAVANT_PITCH_ARSENAL_CURRENT_SEASON,2026-08-28T17:22:48+00:00,SAVANT_ARSENAL_SCHEMA_V1,CURRENT
623437,"Topa, Justin",2026,44,5,11.4,11.7,13.0,43.8,0.39,0.327,0.458,48.5,8.2,78.95091973,,,,SI,Sinker,41.2,162,16.1,0.421,0.526,0.499,-2.9,BASEBALL_SAVANT_PITCH_ARSENAL_CURRENT_SEASON,2026-08-28T17:22:48+00:00,SAVANT_ARSENAL_SCHEMA_V1,CURRENT
623437,"Topa, Justin",2026,24,2,8.3,11.7,18.0,43.8,0.342,0.175,0.281,40.0,8.2,78.95091973,,,,FC,Cutter,27.0,106,6.9,0.176,0.353,0.363,0.8,BASEBALL_SAVANT_PITCH_ARSENAL_CURRENT_SEASON,2026-08-28T17:22:48+00:00,SAVANT_ARSENAL_SCHEMA_V1,CURRENT
623437,"Topa, Justin",2026,15,2,13.3,11.7,16.7,43.8,0.467,0.308,0.771,33.3,8.2,78.95091973,,,,ST,Sweeper,18.6,73,8.3,0.357,0.857,0.577,-6.5,BASEBALL_SAVANT_PITCH_ARSENAL_CURRENT_SEASON,2026-08-28T17:22:48+00:00,SAVANT_ARSENAL_SCHEMA_V1,CURRENT
623437,"Topa, Justin",2026,20,5,25.0,11.7,20.7,43.8,0.25,0.252,0.386,46.7,8.2,78.95091973,,,,CH,Changeup,13.2,52,22.7,0.278,0.389,0.26,0.3,BASEBALL_SAVANT_PITCH_ARSENAL_CURRENT_SEASON,2026-08-28T17:22:48+00:00,SAVANT_ARSENAL_SCHEMA_V1,CURRENT
595014,"Treinen, Blake",2026,40,13,32.5,10.0,36.8,47.9,0.394,0.299,0.552,43.5,12.7,75.523227667,,,,ST,Sweeper,41.7,156,21.0,0.25,0.472,0.345,-1.6,BASEBALL_SAVANT_PITCH_ARSENAL_CURRENT_SEASON,2026-08-28T17:22:48+00:00,SAVANT_ARSENAL_SCHEMA_V1,CURRENT
595014,"Treinen, Blake",2026,39,5,12.8,10.0,18.2,47.9,0.353,0.26,0.443,34.5,12.7,75.523227667,,,,SI,Sinker,36.9,138,20.8,0.242,0.333,0.342,1.7,BASEBALL_SAVANT_PITCH_ARSENAL_CURRENT_SEASON,2026-08-28T17:22:48+00:00,SAVANT_ARSENAL_SCHEMA_V1,CURRENT
595014,"Treinen, Blake",2026,14,5,35.7,10.0,16.0,47.9,0.276,0.211,0.446,55.6,12.7,75.523227667,,,,FF,4-Seam Fastball,11.5,43,22.7,0.214,0.429,0.268,-2.0,BASEBALL_SAVANT_PITCH_ARSENAL_CURRENT_SEASON,2026-08-28T17:22:48+00:00,SAVANT_ARSENAL_SCHEMA_V1,CURRENT
595014,"Treinen, Blake",2026,5,2,40.0,10.0,25.0,47.9,0.145,0.131,0.206,66.7,12.7,75.523227667,,,,FC,Cutter,9.4,35,22.2,0.2,0.2,0.18,4.8,BASEBALL_SAVANT_PITCH_ARSENAL_CURRENT_SEASON,2026-08-28T17:22:48+00:00,SAVANT_ARSENAL_SCHEMA_V1,CURRENT
624431,"Trevino, Jose",2026,6,1,16.7,3.4,11.1,50.0,0.542,0.512,0.742,40.0,11.5,84.540898462,,,,KN,Knuckleball,36.1,26,25.0,0.667,0.833,0.658,-7.7,BASEBALL_SAVANT_PITCH_ARSENAL_CURRENT_SEASON,2026-08-28T17:22:48+00:00,SAVANT_ARSENAL_SCHEMA_V1,CURRENT
642152,"Trivino III, Lou",2026,9,2,22.2,19.4,28.6,43.8,0.235,0.114,0.126,20.0,4.8,73.490401818,,,,FC,Cutter,31.3,45,25.0,0.286,0.286,0.356,0.5,BASEBALL_SAVANT_PITCH_ARSENAL_CURRENT_SEASON,2026-08-28T17:22:48+00:00,SAVANT_ARSENAL_SCHEMA_V1,CURRENT
642152,"Trivino III, Lou",2026,13,2,15.4,19.4,11.1,43.8,0.344,0.319,0.38,55.6,4.8,73.490401818,,,,SI,Sinker,29.9,43,22.2,0.4,0.4,0.385,-1.3,BASEBALL_SAVANT_PITCH_ARSENAL_CURRENT_SEASON,2026-08-28T17:22:48+00:00,SAVANT_ARSENAL_SCHEMA_V1,CURRENT
642152,"Trivino III, Lou",2026,8,0,0.0,19.4,30.0,43.8,0.329,0.205,0.276,16.7,4.8,73.490401818,,,,CH,Changeup,17.4,25,0.0,0.5,1.0,0.644,-13.4,BASEBALL_SAVANT_PITCH_ARSENAL_CURRENT_SEASON,2026-08-28T17:22:48+00:00,SAVANT_ARSENAL_SCHEMA_V1,CURRENT
642152,"Trivino III, Lou",2026,3,2,66.7,19.4,72.7,43.8,0.233,0.217,0.323,38.1,4.8,73.490401818,,,,ST,Sweeper,16.7,24,22.2,0.0,0.0,0.233,1.9,BASEBALL_SAVANT_PITCH_ARSENAL_CURRENT_SEASON,2026-08-28T17:22:48+00:00,SAVANT_ARSENAL_SCHEMA_V1,CURRENT
642152,"Trivino III, Lou",2026,3,1,33.3,19.4,33.3,43.8,0.644,0.315,1.192,100.0,4.8,73.490401818,,,,FF,4-Seam Fastball,4.9,7,25.0,0.5,2.0,0.9,-14.4,BASEBALL_SAVANT_PITCH_ARSENAL_CURRENT_SEASON,2026-08-28T17:22:48+00:00,SAVANT_ARSENAL_SCHEMA_V1,CURRENT
814305,"Tur, Yunior",2026,15,5,33.3,11.8,48.0,49.2,0.294,0.246,0.371,22.2,27.3,77.375739091,,,,FS,Split-Finger,39.2,47,22.7,0.429,0.643,0.511,-7.1,BASEBALL_SAVANT_PITCH_ARSENAL_CURRENT_SEASON,2026-08-28T17:22:48+00:00,SAVANT_ARSENAL_SCHEMA_V1,CURRENT
814305,"Tur, Yunior",2026,9,1,11.1,11.8,47.4,49.2,0.498,0.306,0.768,33.3,27.3,77.375739091,,,,FC,Cutter,30.0,36,20.0,0.286,0.714,0.478,-2.7,BASEBALL_SAVANT_PITCH_ARSENAL_CURRENT_SEASON,2026-08-28T17:22:48+00:00,SAVANT_ARSENAL_SCHEMA_V1,CURRENT
814305,"Tur, Yunior",2026,9,0,0.0,11.8,7.1,49.2,0.863,0.625,1.552,42.9,27.3,77.375739091,,,,FF,4-Seam Fastball,29.2,35,0.0,0.714,1.714,0.939,-13.1,BASEBALL_SAVANT_PITCH_ARSENAL_CURRENT_SEASON,2026-08-28T17:22:48+00:00,SAVANT_ARSENAL_SCHEMA_V1,CURRENT
814305,"Tur, Yunior",2026,1,0,0.0,11.8,0.0,49.2,1.754,0.889,3.417,100.0,27.3,77.375739091,,,,ST,Sweeper,1.7,2,,1.0,4.0,2.0,-66.0,BASEBALL_SAVANT_PITCH_ARSENAL_CURRENT_SEASON,2026-08-28T17:22:48+00:00,SAVANT_ARSENAL_SCHEMA_V1,CURRENT
700413,"Uberstine, Tyler",2026,3,1,33.3,9.1,50.0,57.8,0.148,0.145,0.201,0.0,12.5,76.1356025,,,,ST,Sweeper,24.4,11,16.7,0.333,0.667,0.417,-5.2,BASEBALL_SAVANT_PITCH_ARSENAL_CURRENT_SEASON,2026-08-28T17:22:48+00:00,SAVANT_ARSENAL_SCHEMA_V1,CURRENT
700413,"Uberstine, Tyler",2026,3,0,0.0,9.1,40.0,57.8,0.192,0.181,0.282,33.3,12.5,76.1356025,,,,SI,Sinker,22.2,10,0.0,0.0,0.0,0.0,6.9,BASEBALL_SAVANT_PITCH_ARSENAL_CURRENT_SEASON,2026-08-28T17:22:48+00:00,SAVANT_ARSENAL_SCHEMA_V1,CURRENT
700413,"Uberstine, Tyler",2026,3,1,33.3,9.1,14.3,57.8,0.777,0.549,1.308,100.0,12.5,76.1356025,,,,FF,4-Seam Fastball,22.2,10,14.3,0.667,1.667,0.967,-12.2,BASEBALL_SAVANT_PITCH_ARSENAL_CURRENT_SEASON,2026-08-28T17:22:48+00:00,SAVANT_ARSENAL_SCHEMA_V1,CURRENT
700413,"Uberstine, Tyler",2026,1,0,0.0,9.1,25.0,57.8,0.7,0.274,0.551,37.5,12.5,76.1356025,,,,FC,Cutter,20.0,9,,,,0.7,-0.7,BASEBALL_SAVANT_PITCH_ARSENAL_CURRENT_SEASON,2026-08-28T17:22:48+00:00,SAVANT_ARSENAL_SCHEMA_V1,CURRENT
700413,"Uberstine, Tyler",2026,1,0,0.0,9.1,0.0,57.8,0.109,0.121,0.142,0.0,12.5,76.1356025,,,,CH,Changeup,11.1,5,0.0,0.0,0.0,0.0,4.1,BASEBALL_SAVANT_PITCH_ARSENAL_CURRENT_SEASON,2026-08-28T17:22:48+00:00,SAVANT_ARSENAL_SCHEMA_V1,CURRENT
699044,"Ullola, Miguel",2026,15,6,40.0,4.3,24.2,48.9,0.196,0.164,0.301,33.3,15.4,74.365465714,,,,FF,4-Seam Fastball,76.1,67,42.9,0.133,0.333,0.193,0.7,BASEBALL_SAVANT_PITCH_ARSENAL_CURRENT_SEASON,2026-08-28T17:22:48+00:00,SAVANT_ARSENAL_SCHEMA_V1,CURRENT
699044,"Ullola, Miguel",2026,7,2,28.6,4.3,37.5,48.9,0.508,0.355,0.778,25.0,15.4,74.365465714,,,,SL,Slider,19.3,17,50.0,0.333,0.833,0.514,-11.3,BASEBALL_SAVANT_PITCH_ARSENAL_CURRENT_SEASON,2026-08-28T17:22:48+00:00,SAVANT_ARSENAL_SCHEMA_V1,CURRENT
699044,"Ullola, Miguel",2026,1,1,100.0,4.3,50.0,48.9,0.0,0.209,0.418,30.8,15.4,74.365465714,,,,CU,Curveball,3.4,3,50.0,0.0,0.0,0.0,5.5,BASEBALL_SAVANT_PITCH_ARSENAL_CURRENT_SEASON,2026-08-28T17:22:48+00:00,SAVANT_ARSENAL_SCHEMA_V1,CURRENT
700712,"Ureña, Walbert",2026,184,51,27.7,12.8,34.9,45.3,0.226,0.151,0.217,23.6,5.1,75.448095962,,,,CH,Changeup,33.2,672,23.1,0.156,0.231,0.244,2.1,BASEBALL_SAVANT_PITCH_ARSENAL_CURRENT_SEASON,2026-08-28T17:22:48+00:00,SAVANT_ARSENAL_SCHEMA_V1,CURRENT
700712,"Ureña, Walbert",2026,158,20,12.7,12.8,18.3,45.3,0.36,0.282,0.416,40.0,5.1,75.448095962,,,,SI,Sinker,30.9,625,21.3,0.284,0.403,0.369,-0.5,BASEBALL_SAVANT_PITCH_ARSENAL_CURRENT_SEASON,2026-08-28T17:22:48+00:00,SAVANT_ARSENAL_SCHEMA_V1,CURRENT
700712,"Ureña, Walbert",2026,106,25,23.6,12.8,22.1,45.3,0.307,0.179,0.268,43.9,5.1,75.448095962,,,,FF,4-Seam Fastball,21.4,433,14.9,0.195,0.293,0.338,-0.6,BASEBALL_SAVANT_PITCH_ARSENAL_CURRENT_SEASON,2026-08-28T17:22:48+00:00,SAVANT_ARSENAL_SCHEMA_V1,CURRENT
700712,"Ureña, Walbert",2026,51,16,31.4,12.8,34.6,45.3,0.245,0.21,0.344,32.4,5.1,75.448095962,,,,ST,Sweeper,14.5,294,16.7,0.146,0.188,0.169,0.7,BASEBALL_SAVANT_PITCH_ARSENAL_CURRENT_SEASON,2026-08-28T17:22:48+00:00,SAVANT_ARSENAL_SCHEMA_V1,CURRENT
682842,"Uribe, Abner",2026,122,21,17.2,9.4,20.7,43.4,0.306,0.266,0.349,37.8,1.6,76.142747541,,,,SI,Sinker,62.9,477,18.4,0.22,0.284,0.288,1.2,BASEBALL_SAVANT_PITCH_ARSENAL_CURRENT_SEASON,2026-08-28T17:22:48+00:00,SAVANT_ARSENAL_SCHEMA_V1,CURRENT
682842,"Uribe, Abner",2026,65,27,41.5,9.4,37.7,43.4,0.177,0.125,0.156,15.6,1.6,76.142747541,,,,SL,Slider,36.8,279,24.3,0.136,0.203,0.215,1.6,BASEBALL_SAVANT_PITCH_ARSENAL_CURRENT_SEASON,2026-08-28T17:22:48+00:00,SAVANT_ARSENAL_SCHEMA_V1,CURRENT
682842,"Uribe, Abner",2026,2,0,0.0,9.4,0.0,43.4,0.18,0.196,0.213,0.0,1.6,76.142747541,,,,FF,4-Seam Fastball,30.0,2,0.0,0.0,0.0,0.0,26.3,BASEBALL_SAVANT_PITCH_ARSENAL_CURRENT_SEASON,2026-08-28T17:22:48+00:00,SAVANT_ARSENAL_SCHEMA_V1,CURRENT
664353,"Urquidy, José",2026,29,9,31.0,6.5,32.1,48.8,0.244,0.199,0.334,31.6,6.3,76.811379375,,,,CH,Changeup,26.7,92,23.7,0.286,0.571,0.403,-2.7,BASEBALL_SAVANT_PITCH_ARSENAL_CURRENT_SEASON,2026-08-28T17:22:48+00:00,SAVANT_ARSENAL_SCHEMA_V1,CURRENT
664353,"Urquidy, José",2026,25,3,12.0,6.5,19.5,48.8,0.298,0.241,0.326,36.8,6.3,76.811379375,,,,FF,4-Seam Fastball,22.1,76,16.7,0.273,0.318,0.35,0.5,BASEBALL_SAVANT_PITCH_ARSENAL_CURRENT_SEASON,2026-08-28T17:22:48+00:00,SAVANT_ARSENAL_SCHEMA_V1,CURRENT
664353,"Urquidy, José",2026,19,1,5.3,6.5,0.0,48.8,0.386,0.32,0.489,37.5,6.3,76.811379375,,,,SI,Sinker,20.9,72,4.2,0.471,0.706,0.486,-3.6,BASEBALL_SAVANT_PITCH_ARSENAL_CURRENT_SEASON,2026-08-28T17:22:48+00:00,SAVANT_ARSENAL_SCHEMA_V1,CURRENT
664353,"Urquidy, José",2026,10,3,30.0,6.5,26.7,48.8,0.168,0.112,0.138,33.3,6.3,76.811379375,,,,CU,Curveball,16.0,55,25.0,0.222,0.222,0.25,-0.4,BASEBALL_SAVANT_PITCH_ARSENAL_CURRENT_SEASON,2026-08-28T17:22:48+00:00,SAVANT_ARSENAL_SCHEMA_V1,CURRENT
664353,"Urquidy, José",2026,9,3,33.3,6.5,42.9,48.8,0.274,0.233,0.283,20.0,6.3,76.811379375,,,,ST,Sweeper,13.7,47,17.6,0.5,0.625,0.517,-3.2,BASEBALL_SAVANT_PITCH_ARSENAL_CURRENT_SEASON,2026-08-28T17:22:48+00:00,SAVANT_ARSENAL_SCHEMA_V1,CURRENT
664285,"Valdez, Framber",2026,299,22,7.4,8.8,10.0,46.4,0.376,0.312,0.466,50.8,6.1,79.567359022,,,,SI,Sinker,45.0,1036,14.8,0.313,0.427,0.369,0.3,BASEBALL_SAVANT_PITCH_ARSENAL_CURRENT_SEASON,2026-08-28T17:22:48+00:00,SAVANT_ARSENAL_SCHEMA_V1,CURRENT
664285,"Valdez, Framber",2026,153,47,30.7,8.8,31.0,46.4,0.274,0.191,0.294,36.5,6.1,79.567359022,,,,CU,Curveball,28.7,661,18.8,0.191,0.321,0.297,-0.3,BASEBALL_SAVANT_PITCH_ARSENAL_CURRENT_SEASON,2026-08-28T17:22:48+00:00,SAVANT_ARSENAL_SCHEMA_V1,CURRENT
664285,"Valdez, Framber",2026,127,19,15.0,8.8,20.9,46.4,0.325,0.282,0.433,39.2,6.1,79.567359022,,,,CH,Changeup,18.7,431,16.5,0.267,0.425,0.323,0.1,BASEBALL_SAVANT_PITCH_ARSENAL_CURRENT_SEASON,2026-08-28T17:22:48+00:00,SAVANT_ARSENAL_SCHEMA_V1,CURRENT
664285,"Valdez, Framber",2026,34,15,44.1,8.8,43.1,46.4,0.158,0.119,0.167,23.5,6.1,79.567359022,,,,SL,Slider,4.6,107,22.7,0.156,0.281,0.216,0.2,BASEBALL_SAVANT_PITCH_ARSENAL_CURRENT_SEASON,2026-08-28T17:22:48+00:00,SAVANT_ARSENAL_SCHEMA_V1,CURRENT
664285,"Valdez, Framber",2026,25,7,28.0,8.8,21.6,46.4,0.278,0.179,0.22,15.4,6.1,79.567359022,,,,FF,4-Seam Fastball,2.9,66,16.7,0.2,0.2,0.284,-1.1,BASEBALL_SAVANT_PITCH_ARSENAL_CURRENT_SEASON,2026-08-28T17:22:48+00:00,SAVANT_ARSENAL_SCHEMA_V1,CURRENT
669310,"Van Eyk, CJ",2026,10,0,0.0,3.2,5.0,48.4,0.544,0.456,0.779,55.6,3.6,74.4469,,,,FC,Cutter,22.7,29,0.0,0.556,1.111,0.7,-12.8,BASEBALL_SAVANT_PITCH_ARSENAL_CURRENT_SEASON,2026-08-28T17:22:48+00:00,SAVANT_ARSENAL_SCHEMA_V1,CURRENT
669310,"Van Eyk, CJ",2026,9,1,11.1,3.2,15.4,48.4,0.203,0.21,0.255,62.5,3.6,74.4469,,,,CU,Curveball,22.7,29,11.1,0.333,0.333,0.4,-2.1,BASEBALL_SAVANT_PITCH_ARSENAL_CURRENT_SEASON,2026-08-28T17:22:48+00:00,SAVANT_ARSENAL_SCHEMA_V1,CURRENT
669310,"Van Eyk, CJ",2026,5,0,0.0,3.2,20.0,48.4,0.124,0.135,0.146,0.0,3.6,74.4469,,,,CH,Changeup,22.7,29,0.0,0.2,0.2,0.18,2.4,BASEBALL_SAVANT_PITCH_ARSENAL_CURRENT_SEASON,2026-08-28T17:22:48+00:00,SAVANT_ARSENAL_SCHEMA_V1,CURRENT
669310,"Van Eyk, CJ",2026,2,0,0.0,3.2,16.7,48.4,0.64,0.309,0.46,100.0,3.6,74.4469,,,,SI,Sinker,14.8,19,0.0,,,0.35,-1.7,BASEBALL_SAVANT_PITCH_ARSENAL_CURRENT_SEASON,2026-08-28T17:22:48+00:00,SAVANT_ARSENAL_SCHEMA_V1,CURRENT
669310,"Van Eyk, CJ",2026,3,0,0.0,3.2,20.0,48.4,0.373,0.322,0.566,33.3,3.6,74.4469,,,,FF,4-Seam Fastball,10.2,13,0.0,0.333,0.333,0.3,-0.2,BASEBALL_SAVANT_PITCH_ARSENAL_CURRENT_SEASON,2026-08-28T17:22:48+00:00,SAVANT_ARSENAL_SCHEMA_V1,CURRENT
669310,"Van Eyk, CJ",2026,2,0,0.0,3.2,0.0,48.4,0.473,0.507,0.571,50.0,3.6,74.4469,,,,ST,Sweeper,7.0,9,0.0,0.5,0.5,0.45,-4.7,BASEBALL_SAVANT_PITCH_ARSENAL_CURRENT_SEASON,2026-08-28T17:22:48+00:00,SAVANT_ARSENAL_SCHEMA_V1,CURRENT
701121,"VanWey, Logan",2026,11,4,36.4,0.0,34.8,50.0,0.118,0.123,0.144,42.9,5.9,75.69560625,,,,FF,4-Seam Fastball,50.0,40,30.8,0.2,0.2,0.18,4.6,BASEBALL_SAVANT_PITCH_ARSENAL_CURRENT_SEASON,2026-08-28T17:22:48+00:00,SAVANT_ARSENAL_SCHEMA_V1,CURRENT
701121,"VanWey, Logan",2026,8,0,0.0,0.0,7.7,50.0,0.385,0.385,0.636,37.5,5.9,75.69560625,,,,ST,Sweeper,28.7,23,0.0,0.286,0.286,0.225,2.4,BASEBALL_SAVANT_PITCH_ARSENAL_CURRENT_SEASON,2026-08-28T17:22:48+00:00,SAVANT_ARSENAL_SCHEMA_V1,CURRENT
701121,"VanWey, Logan",2026,1,1,100.0,0.0,50.0,50.0,0.0,0.237,0.344,41.2,5.9,75.69560625,,,,CH,Changeup,10.0,8,25.0,0.0,0.0,0.0,-1.4,BASEBALL_SAVANT_PITCH_ARSENAL_CURRENT_SEASON,2026-08-28T17:22:48+00:00,SAVANT_ARSENAL_SCHEMA_V1,CURRENT
701121,"VanWey, Logan",2026,1,0,0.0,0.0,0.0,50.0,0.529,0.571,0.638,100.0,5.9,75.69560625,,,,FC,Cutter,7.5,6,,1.0,1.0,0.9,-9.4,BASEBALL_SAVANT_PITCH_ARSENAL_CURRENT_SEASON,2026-08-28T17:22:48+00:00,SAVANT_ARSENAL_SCHEMA_V1,CURRENT
701121,"VanWey, Logan",2026,1,0,0.0,0.0,0.0,50.0,0.239,0.249,0.334,0.0,5.9,75.69560625,,,,SI,Sinker,3.8,3,,0.0,0.0,0.0,6.4,BASEBALL_SAVANT_PITCH_ARSENAL_CURRENT_SEASON,2026-08-28T17:22:48+00:00,SAVANT_ARSENAL_SCHEMA_V1,CURRENT
676568,"Vanasco, Ricky",2026,20,2,10.0,15.0,15.2,40.0,0.395,0.256,0.495,50.0,6.7,75.702990667,,,,FF,4-Seam Fastball,51.2,87,9.1,0.438,0.875,0.628,-3.5,BASEBALL_SAVANT_PITCH_ARSENAL_CURRENT_SEASON,2026-08-28T17:22:48+00:00,SAVANT_ARSENAL_SCHEMA_V1,CURRENT
676568,"Vanasco, Ricky",2026,11,2,18.2,15.0,29.2,40.0,0.325,0.323,0.431,33.3,6.7,75.702990667,,,,CH,Changeup,25.9,44,11.8,0.273,0.364,0.277,0.3,BASEBALL_SAVANT_PITCH_ARSENAL_CURRENT_SEASON,2026-08-28T17:22:48+00:00,SAVANT_ARSENAL_SCHEMA_V1,CURRENT
676568,"Vanasco, Ricky",2026,9,0,0.0,15.0,18.2,40.0,0.499,0.336,0.714,42.9,6.7,75.702990667,,,,CU,Curveball,22.9,39,0.0,0.571,0.857,0.733,-9.7,BASEBALL_SAVANT_PITCH_ARSENAL_CURRENT_SEASON,2026-08-28T17:22:48+00:00,SAVANT_ARSENAL_SCHEMA_V1,CURRENT
672841,"Vargas, Carlos",2026,10,2,20.0,5.6,15.8,56.8,0.467,0.414,0.616,42.9,9.1,77.380718333,,,,SI,Sinker,45.9,34,25.0,0.333,0.444,0.375,0.1,BASEBALL_SAVANT_PITCH_ARSENAL_CURRENT_SEASON,2026-08-28T17:22:48+00:00,SAVANT_ARSENAL_SCHEMA_V1,CURRENT
672841,"Vargas, Carlos",2026,7,3,42.9,5.6,20.0,56.8,0.089,0.08,0.134,25.0,9.1,77.380718333,,,,SL,Slider,32.4,24,16.7,0.143,0.286,0.179,0.7,BASEBALL_SAVANT_PITCH_ARSENAL_CURRENT_SEASON,2026-08-28T17:22:48+00:00,SAVANT_ARSENAL_SCHEMA_V1,CURRENT
672841,"Vargas, Carlos",2026,1,1,100.0,5.6,28.6,56.8,0.0,0.252,0.382,36.4,9.1,77.380718333,,,,FC,Cutter,18.9,14,50.0,0.0,0.0,0.0,3.4,BASEBALL_SAVANT_PITCH_ARSENAL_CURRENT_SEASON,2026-08-28T17:22:48+00:00,SAVANT_ARSENAL_SCHEMA_V1,CURRENT
545121,"Vargas, Ildemaro",2026,3,0,0.0,,0.0,,0.418,0.291,0.366,50.0,,,,,,CU,Curveball,14.6,7,0.0,0.0,0.0,0.233,0.2,BASEBALL_SAVANT_PITCH_ARSENAL_CURRENT_SEASON,2026-08-28T17:22:48+00:00,SAVANT_ARSENAL_SCHEMA_V1,CURRENT
681402,"Varland, Gus",2026,88,16,18.2,9.9,20.4,49.9,0.4,0.3,0.534,55.7,16.2,84.997393333,,,,FF,4-Seam Fastball,58.1,328,14.3,0.342,0.553,0.423,-1.5,BASEBALL_SAVANT_PITCH_ARSENAL_CURRENT_SEASON,2026-08-28T17:22:48+00:00,SAVANT_ARSENAL_SCHEMA_V1,CURRENT
681402,"Varland, Gus",2026,59,14,23.7,9.9,24.3,49.9,0.377,0.29,0.597,42.9,16.2,84.997393333,,,,SL,Slider,39.6,224,20.9,0.283,0.585,0.384,-3.0,BASEBALL_SAVANT_PITCH_ARSENAL_CURRENT_SEASON,2026-08-28T17:22:48+00:00,SAVANT_ARSENAL_SCHEMA_V1,CURRENT
681402,"Varland, Gus",2026,3,0,0.0,9.9,0.0,49.9,0.849,0.612,1.387,33.3,16.2,84.997393333,,,,CH,Changeup,2.3,13,0.0,0.667,1.667,0.967,-9.7,BASEBALL_SAVANT_PITCH_ARSENAL_CURRENT_SEASON,2026-08-28T17:22:48+00:00,SAVANT_ARSENAL_SCHEMA_V1,CURRENT
686973,"Varland, Louis",2026,110,37,33.6,6.8,24.2,52.6,0.252,0.2,0.258,41.0,4.3,76.826157654,,,,FF,4-Seam Fastball,40.3,429,23.4,0.219,0.26,0.263,2.2,BASEBALL_SAVANT_PITCH_ARSENAL_CURRENT_SEASON,2026-08-28T17:22:48+00:00,SAVANT_ARSENAL_SCHEMA_V1,CURRENT
686973,"Varland, Louis",2026,78,25,32.1,6.8,35.2,52.6,0.249,0.222,0.32,44.0,4.3,76.826157654,,,,CU,Curveball,30.7,327,18.5,0.243,0.351,0.295,-0.3,BASEBALL_SAVANT_PITCH_ARSENAL_CURRENT_SEASON,2026-08-28T17:22:48+00:00,SAVANT_ARSENAL_SCHEMA_V1,CURRENT
686973,"Varland, Louis",2026,50,19,38.0,6.8,40.4,52.6,0.164,0.153,0.206,30.0,4.3,76.826157654,,,,CH,Changeup,18.2,194,30.2,0.104,0.125,0.129,3.8,BASEBALL_SAVANT_PITCH_ARSENAL_CURRENT_SEASON,2026-08-28T17:22:48+00:00,SAVANT_ARSENAL_SCHEMA_V1,CURRENT
686973,"Varland, Louis",2026,20,2,10.0,6.8,18.0,52.6,0.183,0.18,0.243,22.2,4.3,76.826157654,,,,SL,Slider,8.4,89,16.7,0.15,0.2,0.198,4.3,BASEBALL_SAVANT_PITCH_ARSENAL_CURRENT_SEASON,2026-08-28T17:22:48+00:00,SAVANT_ARSENAL_SCHEMA_V1,CURRENT
686973,"Varland, Louis",2026,5,0,0.0,6.8,0.0,52.6,0.372,0.301,0.365,25.0,4.3,76.826157654,,,,SI,Sinker,2.4,26,0.0,0.5,0.5,0.5,-3.3,BASEBALL_SAVANT_PITCH_ARSENAL_CURRENT_SEASON,2026-08-28T17:22:48+00:00,SAVANT_ARSENAL_SCHEMA_V1,CURRENT
683734,"Vaughn, Andrew",2026,4,1,25.0,25.0,33.3,41.4,0.473,0.162,0.435,100.0,0.0,78.84779,,,,KN,Knuckleball,44.8,13,20.0,0.5,2.0,0.85,-10.5,BASEBALL_SAVANT_PITCH_ARSENAL_CURRENT_SEASON,2026-08-28T17:22:48+00:00,SAVANT_ARSENAL_SCHEMA_V1,CURRENT
683734,"Vaughn, Andrew",2026,1,0,0.0,25.0,0.0,41.4,0.419,0.284,0.421,0.0,0.0,78.84779,,,,SL,Slider,3.4,1,,1.0,1.0,0.653,-59.6,BASEBALL_SAVANT_PITCH_ARSENAL_CURRENT_SEASON,2026-08-28T17:22:48+00:00,SAVANT_ARSENAL_SCHEMA_V1,CURRENT
592826,"Velasquez, Vince",2026,3,0,0.0,0.0,11.1,48.8,0.323,0.338,0.384,66.7,0.0,74.804328,,,,FF,4-Seam Fastball,48.8,21,0.0,0.0,0.0,0.0,4.1,BASEBALL_SAVANT_PITCH_ARSENAL_CURRENT_SEASON,2026-08-28T17:22:48+00:00,SAVANT_ARSENAL_SCHEMA_V1,CURRENT
592826,"Velasquez, Vince",2026,3,0,0.0,0.0,0.0,48.8,0.019,0.019,0.023,0.0,0.0,74.804328,,,,FC,Cutter,18.6,8,0.0,0.0,0.0,0.0,11.6,BASEBALL_SAVANT_PITCH_ARSENAL_CURRENT_SEASON,2026-08-28T17:22:48+00:00,SAVANT_ARSENAL_SCHEMA_V1,CURRENT
592826,"Velasquez, Vince",2026,3,0,0.0,0.0,0.0,48.8,0.092,0.052,0.174,33.3,0.0,74.804328,,,,CU,Curveball,14.0,6,0.0,0.0,0.0,0.0,10.6,BASEBALL_SAVANT_PITCH_ARSENAL_CURRENT_SEASON,2026-08-28T17:22:48+00:00,SAVANT_ARSENAL_SCHEMA_V1,CURRENT
592826,"Velasquez, Vince",2026,1,0,0.0,0.0,33.3,48.8,0.391,0.434,0.439,0.0,0.0,74.804328,,,,SL,Slider,9.3,4,0.0,1.0,2.0,1.25,-15.3,BASEBALL_SAVANT_PITCH_ARSENAL_CURRENT_SEASON,2026-08-28T17:22:48+00:00,SAVANT_ARSENAL_SCHEMA_V1,CURRENT
592826,"Velasquez, Vince",2026,1,1,100.0,0.0,50.0,48.8,0.0,0.151,0.199,30.0,0.0,74.804328,,,,CH,Changeup,4.7,2,100.0,0.0,0.0,0.0,10.3,BASEBALL_SAVANT_PITCH_ARSENAL_CURRENT_SEASON,2026-08-28T17:22:48+00:00,SAVANT_ARSENAL_SCHEMA_V1,CURRENT
434378,"Verlander, Justin",2026,7,0,0.0,10.5,7.1,48.8,0.489,0.402,0.757,57.1,12.5,83.20234125,,,,FF,4-Seam Fastball,42.5,34,0.0,0.286,0.714,0.407,0.4,BASEBALL_SAVANT_PITCH_ARSENAL_CURRENT_SEASON,2026-08-28T17:22:48+00:00,SAVANT_ARSENAL_SCHEMA_V1,CURRENT
434378,"Verlander, Justin",2026,4,0,0.0,10.5,30.8,48.8,0.677,0.461,1.149,75.0,12.5,83.20234125,,,,SL,Slider,27.5,22,0.0,0.5,1.25,0.725,-7.7,BASEBALL_SAVANT_PITCH_ARSENAL_CURRENT_SEASON,2026-08-28T17:22:48+00:00,SAVANT_ARSENAL_SCHEMA_V1,CURRENT
434378,"Verlander, Justin",2026,5,1,20.0,10.5,16.7,48.8,0.428,0.381,0.44,66.7,12.5,83.20234125,,,,CU,Curveball,17.5,14,12.5,0.5,0.5,0.5,-6.4,BASEBALL_SAVANT_PITCH_ARSENAL_CURRENT_SEASON,2026-08-28T17:22:48+00:00,SAVANT_ARSENAL_SCHEMA_V1,CURRENT
434378,"Verlander, Justin",2026,1,0,0.0,10.5,0.0,48.8,0.031,0.02,0.063,0.0,12.5,83.20234125,,,,CH,Changeup,10.0,8,0.0,0.0,0.0,0.0,4.4,BASEBALL_SAVANT_PITCH_ARSENAL_CURRENT_SEASON,2026-08-28T17:22:48+00:00,SAVANT_ARSENAL_SCHEMA_V1,CURRENT
434378,"Verlander, Justin",2026,2,0,0.0,10.5,0.0,48.8,0.352,0.003,0.006,0.0,12.5,83.20234125,,,,ST,Sweeper,2.5,2,0.0,0.0,0.0,0.35,-7.0,BASEBALL_SAVANT_PITCH_ARSENAL_CURRENT_SEASON,2026-08-28T17:22:48+00:00,SAVANT_ARSENAL_SCHEMA_V1,CURRENT
681911,"Vesia, Alex",2026,109,29,26.6,15.7,25.7,47.0,0.288,0.186,0.295,41.9,5.6,77.976429444,,,,FF,4-Seam Fastball,54.5,459,19.6,0.165,0.242,0.279,0.3,BASEBALL_SAVANT_PITCH_ARSENAL_CURRENT_SEASON,2026-08-28T17:22:48+00:00,SAVANT_ARSENAL_SCHEMA_V1,CURRENT
681911,"Vesia, Alex",2026,59,23,39.0,15.7,40.5,47.0,0.259,0.149,0.276,28.6,5.6,77.976429444,,,,SL,Slider,30.9,260,25.8,0.12,0.22,0.232,2.1,BASEBALL_SAVANT_PITCH_ARSENAL_CURRENT_SEASON,2026-08-28T17:22:48+00:00,SAVANT_ARSENAL_SCHEMA_V1,CURRENT
681911,"Vesia, Alex",2026,26,7,26.9,15.7,52.5,47.0,0.239,0.179,0.289,29.4,5.6,77.976429444,,,,CH,Changeup,14.6,123,17.1,0.167,0.333,0.248,0.7,BASEBALL_SAVANT_PITCH_ARSENAL_CURRENT_SEASON,2026-08-28T17:22:48+00:00,SAVANT_ARSENAL_SCHEMA_V1,CURRENT
676684,"Vest, Will",2026,56,13,23.2,8.6,19.2,48.1,0.344,0.243,0.421,45.7,5.3,78.824060526,,,,FF,4-Seam Fastball,44.2,214,18.1,0.362,0.532,0.433,-1.3,BASEBALL_SAVANT_PITCH_ARSENAL_CURRENT_SEASON,2026-08-28T17:22:48+00:00,SAVANT_ARSENAL_SCHEMA_V1,CURRENT
676684,"Vest, Will",2026,33,10,30.3,8.6,41.4,48.1,0.258,0.252,0.356,30.4,5.3,78.824060526,,,,SL,Slider,28.9,140,14.5,0.25,0.313,0.247,0.5,BASEBALL_SAVANT_PITCH_ARSENAL_CURRENT_SEASON,2026-08-28T17:22:48+00:00,SAVANT_ARSENAL_SCHEMA_V1,CURRENT
676684,"Vest, Will",2026,20,1,5.0,8.6,8.1,48.1,0.321,0.276,0.304,25.0,5.3,78.824060526,,,,SI,Sinker,15.5,75,7.1,0.176,0.235,0.348,1.0,BASEBALL_SAVANT_PITCH_ARSENAL_CURRENT_SEASON,2026-08-28T17:22:48+00:00,SAVANT_ARSENAL_SCHEMA_V1,CURRENT
676684,"Vest, Will",2026,7,3,42.9,8.6,54.5,48.1,0.194,0.119,0.139,0.0,5.3,78.824060526,,,,CH,Changeup,11.4,55,14.3,0.0,0.0,0.1,1.0,BASEBALL_SAVANT_PITCH_ARSENAL_CURRENT_SEASON,2026-08-28T17:22:48+00:00,SAVANT_ARSENAL_SCHEMA_V1,CURRENT
680767,"Vodnik, Victor",2026,104,11,10.6,11.9,19.1,47.3,0.348,0.272,0.386,46.8,5.7,80.785878571,,,,FF,4-Seam Fastball,48.7,380,13.6,0.341,0.42,0.403,-0.9,BASEBALL_SAVANT_PITCH_ARSENAL_CURRENT_SEASON,2026-08-28T17:22:48+00:00,SAVANT_ARSENAL_SCHEMA_V1,CURRENT
680767,"Vodnik, Victor",2026,42,8,19.0,11.9,32.7,47.3,0.27,0.219,0.304,33.3,5.7,80.785878571,,,,SL,Slider,28.3,221,13.8,0.194,0.333,0.301,0.1,BASEBALL_SAVANT_PITCH_ARSENAL_CURRENT_SEASON,2026-08-28T17:22:48+00:00,SAVANT_ARSENAL_SCHEMA_V1,CURRENT
680767,"Vodnik, Victor",2026,34,9,26.5,11.9,25.5,47.3,0.294,0.199,0.391,28.6,5.7,80.785878571,,,,CH,Changeup,15.6,122,22.0,0.172,0.379,0.279,-0.3,BASEBALL_SAVANT_PITCH_ARSENAL_CURRENT_SEASON,2026-08-28T17:22:48+00:00,SAVANT_ARSENAL_SCHEMA_V1,CURRENT
680767,"Vodnik, Victor",2026,8,4,50.0,11.9,40.0,47.3,0.239,0.05,0.055,0.0,5.7,80.785878571,,,,SV,Slurve,3.2,25,33.3,0.0,0.0,0.175,0.6,BASEBALL_SAVANT_PITCH_ARSENAL_CURRENT_SEASON,2026-08-28T17:22:48+00:00,SAVANT_ARSENAL_SCHEMA_V1,CURRENT
680767,"Vodnik, Victor",2026,4,0,0.0,11.9,20.0,47.3,0.289,0.311,0.346,25.0,5.7,80.785878571,,,,SI,Sinker,2.3,18,,0.5,0.5,0.45,-0.8,BASEBALL_SAVANT_PITCH_ARSENAL_CURRENT_SEASON,2026-08-28T17:22:48+00:00,SAVANT_ARSENAL_SCHEMA_V1,CURRENT
680767,"Vodnik, Victor",2026,9,1,11.1,11.9,20.0,47.3,0.257,0.218,0.394,37.5,5.7,80.785878571,,,,FC,Cutter,1.8,14,100.0,0.222,0.667,0.361,1.3,BASEBALL_SAVANT_PITCH_ARSENAL_CURRENT_SEASON,2026-08-28T17:22:48+00:00,SAVANT_ARSENAL_SCHEMA_V1,CURRENT
608723,"Voth, Austin",2026,16,2,12.5,10.7,8.7,44.7,0.45,0.38,0.638,53.8,8.5,81.976357917,,,,FF,4-Seam Fastball,24.8,53,20.0,0.333,0.6,0.416,-6.4,BASEBALL_SAVANT_PITCH_ARSENAL_CURRENT_SEASON,2026-08-28T17:22:48+00:00,SAVANT_ARSENAL_SCHEMA_V1,CURRENT
608723,"Voth, Austin",2026,13,0,0.0,10.7,17.9,44.7,0.314,0.283,0.369,41.7,8.5,81.976357917,,,,FC,Cutter,23.8,51,0.0,0.417,0.5,0.496,-2.3,BASEBALL_SAVANT_PITCH_ARSENAL_CURRENT_SEASON,2026-08-28T17:22:48+00:00,SAVANT_ARSENAL_SCHEMA_V1,CURRENT
608723,"Voth, Austin",2026,11,0,0.0,10.7,14.3,44.7,0.263,0.243,0.367,27.3,8.5,81.976357917,,,,ST,Sweeper,18.7,40,0.0,0.273,0.273,0.245,1.1,BASEBALL_SAVANT_PITCH_ARSENAL_CURRENT_SEASON,2026-08-28T17:22:48+00:00,SAVANT_ARSENAL_SCHEMA_V1,CURRENT
608723,"Voth, Austin",2026,8,1,12.5,10.7,28.6,44.7,0.417,0.393,0.849,50.0,8.5,81.976357917,,,,CU,Curveball,15.9,34,8.3,0.4,1.2,0.494,-8.3,BASEBALL_SAVANT_PITCH_ARSENAL_CURRENT_SEASON,2026-08-28T17:22:48+00:00,SAVANT_ARSENAL_SCHEMA_V1,CURRENT
608723,"Voth, Austin",2026,7,0,0.0,10.7,12.5,44.7,0.551,0.473,0.542,0.0,8.5,81.976357917,,,,SI,Sinker,13.1,28,0.0,0.75,0.75,0.686,-4.4,BASEBALL_SAVANT_PITCH_ARSENAL_CURRENT_SEASON,2026-08-28T17:22:48+00:00,SAVANT_ARSENAL_SCHEMA_V1,CURRENT
608723,"Voth, Austin",2026,1,0,0.0,10.7,0.0,44.7,1.183,0.583,2.303,100.0,8.5,81.976357917,,,,FS,Split-Finger,3.7,8,0.0,1.0,4.0,2.0,-35.5,BASEBALL_SAVANT_PITCH_ARSENAL_CURRENT_SEASON,2026-08-28T17:22:48+00:00,SAVANT_ARSENAL_SCHEMA_V1,CURRENT
681190,"Vásquez, Randy",2026,145,26,17.9,6.6,20.3,49.8,0.322,0.261,0.415,43.1,10.2,81.954001608,,,,FF,4-Seam Fastball,30.7,606,11.7,0.226,0.331,0.277,1.2,BASEBALL_SAVANT_PITCH_ARSENAL_CURRENT_SEASON,2026-08-28T17:22:48+00:00,SAVANT_ARSENAL_SCHEMA_V1,CURRENT
681190,"Vásquez, Randy",2026,105,9,8.6,6.6,20.7,49.8,0.419,0.312,0.616,43.7,10.2,81.954001608,,,,FC,Cutter,24.0,473,12.9,0.33,0.638,0.425,-1.1,BASEBALL_SAVANT_PITCH_ARSENAL_CURRENT_SEASON,2026-08-28T17:22:48+00:00,SAVANT_ARSENAL_SCHEMA_V1,CURRENT
681190,"Vásquez, Randy",2026,104,13,12.5,6.6,9.6,49.8,0.38,0.29,0.525,47.5,10.2,81.954001608,,,,SI,Sinker,16.0,315,18.3,0.217,0.326,0.282,1.7,BASEBALL_SAVANT_PITCH_ARSENAL_CURRENT_SEASON,2026-08-28T17:22:48+00:00,SAVANT_ARSENAL_SCHEMA_V1,CURRENT
681190,"Vásquez, Randy",2026,47,8,17.0,6.6,19.1,49.8,0.37,0.309,0.44,48.6,10.2,81.954001608,,,,CU,Curveball,8.4,166,11.6,0.279,0.465,0.403,-2.3,BASEBALL_SAVANT_PITCH_ARSENAL_CURRENT_SEASON,2026-08-28T17:22:48+00:00,SAVANT_ARSENAL_SCHEMA_V1,CURRENT
681190,"Vásquez, Randy",2026,40,8,20.0,6.6,27.1,49.8,0.301,0.281,0.385,40.0,10.2,81.954001608,,,,CH,Changeup,8.3,163,15.4,0.243,0.27,0.246,-0.8,BASEBALL_SAVANT_PITCH_ARSENAL_CURRENT_SEASON,2026-08-28T17:22:48+00:00,SAVANT_ARSENAL_SCHEMA_V1,CURRENT
681190,"Vásquez, Randy",2026,42,9,21.4,6.6,24.7,49.8,0.298,0.25,0.454,39.4,10.2,81.954001608,,,,SL,Slider,7.0,138,12.7,0.286,0.548,0.352,-2.3,BASEBALL_SAVANT_PITCH_ARSENAL_CURRENT_SEASON,2026-08-28T17:22:48+00:00,SAVANT_ARSENAL_SCHEMA_V1,CURRENT
681190,"Vásquez, Randy",2026,32,3,9.4,6.6,14.3,49.8,0.452,0.363,0.703,40.7,10.2,81.954001608,,,,ST,Sweeper,5.6,110,6.0,0.345,0.552,0.394,-1.4,BASEBALL_SAVANT_PITCH_ARSENAL_CURRENT_SEASON,2026-08-28T17:22:48+00:00,SAVANT_ARSENAL_SCHEMA_V1,CURRENT
608379,"Wacha, Michael",2026,160,31,19.4,6.4,19.7,48.6,0.347,0.277,0.486,42.9,7.0,78.018672911,,,,FF,4-Seam Fastball,26.7,651,15.4,0.233,0.38,0.301,0.5,BASEBALL_SAVANT_PITCH_ARSENAL_CURRENT_SEASON,2026-08-28T17:22:48+00:00,SAVANT_ARSENAL_SCHEMA_V1,CURRENT
608379,"Wacha, Michael",2026,188,50,26.6,6.4,27.6,48.6,0.222,0.19,0.276,26.2,7.0,78.018672911,,,,CH,Changeup,24.9,607,20.7,0.19,0.313,0.249,1.7,BASEBALL_SAVANT_PITCH_ARSENAL_CURRENT_SEASON,2026-08-28T17:22:48+00:00,SAVANT_ARSENAL_SCHEMA_V1,CURRENT
608379,"Wacha, Michael",2026,103,11,10.7,6.4,12.7,48.6,0.357,0.276,0.484,42.2,7.0,78.018672911,,,,FC,Cutter,14.8,360,18.0,0.301,0.591,0.404,-0.5,BASEBALL_SAVANT_PITCH_ARSENAL_CURRENT_SEASON,2026-08-28T17:22:48+00:00,SAVANT_ARSENAL_SCHEMA_V1,CURRENT
608379,"Wacha, Michael",2026,115,21,18.3,6.4,13.9,48.6,0.379,0.27,0.495,42.9,7.0,78.018672911,,,,SI,Sinker,14.5,354,18.1,0.214,0.459,0.351,-0.2,BASEBALL_SAVANT_PITCH_ARSENAL_CURRENT_SEASON,2026-08-28T17:22:48+00:00,SAVANT_ARSENAL_SCHEMA_V1,CURRENT
608379,"Wacha, Michael",2026,37,5,13.5,6.4,21.6,48.6,0.307,0.243,0.447,36.7,7.0,78.018672911,,,,CU,Curveball,10.2,249,12.8,0.206,0.324,0.272,-0.9,BASEBALL_SAVANT_PITCH_ARSENAL_CURRENT_SEASON,2026-08-28T17:22:48+00:00,SAVANT_ARSENAL_SCHEMA_V1,CURRENT
608379,"Wacha, Michael",2026,54,8,14.8,6.4,29.9,48.6,0.308,0.287,0.415,33.3,7.0,78.018672911,,,,SL,Slider,8.8,213,13.3,0.308,0.5,0.352,-1.0,BASEBALL_SAVANT_PITCH_ARSENAL_CURRENT_SEASON,2026-08-28T17:22:48+00:00,SAVANT_ARSENAL_SCHEMA_V1,CURRENT
621097,"Waguespack, Jacob",2026,55,8,14.5,9.4,22.1,47.5,0.283,0.206,0.314,32.5,4.6,73.643927907,,,,FF,4-Seam Fastball,44.0,191,13.8,0.128,0.255,0.227,2.5,BASEBALL_SAVANT_PITCH_ARSENAL_CURRENT_SEASON,2026-08-28T17:22:48+00:00,SAVANT_ARSENAL_SCHEMA_V1,CURRENT
621097,"Waguespack, Jacob",2026,37,3,8.1,9.4,19.6,47.5,0.342,0.254,0.414,37.9,4.6,73.643927907,,,,FC,Cutter,31.8,138,13.6,0.194,0.484,0.339,-1.0,BASEBALL_SAVANT_PITCH_ARSENAL_CURRENT_SEASON,2026-08-28T17:22:48+00:00,SAVANT_ARSENAL_SCHEMA_V1,CURRENT
621097,"Waguespack, Jacob",2026,23,7,30.4,9.4,35.9,47.5,0.106,0.115,0.132,6.3,4.6,73.643927907,,,,CH,Changeup,19.8,86,17.5,0.091,0.091,0.164,1.1,BASEBALL_SAVANT_PITCH_ARSENAL_CURRENT_SEASON,2026-08-28T17:22:48+00:00,SAVANT_ARSENAL_SCHEMA_V1,CURRENT
621097,"Waguespack, Jacob",2026,2,0,0.0,9.4,28.6,47.5,0.475,0.508,0.582,50.0,4.6,73.643927907,,,,CU,Curveball,4.4,19,0.0,0.5,0.5,0.45,-0.1,BASEBALL_SAVANT_PITCH_ARSENAL_CURRENT_SEASON,2026-08-28T17:22:48+00:00,SAVANT_ARSENAL_SCHEMA_V1,CURRENT
686610,"Waldichuk, Ken",2026,17,5,29.4,12.5,39.3,41.6,0.306,0.157,0.415,36.4,19.2,78.124699167,,,,CU,Curveball,40.9,61,17.9,0.188,0.375,0.306,-1.1,BASEBALL_SAVANT_PITCH_ARSENAL_CURRENT_SEASON,2026-08-28T17:22:48+00:00,SAVANT_ARSENAL_SCHEMA_V1,CURRENT
686610,"Waldichuk, Ken",2026,16,2,12.5,12.5,5.9,41.6,0.442,0.273,0.491,33.3,19.2,78.124699167,,,,FF,4-Seam Fastball,32.9,49,16.7,0.273,0.545,0.456,-3.5,BASEBALL_SAVANT_PITCH_ARSENAL_CURRENT_SEASON,2026-08-28T17:22:48+00:00,SAVANT_ARSENAL_SCHEMA_V1,CURRENT
686610,"Waldichuk, Ken",2026,4,0,0.0,12.5,28.6,41.6,0.793,0.544,1.346,50.0,19.2,78.124699167,,,,FC,Cutter,18.1,27,0.0,0.25,1.0,0.5,-2.1,BASEBALL_SAVANT_PITCH_ARSENAL_CURRENT_SEASON,2026-08-28T17:22:48+00:00,SAVANT_ARSENAL_SCHEMA_V1,CURRENT
686610,"Waldichuk, Ken",2026,3,1,33.3,12.5,33.3,41.6,0.376,0.188,0.727,50.0,19.2,78.124699167,,,,ST,Sweeper,6.7,10,100.0,0.333,1.333,0.667,-21.7,BASEBALL_SAVANT_PITCH_ARSENAL_CURRENT_SEASON,2026-08-28T17:22:48+00:00,SAVANT_ARSENAL_SCHEMA_V1,CURRENT
694462,"Waldrep, Hurston",2026,24,1,4.2,17.9,9.4,40.0,0.354,0.255,0.286,41.2,8.6,78.786981667,,,,SI,Sinker,38.6,83,12.5,0.389,0.389,0.438,-0.9,BASEBALL_SAVANT_PITCH_ARSENAL_CURRENT_SEASON,2026-08-28T17:22:48+00:00,SAVANT_ARSENAL_SCHEMA_V1,CURRENT
694462,"Waldrep, Hurston",2026,12,2,16.7,17.9,31.3,40.0,0.354,0.231,0.443,12.5,8.6,78.786981667,,,,FS,Split-Finger,19.1,41,10.5,0.2,0.5,0.358,-2.6,BASEBALL_SAVANT_PITCH_ARSENAL_CURRENT_SEASON,2026-08-28T17:22:48+00:00,SAVANT_ARSENAL_SCHEMA_V1,CURRENT
694462,"Waldrep, Hurston",2026,5,0,0.0,17.9,7.7,40.0,0.242,0.118,0.179,25.0,8.6,78.786981667,,,,FC,Cutter,15.8,34,0.0,0.0,0.0,0.14,2.0,BASEBALL_SAVANT_PITCH_ARSENAL_CURRENT_SEASON,2026-08-28T17:22:48+00:00,SAVANT_ARSENAL_SCHEMA_V1,CURRENT
694462,"Waldrep, Hurston",2026,8,2,25.0,17.9,38.5,40.0,0.53,0.341,0.785,50.0,8.6,78.786981667,,,,SL,Slider,14.4,31,33.3,0.5,1.0,0.65,-4.7,BASEBALL_SAVANT_PITCH_ARSENAL_CURRENT_SEASON,2026-08-28T17:22:48+00:00,SAVANT_ARSENAL_SCHEMA_V1,CURRENT
694462,"Waldrep, Hurston",2026,7,4,57.1,17.9,50.0,40.0,0.27,0.127,0.353,50.0,8.6,78.786981667,,,,CU,Curveball,12.1,26,50.0,0.167,0.667,0.386,-2.6,BASEBALL_SAVANT_PITCH_ARSENAL_CURRENT_SEASON,2026-08-28T17:22:48+00:00,SAVANT_ARSENAL_SCHEMA_V1,CURRENT
663362,"Waldron, Matt",2026,54,13,24.1,6.2,18.7,48.8,0.263,0.244,0.337,35.9,6.0,79.459778,,,,KN,Knuckleball,30.1,194,21.7,0.314,0.529,0.366,-2.8,BASEBALL_SAVANT_PITCH_ARSENAL_CURRENT_SEASON,2026-08-28T17:22:48+00:00,SAVANT_ARSENAL_SCHEMA_V1,CURRENT
663362,"Waldron, Matt",2026,32,7,21.9,6.2,16.7,48.8,0.174,0.153,0.198,16.7,6.0,79.459778,,,,FC,Cutter,20.7,133,35.0,0.3,0.333,0.286,2.1,BASEBALL_SAVANT_PITCH_ARSENAL_CURRENT_SEASON,2026-08-28T17:22:48+00:00,SAVANT_ARSENAL_SCHEMA_V1,CURRENT
663362,"Waldron, Matt",2026,33,6,18.2,6.2,19.7,48.8,0.347,0.224,0.489,39.1,6.0,79.459778,,,,FF,4-Seam Fastball,18.5,119,13.0,0.31,0.655,0.439,-2.9,BASEBALL_SAVANT_PITCH_ARSENAL_CURRENT_SEASON,2026-08-28T17:22:48+00:00,SAVANT_ARSENAL_SCHEMA_V1,CURRENT
663362,"Waldron, Matt",2026,36,5,13.9,6.2,14.8,48.8,0.361,0.283,0.494,55.2,6.0,79.459778,,,,SI,Sinker,16.3,105,27.8,0.375,0.563,0.41,-0.9,BASEBALL_SAVANT_PITCH_ARSENAL_CURRENT_SEASON,2026-08-28T17:22:48+00:00,SAVANT_ARSENAL_SCHEMA_V1,CURRENT
663362,"Waldron, Matt",2026,23,1,4.3,6.2,8.3,48.8,0.377,0.271,0.446,38.9,6.0,79.459778,,,,ST,Sweeper,14.4,93,4.2,0.316,0.684,0.467,-3.7,BASEBALL_SAVANT_PITCH_ARSENAL_CURRENT_SEASON,2026-08-28T17:22:48+00:00,SAVANT_ARSENAL_SCHEMA_V1,CURRENT
677020,"Walker, Josh",2026,28,9,32.1,7.8,30.8,50.7,0.192,0.147,0.223,35.3,5.7,81.078617692,,,,SL,Slider,42.9,127,20.0,0.12,0.28,0.23,1.2,BASEBALL_SAVANT_PITCH_ARSENAL_CURRENT_SEASON,2026-08-28T17:22:48+00:00,SAVANT_ARSENAL_SCHEMA_V1,CURRENT
677020,"Walker, Josh",2026,27,1,3.7,7.8,4.5,50.7,0.311,0.23,0.339,45.5,5.7,81.078617692,,,,SI,Sinker,26.4,78,5.9,0.348,0.435,0.396,-0.1,BASEBALL_SAVANT_PITCH_ARSENAL_CURRENT_SEASON,2026-08-28T17:22:48+00:00,SAVANT_ARSENAL_SCHEMA_V1,CURRENT
677020,"Walker, Josh",2026,18,7,38.9,7.8,20.6,50.7,0.325,0.291,0.467,36.4,5.7,81.078617692,,,,FF,4-Seam Fastball,22.6,67,33.3,0.278,0.5,0.331,0.7,BASEBALL_SAVANT_PITCH_ARSENAL_CURRENT_SEASON,2026-08-28T17:22:48+00:00,SAVANT_ARSENAL_SCHEMA_V1,CURRENT
677020,"Walker, Josh",2026,3,0,0.0,7.8,14.3,50.7,0.328,0.352,0.385,66.7,5.7,81.078617692,,,,CH,Changeup,8.1,24,0.0,0.333,0.333,0.3,-0.8,BASEBALL_SAVANT_PITCH_ARSENAL_CURRENT_SEASON,2026-08-28T17:22:48+00:00,SAVANT_ARSENAL_SCHEMA_V1,CURRENT
676254,"Walker, Ryan",2026,87,15,17.2,11.3,13.0,42.8,0.335,0.269,0.386,41.0,5.9,73.543298,,,,SI,Sinker,65.4,361,15.0,0.36,0.507,0.418,-1.2,BASEBALL_SAVANT_PITCH_ARSENAL_CURRENT_SEASON,2026-08-28T17:22:48+00:00,SAVANT_ARSENAL_SCHEMA_V1,CURRENT
676254,"Walker, Ryan",2026,45,6,13.3,11.3,21.3,42.8,0.283,0.248,0.382,27.0,5.9,73.543298,,,,SL,Slider,30.6,169,10.5,0.22,0.39,0.294,-0.5,BASEBALL_SAVANT_PITCH_ARSENAL_CURRENT_SEASON,2026-08-28T17:22:48+00:00,SAVANT_ARSENAL_SCHEMA_V1,CURRENT
676254,"Walker, Ryan",2026,6,1,16.7,11.3,14.3,42.8,0.221,0.124,0.169,50.0,5.9,73.543298,,,,FF,4-Seam Fastball,4.0,22,10.0,0.2,0.2,0.267,-0.5,BASEBALL_SAVANT_PITCH_ARSENAL_CURRENT_SEASON,2026-08-28T17:22:48+00:00,SAVANT_ARSENAL_SCHEMA_V1,CURRENT
592836,"Walker, Taijuan",2026,37,5,13.5,9.6,19.0,45.0,0.428,0.358,0.627,45.2,12.9,76.121606047,,,,FS,Split-Finger,23.1,98,17.2,0.361,0.583,0.449,-4.1,BASEBALL_SAVANT_PITCH_ARSENAL_CURRENT_SEASON,2026-08-28T17:22:48+00:00,SAVANT_ARSENAL_SCHEMA_V1,CURRENT
592836,"Walker, Taijuan",2026,20,4,20.0,9.6,13.3,45.0,0.371,0.239,0.44,41.7,12.9,76.121606047,,,,SI,Sinker,22.6,96,14.3,0.375,0.625,0.483,-3.8,BASEBALL_SAVANT_PITCH_ARSENAL_CURRENT_SEASON,2026-08-28T17:22:48+00:00,SAVANT_ARSENAL_SCHEMA_V1,CURRENT
592836,"Walker, Taijuan",2026,22,2,9.1,9.6,17.1,45.0,0.434,0.347,0.651,22.2,12.9,76.121606047,,,,FC,Cutter,19.8,84,18.2,0.368,0.842,0.582,-6.1,BASEBALL_SAVANT_PITCH_ARSENAL_CURRENT_SEASON,2026-08-28T17:22:48+00:00,SAVANT_ARSENAL_SCHEMA_V1,CURRENT
592836,"Walker, Taijuan",2026,12,3,25.0,9.6,21.7,45.0,0.242,0.158,0.437,22.2,12.9,76.121606047,,,,CU,Curveball,12.7,54,21.4,0.167,0.417,0.242,-1.6,BASEBALL_SAVANT_PITCH_ARSENAL_CURRENT_SEASON,2026-08-28T17:22:48+00:00,SAVANT_ARSENAL_SCHEMA_V1,CURRENT
592836,"Walker, Taijuan",2026,13,2,15.4,9.6,18.5,45.0,0.308,0.276,0.358,20.0,12.9,76.121606047,,,,SL,Slider,11.8,50,13.3,0.333,0.333,0.331,1.3,BASEBALL_SAVANT_PITCH_ARSENAL_CURRENT_SEASON,2026-08-28T17:22:48+00:00,SAVANT_ARSENAL_SCHEMA_V1,CURRENT
592836,"Walker, Taijuan",2026,11,1,9.1,9.6,0.0,45.0,0.685,0.483,1.13,66.7,12.9,76.121606047,,,,FF,4-Seam Fastball,9.9,42,6.7,0.571,1.571,0.814,-14.9,BASEBALL_SAVANT_PITCH_ARSENAL_CURRENT_SEASON,2026-08-28T17:22:48+00:00,SAVANT_ARSENAL_SCHEMA_V1,CURRENT
681806,"Wantz, Andrew",2026,7,0,0.0,15.0,0.0,53.1,0.751,0.553,1.375,75.0,7.1,75.693604286,,,,FF,4-Seam Fastball,34.6,28,0.0,0.75,1.5,0.843,-11.0,BASEBALL_SAVANT_PITCH_ARSENAL_CURRENT_SEASON,2026-08-28T17:22:48+00:00,SAVANT_ARSENAL_SCHEMA_V1,CURRENT
681806,"Wantz, Andrew",2026,4,1,25.0,15.0,30.8,53.1,0.407,0.318,0.389,50.0,7.1,75.693604286,,,,FC,Cutter,27.2,22,33.3,0.333,0.333,0.4,1.8,BASEBALL_SAVANT_PITCH_ARSENAL_CURRENT_SEASON,2026-08-28T17:22:48+00:00,SAVANT_ARSENAL_SCHEMA_V1,CURRENT
681806,"Wantz, Andrew",2026,3,0,0.0,15.0,14.3,53.1,0.321,0.145,0.166,0.0,7.1,75.693604286,,,,SI,Sinker,18.5,15,0.0,0.0,0.0,0.233,1.3,BASEBALL_SAVANT_PITCH_ARSENAL_CURRENT_SEASON,2026-08-28T17:22:48+00:00,SAVANT_ARSENAL_SCHEMA_V1,CURRENT
681806,"Wantz, Andrew",2026,4,0,0.0,15.0,0.0,53.1,0.109,0.117,0.141,0.0,7.1,75.693604286,,,,ST,Sweeper,12.3,10,0.0,0.25,0.5,0.313,-3.7,BASEBALL_SAVANT_PITCH_ARSENAL_CURRENT_SEASON,2026-08-28T17:22:48+00:00,SAVANT_ARSENAL_SCHEMA_V1,CURRENT
681806,"Wantz, Andrew",2026,1,0,0.0,15.0,50.0,53.1,0.042,0.047,0.047,0.0,7.1,75.693604286,,,,CU,Curveball,3.7,3,0.0,0.0,0.0,0.0,6.3,BASEBALL_SAVANT_PITCH_ARSENAL_CURRENT_SEASON,2026-08-28T17:22:48+00:00,SAVANT_ARSENAL_SCHEMA_V1,CURRENT
681806,"Wantz, Andrew",2026,1,0,0.0,15.0,0.0,53.1,0.889,0.926,1.122,100.0,7.1,75.693604286,,,,CH,Changeup,3.7,3,0.0,0.0,0.0,0.0,6.2,BASEBALL_SAVANT_PITCH_ARSENAL_CURRENT_SEASON,2026-08-28T17:22:48+00:00,SAVANT_ARSENAL_SCHEMA_V1,CURRENT
681810,"Warren, Austin",2026,67,11,16.4,11.4,26.0,40.2,0.361,0.286,0.449,35.4,12.3,78.671533208,,,,ST,Sweeper,46.0,341,15.5,0.271,0.39,0.341,0.3,BASEBALL_SAVANT_PITCH_ARSENAL_CURRENT_SEASON,2026-08-28T17:22:48+00:00,SAVANT_ARSENAL_SCHEMA_V1,CURRENT
681810,"Warren, Austin",2026,60,18,30.0,11.4,12.9,40.2,0.331,0.218,0.372,45.2,12.3,78.671533208,,,,SI,Sinker,26.7,198,29.5,0.229,0.458,0.344,-0.6,BASEBALL_SAVANT_PITCH_ARSENAL_CURRENT_SEASON,2026-08-28T17:22:48+00:00,SAVANT_ARSENAL_SCHEMA_V1,CURRENT
681810,"Warren, Austin",2026,15,8,53.3,11.4,50.0,40.2,0.273,0.176,0.409,83.3,12.3,78.671533208,,,,FF,4-Seam Fastball,15.9,118,25.0,0.214,0.5,0.323,-1.0,BASEBALL_SAVANT_PITCH_ARSENAL_CURRENT_SEASON,2026-08-28T17:22:48+00:00,SAVANT_ARSENAL_SCHEMA_V1,CURRENT
681810,"Warren, Austin",2026,29,7,24.1,11.4,25.0,40.2,0.359,0.295,0.453,36.8,12.3,78.671533208,,,,CU,Curveball,8.5,63,15.6,0.308,0.538,0.395,-6.3,BASEBALL_SAVANT_PITCH_ARSENAL_CURRENT_SEASON,2026-08-28T17:22:48+00:00,SAVANT_ARSENAL_SCHEMA_V1,CURRENT
681810,"Warren, Austin",2026,3,1,33.3,11.4,33.3,40.2,0.329,0.338,0.425,50.0,12.3,78.671533208,,,,CH,Changeup,1.5,11,20.0,0.333,0.333,0.3,-0.7,BASEBALL_SAVANT_PITCH_ARSENAL_CURRENT_SEASON,2026-08-28T17:22:48+00:00,SAVANT_ARSENAL_SCHEMA_V1,CURRENT
681810,"Warren, Austin",2026,2,0,0.0,11.4,40.0,40.2,0.25,0.273,0.29,50.0,12.3,78.671533208,,,,FC,Cutter,1.5,11,0.0,0.0,0.0,0.0,3.0,BASEBALL_SAVANT_PITCH_ARSENAL_CURRENT_SEASON,2026-08-28T17:22:48+00:00,SAVANT_ARSENAL_SCHEMA_V1,CURRENT
701542,"Warren, Will",2026,195,53,27.2,8.1,21.8,43.8,0.316,0.22,0.431,46.7,7.9,80.779756085,,,,FF,4-Seam Fastball,36.0,789,21.2,0.227,0.471,0.331,-0.1,BASEBALL_SAVANT_PITCH_ARSENAL_CURRENT_SEASON,2026-08-28T17:22:48+00:00,SAVANT_ARSENAL_SCHEMA_V1,CURRENT
701542,"Warren, Will",2026,174,30,17.2,8.1,17.7,43.8,0.36,0.305,0.426,50.8,7.9,80.779756085,,,,SI,Sinker,26.8,587,20.8,0.314,0.451,0.39,-1.5,BASEBALL_SAVANT_PITCH_ARSENAL_CURRENT_SEASON,2026-08-28T17:22:48+00:00,SAVANT_ARSENAL_SCHEMA_V1,CURRENT
701542,"Warren, Will",2026,89,16,18.0,8.1,22.4,43.8,0.376,0.306,0.504,41.8,7.9,80.779756085,,,,ST,Sweeper,19.5,428,16.0,0.35,0.613,0.425,-1.5,BASEBALL_SAVANT_PITCH_ARSENAL_CURRENT_SEASON,2026-08-28T17:22:48+00:00,SAVANT_ARSENAL_SCHEMA_V1,CURRENT
701542,"Warren, Will",2026,70,16,22.9,8.1,28.0,43.8,0.272,0.245,0.341,35.3,7.9,80.779756085,,,,CH,Changeup,12.5,275,16.0,0.149,0.239,0.215,0.3,BASEBALL_SAVANT_PITCH_ARSENAL_CURRENT_SEASON,2026-08-28T17:22:48+00:00,SAVANT_ARSENAL_SCHEMA_V1,CURRENT
701542,"Warren, Will",2026,30,11,36.7,8.1,31.9,43.8,0.262,0.24,0.334,22.2,7.9,80.779756085,,,,CU,Curveball,5.2,113,18.6,0.345,0.552,0.395,-2.6,BASEBALL_SAVANT_PITCH_ARSENAL_CURRENT_SEASON,2026-08-28T17:22:48+00:00,SAVANT_ARSENAL_SCHEMA_V1,CURRENT
670245,"Watson, Ryan",2026,65,6,9.2,7.7,17.1,49.3,0.471,0.356,0.703,39.6,10.7,77.518566392,,,,FC,Cutter,26.1,262,18.2,0.362,0.672,0.462,-1.2,BASEBALL_SAVANT_PITCH_ARSENAL_CURRENT_SEASON,2026-08-28T17:22:48+00:00,SAVANT_ARSENAL_SCHEMA_V1,CURRENT
670245,"Watson, Ryan",2026,55,16,29.1,7.7,32.4,49.3,0.234,0.215,0.319,35.9,10.7,77.518566392,,,,ST,Sweeper,22.2,223,17.0,0.167,0.259,0.196,1.5,BASEBALL_SAVANT_PITCH_ARSENAL_CURRENT_SEASON,2026-08-28T17:22:48+00:00,SAVANT_ARSENAL_SCHEMA_V1,CURRENT
670245,"Watson, Ryan",2026,55,9,16.4,7.7,20.0,49.3,0.353,0.272,0.438,43.6,10.7,77.518566392,,,,FF,4-Seam Fastball,19.3,194,13.4,0.292,0.396,0.35,-0.5,BASEBALL_SAVANT_PITCH_ARSENAL_CURRENT_SEASON,2026-08-28T17:22:48+00:00,SAVANT_ARSENAL_SCHEMA_V1,CURRENT
670245,"Watson, Ryan",2026,50,2,4.0,7.7,14.6,49.3,0.447,0.34,0.597,31.7,10.7,77.518566392,,,,SI,Sinker,16.1,162,7.7,0.262,0.571,0.399,-1.1,BASEBALL_SAVANT_PITCH_ARSENAL_CURRENT_SEASON,2026-08-28T17:22:48+00:00,SAVANT_ARSENAL_SCHEMA_V1,CURRENT
670245,"Watson, Ryan",2026,45,19,42.2,7.7,38.7,49.3,0.179,0.161,0.191,33.3,10.7,77.518566392,,,,CU,Curveball,15.3,154,24.1,0.167,0.19,0.183,0.6,BASEBALL_SAVANT_PITCH_ARSENAL_CURRENT_SEASON,2026-08-28T17:22:48+00:00,SAVANT_ARSENAL_SCHEMA_V1,CURRENT
670245,"Watson, Ryan",2026,1,0,0.0,7.7,66.7,49.3,0.029,0.032,0.032,0.0,10.7,77.518566392,,,,FS,Split-Finger,100.0,10,0.0,0.0,0.0,0.0,-0.8,BASEBALL_SAVANT_PITCH_ARSENAL_CURRENT_SEASON,2026-08-28T17:22:48+00:00,SAVANT_ARSENAL_SCHEMA_V1,CURRENT
694360,"Way, Beck",2026,40,6,15.0,9.5,33.7,44.7,0.338,0.26,0.382,38.7,6.8,80.032778919,,,,FC,Cutter,42.2,164,26.1,0.25,0.333,0.283,2.2,BASEBALL_SAVANT_PITCH_ARSENAL_CURRENT_SEASON,2026-08-28T17:22:48+00:00,SAVANT_ARSENAL_SCHEMA_V1,CURRENT
694360,"Way, Beck",2026,37,4,10.8,9.5,7.1,44.7,0.371,0.306,0.439,46.4,6.8,80.032778919,,,,SI,Sinker,24.7,96,21.1,0.344,0.438,0.416,-2.0,BASEBALL_SAVANT_PITCH_ARSENAL_CURRENT_SEASON,2026-08-28T17:22:48+00:00,SAVANT_ARSENAL_SCHEMA_V1,CURRENT
694360,"Way, Beck",2026,9,4,44.4,9.5,30.4,44.7,0.122,0.118,0.16,0.0,6.8,80.032778919,,,,ST,Sweeper,15.7,61,11.4,0.222,0.222,0.2,-0.1,BASEBALL_SAVANT_PITCH_ARSENAL_CURRENT_SEASON,2026-08-28T17:22:48+00:00,SAVANT_ARSENAL_SCHEMA_V1,CURRENT
694360,"Way, Beck",2026,17,6,35.3,9.5,23.8,44.7,0.422,0.24,0.52,75.0,6.8,80.032778919,,,,FF,4-Seam Fastball,14.1,55,24.0,0.385,0.923,0.538,-6.7,BASEBALL_SAVANT_PITCH_ARSENAL_CURRENT_SEASON,2026-08-28T17:22:48+00:00,SAVANT_ARSENAL_SCHEMA_V1,CURRENT
694360,"Way, Beck",2026,2,1,50.0,9.5,40.0,44.7,0.137,0.152,0.153,0.0,6.8,80.032778919,,,,CH,Changeup,3.3,13,20.0,0.0,0.0,0.0,3.1,BASEBALL_SAVANT_PITCH_ARSENAL_CURRENT_SEASON,2026-08-28T17:22:48+00:00,SAVANT_ARSENAL_SCHEMA_V1,CURRENT
677960,"Weathers, Ryan",2026,157,42,26.8,6.7,34.9,44.8,0.265,0.237,0.346,35.1,8.6,77.68228672,,,,CH,Changeup,25.3,576,19.9,0.213,0.32,0.247,0.3,BASEBALL_SAVANT_PITCH_ARSENAL_CURRENT_SEASON,2026-08-28T17:22:48+00:00,SAVANT_ARSENAL_SCHEMA_V1,CURRENT
677960,"Weathers, Ryan",2026,122,30,24.6,6.7,21.6,44.8,0.404,0.271,0.619,51.2,8.6,77.68228672,,,,FF,4-Seam Fastball,22.2,506,18.4,0.282,0.591,0.41,-1.7,BASEBALL_SAVANT_PITCH_ARSENAL_CURRENT_SEASON,2026-08-28T17:22:48+00:00,SAVANT_ARSENAL_SCHEMA_V1,CURRENT
677960,"Weathers, Ryan",2026,129,9,7.0,6.7,8.6,44.8,0.367,0.317,0.447,44.9,8.6,77.68228672,,,,SI,Sinker,20.8,474,11.0,0.276,0.362,0.343,1.1,BASEBALL_SAVANT_PITCH_ARSENAL_CURRENT_SEASON,2026-08-28T17:22:48+00:00,SAVANT_ARSENAL_SCHEMA_V1,CURRENT
677960,"Weathers, Ryan",2026,79,30,38.0,6.7,38.8,44.8,0.284,0.23,0.321,24.4,8.6,77.68228672,,,,ST,Sweeper,20.1,458,29.1,0.243,0.329,0.292,0.3,BASEBALL_SAVANT_PITCH_ARSENAL_CURRENT_SEASON,2026-08-28T17:22:48+00:00,SAVANT_ARSENAL_SCHEMA_V1,CURRENT
677960,"Weathers, Ryan",2026,81,32,39.5,6.7,35.0,44.8,0.257,0.197,0.357,40.0,8.6,77.68228672,,,,SL,Slider,11.7,266,26.7,0.234,0.364,0.279,0.5,BASEBALL_SAVANT_PITCH_ARSENAL_CURRENT_SEASON,2026-08-28T17:22:48+00:00,SAVANT_ARSENAL_SCHEMA_V1,CURRENT
596133,"Weaver, Luke",2026,90,25,27.8,7.1,21.7,53.0,0.265,0.212,0.317,39.7,7.9,78.683686935,,,,FF,4-Seam Fastball,50.2,377,22.9,0.183,0.244,0.247,1.7,BASEBALL_SAVANT_PITCH_ARSENAL_CURRENT_SEASON,2026-08-28T17:22:48+00:00,SAVANT_ARSENAL_SCHEMA_V1,CURRENT
596133,"Weaver, Luke",2026,84,26,31.0,7.1,39.1,53.0,0.227,0.164,0.285,30.8,7.9,78.683686935,,,,CH,Changeup,35.2,264,25.5,0.179,0.282,0.245,2.2,BASEBALL_SAVANT_PITCH_ARSENAL_CURRENT_SEASON,2026-08-28T17:22:48+00:00,SAVANT_ARSENAL_SCHEMA_V1,CURRENT
596133,"Weaver, Luke",2026,21,2,9.5,7.1,35.6,53.0,0.432,0.326,0.687,35.3,7.9,78.683686935,,,,FC,Cutter,14.5,109,18.2,0.167,0.333,0.248,0.1,BASEBALL_SAVANT_PITCH_ARSENAL_CURRENT_SEASON,2026-08-28T17:22:48+00:00,SAVANT_ARSENAL_SCHEMA_V1,CURRENT
657097,"Webb, Jacob",2026,108,28,25.9,8.5,25.0,50.6,0.36,0.271,0.47,52.9,7.0,76.869685823,,,,FF,4-Seam Fastball,43.5,430,18.1,0.255,0.404,0.353,-0.7,BASEBALL_SAVANT_PITCH_ARSENAL_CURRENT_SEASON,2026-08-28T17:22:48+00:00,SAVANT_ARSENAL_SCHEMA_V1,CURRENT
657097,"Webb, Jacob",2026,109,34,31.2,8.5,43.7,50.6,0.242,0.201,0.276,28.4,7.0,76.869685823,,,,CH,Changeup,37.7,372,24.3,0.198,0.267,0.244,1.5,BASEBALL_SAVANT_PITCH_ARSENAL_CURRENT_SEASON,2026-08-28T17:22:48+00:00,SAVANT_ARSENAL_SCHEMA_V1,CURRENT
657097,"Webb, Jacob",2026,19,2,10.5,8.5,25.6,50.6,0.378,0.306,0.582,23.5,7.0,76.869685823,,,,SL,Slider,9.3,92,9.5,0.263,0.579,0.4,-2.3,BASEBALL_SAVANT_PITCH_ARSENAL_CURRENT_SEASON,2026-08-28T17:22:48+00:00,SAVANT_ARSENAL_SCHEMA_V1,CURRENT
657097,"Webb, Jacob",2026,8,0,0.0,8.5,15.4,50.6,0.338,0.303,0.362,71.4,7.0,76.869685823,,,,CU,Curveball,6.9,68,0.0,0.143,0.143,0.2,1.9,BASEBALL_SAVANT_PITCH_ARSENAL_CURRENT_SEASON,2026-08-28T17:22:48+00:00,SAVANT_ARSENAL_SCHEMA_V1,CURRENT
657097,"Webb, Jacob",2026,2,0,0.0,8.5,42.9,50.6,0.559,0.586,0.707,100.0,7.0,76.869685823,,,,ST,Sweeper,2.6,26,0.0,0.5,1.0,0.625,-1.0,BASEBALL_SAVANT_PITCH_ARSENAL_CURRENT_SEASON,2026-08-28T17:22:48+00:00,SAVANT_ARSENAL_SCHEMA_V1,CURRENT
657277,"Webb, Logan",2026,204,18,8.8,6.0,10.3,47.6,0.351,0.291,0.434,50.9,5.7,76.557374885,,,,SI,Sinker,28.8,642,17.5,0.225,0.341,0.302,2.2,BASEBALL_SAVANT_PITCH_ARSENAL_CURRENT_SEASON,2026-08-28T17:22:48+00:00,SAVANT_ARSENAL_SCHEMA_V1,CURRENT
657277,"Webb, Logan",2026,153,40,26.1,6.0,27.8,47.6,0.287,0.253,0.352,32.4,5.7,76.557374885,,,,CH,Changeup,24.4,545,16.2,0.236,0.333,0.288,-0.1,BASEBALL_SAVANT_PITCH_ARSENAL_CURRENT_SEASON,2026-08-28T17:22:48+00:00,SAVANT_ARSENAL_SCHEMA_V1,CURRENT
657277,"Webb, Logan",2026,91,25,27.5,6.0,22.8,47.6,0.293,0.219,0.366,33.3,5.7,76.557374885,,,,ST,Sweeper,19.9,444,23.4,0.207,0.305,0.279,1.0,BASEBALL_SAVANT_PITCH_ARSENAL_CURRENT_SEASON,2026-08-28T17:22:48+00:00,SAVANT_ARSENAL_SCHEMA_V1,CURRENT
657277,"Webb, Logan",2026,78,24,30.8,6.0,24.2,47.6,0.25,0.207,0.303,34.7,5.7,76.557374885,,,,FF,4-Seam Fastball,13.5,302,15.2,0.192,0.26,0.229,1.6,BASEBALL_SAVANT_PITCH_ARSENAL_CURRENT_SEASON,2026-08-28T17:22:48+00:00,SAVANT_ARSENAL_SCHEMA_V1,CURRENT
657277,"Webb, Logan",2026,76,10,13.2,6.0,20.4,47.6,0.299,0.263,0.394,22.2,5.7,76.557374885,,,,FC,Cutter,13.4,299,20.0,0.292,0.486,0.359,0.1,BASEBALL_SAVANT_PITCH_ARSENAL_CURRENT_SEASON,2026-08-28T17:22:48+00:00,SAVANT_ARSENAL_SCHEMA_V1,CURRENT
676620,"Weiman, Blake",2026,22,7,31.8,2.3,26.8,46.5,0.16,0.164,0.204,13.3,5.9,75.994170588,,,,ST,Sweeper,47.2,75,38.9,0.238,0.333,0.29,0.9,BASEBALL_SAVANT_PITCH_ARSENAL_CURRENT_SEASON,2026-08-28T17:22:48+00:00,SAVANT_ARSENAL_SCHEMA_V1,CURRENT
676620,"Weiman, Blake",2026,8,1,12.5,2.3,27.8,46.5,0.453,0.365,0.697,28.6,5.9,75.994170588,,,,SL,Slider,28.3,45,11.1,0.375,0.875,0.519,-2.9,BASEBALL_SAVANT_PITCH_ARSENAL_CURRENT_SEASON,2026-08-28T17:22:48+00:00,SAVANT_ARSENAL_SCHEMA_V1,CURRENT
676620,"Weiman, Blake",2026,9,0,0.0,2.3,0.0,46.5,0.378,0.406,0.467,55.6,5.9,75.994170588,,,,SI,Sinker,11.9,19,0.0,0.667,0.667,0.6,-10.6,BASEBALL_SAVANT_PITCH_ARSENAL_CURRENT_SEASON,2026-08-28T17:22:48+00:00,SAVANT_ARSENAL_SCHEMA_V1,CURRENT
676620,"Weiman, Blake",2026,2,0,0.0,2.3,0.0,46.5,0.427,0.229,0.25,100.0,5.9,75.994170588,,,,CH,Changeup,6.9,11,0.0,0.0,0.0,0.0,1.3,BASEBALL_SAVANT_PITCH_ARSENAL_CURRENT_SEASON,2026-08-28T17:22:48+00:00,SAVANT_ARSENAL_SCHEMA_V1,CURRENT
676620,"Weiman, Blake",2026,1,0,0.0,2.3,0.0,46.5,0.031,0.023,0.042,0.0,5.9,75.994170588,,,,FF,4-Seam Fastball,5.7,9,0.0,0.0,0.0,0.0,2.3,BASEBALL_SAVANT_PITCH_ARSENAL_CURRENT_SEASON,2026-08-28T17:22:48+00:00,SAVANT_ARSENAL_SCHEMA_V1,CURRENT
674073,"Weisenburger, Jack",2026,7,2,28.6,11.1,29.4,49.4,0.171,0.114,0.3,20.0,8.3,85.466301667,,,,ST,Sweeper,31.6,25,16.7,0.0,0.0,0.0,7.0,BASEBALL_SAVANT_PITCH_ARSENAL_CURRENT_SEASON,2026-08-28T17:22:48+00:00,SAVANT_ARSENAL_SCHEMA_V1,CURRENT
674073,"Weisenburger, Jack",2026,3,1,33.3,11.1,28.6,49.4,0.193,0.175,0.27,50.0,8.3,85.466301667,,,,FF,4-Seam Fastball,25.3,20,9.1,0.333,0.667,0.417,-2.4,BASEBALL_SAVANT_PITCH_ARSENAL_CURRENT_SEASON,2026-08-28T17:22:48+00:00,SAVANT_ARSENAL_SCHEMA_V1,CURRENT
674073,"Weisenburger, Jack",2026,5,0,0.0,11.1,0.0,49.4,0.511,0.378,0.515,33.3,8.3,85.466301667,,,,FC,Cutter,19.0,15,0.0,0.667,0.667,0.64,-4.1,BASEBALL_SAVANT_PITCH_ARSENAL_CURRENT_SEASON,2026-08-28T17:22:48+00:00,SAVANT_ARSENAL_SCHEMA_V1,CURRENT
674073,"Weisenburger, Jack",2026,2,0,0.0,11.1,12.5,49.4,0.148,0.146,0.184,50.0,8.3,85.466301667,,,,SI,Sinker,19.0,15,0.0,0.0,0.0,0.0,4.4,BASEBALL_SAVANT_PITCH_ARSENAL_CURRENT_SEASON,2026-08-28T17:22:48+00:00,SAVANT_ARSENAL_SCHEMA_V1,CURRENT
674073,"Weisenburger, Jack",2026,1,1,100.0,11.1,100.0,49.4,0.0,0.172,0.302,33.3,8.3,85.466301667,,,,CH,Changeup,2.5,2,100.0,0.0,0.0,0.0,15.7,BASEBALL_SAVANT_PITCH_ARSENAL_CURRENT_SEASON,2026-08-28T17:22:48+00:00,SAVANT_ARSENAL_SCHEMA_V1,CURRENT
680802,"Weiss, Ryan",2026,52,9,17.3,15.3,15.6,44.5,0.491,0.356,0.717,57.1,11.1,79.367410488,,,,FF,4-Seam Fastball,37.0,196,16.1,0.409,0.886,0.566,-4.9,BASEBALL_SAVANT_PITCH_ARSENAL_CURRENT_SEASON,2026-08-28T17:22:48+00:00,SAVANT_ARSENAL_SCHEMA_V1,CURRENT
680802,"Weiss, Ryan",2026,39,14,35.9,15.3,32.4,44.5,0.316,0.181,0.37,55.6,11.1,79.367410488,,,,ST,Sweeper,32.3,171,24.1,0.25,0.469,0.376,-1.7,BASEBALL_SAVANT_PITCH_ARSENAL_CURRENT_SEASON,2026-08-28T17:22:48+00:00,SAVANT_ARSENAL_SCHEMA_V1,CURRENT
680802,"Weiss, Ryan",2026,15,3,20.0,15.3,37.9,44.5,0.322,0.27,0.335,30.0,11.1,79.367410488,,,,CH,Changeup,14.9,79,10.7,0.231,0.231,0.273,-1.1,BASEBALL_SAVANT_PITCH_ARSENAL_CURRENT_SEASON,2026-08-28T17:22:48+00:00,SAVANT_ARSENAL_SCHEMA_V1,CURRENT
680802,"Weiss, Ryan",2026,21,4,19.0,15.3,19.4,44.5,0.29,0.232,0.276,35.7,11.1,79.367410488,,,,SI,Sinker,12.5,66,50.0,0.278,0.278,0.357,0.3,BASEBALL_SAVANT_PITCH_ARSENAL_CURRENT_SEASON,2026-08-28T17:22:48+00:00,SAVANT_ARSENAL_SCHEMA_V1,CURRENT
680802,"Weiss, Ryan",2026,4,0,0.0,15.3,0.0,44.5,0.233,0.193,0.359,50.0,11.1,79.367410488,,,,CU,Curveball,3.4,18,0.0,0.25,0.25,0.225,0.8,BASEBALL_SAVANT_PITCH_ARSENAL_CURRENT_SEASON,2026-08-28T17:22:48+00:00,SAVANT_ARSENAL_SCHEMA_V1,CURRENT
669711,"Weissert, Greg",2026,85,15,17.6,7.5,13.7,49.4,0.32,0.237,0.435,36.5,6.3,76.566437606,,,,SI,Sinker,35.7,296,22.7,0.244,0.41,0.314,1.8,BASEBALL_SAVANT_PITCH_ARSENAL_CURRENT_SEASON,2026-08-28T17:22:48+00:00,SAVANT_ARSENAL_SCHEMA_V1,CURRENT
669711,"Weissert, Greg",2026,68,17,25.0,7.5,23.0,49.4,0.26,0.19,0.321,28.9,6.3,76.566437606,,,,FF,4-Seam Fastball,27.8,231,17.5,0.21,0.371,0.288,0.1,BASEBALL_SAVANT_PITCH_ARSENAL_CURRENT_SEASON,2026-08-28T17:22:48+00:00,SAVANT_ARSENAL_SCHEMA_V1,CURRENT
669711,"Weissert, Greg",2026,20,6,30.0,7.5,39.6,49.4,0.292,0.262,0.295,15.4,6.3,76.566437606,,,,ST,Sweeper,13.4,111,16.2,0.278,0.278,0.26,0.1,BASEBALL_SAVANT_PITCH_ARSENAL_CURRENT_SEASON,2026-08-28T17:22:48+00:00,SAVANT_ARSENAL_SCHEMA_V1,CURRENT
669711,"Weissert, Greg",2026,24,9,37.5,7.5,45.5,49.4,0.222,0.17,0.244,30.8,6.3,76.566437606,,,,CH,Changeup,11.8,98,16.7,0.273,0.409,0.329,-0.9,BASEBALL_SAVANT_PITCH_ARSENAL_CURRENT_SEASON,2026-08-28T17:22:48+00:00,SAVANT_ARSENAL_SCHEMA_V1,CURRENT
669711,"Weissert, Greg",2026,11,2,18.2,7.5,7.4,49.4,0.513,0.427,0.742,37.5,6.3,76.566437606,,,,SL,Slider,8.9,74,20.0,0.3,0.7,0.441,-1.1,BASEBALL_SAVANT_PITCH_ARSENAL_CURRENT_SEASON,2026-08-28T17:22:48+00:00,SAVANT_ARSENAL_SCHEMA_V1,CURRENT
669711,"Weissert, Greg",2026,3,1,33.3,7.5,0.0,49.4,0.418,0.205,0.465,100.0,6.3,76.566437606,,,,CU,Curveball,2.4,20,7.7,0.5,1.0,0.65,-6.3,BASEBALL_SAVANT_PITCH_ARSENAL_CURRENT_SEASON,2026-08-28T17:22:48+00:00,SAVANT_ARSENAL_SCHEMA_V1,CURRENT
669330,"Wells, Tyler",2026,67,26,38.8,6.4,31.9,52.0,0.204,0.17,0.289,27.5,7.6,78.16455119,,,,FC,Cutter,29.0,282,26.0,0.197,0.303,0.223,1.9,BASEBALL_SAVANT_PITCH_ARSENAL_CURRENT_SEASON,2026-08-28T17:22:48+00:00,SAVANT_ARSENAL_SCHEMA_V1,CURRENT
669330,"Wells, Tyler",2026,70,9,12.9,6.4,25.0,52.0,0.339,0.257,0.414,44.2,7.6,78.16455119,,,,FF,4-Seam Fastball,28.4,276,11.8,0.276,0.534,0.378,-1.2,BASEBALL_SAVANT_PITCH_ARSENAL_CURRENT_SEASON,2026-08-28T17:22:48+00:00,SAVANT_ARSENAL_SCHEMA_V1,CURRENT
669330,"Wells, Tyler",2026,69,16,23.2,6.4,34.6,52.0,0.254,0.192,0.306,14.9,7.6,78.16455119,,,,CH,Changeup,22.8,222,20.3,0.175,0.302,0.246,2.0,BASEBALL_SAVANT_PITCH_ARSENAL_CURRENT_SEASON,2026-08-28T17:22:48+00:00,SAVANT_ARSENAL_SCHEMA_V1,CURRENT
669330,"Wells, Tyler",2026,38,11,28.9,6.4,28.6,52.0,0.331,0.238,0.525,53.8,7.6,78.16455119,,,,SL,Slider,15.2,148,20.0,0.135,0.297,0.195,2.3,BASEBALL_SAVANT_PITCH_ARSENAL_CURRENT_SEASON,2026-08-28T17:22:48+00:00,SAVANT_ARSENAL_SCHEMA_V1,CURRENT
669330,"Wells, Tyler",2026,6,1,16.7,6.4,25.0,52.0,0.297,0.288,0.394,40.0,7.6,78.16455119,,,,CU,Curveball,4.5,44,25.0,0.167,0.167,0.15,1.1,BASEBALL_SAVANT_PITCH_ARSENAL_CURRENT_SEASON,2026-08-28T17:22:48+00:00,SAVANT_ARSENAL_SCHEMA_V1,CURRENT
669713,"Wesneski, Hayden",2026,32,13,40.6,9.0,42.6,50.1,0.229,0.167,0.281,23.5,6.5,78.42807587,,,,ST,Sweeper,30.2,152,21.3,0.143,0.179,0.173,1.6,BASEBALL_SAVANT_PITCH_ARSENAL_CURRENT_SEASON,2026-08-28T17:22:48+00:00,SAVANT_ARSENAL_SCHEMA_V1,CURRENT
669713,"Wesneski, Hayden",2026,39,6,15.4,9.0,13.8,50.1,0.361,0.28,0.48,48.3,6.5,78.42807587,,,,FF,4-Seam Fastball,24.7,124,12.8,0.229,0.343,0.294,-0.3,BASEBALL_SAVANT_PITCH_ARSENAL_CURRENT_SEASON,2026-08-28T17:22:48+00:00,SAVANT_ARSENAL_SCHEMA_V1,CURRENT
669713,"Wesneski, Hayden",2026,22,1,4.5,9.0,12.5,50.1,0.294,0.292,0.386,57.1,6.5,78.42807587,,,,SI,Sinker,18.9,95,12.5,0.318,0.591,0.382,0.1,BASEBALL_SAVANT_PITCH_ARSENAL_CURRENT_SEASON,2026-08-28T17:22:48+00:00,SAVANT_ARSENAL_SCHEMA_V1,CURRENT
669713,"Wesneski, Hayden",2026,24,3,12.5,9.0,27.8,50.1,0.396,0.276,0.413,40.0,6.5,78.42807587,,,,FC,Cutter,13.5,68,25.0,0.333,0.556,0.46,-2.2,BASEBALL_SAVANT_PITCH_ARSENAL_CURRENT_SEASON,2026-08-28T17:22:48+00:00,SAVANT_ARSENAL_SCHEMA_V1,CURRENT
669713,"Wesneski, Hayden",2026,15,5,33.3,9.0,46.9,50.1,0.178,0.19,0.215,10.0,6.5,78.42807587,,,,CH,Changeup,12.3,62,17.9,0.133,0.133,0.12,3.4,BASEBALL_SAVANT_PITCH_ARSENAL_CURRENT_SEASON,2026-08-28T17:22:48+00:00,SAVANT_ARSENAL_SCHEMA_V1,CURRENT
687721,"Weston, Cameron",2026,1,0,0.0,33.3,0.0,47.1,0.7,0.241,0.262,100.0,0.0,99.58379,,,,SI,Sinker,41.2,7,0.0,,,0.7,-3.8,BASEBALL_SAVANT_PITCH_ARSENAL_CURRENT_SEASON,2026-08-28T17:22:48+00:00,SAVANT_ARSENAL_SCHEMA_V1,CURRENT
687721,"Weston, Cameron",2026,1,1,100.0,33.3,25.0,47.1,0.0,0.241,0.262,100.0,0.0,99.58379,,,,ST,Sweeper,35.3,6,25.0,0.0,0.0,0.0,3.4,BASEBALL_SAVANT_PITCH_ARSENAL_CURRENT_SEASON,2026-08-28T17:22:48+00:00,SAVANT_ARSENAL_SCHEMA_V1,CURRENT
687721,"Weston, Cameron",2026,1,0,0.0,33.3,0.0,47.1,0.446,0.483,0.524,100.0,0.0,99.58379,,,,SL,Slider,11.8,2,0.0,0.0,0.0,0.0,17.6,BASEBALL_SAVANT_PITCH_ARSENAL_CURRENT_SEASON,2026-08-28T17:22:48+00:00,SAVANT_ARSENAL_SCHEMA_V1,CURRENT
554430,"Wheeler, Zack",2026,161,51,31.7,7.6,29.5,49.5,0.284,0.19,0.358,50.0,6.5,75.308538387,,,,FF,4-Seam Fastball,34.7,710,22.4,0.21,0.455,0.33,0.5,BASEBALL_SAVANT_PITCH_ARSENAL_CURRENT_SEASON,2026-08-28T17:22:48+00:00,SAVANT_ARSENAL_SCHEMA_V1,CURRENT
554430,"Wheeler, Zack",2026,93,13,14.0,7.6,12.9,49.5,0.279,0.24,0.355,24.0,6.5,75.308538387,,,,SI,Sinker,15.9,326,17.6,0.239,0.364,0.286,1.6,BASEBALL_SAVANT_PITCH_ARSENAL_CURRENT_SEASON,2026-08-28T17:22:48+00:00,SAVANT_ARSENAL_SCHEMA_V1,CURRENT
554430,"Wheeler, Zack",2026,83,31,37.3,7.6,45.0,49.5,0.234,0.208,0.295,24.5,6.5,75.308538387,,,,FS,Split-Finger,15.7,322,23.0,0.188,0.313,0.232,1.3,BASEBALL_SAVANT_PITCH_ARSENAL_CURRENT_SEASON,2026-08-28T17:22:48+00:00,SAVANT_ARSENAL_SCHEMA_V1,CURRENT
554430,"Wheeler, Zack",2026,62,18,29.0,7.6,35.7,49.5,0.266,0.205,0.303,23.7,6.5,75.308538387,,,,ST,Sweeper,14.2,291,20.2,0.2,0.345,0.288,0.0,BASEBALL_SAVANT_PITCH_ARSENAL_CURRENT_SEASON,2026-08-28T17:22:48+00:00,SAVANT_ARSENAL_SCHEMA_V1,CURRENT
554430,"Wheeler, Zack",2026,55,11,20.0,7.6,21.7,49.5,0.346,0.271,0.435,47.4,6.5,75.308538387,,,,FC,Cutter,10.7,220,28.2,0.286,0.51,0.378,0.0,BASEBALL_SAVANT_PITCH_ARSENAL_CURRENT_SEASON,2026-08-28T17:22:48+00:00,SAVANT_ARSENAL_SCHEMA_V1,CURRENT
554430,"Wheeler, Zack",2026,45,24,53.3,7.6,46.4,49.5,0.191,0.137,0.179,50.0,6.5,75.308538387,,,,CU,Curveball,8.7,178,24.5,0.146,0.22,0.211,0.1,BASEBALL_SAVANT_PITCH_ARSENAL_CURRENT_SEASON,2026-08-28T17:22:48+00:00,SAVANT_ARSENAL_SCHEMA_V1,CURRENT
687931,"Whisenhunt, Carson",2026,66,13,19.7,12.8,39.2,45.4,0.314,0.238,0.43,41.7,7.8,81.944113966,,,,CH,Changeup,35.0,216,19.1,0.213,0.393,0.291,0.9,BASEBALL_SAVANT_PITCH_ARSENAL_CURRENT_SEASON,2026-08-28T17:22:48+00:00,SAVANT_ARSENAL_SCHEMA_V1,CURRENT
687931,"Whisenhunt, Carson",2026,54,6,11.1,12.8,12.7,45.4,0.488,0.371,0.608,54.3,7.8,81.944113966,,,,FF,4-Seam Fastball,34.8,215,10.9,0.436,0.641,0.505,-3.5,BASEBALL_SAVANT_PITCH_ARSENAL_CURRENT_SEASON,2026-08-28T17:22:48+00:00,SAVANT_ARSENAL_SCHEMA_V1,CURRENT
687931,"Whisenhunt, Carson",2026,21,3,14.3,12.8,28.0,45.4,0.284,0.228,0.446,44.4,7.8,81.944113966,,,,SL,Slider,16.4,101,16.7,0.238,0.476,0.3,-0.5,BASEBALL_SAVANT_PITCH_ARSENAL_CURRENT_SEASON,2026-08-28T17:22:48+00:00,SAVANT_ARSENAL_SCHEMA_V1,CURRENT
687931,"Whisenhunt, Carson",2026,15,3,20.0,12.8,16.7,45.4,0.302,0.237,0.316,40.0,7.8,81.944113966,,,,SI,Sinker,9.2,57,42.9,0.308,0.308,0.333,1.6,BASEBALL_SAVANT_PITCH_ARSENAL_CURRENT_SEASON,2026-08-28T17:22:48+00:00,SAVANT_ARSENAL_SCHEMA_V1,CURRENT
687931,"Whisenhunt, Carson",2026,8,1,12.5,12.8,37.5,45.4,0.339,0.188,0.327,20.0,7.8,81.944113966,,,,SV,Slurve,4.5,28,14.3,0.333,0.333,0.4,-3.7,BASEBALL_SAVANT_PITCH_ARSENAL_CURRENT_SEASON,2026-08-28T17:22:48+00:00,SAVANT_ARSENAL_SCHEMA_V1,CURRENT
687985,"White, Josh",2026,4,0,0.0,50.0,0.0,27.9,0.53,0.02,0.025,0.0,50.0,80.60351,,,,FF,4-Seam Fastball,51.2,22,0.0,0.0,0.0,0.525,-2.2,BASEBALL_SAVANT_PITCH_ARSENAL_CURRENT_SEASON,2026-08-28T17:22:48+00:00,SAVANT_ARSENAL_SCHEMA_V1,CURRENT
687985,"White, Josh",2026,4,1,25.0,50.0,33.3,27.9,0.85,0.5,2.0,100.0,50.0,80.60351,,,,SL,Slider,23.3,10,33.3,0.5,2.0,0.85,-13.5,BASEBALL_SAVANT_PITCH_ARSENAL_CURRENT_SEASON,2026-08-28T17:22:48+00:00,SAVANT_ARSENAL_SCHEMA_V1,CURRENT
676477,"Whitlock, Garrett",2026,80,14,17.5,4.2,20.7,57.3,0.273,0.247,0.326,33.3,3.6,77.612235091,,,,SI,Sinker,55.9,347,15.6,0.224,0.289,0.249,1.8,BASEBALL_SAVANT_PITCH_ARSENAL_CURRENT_SEASON,2026-08-28T17:22:48+00:00,SAVANT_ARSENAL_SCHEMA_V1,CURRENT
676477,"Whitlock, Garrett",2026,54,23,42.6,4.2,44.8,57.3,0.244,0.192,0.34,37.9,3.6,77.612235091,,,,SL,Slider,27.1,168,32.9,0.157,0.275,0.203,1.4,BASEBALL_SAVANT_PITCH_ARSENAL_CURRENT_SEASON,2026-08-28T17:22:48+00:00,SAVANT_ARSENAL_SCHEMA_V1,CURRENT
676477,"Whitlock, Garrett",2026,34,12,35.3,4.2,35.5,57.3,0.214,0.19,0.245,30.0,3.6,77.612235091,,,,CH,Changeup,17.1,106,23.5,0.226,0.355,0.269,0.1,BASEBALL_SAVANT_PITCH_ARSENAL_CURRENT_SEASON,2026-08-28T17:22:48+00:00,SAVANT_ARSENAL_SCHEMA_V1,CURRENT
696136,"Wicks, Jordan",2026,22,3,13.6,4.0,17.5,51.1,0.295,0.268,0.372,44.4,7.7,77.384445,,,,FF,4-Seam Fastball,38.3,69,15.8,0.381,0.571,0.423,-2.1,BASEBALL_SAVANT_PITCH_ARSENAL_CURRENT_SEASON,2026-08-28T17:22:48+00:00,SAVANT_ARSENAL_SCHEMA_V1,CURRENT
696136,"Wicks, Jordan",2026,13,5,38.5,4.0,41.7,51.1,0.249,0.257,0.315,37.5,7.7,77.384445,,,,CH,Changeup,28.3,51,29.4,0.231,0.308,0.235,0.6,BASEBALL_SAVANT_PITCH_ARSENAL_CURRENT_SEASON,2026-08-28T17:22:48+00:00,SAVANT_ARSENAL_SCHEMA_V1,CURRENT
696136,"Wicks, Jordan",2026,8,0,0.0,4.0,25.0,51.1,0.517,0.387,0.776,42.9,7.7,77.384445,,,,SL,Slider,20.0,36,0.0,0.571,1.0,0.675,-5.4,BASEBALL_SAVANT_PITCH_ARSENAL_CURRENT_SEASON,2026-08-28T17:22:48+00:00,SAVANT_ARSENAL_SCHEMA_V1,CURRENT
696136,"Wicks, Jordan",2026,6,0,0.0,4.0,10.0,51.1,0.332,0.279,0.305,40.0,7.7,77.384445,,,,SI,Sinker,8.3,15,0.0,0.6,0.6,0.567,-9.2,BASEBALL_SAVANT_PITCH_ARSENAL_CURRENT_SEASON,2026-08-28T17:22:48+00:00,SAVANT_ARSENAL_SCHEMA_V1,CURRENT
696136,"Wicks, Jordan",2026,1,0,0.0,4.0,0.0,51.1,0.238,0.249,0.28,100.0,7.7,77.384445,,,,CU,Curveball,4.4,8,0.0,0.0,0.0,0.0,4.0,BASEBALL_SAVANT_PITCH_ARSENAL_CURRENT_SEASON,2026-08-28T17:22:48+00:00,SAVANT_ARSENAL_SCHEMA_V1,CURRENT
686894,"Wiemer, Joey",2026,5,0,0.0,12.5,0.0,40.0,0.391,0.438,0.522,0.0,7.7,84.169162857,,,,SL,Slider,32.6,14,,0.667,0.667,0.5,-3.0,BASEBALL_SAVANT_PITCH_ARSENAL_CURRENT_SEASON,2026-08-28T17:22:48+00:00,SAVANT_ARSENAL_SCHEMA_V1,CURRENT
686894,"Wiemer, Joey",2026,2,0,0.0,12.5,0.0,40.0,0.525,0.382,0.422,100.0,7.7,84.169162857,,,,CH,Changeup,7.0,3,0.0,0.0,0.0,0.35,-6.2,BASEBALL_SAVANT_PITCH_ARSENAL_CURRENT_SEASON,2026-08-28T17:22:48+00:00,SAVANT_ARSENAL_SCHEMA_V1,CURRENT
677961,"Wilcox, Cole",2026,27,6,22.2,13.8,28.6,46.3,0.317,0.197,0.287,33.3,6.7,81.182641053,,,,FF,4-Seam Fastball,27.7,135,17.1,0.238,0.429,0.376,-0.2,BASEBALL_SAVANT_PITCH_ARSENAL_CURRENT_SEASON,2026-08-28T17:22:48+00:00,SAVANT_ARSENAL_SCHEMA_V1,CURRENT
677961,"Wilcox, Cole",2026,38,13,34.2,13.8,33.9,46.3,0.311,0.306,0.385,54.2,6.7,81.182641053,,,,ST,Sweeper,27.3,133,26.5,0.324,0.324,0.303,-0.1,BASEBALL_SAVANT_PITCH_ARSENAL_CURRENT_SEASON,2026-08-28T17:22:48+00:00,SAVANT_ARSENAL_SCHEMA_V1,CURRENT
677961,"Wilcox, Cole",2026,20,5,25.0,13.8,41.7,46.3,0.414,0.315,0.637,53.8,6.7,81.182641053,,,,SL,Slider,17.2,84,15.6,0.235,0.412,0.368,-0.2,BASEBALL_SAVANT_PITCH_ARSENAL_CURRENT_SEASON,2026-08-28T17:22:48+00:00,SAVANT_ARSENAL_SCHEMA_V1,CURRENT
677961,"Wilcox, Cole",2026,23,1,4.3,13.8,16.1,46.3,0.488,0.351,0.461,46.2,6.7,81.182641053,,,,SI,Sinker,16.0,78,9.1,0.429,0.5,0.524,-3.4,BASEBALL_SAVANT_PITCH_ARSENAL_CURRENT_SEASON,2026-08-28T17:22:48+00:00,SAVANT_ARSENAL_SCHEMA_V1,CURRENT
677961,"Wilcox, Cole",2026,14,3,21.4,13.8,31.4,46.3,0.244,0.253,0.308,36.4,6.7,81.182641053,,,,CH,Changeup,11.9,58,15.0,0.0,0.0,0.0,5.2,BASEBALL_SAVANT_PITCH_ARSENAL_CURRENT_SEASON,2026-08-28T17:22:48+00:00,SAVANT_ARSENAL_SCHEMA_V1,CURRENT
683363,"Wilkinson, Matt",2026,17,1,5.9,0.0,8.6,54.9,0.316,0.266,0.475,50.0,8.7,78.941730833,,,,FF,4-Seam Fastball,62.6,57,6.7,0.294,0.588,0.371,1.0,BASEBALL_SAVANT_PITCH_ARSENAL_CURRENT_SEASON,2026-08-28T17:22:48+00:00,SAVANT_ARSENAL_SCHEMA_V1,CURRENT
683363,"Wilkinson, Matt",2026,4,0,0.0,0.0,12.5,54.9,0.315,0.317,0.421,75.0,8.7,78.941730833,,,,CH,Changeup,22.0,20,0.0,0.5,0.5,0.45,-4.8,BASEBALL_SAVANT_PITCH_ARSENAL_CURRENT_SEASON,2026-08-28T17:22:48+00:00,SAVANT_ARSENAL_SCHEMA_V1,CURRENT
683363,"Wilkinson, Matt",2026,1,0,0.0,0.0,25.0,54.9,0.0,0.001,0.001,0.0,8.7,78.941730833,,,,SL,Slider,12.1,11,0.0,0.0,0.0,0.0,-0.9,BASEBALL_SAVANT_PITCH_ARSENAL_CURRENT_SEASON,2026-08-28T17:22:48+00:00,SAVANT_ARSENAL_SCHEMA_V1,CURRENT
683363,"Wilkinson, Matt",2026,3,1,33.3,0.0,33.3,54.9,0.514,0.262,0.998,50.0,8.7,78.941730833,,,,FC,Cutter,3.3,3,100.0,0.333,1.0,0.533,-17.5,BASEBALL_SAVANT_PITCH_ARSENAL_CURRENT_SEASON,2026-08-28T17:22:48+00:00,SAVANT_ARSENAL_SCHEMA_V1,CURRENT
642207,"Williams, Devin",2026,79,19,24.1,11.8,30.7,50.8,0.329,0.249,0.323,41.3,4.7,77.829179615,,,,FF,4-Seam Fastball,52.5,382,18.1,0.25,0.359,0.365,-0.2,BASEBALL_SAVANT_PITCH_ARSENAL_CURRENT_SEASON,2026-08-28T17:22:48+00:00,SAVANT_ARSENAL_SCHEMA_V1,CURRENT
642207,"Williams, Devin",2026,97,32,33.0,11.8,39.2,50.8,0.247,0.2,0.304,20.3,4.7,77.829179615,,,,CH,Changeup,46.3,337,24.4,0.289,0.411,0.338,-0.4,BASEBALL_SAVANT_PITCH_ARSENAL_CURRENT_SEASON,2026-08-28T17:22:48+00:00,SAVANT_ARSENAL_SCHEMA_V1,CURRENT
642207,"Williams, Devin",2026,1,0,0.0,11.8,0.0,50.8,0.062,0.069,0.075,0.0,4.7,77.829179615,,,,FC,Cutter,1.2,9,0.0,1.0,1.0,0.9,-5.7,BASEBALL_SAVANT_PITCH_ARSENAL_CURRENT_SEASON,2026-08-28T17:22:48+00:00,SAVANT_ARSENAL_SCHEMA_V1,CURRENT
668909,"Williams, Gavin",2026,175,80,45.7,7.8,42.8,49.3,0.226,0.168,0.28,32.5,12.0,79.354658548,,,,ST,Sweeper,28.5,709,25.6,0.166,0.313,0.237,1.0,BASEBALL_SAVANT_PITCH_ARSENAL_CURRENT_SEASON,2026-08-28T17:22:48+00:00,SAVANT_ARSENAL_SCHEMA_V1,CURRENT
668909,"Williams, Gavin",2026,158,57,36.1,7.8,31.0,49.3,0.312,0.22,0.397,44.6,12.0,79.354658548,,,,FF,4-Seam Fastball,26.4,658,23.5,0.188,0.333,0.277,0.6,BASEBALL_SAVANT_PITCH_ARSENAL_CURRENT_SEASON,2026-08-28T17:22:48+00:00,SAVANT_ARSENAL_SCHEMA_V1,CURRENT
668909,"Williams, Gavin",2026,138,40,29.0,7.8,30.0,49.3,0.282,0.214,0.407,48.9,12.0,79.354658548,,,,CU,Curveball,22.2,552,20.0,0.22,0.409,0.292,-0.4,BASEBALL_SAVANT_PITCH_ARSENAL_CURRENT_SEASON,2026-08-28T17:22:48+00:00,SAVANT_ARSENAL_SCHEMA_V1,CURRENT
668909,"Williams, Gavin",2026,106,17,16.0,7.8,15.7,49.3,0.432,0.339,0.611,63.3,12.0,79.354658548,,,,SI,Sinker,16.4,409,26.2,0.323,0.552,0.413,-1.0,BASEBALL_SAVANT_PITCH_ARSENAL_CURRENT_SEASON,2026-08-28T17:22:48+00:00,SAVANT_ARSENAL_SCHEMA_V1,CURRENT
668909,"Williams, Gavin",2026,45,6,13.3,7.8,22.5,49.3,0.42,0.297,0.598,45.5,12.0,79.354658548,,,,FC,Cutter,6.4,160,23.1,0.263,0.658,0.423,-1.1,BASEBALL_SAVANT_PITCH_ARSENAL_CURRENT_SEASON,2026-08-28T17:22:48+00:00,SAVANT_ARSENAL_SCHEMA_V1,CURRENT
592866,"Williams, Trevor",2026,38,15,39.5,8.5,23.3,48.9,0.239,0.204,0.258,20.0,4.8,79.085218095,,,,FF,4-Seam Fastball,41.5,129,25.4,0.2,0.343,0.268,1.9,BASEBALL_SAVANT_PITCH_ARSENAL_CURRENT_SEASON,2026-08-28T17:22:48+00:00,SAVANT_ARSENAL_SCHEMA_V1,CURRENT
592866,"Williams, Trevor",2026,14,6,42.9,8.5,39.1,48.9,0.136,0.146,0.169,25.0,4.8,79.085218095,,,,ST,Sweeper,27.0,84,25.0,0.071,0.071,0.129,2.9,BASEBALL_SAVANT_PITCH_ARSENAL_CURRENT_SEASON,2026-08-28T17:22:48+00:00,SAVANT_ARSENAL_SCHEMA_V1,CURRENT
592866,"Williams, Trevor",2026,14,1,7.1,8.5,14.3,48.9,0.523,0.413,0.766,60.0,4.8,79.085218095,,,,SI,Sinker,17.0,53,9.1,0.5,0.9,0.575,-4.8,BASEBALL_SAVANT_PITCH_ARSENAL_CURRENT_SEASON,2026-08-28T17:22:48+00:00,SAVANT_ARSENAL_SCHEMA_V1,CURRENT
592866,"Williams, Trevor",2026,4,0,0.0,8.5,10.0,48.9,0.316,0.203,0.221,33.3,4.8,79.085218095,,,,CH,Changeup,8.7,27,0.0,0.667,0.667,0.625,-4.2,BASEBALL_SAVANT_PITCH_ARSENAL_CURRENT_SEASON,2026-08-28T17:22:48+00:00,SAVANT_ARSENAL_SCHEMA_V1,CURRENT
592866,"Williams, Trevor",2026,1,0,0.0,8.5,0.0,48.9,0.231,0.129,0.421,0.0,4.8,79.085218095,,,,SL,Slider,5.8,18,0.0,0.0,0.0,0.0,-1.5,BASEBALL_SAVANT_PITCH_ARSENAL_CURRENT_SEASON,2026-08-28T17:22:48+00:00,SAVANT_ARSENAL_SCHEMA_V1,CURRENT
682227,"Williamson, Brandon",2026,39,7,17.9,15.6,20.0,43.2,0.397,0.266,0.469,56.5,10.5,76.389119535,,,,FC,Cutter,26.4,137,28.0,0.31,0.448,0.406,-0.2,BASEBALL_SAVANT_PITCH_ARSENAL_CURRENT_SEASON,2026-08-28T17:22:48+00:00,SAVANT_ARSENAL_SCHEMA_V1,CURRENT
682227,"Williamson, Brandon",2026,25,4,16.0,15.6,38.3,43.2,0.315,0.275,0.423,30.0,10.5,76.389119535,,,,CH,Changeup,23.6,122,12.9,0.25,0.292,0.258,0.5,BASEBALL_SAVANT_PITCH_ARSENAL_CURRENT_SEASON,2026-08-28T17:22:48+00:00,SAVANT_ARSENAL_SCHEMA_V1,CURRENT
682227,"Williamson, Brandon",2026,25,1,4.0,15.6,11.1,43.2,0.567,0.385,0.83,40.0,10.5,76.389119535,,,,FF,4-Seam Fastball,20.5,106,3.6,0.333,0.8,0.534,-5.0,BASEBALL_SAVANT_PITCH_ARSENAL_CURRENT_SEASON,2026-08-28T17:22:48+00:00,SAVANT_ARSENAL_SCHEMA_V1,CURRENT
682227,"Williamson, Brandon",2026,14,0,0.0,15.6,10.7,43.2,0.519,0.394,0.822,75.0,10.5,76.389119535,,,,SI,Sinker,10.6,55,0.0,0.455,1.0,0.575,-4.9,BASEBALL_SAVANT_PITCH_ARSENAL_CURRENT_SEASON,2026-08-28T17:22:48+00:00,SAVANT_ARSENAL_SCHEMA_V1,CURRENT
682227,"Williamson, Brandon",2026,17,7,41.2,15.6,40.7,43.2,0.175,0.152,0.176,22.2,10.5,76.389119535,,,,ST,Sweeper,9.8,51,25.9,0.063,0.063,0.094,3.9,BASEBALL_SAVANT_PITCH_ARSENAL_CURRENT_SEASON,2026-08-28T17:22:48+00:00,SAVANT_ARSENAL_SCHEMA_V1,CURRENT
682227,"Williamson, Brandon",2026,8,0,0.0,15.6,7.7,43.2,0.242,0.181,0.223,0.0,10.5,76.389119535,,,,CU,Curveball,9.1,47,0.0,0.0,0.0,0.088,1.1,BASEBALL_SAVANT_PITCH_ARSENAL_CURRENT_SEASON,2026-08-28T17:22:48+00:00,SAVANT_ARSENAL_SCHEMA_V1,CURRENT
669060,"Wilson, Bryse",2026,41,6,14.6,1.5,17.6,53.6,0.319,0.288,0.439,35.3,2.9,81.93544,,,,FC,Cutter,34.8,171,13.6,0.3,0.475,0.341,0.0,BASEBALL_SAVANT_PITCH_ARSENAL_CURRENT_SEASON,2026-08-28T17:22:48+00:00,SAVANT_ARSENAL_SCHEMA_V1,CURRENT
669060,"Wilson, Bryse",2026,34,8,23.5,1.5,11.3,53.6,0.256,0.25,0.304,56.0,2.9,81.93544,,,,SI,Sinker,31.0,152,19.5,0.242,0.242,0.232,3.1,BASEBALL_SAVANT_PITCH_ARSENAL_CURRENT_SEASON,2026-08-28T17:22:48+00:00,SAVANT_ARSENAL_SCHEMA_V1,CURRENT
669060,"Wilson, Bryse",2026,29,9,31.0,1.5,23.6,53.6,0.369,0.319,0.48,55.6,2.9,81.93544,,,,FF,4-Seam Fastball,18.5,91,23.1,0.37,0.556,0.421,-2.8,BASEBALL_SAVANT_PITCH_ARSENAL_CURRENT_SEASON,2026-08-28T17:22:48+00:00,SAVANT_ARSENAL_SCHEMA_V1,CURRENT
669060,"Wilson, Bryse",2026,18,3,16.7,1.5,22.2,53.6,0.34,0.347,0.436,53.3,2.9,81.93544,,,,FS,Split-Finger,8.8,43,16.7,0.333,0.333,0.3,-0.7,BASEBALL_SAVANT_PITCH_ARSENAL_CURRENT_SEASON,2026-08-28T17:22:48+00:00,SAVANT_ARSENAL_SCHEMA_V1,CURRENT
669060,"Wilson, Bryse",2026,13,2,15.4,1.5,22.2,53.6,0.232,0.214,0.33,27.3,2.9,81.93544,,,,CU,Curveball,6.5,32,11.8,0.308,0.538,0.362,-4.0,BASEBALL_SAVANT_PITCH_ARSENAL_CURRENT_SEASON,2026-08-28T17:22:48+00:00,SAVANT_ARSENAL_SCHEMA_V1,CURRENT
668390,"Winn, Cole",2026,67,21,31.3,7.4,22.8,53.6,0.351,0.254,0.422,61.1,6.8,75.571779863,,,,FF,4-Seam Fastball,31.6,249,22.3,0.268,0.411,0.367,-0.6,BASEBALL_SAVANT_PITCH_ARSENAL_CURRENT_SEASON,2026-08-28T17:22:48+00:00,SAVANT_ARSENAL_SCHEMA_V1,CURRENT
668390,"Winn, Cole",2026,52,1,1.9,7.4,20.8,53.6,0.386,0.333,0.471,39.1,6.8,75.571779863,,,,FC,Cutter,28.6,225,4.8,0.304,0.413,0.344,0.0,BASEBALL_SAVANT_PITCH_ARSENAL_CURRENT_SEASON,2026-08-28T17:22:48+00:00,SAVANT_ARSENAL_SCHEMA_V1,CURRENT
668390,"Winn, Cole",2026,56,18,32.1,7.4,39.8,53.6,0.247,0.219,0.338,35.1,6.8,75.571779863,,,,SL,Slider,23.8,187,23.4,0.167,0.333,0.24,0.6,BASEBALL_SAVANT_PITCH_ARSENAL_CURRENT_SEASON,2026-08-28T17:22:48+00:00,SAVANT_ARSENAL_SCHEMA_V1,CURRENT
668390,"Winn, Cole",2026,32,9,28.1,7.4,33.3,53.6,0.318,0.268,0.482,39.1,6.8,75.571779863,,,,FS,Split-Finger,14.4,113,26.5,0.344,0.563,0.388,-2.2,BASEBALL_SAVANT_PITCH_ARSENAL_CURRENT_SEASON,2026-08-28T17:22:48+00:00,SAVANT_ARSENAL_SCHEMA_V1,CURRENT
668390,"Winn, Cole",2026,7,0,0.0,7.4,0.0,53.6,0.631,0.492,1.017,42.9,6.8,75.571779863,,,,SI,Sinker,1.5,12,0.0,0.714,1.571,0.957,-25.6,BASEBALL_SAVANT_PITCH_ARSENAL_CURRENT_SEASON,2026-08-28T17:22:48+00:00,SAVANT_ARSENAL_SCHEMA_V1,CURRENT
676775,"Winn, Keaton",2026,83,24,28.9,9.7,34.0,47.4,0.287,0.207,0.295,29.2,4.9,75.475094098,,,,FS,Split-Finger,45.7,294,20.3,0.186,0.286,0.278,0.1,BASEBALL_SAVANT_PITCH_ARSENAL_CURRENT_SEASON,2026-08-28T17:22:48+00:00,SAVANT_ARSENAL_SCHEMA_V1,CURRENT
676775,"Winn, Keaton",2026,37,5,13.5,9.7,8.6,47.4,0.431,0.3,0.624,48.1,4.9,75.475094098,,,,FF,4-Seam Fastball,24.5,158,10.9,0.375,0.719,0.507,-2.8,BASEBALL_SAVANT_PITCH_ARSENAL_CURRENT_SEASON,2026-08-28T17:22:48+00:00,SAVANT_ARSENAL_SCHEMA_V1,CURRENT
676775,"Winn, Keaton",2026,40,0,0.0,9.7,6.8,47.4,0.258,0.231,0.273,32.4,4.9,75.475094098,,,,SI,Sinker,22.4,144,0.0,0.162,0.162,0.21,4.3,BASEBALL_SAVANT_PITCH_ARSENAL_CURRENT_SEASON,2026-08-28T17:22:48+00:00,SAVANT_ARSENAL_SCHEMA_V1,CURRENT
676775,"Winn, Keaton",2026,15,4,26.7,9.7,34.8,47.4,0.26,0.292,0.326,18.2,4.9,75.475094098,,,,SL,Slider,7.5,48,26.7,0.214,0.214,0.18,3.0,BASEBALL_SAVANT_PITCH_ARSENAL_CURRENT_SEASON,2026-08-28T17:22:48+00:00,SAVANT_ARSENAL_SCHEMA_V1,CURRENT
664991,"Wolfram, Grant",2026,77,16,20.8,7.7,16.1,48.3,0.304,0.246,0.37,35.2,5.9,77.415946964,,,,SI,Sinker,39.1,279,24.2,0.286,0.4,0.369,0.7,BASEBALL_SAVANT_PITCH_ARSENAL_CURRENT_SEASON,2026-08-28T17:22:48+00:00,SAVANT_ARSENAL_SCHEMA_V1,CURRENT
664991,"Wolfram, Grant",2026,41,8,19.5,7.7,24.4,48.3,0.356,0.242,0.415,36.0,5.9,77.415946964,,,,FF,4-Seam Fastball,23.0,164,13.8,0.219,0.438,0.351,0.0,BASEBALL_SAVANT_PITCH_ARSENAL_CURRENT_SEASON,2026-08-28T17:22:48+00:00,SAVANT_ARSENAL_SCHEMA_V1,CURRENT
664991,"Wolfram, Grant",2026,25,9,36.0,7.7,29.0,48.3,0.242,0.253,0.305,37.5,5.9,77.415946964,,,,CU,Curveball,16.5,118,22.0,0.333,0.542,0.389,-1.2,BASEBALL_SAVANT_PITCH_ARSENAL_CURRENT_SEASON,2026-08-28T17:22:48+00:00,SAVANT_ARSENAL_SCHEMA_V1,CURRENT
664991,"Wolfram, Grant",2026,21,6,28.6,7.7,42.9,48.3,0.302,0.21,0.454,42.9,5.9,77.415946964,,,,SL,Slider,11.6,83,25.0,0.263,0.526,0.35,-2.1,BASEBALL_SAVANT_PITCH_ARSENAL_CURRENT_SEASON,2026-08-28T17:22:48+00:00,SAVANT_ARSENAL_SCHEMA_V1,CURRENT
664991,"Wolfram, Grant",2026,14,6,42.9,7.7,33.3,48.3,0.134,0.077,0.133,42.9,5.9,77.415946964,,,,ST,Sweeper,8.5,61,21.4,0.154,0.154,0.179,-1.2,BASEBALL_SAVANT_PITCH_ARSENAL_CURRENT_SEASON,2026-08-28T17:22:48+00:00,SAVANT_ARSENAL_SCHEMA_V1,CURRENT
664991,"Wolfram, Grant",2026,3,0,0.0,7.7,16.7,48.3,0.165,0.181,0.204,0.0,5.9,77.415946964,,,,FC,Cutter,1.3,9,0.0,0.0,0.0,0.0,8.6,BASEBALL_SAVANT_PITCH_ARSENAL_CURRENT_SEASON,2026-08-28T17:22:48+00:00,SAVANT_ARSENAL_SCHEMA_V1,CURRENT
693433,"Woo, Bryan",2026,256,59,23.0,5.2,25.4,53.6,0.314,0.246,0.427,45.8,7.5,79.45694005,,,,FF,4-Seam Fastball,47.5,1043,17.3,0.236,0.392,0.298,1.2,BASEBALL_SAVANT_PITCH_ARSENAL_CURRENT_SEASON,2026-08-28T17:22:48+00:00,SAVANT_ARSENAL_SCHEMA_V1,CURRENT
693433,"Woo, Bryan",2026,122,17,13.9,5.2,12.0,53.6,0.338,0.281,0.439,50.0,7.5,79.45694005,,,,SI,Sinker,18.7,411,17.2,0.277,0.455,0.358,-0.4,BASEBALL_SAVANT_PITCH_ARSENAL_CURRENT_SEASON,2026-08-28T17:22:48+00:00,SAVANT_ARSENAL_SCHEMA_V1,CURRENT
693433,"Woo, Bryan",2026,80,24,30.0,5.2,32.2,53.6,0.316,0.252,0.407,52.0,7.5,79.45694005,,,,SL,Slider,15.0,330,21.1,0.25,0.403,0.304,-0.4,BASEBALL_SAVANT_PITCH_ARSENAL_CURRENT_SEASON,2026-08-28T17:22:48+00:00,SAVANT_ARSENAL_SCHEMA_V1,CURRENT
693433,"Woo, Bryan",2026,75,27,36.0,5.2,35.1,53.6,0.216,0.19,0.314,29.2,7.5,79.45694005,,,,ST,Sweeper,11.0,241,23.9,0.2,0.347,0.245,-0.1,BASEBALL_SAVANT_PITCH_ARSENAL_CURRENT_SEASON,2026-08-28T17:22:48+00:00,SAVANT_ARSENAL_SCHEMA_V1,CURRENT
693433,"Woo, Bryan",2026,38,11,28.9,5.2,17.6,53.6,0.195,0.175,0.21,24.0,7.5,79.45694005,,,,CH,Changeup,6.0,132,21.2,0.111,0.111,0.132,4.0,BASEBALL_SAVANT_PITCH_ARSENAL_CURRENT_SEASON,2026-08-28T17:22:48+00:00,SAVANT_ARSENAL_SCHEMA_V1,CURRENT
693433,"Woo, Bryan",2026,9,4,44.4,5.2,33.3,53.6,0.183,0.109,0.171,25.0,7.5,79.45694005,,,,CU,Curveball,1.7,37,22.2,0.25,0.375,0.317,-4.0,BASEBALL_SAVANT_PITCH_ARSENAL_CURRENT_SEASON,2026-08-28T17:22:48+00:00,SAVANT_ARSENAL_SCHEMA_V1,CURRENT
663765,"Woodford, Jake",2026,43,4,9.3,5.6,20.7,46.0,0.476,0.392,0.717,50.0,8.3,82.425733333,,,,FC,Cutter,37.2,170,14.8,0.395,0.737,0.483,-2.5,BASEBALL_SAVANT_PITCH_ARSENAL_CURRENT_SEASON,2026-08-28T17:22:48+00:00,SAVANT_ARSENAL_SCHEMA_V1,CURRENT
663765,"Woodford, Jake",2026,41,6,14.6,5.6,10.0,46.0,0.386,0.367,0.462,53.1,8.3,82.425733333,,,,SI,Sinker,29.1,133,25.0,0.417,0.556,0.424,-1.3,BASEBALL_SAVANT_PITCH_ARSENAL_CURRENT_SEASON,2026-08-28T17:22:48+00:00,SAVANT_ARSENAL_SCHEMA_V1,CURRENT
663765,"Woodford, Jake",2026,23,9,39.1,5.6,33.3,46.0,0.239,0.254,0.291,35.7,8.3,82.425733333,,,,ST,Sweeper,15.5,71,32.1,0.304,0.304,0.274,-0.6,BASEBALL_SAVANT_PITCH_ARSENAL_CURRENT_SEASON,2026-08-28T17:22:48+00:00,SAVANT_ARSENAL_SCHEMA_V1,CURRENT
663765,"Woodford, Jake",2026,13,2,15.4,5.6,17.2,46.0,0.274,0.291,0.341,54.5,8.3,82.425733333,,,,FS,Split-Finger,14.9,68,7.7,0.231,0.385,0.331,-1.7,BASEBALL_SAVANT_PITCH_ARSENAL_CURRENT_SEASON,2026-08-28T17:22:48+00:00,SAVANT_ARSENAL_SCHEMA_V1,CURRENT
663765,"Woodford, Jake",2026,2,0,0.0,5.6,0.0,46.0,0.36,0.02,0.027,100.0,8.3,82.425733333,,,,SL,Slider,1.5,7,0.0,0.0,0.0,0.35,-0.4,BASEBALL_SAVANT_PITCH_ARSENAL_CURRENT_SEASON,2026-08-28T17:22:48+00:00,SAVANT_ARSENAL_SCHEMA_V1,CURRENT
663765,"Woodford, Jake",2026,2,1,50.0,5.6,50.0,46.0,0.246,0.26,0.292,0.0,8.3,82.425733333,,,,CU,Curveball,90.0,4,33.3,0.0,0.0,0.0,10.2,BASEBALL_SAVANT_PITCH_ARSENAL_CURRENT_SEASON,2026-08-28T17:22:48+00:00,SAVANT_ARSENAL_SCHEMA_V1,CURRENT
663765,"Woodford, Jake",2026,2,1,50.0,5.6,50.0,46.0,0.04,0.043,0.047,0.0,8.3,82.425733333,,,,FF,4-Seam Fastball,90.0,4,25.0,0.0,0.0,0.0,11.7,BASEBALL_SAVANT_PITCH_ARSENAL_CURRENT_SEASON,2026-08-28T17:22:48+00:00,SAVANT_ARSENAL_SCHEMA_V1,CURRENT
605540,"Woodruff, Brandon",2026,80,27,33.8,5.7,25.8,51.0,0.249,0.153,0.307,29.5,7.8,81.369078621,,,,FF,4-Seam Fastball,44.0,281,25.7,0.114,0.243,0.221,2.4,BASEBALL_SAVANT_PITCH_ARSENAL_CURRENT_SEASON,2026-08-28T17:22:48+00:00,SAVANT_ARSENAL_SCHEMA_V1,CURRENT
605540,"Woodruff, Brandon",2026,30,11,36.7,5.7,38.2,51.0,0.177,0.171,0.24,15.8,7.8,81.369078621,,,,CH,Changeup,21.3,136,25.6,0.133,0.167,0.132,2.6,BASEBALL_SAVANT_PITCH_ARSENAL_CURRENT_SEASON,2026-08-28T17:22:48+00:00,SAVANT_ARSENAL_SCHEMA_V1,CURRENT
605540,"Woodruff, Brandon",2026,38,7,18.4,5.7,10.9,51.0,0.34,0.282,0.492,43.3,7.8,81.369078621,,,,SI,Sinker,19.2,123,20.6,0.333,0.528,0.37,-0.6,BASEBALL_SAVANT_PITCH_ARSENAL_CURRENT_SEASON,2026-08-28T17:22:48+00:00,SAVANT_ARSENAL_SCHEMA_V1,CURRENT
605540,"Woodruff, Brandon",2026,18,0,0.0,5.7,7.4,51.0,0.364,0.309,0.549,44.4,7.8,81.369078621,,,,FC,Cutter,10.3,66,0.0,0.222,0.444,0.331,-0.1,BASEBALL_SAVANT_PITCH_ARSENAL_CURRENT_SEASON,2026-08-28T17:22:48+00:00,SAVANT_ARSENAL_SCHEMA_V1,CURRENT
605540,"Woodruff, Brandon",2026,6,2,33.3,5.7,22.2,51.0,0.111,0.102,0.158,50.0,7.8,81.369078621,,,,CU,Curveball,4.4,28,28.6,0.0,0.0,0.15,2.1,BASEBALL_SAVANT_PITCH_ARSENAL_CURRENT_SEASON,2026-08-28T17:22:48+00:00,SAVANT_ARSENAL_SCHEMA_V1,CURRENT
605540,"Woodruff, Brandon",2026,1,0,0.0,5.7,0.0,51.0,0.166,0.089,0.319,100.0,7.8,81.369078621,,,,ST,Sweeper,80.0,5,0.0,0.0,0.0,0.0,6.0,BASEBALL_SAVANT_PITCH_ARSENAL_CURRENT_SEASON,2026-08-28T17:22:48+00:00,SAVANT_ARSENAL_SCHEMA_V1,CURRENT
680573,"Woods Richardson, Simeon",2026,142,19,13.4,12.2,18.5,42.3,0.341,0.246,0.396,41.6,8.5,79.067889636,,,,FF,4-Seam Fastball,43.4,504,17.3,0.297,0.449,0.388,-0.1,BASEBALL_SAVANT_PITCH_ARSENAL_CURRENT_SEASON,2026-08-28T17:22:48+00:00,SAVANT_ARSENAL_SCHEMA_V1,CURRENT
680573,"Woods Richardson, Simeon",2026,76,12,15.8,12.2,20.2,42.3,0.404,0.296,0.542,44.4,8.5,79.067889636,,,,FS,Split-Finger,24.7,287,10.6,0.323,0.585,0.445,-4.9,BASEBALL_SAVANT_PITCH_ARSENAL_CURRENT_SEASON,2026-08-28T17:22:48+00:00,SAVANT_ARSENAL_SCHEMA_V1,CURRENT
680573,"Woods Richardson, Simeon",2026,66,7,10.6,12.2,18.9,42.3,0.397,0.334,0.521,45.3,8.5,79.067889636,,,,SL,Slider,22.1,257,10.6,0.333,0.567,0.427,-2.4,BASEBALL_SAVANT_PITCH_ARSENAL_CURRENT_SEASON,2026-08-28T17:22:48+00:00,SAVANT_ARSENAL_SCHEMA_V1,CURRENT
680573,"Woods Richardson, Simeon",2026,19,2,10.5,12.2,11.8,42.3,0.323,0.268,0.479,56.3,8.5,79.067889636,,,,CU,Curveball,9.6,112,11.8,0.176,0.353,0.237,1.1,BASEBALL_SAVANT_PITCH_ARSENAL_CURRENT_SEASON,2026-08-28T17:22:48+00:00,SAVANT_ARSENAL_SCHEMA_V1,CURRENT
680736,"Wrobleski, Justin",2026,251,67,26.7,5.4,23.9,50.1,0.302,0.228,0.403,42.7,9.4,79.343598158,,,,FF,4-Seam Fastball,49.6,943,22.0,0.187,0.326,0.261,1.4,BASEBALL_SAVANT_PITCH_ARSENAL_CURRENT_SEASON,2026-08-28T17:22:48+00:00,SAVANT_ARSENAL_SCHEMA_V1,CURRENT
680736,"Wrobleski, Justin",2026,152,26,17.1,5.4,19.6,50.1,0.338,0.272,0.468,51.7,9.4,79.343598158,,,,SL,Slider,27.8,528,13.9,0.224,0.399,0.308,-0.5,BASEBALL_SAVANT_PITCH_ARSENAL_CURRENT_SEASON,2026-08-28T17:22:48+00:00,SAVANT_ARSENAL_SCHEMA_V1,CURRENT
680736,"Wrobleski, Justin",2026,53,2,3.8,5.4,8.0,50.1,0.4,0.364,0.505,31.9,9.4,79.343598158,,,,SI,Sinker,7.8,148,25.0,0.347,0.531,0.403,0.6,BASEBALL_SAVANT_PITCH_ARSENAL_CURRENT_SEASON,2026-08-28T17:22:48+00:00,SAVANT_ARSENAL_SCHEMA_V1,CURRENT
680736,"Wrobleski, Justin",2026,22,2,9.1,5.4,15.0,50.1,0.304,0.308,0.393,35.0,9.4,79.343598158,,,,CH,Changeup,5.4,102,6.1,0.182,0.182,0.205,0.8,BASEBALL_SAVANT_PITCH_ARSENAL_CURRENT_SEASON,2026-08-28T17:22:48+00:00,SAVANT_ARSENAL_SCHEMA_V1,CURRENT
680736,"Wrobleski, Justin",2026,17,0,0.0,5.4,7.3,50.1,0.384,0.338,0.559,52.9,9.4,79.343598158,,,,CU,Curveball,4.9,93,0.0,0.353,0.588,0.4,-0.7,BASEBALL_SAVANT_PITCH_ARSENAL_CURRENT_SEASON,2026-08-28T17:22:48+00:00,SAVANT_ARSENAL_SCHEMA_V1,CURRENT
680736,"Wrobleski, Justin",2026,15,3,20.0,5.4,8.0,50.1,0.323,0.341,0.4,33.3,9.4,79.343598158,,,,ST,Sweeper,3.2,61,8.1,0.333,0.333,0.3,-2.3,BASEBALL_SAVANT_PITCH_ARSENAL_CURRENT_SEASON,2026-08-28T17:22:48+00:00,SAVANT_ARSENAL_SCHEMA_V1,CURRENT
680736,"Wrobleski, Justin",2026,6,0,0.0,5.4,25.0,50.1,0.834,0.643,1.39,40.0,9.4,79.343598158,,,,FC,Cutter,1.3,24,0.0,0.8,2.2,1.142,-18.6,BASEBALL_SAVANT_PITCH_ARSENAL_CURRENT_SEASON,2026-08-28T17:22:48+00:00,SAVANT_ARSENAL_SCHEMA_V1,CURRENT
808967,"Yamamoto, Yoshinobu",2026,136,41,30.1,5.9,28.6,49.0,0.334,0.217,0.466,47.5,6.3,76.240992266,,,,FF,4-Seam Fastball,26.9,637,22.7,0.133,0.308,0.236,2.6,BASEBALL_SAVANT_PITCH_ARSENAL_CURRENT_SEASON,2026-08-28T17:22:48+00:00,SAVANT_ARSENAL_SCHEMA_V1,CURRENT
808967,"Yamamoto, Yoshinobu",2026,179,45,25.1,5.9,32.5,49.0,0.223,0.201,0.277,33.6,6.3,76.240992266,,,,FS,Split-Finger,26.8,636,17.1,0.179,0.312,0.226,0.5,BASEBALL_SAVANT_PITCH_ARSENAL_CURRENT_SEASON,2026-08-28T17:22:48+00:00,SAVANT_ARSENAL_SCHEMA_V1,CURRENT
808967,"Yamamoto, Yoshinobu",2026,90,18,20.0,5.9,23.0,49.0,0.29,0.216,0.362,27.0,6.3,76.240992266,,,,FC,Cutter,15.2,361,22.8,0.237,0.362,0.3,0.9,BASEBALL_SAVANT_PITCH_ARSENAL_CURRENT_SEASON,2026-08-28T17:22:48+00:00,SAVANT_ARSENAL_SCHEMA_V1,CURRENT
808967,"Yamamoto, Yoshinobu",2026,92,23,25.0,5.9,12.9,49.0,0.247,0.207,0.267,44.3,6.3,76.240992266,,,,SI,Sinker,12.8,303,25.6,0.179,0.238,0.237,2.4,BASEBALL_SAVANT_PITCH_ARSENAL_CURRENT_SEASON,2026-08-28T17:22:48+00:00,SAVANT_ARSENAL_SCHEMA_V1,CURRENT
808967,"Yamamoto, Yoshinobu",2026,61,14,23.0,5.9,24.4,49.0,0.306,0.273,0.387,27.3,6.3,76.240992266,,,,CU,Curveball,12.4,293,17.9,0.259,0.379,0.311,0.6,BASEBALL_SAVANT_PITCH_ARSENAL_CURRENT_SEASON,2026-08-28T17:22:48+00:00,SAVANT_ARSENAL_SCHEMA_V1,CURRENT
808967,"Yamamoto, Yoshinobu",2026,47,11,23.4,5.9,31.3,49.0,0.24,0.232,0.296,34.3,6.3,76.240992266,,,,SL,Slider,6.0,142,21.6,0.196,0.261,0.248,2.0,BASEBALL_SAVANT_PITCH_ARSENAL_CURRENT_SEASON,2026-08-28T17:22:48+00:00,SAVANT_ARSENAL_SCHEMA_V1,CURRENT
642376,"Yan, Jefry",2026,18,1,5.6,20.0,24.2,41.6,0.4,0.37,0.407,15.4,4.5,80.616235455,,,,SI,Sinker,50.3,75,10.0,0.333,0.333,0.356,-0.1,BASEBALL_SAVANT_PITCH_ARSENAL_CURRENT_SEASON,2026-08-28T17:22:48+00:00,SAVANT_ARSENAL_SCHEMA_V1,CURRENT
642376,"Yan, Jefry",2026,12,6,50.0,20.0,61.5,41.6,0.273,0.057,0.081,50.0,4.5,80.616235455,,,,SL,Slider,26.2,39,33.3,0.125,0.125,0.308,-0.3,BASEBALL_SAVANT_PITCH_ARSENAL_CURRENT_SEASON,2026-08-28T17:22:48+00:00,SAVANT_ARSENAL_SCHEMA_V1,CURRENT
642376,"Yan, Jefry",2026,8,2,25.0,20.0,30.8,41.6,0.302,0.209,0.515,66.7,4.5,80.616235455,,,,FF,4-Seam Fastball,21.5,32,28.6,0.143,0.571,0.286,0.8,BASEBALL_SAVANT_PITCH_ARSENAL_CURRENT_SEASON,2026-08-28T17:22:48+00:00,SAVANT_ARSENAL_SCHEMA_V1,CURRENT
642376,"Yan, Jefry",2026,2,1,50.0,20.0,66.7,41.6,0.147,0.162,0.181,0.0,4.5,80.616235455,,,,CH,Changeup,2.0,3,100.0,0.0,0.0,0.0,14.5,BASEBALL_SAVANT_PITCH_ARSENAL_CURRENT_SEASON,2026-08-28T17:22:48+00:00,SAVANT_ARSENAL_SCHEMA_V1,CURRENT
642232,"Yarbrough, Ryan",2026,49,5,10.2,9.0,17.3,47.4,0.316,0.258,0.373,23.1,3.3,71.74002973,,,,FC,Cutter,26.7,218,10.9,0.209,0.279,0.283,1.7,BASEBALL_SAVANT_PITCH_ARSENAL_CURRENT_SEASON,2026-08-28T17:22:48+00:00,SAVANT_ARSENAL_SCHEMA_V1,CURRENT
642232,"Yarbrough, Ryan",2026,46,11,23.9,9.0,40.3,47.4,0.181,0.087,0.111,10.7,3.3,71.74002973,,,,ST,Sweeper,21.4,175,16.9,0.132,0.289,0.257,0.1,BASEBALL_SAVANT_PITCH_ARSENAL_CURRENT_SEASON,2026-08-28T17:22:48+00:00,SAVANT_ARSENAL_SCHEMA_V1,CURRENT
642232,"Yarbrough, Ryan",2026,55,12,21.8,9.0,31.1,47.4,0.269,0.254,0.355,28.6,3.3,71.74002973,,,,CH,Changeup,20.8,170,19.7,0.241,0.278,0.255,0.5,BASEBALL_SAVANT_PITCH_ARSENAL_CURRENT_SEASON,2026-08-28T17:22:48+00:00,SAVANT_ARSENAL_SCHEMA_V1,CURRENT
642232,"Yarbrough, Ryan",2026,29,7,24.1,9.0,17.3,47.4,0.318,0.164,0.362,43.8,3.3,71.74002973,,,,FF,4-Seam Fastball,17.2,141,14.3,0.174,0.478,0.386,-0.7,BASEBALL_SAVANT_PITCH_ARSENAL_CURRENT_SEASON,2026-08-28T17:22:48+00:00,SAVANT_ARSENAL_SCHEMA_V1,CURRENT
642232,"Yarbrough, Ryan",2026,31,2,6.5,9.0,3.4,47.4,0.339,0.319,0.37,23.1,3.3,71.74002973,,,,SI,Sinker,13.9,114,10.0,0.321,0.464,0.403,1.0,BASEBALL_SAVANT_PITCH_ARSENAL_CURRENT_SEASON,2026-08-28T17:22:48+00:00,SAVANT_ARSENAL_SCHEMA_V1,CURRENT
489446,"Yates, Kirby",2026,113,34,30.1,10.2,26.7,52.2,0.27,0.2,0.299,47.0,6.1,81.868606531,,,,FF,4-Seam Fastball,65.7,444,24.5,0.216,0.309,0.279,1.7,BASEBALL_SAVANT_PITCH_ARSENAL_CURRENT_SEASON,2026-08-28T17:22:48+00:00,SAVANT_ARSENAL_SCHEMA_V1,CURRENT
489446,"Yates, Kirby",2026,51,11,21.6,10.2,34.6,52.2,0.311,0.232,0.322,43.8,6.1,81.868606531,,,,FS,Split-Finger,32.7,221,16.4,0.209,0.326,0.322,-0.7,BASEBALL_SAVANT_PITCH_ARSENAL_CURRENT_SEASON,2026-08-28T17:22:48+00:00,SAVANT_ARSENAL_SCHEMA_V1,CURRENT
489446,"Yates, Kirby",2026,2,1,50.0,10.2,0.0,52.2,0.665,0.377,1.238,100.0,6.1,81.868606531,,,,ST,Sweeper,1.6,11,14.3,0.5,2.0,1.0,-11.0,BASEBALL_SAVANT_PITCH_ARSENAL_CURRENT_SEASON,2026-08-28T17:22:48+00:00,SAVANT_ARSENAL_SCHEMA_V1,CURRENT
678868,"Yean, Eddy",2026,21,3,14.3,5.1,18.8,47.1,0.29,0.191,0.329,33.3,3.3,80.365412,,,,SI,Sinker,57.1,80,25.0,0.111,0.333,0.298,1.2,BASEBALL_SAVANT_PITCH_ARSENAL_CURRENT_SEASON,2026-08-28T17:22:48+00:00,SAVANT_ARSENAL_SCHEMA_V1,CURRENT
678868,"Yean, Eddy",2026,17,3,17.6,5.1,15.4,47.1,0.211,0.224,0.256,35.7,3.3,80.365412,,,,CH,Changeup,30.0,42,15.8,0.118,0.176,0.126,4.8,BASEBALL_SAVANT_PITCH_ARSENAL_CURRENT_SEASON,2026-08-28T17:22:48+00:00,SAVANT_ARSENAL_SCHEMA_V1,CURRENT
678868,"Yean, Eddy",2026,1,0,0.0,5.1,0.0,47.1,0.307,0.341,0.392,0.0,3.3,80.365412,,,,SL,Slider,10.0,14,0.0,1.0,2.0,1.25,-6.8,BASEBALL_SAVANT_PITCH_ARSENAL_CURRENT_SEASON,2026-08-28T17:22:48+00:00,SAVANT_ARSENAL_SCHEMA_V1,CURRENT
702056,"Yesavage, Trey",2026,192,35,18.2,11.9,20.1,47.3,0.312,0.217,0.369,40.0,6.1,78.103157273,,,,FF,4-Seam Fastball,46.6,722,18.8,0.198,0.358,0.307,1.1,BASEBALL_SAVANT_PITCH_ARSENAL_CURRENT_SEASON,2026-08-28T17:22:48+00:00,SAVANT_ARSENAL_SCHEMA_V1,CURRENT
702056,"Yesavage, Trey",2026,109,33,30.3,11.9,39.1,47.3,0.257,0.188,0.294,20.0,6.1,78.103157273,,,,FS,Split-Finger,28.8,446,17.6,0.137,0.232,0.218,0.4,BASEBALL_SAVANT_PITCH_ARSENAL_CURRENT_SEASON,2026-08-28T17:22:48+00:00,SAVANT_ARSENAL_SCHEMA_V1,CURRENT
702056,"Yesavage, Trey",2026,85,23,27.1,11.9,38.3,47.3,0.259,0.178,0.288,36.5,6.1,78.103157273,,,,SL,Slider,24.6,381,21.5,0.219,0.438,0.327,-0.1,BASEBALL_SAVANT_PITCH_ARSENAL_CURRENT_SEASON,2026-08-28T17:22:48+00:00,SAVANT_ARSENAL_SCHEMA_V1,CURRENT
684974,"Yoho, Craig",2026,68,20,29.4,11.3,34.4,45.6,0.227,0.203,0.271,24.4,7.8,73.346769211,,,,CH,Changeup,49.1,238,26.3,0.172,0.313,0.231,2.2,BASEBALL_SAVANT_PITCH_ARSENAL_CURRENT_SEASON,2026-08-28T17:22:48+00:00,SAVANT_ARSENAL_SCHEMA_V1,CURRENT
684974,"Yoho, Craig",2026,22,2,9.1,11.3,14.7,45.6,0.452,0.264,0.594,35.7,7.8,73.346769211,,,,SI,Sinker,20.6,100,15.4,0.25,0.5,0.42,-0.6,BASEBALL_SAVANT_PITCH_ARSENAL_CURRENT_SEASON,2026-08-28T17:22:48+00:00,SAVANT_ARSENAL_SCHEMA_V1,CURRENT
684974,"Yoho, Craig",2026,22,7,31.8,11.3,10.3,45.6,0.334,0.153,0.39,50.0,7.8,73.346769211,,,,FF,4-Seam Fastball,16.1,78,26.9,0.118,0.353,0.307,0.3,BASEBALL_SAVANT_PITCH_ARSENAL_CURRENT_SEASON,2026-08-28T17:22:48+00:00,SAVANT_ARSENAL_SCHEMA_V1,CURRENT
684974,"Yoho, Craig",2026,11,0,0.0,11.3,31.0,45.6,0.449,0.299,0.635,22.2,7.8,73.346769211,,,,FC,Cutter,13.4,65,0.0,0.333,0.778,0.505,-2.3,BASEBALL_SAVANT_PITCH_ARSENAL_CURRENT_SEASON,2026-08-28T17:22:48+00:00,SAVANT_ARSENAL_SCHEMA_V1,CURRENT
684974,"Yoho, Craig",2026,1,0,0.0,11.3,0.0,45.6,0.7,0.212,0.371,29.5,7.8,73.346769211,,,,ST,Sweeper,80.0,4,0.0,,,0.7,-13.3,BASEBALL_SAVANT_PITCH_ARSENAL_CURRENT_SEASON,2026-08-28T17:22:48+00:00,SAVANT_ARSENAL_SCHEMA_V1,CURRENT
687064,"Young, Brandon",2026,209,33,15.8,8.5,21.3,49.6,0.335,0.246,0.419,40.0,6.9,78.624981809,,,,FF,4-Seam Fastball,40.3,799,13.4,0.219,0.366,0.303,1.3,BASEBALL_SAVANT_PITCH_ARSENAL_CURRENT_SEASON,2026-08-28T17:22:48+00:00,SAVANT_ARSENAL_SCHEMA_V1,CURRENT
687064,"Young, Brandon",2026,98,16,16.3,8.5,24.3,49.6,0.312,0.289,0.385,48.1,6.9,78.624981809,,,,FS,Split-Finger,19.0,376,12.4,0.304,0.424,0.333,-1.3,BASEBALL_SAVANT_PITCH_ARSENAL_CURRENT_SEASON,2026-08-28T17:22:48+00:00,SAVANT_ARSENAL_SCHEMA_V1,CURRENT
687064,"Young, Brandon",2026,82,33,40.2,8.5,41.6,49.6,0.262,0.193,0.386,39.1,6.9,78.624981809,,,,SL,Slider,15.2,302,26.4,0.218,0.397,0.289,-1.1,BASEBALL_SAVANT_PITCH_ARSENAL_CURRENT_SEASON,2026-08-28T17:22:48+00:00,SAVANT_ARSENAL_SCHEMA_V1,CURRENT
687064,"Young, Brandon",2026,97,10,10.3,8.5,9.2,49.6,0.356,0.295,0.425,40.8,6.9,78.624981809,,,,SI,Sinker,13.5,268,23.3,0.329,0.506,0.423,-0.6,BASEBALL_SAVANT_PITCH_ARSENAL_CURRENT_SEASON,2026-08-28T17:22:48+00:00,SAVANT_ARSENAL_SCHEMA_V1,CURRENT
687064,"Young, Brandon",2026,43,7,16.3,8.5,20.0,49.6,0.34,0.282,0.423,28.1,6.9,78.624981809,,,,CU,Curveball,12.0,238,15.9,0.27,0.378,0.307,-0.1,BASEBALL_SAVANT_PITCH_ARSENAL_CURRENT_SEASON,2026-08-28T17:22:48+00:00,SAVANT_ARSENAL_SCHEMA_V1,CURRENT
664849,"Young, Danny",2026,24,10,41.7,20.0,43.6,33.6,0.289,0.121,0.232,37.5,17.6,89.220940625,,,,ST,Sweeper,49.4,131,21.3,0.167,0.333,0.333,-0.6,BASEBALL_SAVANT_PITCH_ARSENAL_CURRENT_SEASON,2026-08-28T17:22:48+00:00,SAVANT_ARSENAL_SCHEMA_V1,CURRENT
664849,"Young, Danny",2026,39,5,12.8,20.0,10.0,33.6,0.454,0.312,0.61,69.2,17.6,89.220940625,,,,SI,Sinker,48.7,129,18.5,0.4,0.7,0.517,-3.6,BASEBALL_SAVANT_PITCH_ARSENAL_CURRENT_SEASON,2026-08-28T17:22:48+00:00,SAVANT_ARSENAL_SCHEMA_V1,CURRENT
666171,"Zeferjahn, Ryan",2026,103,34,33.0,13.4,38.0,40.6,0.262,0.167,0.3,28.6,6.0,79.758652537,,,,ST,Sweeper,37.6,411,27.6,0.157,0.371,0.28,1.2,BASEBALL_SAVANT_PITCH_ARSENAL_CURRENT_SEASON,2026-08-28T17:22:48+00:00,SAVANT_ARSENAL_SCHEMA_V1,CURRENT
666171,"Zeferjahn, Ryan",2026,78,35,44.9,13.4,36.4,40.6,0.275,0.165,0.259,48.3,6.0,79.758652537,,,,FF,4-Seam Fastball,35.0,383,23.8,0.175,0.238,0.271,0.0,BASEBALL_SAVANT_PITCH_ARSENAL_CURRENT_SEASON,2026-08-28T17:22:48+00:00,SAVANT_ARSENAL_SCHEMA_V1,CURRENT
666171,"Zeferjahn, Ryan",2026,35,5,14.3,13.4,10.2,40.6,0.339,0.26,0.356,40.0,6.0,79.758652537,,,,SI,Sinker,14.7,161,17.2,0.276,0.448,0.368,-0.2,BASEBALL_SAVANT_PITCH_ARSENAL_CURRENT_SEASON,2026-08-28T17:22:48+00:00,SAVANT_ARSENAL_SCHEMA_V1,CURRENT
666171,"Zeferjahn, Ryan",2026,31,4,12.9,13.4,20.0,40.6,0.314,0.22,0.289,38.1,6.0,79.758652537,,,,SL,Slider,10.1,111,17.4,0.24,0.32,0.361,0.1,BASEBALL_SAVANT_PITCH_ARSENAL_CURRENT_SEASON,2026-08-28T17:22:48+00:00,SAVANT_ARSENAL_SCHEMA_V1,CURRENT
666171,"Zeferjahn, Ryan",2026,9,3,33.3,13.4,45.5,40.6,0.271,0.157,0.182,0.0,6.0,79.758652537,,,,CU,Curveball,2.6,28,18.8,0.286,0.286,0.356,-4.3,BASEBALL_SAVANT_PITCH_ARSENAL_CURRENT_SEASON,2026-08-28T17:22:48+00:00,SAVANT_ARSENAL_SCHEMA_V1,CURRENT
672582,"Zerpa, Angel",2026,36,6,16.7,10.9,19.3,41.7,0.407,0.338,0.489,52.0,7.3,80.149912,,,,SI,Sinker,68.1,147,15.0,0.3,0.467,0.383,-0.5,BASEBALL_SAVANT_PITCH_ARSENAL_CURRENT_SEASON,2026-08-28T17:22:48+00:00,SAVANT_ARSENAL_SCHEMA_V1,CURRENT
672582,"Zerpa, Angel",2026,15,1,6.7,10.9,13.6,41.7,0.295,0.253,0.437,50.0,7.3,80.149912,,,,SL,Slider,20.8,45,7.1,0.333,0.4,0.323,-1.8,BASEBALL_SAVANT_PITCH_ARSENAL_CURRENT_SEASON,2026-08-28T17:22:48+00:00,SAVANT_ARSENAL_SCHEMA_V1,CURRENT
672582,"Zerpa, Angel",2026,1,0,0.0,10.9,20.0,41.7,1.64,0.803,3.176,100.0,7.3,80.149912,,,,CH,Changeup,6.0,13,0.0,1.0,4.0,2.0,-19.8,BASEBALL_SAVANT_PITCH_ARSENAL_CURRENT_SEASON,2026-08-28T17:22:48+00:00,SAVANT_ARSENAL_SCHEMA_V1,CURRENT
672582,"Zerpa, Angel",2026,3,1,33.3,10.9,16.7,41.7,0.53,0.487,0.515,0.0,7.3,80.149912,,,,FF,4-Seam Fastball,5.1,11,10.0,0.5,0.5,0.533,-7.6,BASEBALL_SAVANT_PITCH_ARSENAL_CURRENT_SEASON,2026-08-28T17:22:48+00:00,SAVANT_ARSENAL_SCHEMA_V1,CURRENT
669145,"Zimmermann, Bruce",2026,7,0,0.0,4.8,0.0,40.3,0.221,0.214,0.298,14.3,0.0,76.5576,,,,SI,Sinker,31.9,23,0.0,0.143,0.143,0.129,4.9,BASEBALL_SAVANT_PITCH_ARSENAL_CURRENT_SEASON,2026-08-28T17:22:48+00:00,SAVANT_ARSENAL_SCHEMA_V1,CURRENT
669145,"Zimmermann, Bruce",2026,3,0,0.0,4.8,0.0,40.3,0.352,0.316,0.515,66.7,0.0,76.5576,,,,SL,Slider,16.7,12,0.0,0.667,1.333,0.833,-8.0,BASEBALL_SAVANT_PITCH_ARSENAL_CURRENT_SEASON,2026-08-28T17:22:48+00:00,SAVANT_ARSENAL_SCHEMA_V1,CURRENT
669145,"Zimmermann, Bruce",2026,3,1,33.3,4.8,50.0,40.3,0.056,0.062,0.073,0.0,0.0,76.5576,,,,FS,Split-Finger,15.3,11,33.3,0.0,0.0,0.0,6.2,BASEBALL_SAVANT_PITCH_ARSENAL_CURRENT_SEASON,2026-08-28T17:22:48+00:00,SAVANT_ARSENAL_SCHEMA_V1,CURRENT
669145,"Zimmermann, Bruce",2026,4,0,0.0,4.8,0.0,40.3,0.313,0.338,0.388,25.0,0.0,76.5576,,,,CU,Curveball,12.5,9,0.0,0.5,0.5,0.45,-6.1,BASEBALL_SAVANT_PITCH_ARSENAL_CURRENT_SEASON,2026-08-28T17:22:48+00:00,SAVANT_ARSENAL_SCHEMA_V1,CURRENT
669145,"Zimmermann, Bruce",2026,3,1,33.3,4.8,25.0,40.3,0.235,0.003,0.003,0.0,0.0,76.5576,,,,FC,Cutter,12.5,9,33.3,0.0,0.0,0.233,-0.4,BASEBALL_SAVANT_PITCH_ARSENAL_CURRENT_SEASON,2026-08-28T17:22:48+00:00,SAVANT_ARSENAL_SCHEMA_V1,CURRENT
669145,"Zimmermann, Bruce",2026,1,0,0.0,4.8,0.0,40.3,0.75,0.703,1.072,100.0,0.0,76.5576,,,,FF,4-Seam Fastball,11.1,8,0.0,1.0,2.0,1.25,-8.0,BASEBALL_SAVANT_PITCH_ARSENAL_CURRENT_SEASON,2026-08-28T17:22:48+00:00,SAVANT_ARSENAL_SCHEMA_V1,CURRENT
676604,"Zuber, Tyler",2026,47,13,27.7,4.9,25.2,48.2,0.29,0.228,0.334,58.6,4.8,81.792706667,,,,FF,4-Seam Fastball,41.4,200,19.1,0.214,0.333,0.304,1.1,BASEBALL_SAVANT_PITCH_ARSENAL_CURRENT_SEASON,2026-08-28T17:22:48+00:00,SAVANT_ARSENAL_SCHEMA_V1,CURRENT
676604,"Zuber, Tyler",2026,30,9,30.0,4.9,22.4,48.2,0.255,0.159,0.309,36.8,4.8,81.792706667,,,,ST,Sweeper,26.9,130,19.6,0.25,0.607,0.402,-1.7,BASEBALL_SAVANT_PITCH_ARSENAL_CURRENT_SEASON,2026-08-28T17:22:48+00:00,SAVANT_ARSENAL_SCHEMA_V1,CURRENT
676604,"Zuber, Tyler",2026,20,3,15.0,4.9,26.3,48.2,0.529,0.464,0.746,56.3,4.8,81.792706667,,,,SL,Slider,15.9,77,14.3,0.632,1.0,0.703,-6.8,BASEBALL_SAVANT_PITCH_ARSENAL_CURRENT_SEASON,2026-08-28T17:22:48+00:00,SAVANT_ARSENAL_SCHEMA_V1,CURRENT
676604,"Zuber, Tyler",2026,15,2,13.3,4.9,4.8,48.2,0.135,0.14,0.171,38.5,4.8,81.792706667,,,,SI,Sinker,10.6,51,14.3,0.133,0.133,0.18,3.5,BASEBALL_SAVANT_PITCH_ARSENAL_CURRENT_SEASON,2026-08-28T17:22:48+00:00,SAVANT_ARSENAL_SCHEMA_V1,CURRENT
676604,"Zuber, Tyler",2026,10,3,30.0,4.9,30.8,48.2,0.204,0.211,0.249,28.6,4.8,81.792706667,,,,CU,Curveball,5.2,25,15.0,0.2,0.4,0.25,-1.5,BASEBALL_SAVANT_PITCH_ARSENAL_CURRENT_SEASON,2026-08-28T17:22:48+00:00,SAVANT_ARSENAL_SCHEMA_V1,CURRENT
670871,"Zuñiga, Guillo",2026,3,0,0.0,25.0,0.0,44.4,0.25,0.028,0.028,0.0,0.0,38.30151,,,,FF,4-Seam Fastball,38.9,7,0.0,0.0,0.0,0.233,3.2,BASEBALL_SAVANT_PITCH_ARSENAL_CURRENT_SEASON,2026-08-28T17:22:48+00:00,SAVANT_ARSENAL_SCHEMA_V1,CURRENT
670871,"Zuñiga, Guillo",2026,1,1,100.0,25.0,50.0,44.4,0.0,0.019,0.019,0.0,0.0,38.30151,,,,CH,Changeup,11.1,2,50.0,0.0,0.0,0.0,12.2,BASEBALL_SAVANT_PITCH_ARSENAL_CURRENT_SEASON,2026-08-28T17:22:48+00:00,SAVANT_ARSENAL_SCHEMA_V1,CURRENT
594798,"deGrom, Jacob",2026,220,54,24.5,6.9,24.5,51.1,0.363,0.265,0.519,53.1,8.4,80.370900058,,,,FF,4-Seam Fastball,42.4,935,21.6,0.279,0.517,0.369,-0.1,BASEBALL_SAVANT_PITCH_ARSENAL_CURRENT_SEASON,2026-08-28T17:22:48+00:00,SAVANT_ARSENAL_SCHEMA_V1,CURRENT
594798,"deGrom, Jacob",2026,222,76,34.2,6.9,40.1,51.1,0.245,0.204,0.288,38.6,8.4,80.370900058,,,,SL,Slider,36.3,800,23.0,0.17,0.238,0.214,2.0,BASEBALL_SAVANT_PITCH_ARSENAL_CURRENT_SEASON,2026-08-28T17:22:48+00:00,SAVANT_ARSENAL_SCHEMA_V1,CURRENT
594798,"deGrom, Jacob",2026,54,18,33.3,6.9,46.1,51.1,0.248,0.243,0.33,36.1,8.4,80.370900058,,,,CH,Changeup,12.8,282,21.2,0.241,0.278,0.246,0.3,BASEBALL_SAVANT_PITCH_ARSENAL_CURRENT_SEASON,2026-08-28T17:22:48+00:00,SAVANT_ARSENAL_SCHEMA_V1,CURRENT
594798,"deGrom, Jacob",2026,27,11,40.7,6.9,45.5,51.1,0.234,0.19,0.365,50.0,8.4,80.370900058,,,,CU,Curveball,6.4,141,37.9,0.259,0.481,0.315,-1.4,BASEBALL_SAVANT_PITCH_ARSENAL_CURRENT_SEASON,2026-08-28T17:22:48+00:00,SAVANT_ARSENAL_SCHEMA_V1,CURRENT
594798,"deGrom, Jacob",2026,14,0,0.0,6.9,10.3,51.1,0.394,0.361,0.49,23.1,8.4,80.370900058,,,,SI,Sinker,2.1,47,0.0,0.462,0.769,0.604,-5.0,BASEBALL_SAVANT_PITCH_ARSENAL_CURRENT_SEASON,2026-08-28T17:22:48+00:00,SAVANT_ARSENAL_SCHEMA_V1,CURRENT
