player_id,player_name,season,PA,SO,K%,BB%,Whiff%,Swing%,xwOBA,xBA,xSLG,Hard-Hit%,Barrel%,average_swing_speed,fast_swing_rate,swords,squared_up_contact,wOBA,source,source_timestamp,schema_version,refresh_status
671096,"Abbott, Andrew",2026,604,108,17.9,10.9,22.4,46.6,0.331,0.256,0.415,38.2,7.7,79.491347171,,,,0.317,BASEBALL_SAVANT_CURRENT_SEASON,2026-08-23T06:30:07+00:00,SAVANT_PITCHER_SCHEMA_V1,CURRENT
690953,"Abel, Mick",2026,93,23,24.7,10.8,28.8,49.6,0.349,0.274,0.413,40.4,5.3,75.9787175,,,,0.329,BASEBALL_SAVANT_CURRENT_SEASON,2026-08-23T06:30:07+00:00,SAVANT_PITCHER_SCHEMA_V1,CURRENT
691769,"Abner, Philip",2026,64,6,9.4,12.5,18.1,47.3,0.401,0.305,0.539,40.0,12.0,79.1849144,,,,0.335,BASEBALL_SAVANT_CURRENT_SEASON,2026-08-23T06:30:07+00:00,SAVANT_PITCHER_SCHEMA_V1,CURRENT
650556,"Abreu, Bryan",2026,206,61,29.6,17.0,33.5,41.0,0.31,0.191,0.318,41.5,5.7,81.624391961,,,,0.328,BASEBALL_SAVANT_CURRENT_SEASON,2026-08-23T06:30:07+00:00,SAVANT_PITCHER_SCHEMA_V1,CURRENT
670183,"Acton, Garrett",2026,28,9,32.1,10.7,35.4,41.7,0.251,0.191,0.268,40.0,6.7,89.4715375,,,,0.238,BASEBALL_SAVANT_CURRENT_SEASON,2026-08-23T06:30:07+00:00,SAVANT_PITCHER_SCHEMA_V1,CURRENT
592094,"Adam, Jason",2026,134,22,16.4,6.0,28.6,53.4,0.288,0.224,0.371,36.3,6.9,77.312867451,,,,0.309,BASEBALL_SAVANT_CURRENT_SEASON,2026-08-23T06:30:07+00:00,SAVANT_PITCHER_SCHEMA_V1,CURRENT
701519,"Adams, Travis",2026,179,46,25.7,10.6,27.3,47.4,0.316,0.233,0.402,30.7,8.0,75.877948545,,,,0.338,BASEBALL_SAVANT_CURRENT_SEASON,2026-08-23T06:30:07+00:00,SAVANT_PITCHER_SCHEMA_V1,CURRENT
688642,"Agnos, Zach",2026,328,49,14.9,7.9,21.3,50.7,0.351,0.283,0.456,41.9,7.7,77.549473984,,,,0.348,BASEBALL_SAVANT_CURRENT_SEASON,2026-08-23T06:30:07+00:00,SAVANT_PITCHER_SCHEMA_V1,CURRENT
695239,"Ahlstrom, Robby",2026,118,26,22.0,6.8,27.6,49.0,0.311,0.255,0.392,33.3,6.2,74.19773425,,,,0.311,BASEBALL_SAVANT_CURRENT_SEASON,2026-08-23T06:30:07+00:00,SAVANT_PITCHER_SCHEMA_V1,CURRENT
669211,"Akin, Keegan",2026,114,17,14.9,7.9,19.3,49.2,0.298,0.246,0.371,28.4,5.8,73.826650238,,,,0.337,BASEBALL_SAVANT_CURRENT_SEASON,2026-08-23T06:30:07+00:00,SAVANT_PITCHER_SCHEMA_V1,CURRENT
645261,"Alcantara, Sandy",2026,728,131,18.0,6.5,21.1,50.9,0.297,0.249,0.367,35.2,5.4,77.80391633,,,,0.294,BASEBALL_SAVANT_CURRENT_SEASON,2026-08-23T06:30:07+00:00,SAVANT_PITCHER_SCHEMA_V1,CURRENT
691951,"Aldegheri, Sam",2026,151,22,14.6,11.3,20.4,45.7,0.355,0.271,0.45,35.1,9.0,74.746252182,,,,0.319,BASEBALL_SAVANT_CURRENT_SEASON,2026-08-23T06:30:07+00:00,SAVANT_PITCHER_SCHEMA_V1,CURRENT
680916,"Aleman, Franco",2026,82,22,26.8,9.8,27.3,44.9,0.277,0.203,0.305,40.0,4.0,78.4462732,,,,0.329,BASEBALL_SAVANT_CURRENT_SEASON,2026-08-23T06:30:07+00:00,SAVANT_PITCHER_SCHEMA_V1,CURRENT
669920,"Alexander, Jason",2026,84,14,16.7,9.5,20.3,44.5,0.332,0.257,0.415,37.7,10.0,75.822892333,,,,0.391,BASEBALL_SAVANT_CURRENT_SEASON,2026-08-23T06:30:07+00:00,SAVANT_PITCHER_SCHEMA_V1,CURRENT
641302,"Alexander, Tyler",2026,238,49,20.6,7.1,21.7,46.4,0.278,0.231,0.325,33.1,4.1,75.136573253,,,,0.299,BASEBALL_SAVANT_CURRENT_SEASON,2026-08-23T06:30:07+00:00,SAVANT_PITCHER_SCHEMA_V1,CURRENT
663465,"Allard, Kolby",2026,45,9,20.0,6.7,17.4,52.0,0.385,0.317,0.533,43.8,15.6,77.955251875,,,,0.467,BASEBALL_SAVANT_CURRENT_SEASON,2026-08-23T06:30:07+00:00,SAVANT_PITCHER_SCHEMA_V1,CURRENT
671106,"Allen, Logan",2026,42,10,23.8,9.5,18.5,45.5,0.312,0.226,0.427,53.6,10.7,78.955647143,,,,0.384,BASEBALL_SAVANT_CURRENT_SEASON,2026-08-23T06:30:07+00:00,SAVANT_PITCHER_SCHEMA_V1,CURRENT
665660,"Alvarado, Elvis",2026,167,49,29.3,11.4,32.0,51.8,0.334,0.207,0.442,49.5,16.5,79.176999583,,,,0.329,BASEBALL_SAVANT_CURRENT_SEASON,2026-08-23T06:30:07+00:00,SAVANT_PITCHER_SCHEMA_V1,CURRENT
621237,"Alvarado, José",2026,211,56,26.5,10.4,29.4,46.4,0.303,0.224,0.337,28.0,4.8,77.021299333,,,,0.351,BASEBALL_SAVANT_CURRENT_SEASON,2026-08-23T06:30:07+00:00,SAVANT_PITCHER_SCHEMA_V1,CURRENT
674841,"Alvarez, Andrew",2026,339,74,21.8,10.6,26.3,44.4,0.324,0.256,0.384,42.5,5.3,78.346745982,,,,0.304,BASEBALL_SAVANT_CURRENT_SEASON,2026-08-23T06:30:07+00:00,SAVANT_PITCHER_SCHEMA_V1,CURRENT
623454,"Anderson, Drew",2026,328,87,26.5,9.1,28.4,48.2,0.292,0.217,0.354,37.7,8.3,80.443891287,,,,0.318,BASEBALL_SAVANT_CURRENT_SEASON,2026-08-23T06:30:07+00:00,SAVANT_PITCHER_SCHEMA_V1,CURRENT
681982,"Anderson, Grant",2026,201,45,22.4,10.0,25.7,49.3,0.274,0.205,0.333,37.8,7.4,78.857136269,,,,0.298,BASEBALL_SAVANT_CURRENT_SEASON,2026-08-23T06:30:07+00:00,SAVANT_PITCHER_SCHEMA_V1,CURRENT
681252,"Anderson, Jack",2026,48,12,25.0,6.3,30.5,52.8,0.301,0.23,0.418,36.4,9.1,75.53509625,,,,0.269,BASEBALL_SAVANT_CURRENT_SEASON,2026-08-23T06:30:07+00:00,SAVANT_PITCHER_SCHEMA_V1,CURRENT
641312,"Anderson, Shaun",2026,93,17,18.3,10.8,26.6,45.0,0.391,0.303,0.515,38.5,9.2,77.226670625,,,,0.38,BASEBALL_SAVANT_CURRENT_SEASON,2026-08-23T06:30:07+00:00,SAVANT_PITCHER_SCHEMA_V1,CURRENT
681084,"Andrews, Tanner",2026,11,1,9.1,18.2,22.2,41.9,0.273,0.135,0.289,25.0,12.5,67.064095,,,,0.208,BASEBALL_SAVANT_CURRENT_SEASON,2026-08-23T06:30:07+00:00,SAVANT_PITCHER_SCHEMA_V1,CURRENT
622088,"Antone, Tejay",2026,178,39,21.9,7.9,26.6,47.3,0.292,0.218,0.357,34.5,7.1,77.454748545,,,,0.289,BASEBALL_SAVANT_CURRENT_SEASON,2026-08-23T06:30:07+00:00,SAVANT_PITCHER_SCHEMA_V1,CURRENT
606115,"Arcia, Orlando",2026,5,0,0.0,40.0,0.0,21.4,0.411,0.234,0.286,0.0,0.0,86.424955,,,,0.457,BASEBALL_SAVANT_CURRENT_SEASON,2026-08-23T06:30:07+00:00,SAVANT_PITCHER_SCHEMA_V1,CURRENT
542888,"Armstrong, Shawn",2026,146,33,22.6,13.0,24.1,48.6,0.309,0.209,0.363,34.8,6.5,78.886426,,,,0.324,BASEBALL_SAVANT_CURRENT_SEASON,2026-08-23T06:30:07+00:00,SAVANT_PITCHER_SCHEMA_V1,CURRENT
681293,"Arrighetti, Spencer",2026,401,91,22.7,13.0,25.6,42.0,0.345,0.238,0.396,31.1,8.2,77.123950248,,,,0.322,BASEBALL_SAVANT_CURRENT_SEASON,2026-08-23T06:30:07+00:00,SAVANT_PITCHER_SCHEMA_V1,CURRENT
676879,"Ashby, Aaron",2026,311,101,32.5,11.6,32.6,40.4,0.267,0.2,0.284,39.5,4.7,75.008973837,,,,0.291,BASEBALL_SAVANT_CURRENT_SEASON,2026-08-23T06:30:07+00:00,SAVANT_PITCHER_SCHEMA_V1,CURRENT
677952,"Ashcraft, Braxton",2026,602,159,26.4,5.5,25.8,52.2,0.285,0.227,0.367,41.4,6.7,79.07295125,,,,0.292,BASEBALL_SAVANT_CURRENT_SEASON,2026-08-23T06:30:07+00:00,SAVANT_PITCHER_SCHEMA_V1,CURRENT
668933,"Ashcraft, Graham",2026,109,32,29.4,14.7,32.4,45.3,0.286,0.197,0.307,36.1,7.3,79.172392143,,,,0.279,BASEBALL_SAVANT_CURRENT_SEASON,2026-08-23T06:30:07+00:00,SAVANT_PITCHER_SCHEMA_V1,CURRENT
665871,"Assad, Javier",2026,332,55,16.6,6.3,14.9,44.3,0.326,0.264,0.431,45.5,7.1,80.12860856,,,,0.302,BASEBALL_SAVANT_CURRENT_SEASON,2026-08-23T06:30:07+00:00,SAVANT_PITCHER_SCHEMA_V1,CURRENT
679883,"Avila, Luinder",2026,309,61,19.7,13.6,23.9,42.4,0.339,0.251,0.396,35.3,5.9,76.9869519,,,,0.355,BASEBALL_SAVANT_CURRENT_SEASON,2026-08-23T06:30:07+00:00,SAVANT_PITCHER_SCHEMA_V1,CURRENT
669199,"Bachar, Lake",2026,287,73,25.4,9.4,30.1,45.6,0.294,0.204,0.368,35.2,9.3,78.975822778,,,,0.289,BASEBALL_SAVANT_CURRENT_SEASON,2026-08-23T06:30:07+00:00,SAVANT_PITCHER_SCHEMA_V1,CURRENT
696147,"Bachman, Sam",2026,198,46,23.2,13.6,33.1,44.0,0.298,0.213,0.318,32.0,7.5,74.364553667,,,,0.305,BASEBALL_SAVANT_CURRENT_SEASON,2026-08-23T06:30:07+00:00,SAVANT_PITCHER_SCHEMA_V1,CURRENT
679775,"Backhus, Kyle",2026,94,20,21.3,6.4,19.6,43.2,0.308,0.247,0.385,30.3,4.6,74.422889063,,,,0.349,BASEBALL_SAVANT_CURRENT_SEASON,2026-08-23T06:30:07+00:00,SAVANT_PITCHER_SCHEMA_V1,CURRENT
641329,"Baker, Bryan",2026,193,56,29.0,8.3,29.3,54.3,0.258,0.197,0.303,35.0,6.7,74.674905667,,,,0.216,BASEBALL_SAVANT_CURRENT_SEASON,2026-08-23T06:30:07+00:00,SAVANT_PITCHER_SCHEMA_V1,CURRENT
607455,"Banda, Anthony",2026,156,33,21.2,9.6,26.7,44.9,0.325,0.234,0.375,39.0,7.1,80.496835625,,,,0.334,BASEBALL_SAVANT_CURRENT_SEASON,2026-08-23T06:30:07+00:00,SAVANT_PITCHER_SCHEMA_V1,CURRENT
621383,"Banks, Tanner",2026,146,32,21.9,8.9,23.2,50.1,0.323,0.262,0.419,33.7,7.0,75.890163469,,,,0.423,BASEBALL_SAVANT_CURRENT_SEASON,2026-08-23T06:30:07+00:00,SAVANT_PITCHER_SCHEMA_V1,CURRENT
682995,"Barco, Hunter",2026,87,14,16.1,14.9,16.3,38.5,0.381,0.28,0.466,43.1,7.0,77.439766207,,,,0.41,BASEBALL_SAVANT_CURRENT_SEASON,2026-08-23T06:30:07+00:00,SAVANT_PITCHER_SCHEMA_V1,CURRENT
605130,"Barlow, Scott",2026,153,29,19.0,13.1,33.1,42.7,0.358,0.236,0.448,36.1,9.3,77.463891633,,,,0.341,BASEBALL_SAVANT_CURRENT_SEASON,2026-08-23T06:30:07+00:00,SAVANT_PITCHER_SCHEMA_V1,CURRENT
656212,"Barnes, Charlie",2026,63,6,9.5,11.1,15.1,42.8,0.404,0.321,0.531,46.9,8.2,82.8940512,,,,0.402,BASEBALL_SAVANT_CURRENT_SEASON,2026-08-23T06:30:07+00:00,SAVANT_PITCHER_SCHEMA_V1,CURRENT
686930,"Barnett, Mason",2026,185,38,20.5,13.0,22.2,43.6,0.349,0.25,0.446,37.2,9.9,78.80204541,,,,0.388,BASEBALL_SAVANT_CURRENT_SEASON,2026-08-23T06:30:07+00:00,SAVANT_PITCHER_SCHEMA_V1,CURRENT
605135,"Bassitt, Chris",2026,309,46,14.9,8.4,20.9,45.8,0.345,0.286,0.412,35.8,4.4,76.79123177,,,,0.361,BASEBALL_SAVANT_CURRENT_SEASON,2026-08-23T06:30:07+00:00,SAVANT_PITCHER_SCHEMA_V1,CURRENT
669620,"Basso, Brady",2026,100,19,19.0,3.0,21.2,52.9,0.297,0.267,0.37,41.0,6.4,76.833706667,,,,0.341,BASEBALL_SAVANT_CURRENT_SEASON,2026-08-23T06:30:07+00:00,SAVANT_PITCHER_SCHEMA_V1,CURRENT
691945,"Baumler, Carter",2026,27,6,22.2,22.2,30.0,42.7,0.359,0.206,0.353,50.0,7.1,82.485275714,,,,0.371,BASEBALL_SAVANT_CURRENT_SEASON,2026-08-23T06:30:07+00:00,SAVANT_PITCHER_SCHEMA_V1,CURRENT
669358,"Baz, Shane",2026,623,132,21.2,7.9,22.5,49.1,0.312,0.252,0.396,42.8,6.8,80.695050642,,,,0.316,BASEBALL_SAVANT_CURRENT_SEASON,2026-08-23T06:30:07+00:00,SAVANT_PITCHER_SCHEMA_V1,CURRENT
660825,"Bazardo, Eduard",2026,246,58,23.6,7.3,21.7,46.0,0.323,0.256,0.429,37.9,8.9,78.691057831,,,,0.322,BASEBALL_SAVANT_CURRENT_SEASON,2026-08-23T06:30:07+00:00,SAVANT_PITCHER_SCHEMA_V1,CURRENT
694341,"Beck, Brendan",2026,31,4,12.9,16.1,33.9,42.4,0.448,0.3,0.656,59.1,27.3,85.378307273,,,,0.487,BASEBALL_SAVANT_CURRENT_SEASON,2026-08-23T06:30:07+00:00,SAVANT_PITCHER_SCHEMA_V1,CURRENT
663941,"Beck, Tristan",2026,64,6,9.4,7.8,17.4,49.0,0.33,0.249,0.434,40.4,9.6,80.469351538,,,,0.367,BASEBALL_SAVANT_CURRENT_SEASON,2026-08-23T06:30:07+00:00,SAVANT_PITCHER_SCHEMA_V1,CURRENT
670280,"Bednar, David",2026,231,65,28.1,7.8,31.3,53.5,0.245,0.199,0.277,33.6,3.4,74.735459306,,,,0.236,BASEBALL_SAVANT_CURRENT_SEASON,2026-08-23T06:30:07+00:00,SAVANT_PITCHER_SCHEMA_V1,CURRENT
656222,"Beeks, Jalen",2026,113,21,18.6,7.1,23.4,47.2,0.363,0.282,0.522,42.9,10.7,79.2264155,,,,0.351,BASEBALL_SAVANT_CURRENT_SEASON,2026-08-23T06:30:07+00:00,SAVANT_PITCHER_SCHEMA_V1,CURRENT
690925,"Beeter, Clayton",2026,172,40,23.3,16.3,28.1,44.9,0.322,0.213,0.356,42.2,5.9,80.326031633,,,,0.303,BASEBALL_SAVANT_CURRENT_SEASON,2026-08-23T06:30:07+00:00,SAVANT_PITCHER_SCHEMA_V1,CURRENT
678394,"Bello, Brayan",2026,385,67,17.4,7.3,24.9,49.2,0.351,0.294,0.466,42.3,8.0,78.705120709,,,,0.329,BASEBALL_SAVANT_CURRENT_SEASON,2026-08-23T06:30:07+00:00,SAVANT_PITCHER_SCHEMA_V1,CURRENT
678368,"Bellozo, Valente",2026,48,8,16.7,14.6,29.5,45.9,0.475,0.316,0.737,50.0,15.6,80.20477375,,,,0.42,BASEBALL_SAVANT_CURRENT_SEASON,2026-08-23T06:30:07+00:00,SAVANT_PITCHER_SCHEMA_V1,CURRENT
669622,"Bender, Anthony",2026,140,41,29.3,8.6,24.0,40.3,0.254,0.194,0.284,33.3,7.1,78.737444286,,,,0.224,BASEBALL_SAVANT_CURRENT_SEASON,2026-08-23T06:30:07+00:00,SAVANT_PITCHER_SCHEMA_V1,CURRENT
687562,"Bennett, Jake",2026,323,61,18.9,5.3,24.0,52.6,0.278,0.229,0.363,36.4,6.2,76.130552308,,,,0.268,BASEBALL_SAVANT_CURRENT_SEASON,2026-08-23T06:30:07+00:00,SAVANT_PITCHER_SCHEMA_V1,CURRENT
657514,"Bernardino, Brennan",2026,215,37,17.2,6.5,21.8,46.4,0.312,0.259,0.399,32.5,5.7,76.235963974,,,,0.304,BASEBALL_SAVANT_CURRENT_SEASON,2026-08-23T06:30:07+00:00,SAVANT_PITCHER_SCHEMA_V1,CURRENT
676440,"Bibee, Tanner",2026,613,117,19.1,7.0,23.8,46.9,0.32,0.252,0.423,39.3,8.3,79.093556878,,,,0.304,BASEBALL_SAVANT_CURRENT_SEASON,2026-08-23T06:30:07+00:00,SAVANT_PITCHER_SCHEMA_V1,CURRENT
674370,"Bido, Osvaldo",2026,81,11,13.6,12.3,23.4,45.7,0.377,0.273,0.449,41.1,8.9,76.63963,,,,0.344,BASEBALL_SAVANT_CURRENT_SEASON,2026-08-23T06:30:07+00:00,SAVANT_PITCHER_SCHEMA_V1,CURRENT
684049,"Bidois, Brandan",2026,80,20,25.0,15.0,37.7,48.9,0.363,0.253,0.469,46.8,17.0,80.742756957,,,,0.407,BASEBALL_SAVANT_CURRENT_SEASON,2026-08-23T06:30:07+00:00,SAVANT_PITCHER_SCHEMA_V1,CURRENT
669456,"Bieber, Shane",2026,242,44,18.2,9.9,23.5,43.0,0.368,0.282,0.5,46.0,10.9,78.436498046,,,,0.338,BASEBALL_SAVANT_CURRENT_SEASON,2026-08-23T06:30:07+00:00,SAVANT_PITCHER_SCHEMA_V1,CURRENT
685801,"Bigge, Hunter",2026,85,14,16.5,16.5,25.9,43.6,0.311,0.23,0.341,36.8,5.3,80.581132069,,,,0.297,BASEBALL_SAVANT_CURRENT_SEASON,2026-08-23T06:30:07+00:00,SAVANT_PITCHER_SCHEMA_V1,CURRENT
656234,"Bird, Jake",2026,162,38,23.5,8.0,26.3,40.8,0.327,0.24,0.421,35.8,9.4,78.370288302,,,,0.367,BASEBALL_SAVANT_CURRENT_SEASON,2026-08-23T06:30:07+00:00,SAVANT_PITCHER_SCHEMA_V1,CURRENT
702352,"Bivens, Spencer",2026,10,3,30.0,10.0,18.2,48.9,0.25,0.204,0.255,33.3,0.0,86.93542,,,,0.337,BASEBALL_SAVANT_CURRENT_SEASON,2026-08-23T06:30:07+00:00,SAVANT_PITCHER_SCHEMA_V1,CURRENT
621389,"Blach, Ty",2026,9,2,22.2,0.0,28.6,46.7,0.269,0.292,0.338,57.1,0.0,89.8917925,,,,0.099,BASEBALL_SAVANT_CURRENT_SEASON,2026-08-23T06:30:07+00:00,SAVANT_PITCHER_SCHEMA_V1,CURRENT
696131,"Black, Mason",2026,130,19,14.6,14.6,19.2,40.5,0.387,0.283,0.475,46.7,10.0,81.824991333,,,,0.348,BASEBALL_SAVANT_CURRENT_SEASON,2026-08-23T06:30:07+00:00,SAVANT_PITCHER_SCHEMA_V1,CURRENT
621112,"Blackburn, Paul",2026,278,58,20.9,9.7,23.0,46.2,0.292,0.23,0.349,33.9,6.3,74.615596042,,,,0.255,BASEBALL_SAVANT_CURRENT_SEASON,2026-08-23T06:30:07+00:00,SAVANT_PITCHER_SCHEMA_V1,CURRENT
669854,"Blanco, Ronel",2026,101,20,19.8,11.9,25.8,50.8,0.354,0.246,0.469,36.8,11.8,79.889672353,,,,0.386,BASEBALL_SAVANT_CURRENT_SEASON,2026-08-23T06:30:07+00:00,SAVANT_PITCHER_SCHEMA_V1,CURRENT
656240,"Blewett, Scott",2026,75,12,16.0,6.7,22.4,54.3,0.301,0.259,0.331,29.3,3.4,77.020277931,,,,0.296,BASEBALL_SAVANT_CURRENT_SEASON,2026-08-23T06:30:07+00:00,SAVANT_PITCHER_SCHEMA_V1,CURRENT
805123,"Blubaugh, AJ",2026,324,79,24.4,10.2,28.8,49.0,0.306,0.218,0.379,36.7,9.6,79.733207255,,,,0.294,BASEBALL_SAVANT_CURRENT_SEASON,2026-08-23T06:30:07+00:00,SAVANT_PITCHER_SCHEMA_V1,CURRENT
675989,"Bolton, Cody",2026,95,22,23.2,14.7,19.6,41.7,0.38,0.276,0.472,48.3,10.3,80.021337143,,,,0.371,BASEBALL_SAVANT_CURRENT_SEASON,2026-08-23T06:30:07+00:00,SAVANT_PITCHER_SCHEMA_V1,CURRENT
592155,"Booser, Cam",2026,114,38,33.3,5.3,28.6,55.0,0.246,0.182,0.342,41.4,7.1,80.510750294,,,,0.242,BASEBALL_SAVANT_CURRENT_SEASON,2026-08-23T06:30:07+00:00,SAVANT_PITCHER_SCHEMA_V1,CURRENT
621366,"Borucki, Ryan",2026,104,15,14.4,8.7,28.2,49.5,0.31,0.253,0.373,39.7,5.1,77.339069231,,,,0.364,BASEBALL_SAVANT_CURRENT_SEASON,2026-08-23T06:30:07+00:00,SAVANT_PITCHER_SCHEMA_V1,CURRENT
641386,"Bowden, Ben",2026,8,0,0.0,25.0,14.3,35.0,0.538,0.387,0.632,40.0,20.0,78.30372,,,,0.534,BASEBALL_SAVANT_CURRENT_SEASON,2026-08-23T06:30:07+00:00,SAVANT_PITCHER_SCHEMA_V1,CURRENT
680742,"Bowlan, Jonathan",2026,187,58,31.0,7.0,32.4,49.7,0.254,0.195,0.3,36.0,5.3,75.068927321,,,,0.257,BASEBALL_SAVANT_CURRENT_SEASON,2026-08-23T06:30:07+00:00,SAVANT_PITCHER_SCHEMA_V1,CURRENT
571510,"Boyd, Matthew",2026,381,71,18.6,7.3,22.5,48.9,0.342,0.268,0.449,37.1,9.8,76.242380882,,,,0.318,BASEBALL_SAVANT_CURRENT_SEASON,2026-08-23T06:30:07+00:00,SAVANT_PITCHER_SCHEMA_V1,CURRENT
671212,"Boyle, Joe",2026,81,21,25.9,11.1,24.2,45.2,0.308,0.235,0.362,39.2,4.0,73.4467232,,,,0.262,BASEBALL_SAVANT_CURRENT_SEASON,2026-08-23T06:30:07+00:00,SAVANT_PITCHER_SCHEMA_V1,CURRENT
674003,"Bradford, Cody",2026,65,10,15.4,6.2,21.6,49.1,0.369,0.298,0.511,42.0,10.2,84.02406625,,,,0.341,BASEBALL_SAVANT_CURRENT_SEASON,2026-08-23T06:30:07+00:00,SAVANT_PITCHER_SCHEMA_V1,CURRENT
680694,"Bradish, Kyle",2026,587,129,22.0,10.2,24.3,44.7,0.318,0.243,0.389,38.2,8.0,76.767013679,,,,0.323,BASEBALL_SAVANT_CURRENT_SEASON,2026-08-23T06:30:07+00:00,SAVANT_PITCHER_SCHEMA_V1,CURRENT
671737,"Bradley, Taj",2026,599,158,26.4,10.4,26.0,47.1,0.307,0.226,0.377,44.9,9.3,80.839335615,,,,0.303,BASEBALL_SAVANT_CURRENT_SEASON,2026-08-23T06:30:07+00:00,SAVANT_PITCHER_SCHEMA_V1,CURRENT
666374,"Brash, Matt",2026,64,15,23.4,9.4,32.1,40.5,0.316,0.234,0.347,40.0,5.0,77.5157275,,,,0.218,BASEBALL_SAVANT_CURRENT_SEASON,2026-08-23T06:30:07+00:00,SAVANT_PITCHER_SCHEMA_V1,CURRENT
683352,"Bratt, Mitch",2026,159,25,15.7,13.8,15.6,47.8,0.311,0.218,0.365,35.1,8.1,76.802871091,,,,0.342,BASEBALL_SAVANT_CURRENT_SEASON,2026-08-23T06:30:07+00:00,SAVANT_PITCHER_SCHEMA_V1,CURRENT
623211,"Brazobán, Huascar",2026,242,53,21.9,10.7,25.5,49.6,0.28,0.214,0.311,29.6,4.3,73.797339875,,,,0.266,BASEBALL_SAVANT_CURRENT_SEASON,2026-08-23T06:30:07+00:00,SAVANT_PITCHER_SCHEMA_V1,CURRENT
605154,"Brebbia, John",2026,21,2,9.5,0.0,17.0,56.4,0.414,0.317,0.673,42.1,10.5,79.314039,,,,0.425,BASEBALL_SAVANT_CURRENT_SEASON,2026-08-23T06:30:07+00:00,SAVANT_PITCHER_SCHEMA_V1,CURRENT
689225,"Brieske, Beau",2026,39,8,20.5,10.3,21.3,53.7,0.33,0.241,0.435,48.1,11.1,77.643400714,,,,0.366,BASEBALL_SAVANT_CURRENT_SEASON,2026-08-23T06:30:07+00:00,SAVANT_PITCHER_SCHEMA_V1,CURRENT
666745,"Brito, Jhony",2026,20,4,20.0,5.0,28.3,59.0,0.256,0.206,0.337,33.3,6.7,78.43264375,,,,0.289,BASEBALL_SAVANT_CURRENT_SEASON,2026-08-23T06:30:07+00:00,SAVANT_PITCHER_SCHEMA_V1,CURRENT
641401,"Brogdon, Connor",2026,67,14,20.9,4.5,26.7,49.1,0.345,0.258,0.514,44.0,14.0,82.188572083,,,,0.335,BASEBALL_SAVANT_CURRENT_SEASON,2026-08-23T06:30:07+00:00,SAVANT_PITCHER_SCHEMA_V1,CURRENT
605156,"Brooks, Aaron",2026,4,0,0.0,50.0,16.7,35.3,0.502,0.189,0.556,50.0,50.0,72.95787,,,,0.861,BASEBALL_SAVANT_CURRENT_SEASON,2026-08-23T06:30:07+00:00,SAVANT_PITCHER_SCHEMA_V1,CURRENT
676962,"Brown, Ben",2026,265,65,24.5,7.2,27.3,47.1,0.279,0.223,0.335,43.0,7.3,80.433868295,,,,0.228,BASEBALL_SAVANT_CURRENT_SEASON,2026-08-23T06:30:07+00:00,SAVANT_PITCHER_SCHEMA_V1,CURRENT
686613,"Brown, Hunter",2026,291,72,24.7,13.7,26.2,40.8,0.303,0.206,0.34,37.1,6.3,73.384813333,,,,0.302,BASEBALL_SAVANT_CURRENT_SEASON,2026-08-23T06:30:07+00:00,SAVANT_PITCHER_SCHEMA_V1,CURRENT
664141,"Brubaker, JT",2026,241,39,16.2,10.4,21.2,44.9,0.343,0.274,0.432,36.6,5.7,77.260322955,,,,0.289,BASEBALL_SAVANT_CURRENT_SEASON,2026-08-23T06:30:07+00:00,SAVANT_PITCHER_SCHEMA_V1,CURRENT
677865,"Bruihl, Justin",2026,281,42,14.9,8.5,17.3,45.1,0.304,0.25,0.338,34.3,3.9,74.162251089,,,,0.308,BASEBALL_SAVANT_CURRENT_SEASON,2026-08-23T06:30:07+00:00,SAVANT_PITCHER_SCHEMA_V1,CURRENT
694350,"Brzykcy, Zach",2026,12,2,16.7,16.7,16.7,37.5,0.306,0.246,0.279,37.5,0.0,84.1722025,,,,0.37,BASEBALL_SAVANT_CURRENT_SEASON,2026-08-23T06:30:07+00:00,SAVANT_PITCHER_SCHEMA_V1,CURRENT
663460,"Bubic, Kris",2026,207,51,24.6,12.6,26.1,46.9,0.327,0.24,0.395,39.5,7.8,79.03376375,,,,0.286,BASEBALL_SAVANT_CURRENT_SEASON,2026-08-23T06:30:07+00:00,SAVANT_PITCHER_SCHEMA_V1,CURRENT
621111,"Buehler, Walker",2026,518,104,20.1,9.5,20.4,44.6,0.318,0.248,0.397,38.9,8.1,78.918379274,,,,0.325,BASEBALL_SAVANT_CURRENT_SEASON,2026-08-23T06:30:07+00:00,SAVANT_PITCHER_SCHEMA_V1,CURRENT
607481,"Bummer, Aaron",2026,88,13,14.8,12.5,19.5,47.0,0.382,0.271,0.521,49.2,12.7,82.032936129,,,,0.457,BASEBALL_SAVANT_CURRENT_SEASON,2026-08-23T06:30:07+00:00,SAVANT_PITCHER_SCHEMA_V1,CURRENT
686228,"Burgos, Juan",2026,12,0,0.0,0.0,13.6,57.9,0.208,0.149,0.213,18.2,0.0,71.192722,,,,0.343,BASEBALL_SAVANT_CURRENT_SEASON,2026-08-23T06:30:07+00:00,SAVANT_PITCHER_SCHEMA_V1,CURRENT
670103,"Burgos, Raymond",2026,34,5,14.7,2.9,15.7,58.8,0.296,0.228,0.447,35.7,7.1,82.334787857,,,,0.193,BASEBALL_SAVANT_CURRENT_SEASON,2026-08-23T06:30:07+00:00,SAVANT_PITCHER_SCHEMA_V1,CURRENT
656271,"Burke, Brock",2026,271,63,23.2,13.7,28.8,45.4,0.302,0.214,0.343,30.5,7.5,77.165344375,,,,0.294,BASEBALL_SAVANT_CURRENT_SEASON,2026-08-23T06:30:07+00:00,SAVANT_PITCHER_SCHEMA_V1,CURRENT
680732,"Burke, Sean",2026,596,158,26.5,7.0,25.7,49.5,0.293,0.228,0.371,37.5,7.5,79.017745393,,,,0.293,BASEBALL_SAVANT_CURRENT_SEASON,2026-08-23T06:30:07+00:00,SAVANT_PITCHER_SCHEMA_V1,CURRENT
695505,"Burns, Chase",2026,548,159,29.0,8.8,31.7,49.0,0.27,0.202,0.331,36.9,7.6,79.558307683,,,,0.274,BASEBALL_SAVANT_CURRENT_SEASON,2026-08-23T06:30:07+00:00,SAVANT_PITCHER_SCHEMA_V1,CURRENT
681347,"Burrows, Mike",2026,423,75,17.7,8.3,21.6,49.3,0.337,0.263,0.441,38.8,8.4,77.094696234,,,,0.375,BASEBALL_SAVANT_CURRENT_SEASON,2026-08-23T06:30:07+00:00,SAVANT_PITCHER_SCHEMA_V1,CURRENT
676130,"Buttó, José",2026,16,5,31.3,25.0,40.9,34.9,0.494,0.319,0.689,42.9,14.3,70.763685,,,,0.676,BASEBALL_SAVANT_CURRENT_SEASON,2026-08-23T06:30:07+00:00,SAVANT_PITCHER_SCHEMA_V1,CURRENT
665795,"Cabrera, Edward",2026,329,67,20.4,9.7,26.6,47.8,0.344,0.267,0.447,42.5,11.9,80.755532411,,,,0.35,BASEBALL_SAVANT_CURRENT_SEASON,2026-08-23T06:30:07+00:00,SAVANT_PITCHER_SCHEMA_V1,CURRENT
703615,"Cabrera, Jose",2026,81,12,14.8,8.6,20.2,44.4,0.353,0.268,0.456,35.0,6.7,76.079408519,,,,0.355,BASEBALL_SAVANT_CURRENT_SEASON,2026-08-23T06:30:07+00:00,SAVANT_PITCHER_SCHEMA_V1,CURRENT
682997,"Callihan, Tyler",2026,15,1,6.7,20.0,0.0,35.8,0.38,0.282,0.415,54.5,0.0,85.19323,,,,0.317,BASEBALL_SAVANT_CURRENT_SEASON,2026-08-23T06:30:07+00:00,SAVANT_PITCHER_SCHEMA_V1,CURRENT
702070,"Cameron, Noah",2026,600,128,21.3,7.7,26.2,47.7,0.313,0.249,0.407,38.1,7.8,78.191314155,,,,0.296,BASEBALL_SAVANT_CURRENT_SEASON,2026-08-23T06:30:07+00:00,SAVANT_PITCHER_SCHEMA_V1,CURRENT
656288,"Canning, Griffin",2026,319,72,22.6,10.3,25.3,45.1,0.332,0.249,0.421,47.1,9.5,79.419358667,,,,0.361,BASEBALL_SAVANT_CURRENT_SEASON,2026-08-23T06:30:07+00:00,SAVANT_PITCHER_SCHEMA_V1,CURRENT
686563,"Cannon, Jonathan",2026,3,0,0.0,100.0,100.0,7.1,0.698,0.0,0.0,,,,,,,0.698,BASEBALL_SAVANT_CURRENT_SEASON,2026-08-23T06:30:07+00:00,SAVANT_PITCHER_SCHEMA_V1,CURRENT
666974,"Cano, Yennier",2026,172,38,22.1,5.2,26.7,45.2,0.276,0.226,0.337,38.2,5.9,78.250568833,,,,0.251,BASEBALL_SAVANT_CURRENT_SEASON,2026-08-23T06:30:07+00:00,SAVANT_PITCHER_SCHEMA_V1,CURRENT
676282,"Cantillo, Joey",2026,564,144,25.5,11.2,30.6,45.0,0.305,0.229,0.366,39.7,7.9,76.669380115,,,,0.331,BASEBALL_SAVANT_CURRENT_SEASON,2026-08-23T06:30:07+00:00,SAVANT_PITCHER_SCHEMA_V1,CURRENT
471911,"Carrasco, Carlos",2026,73,7,9.6,4.1,19.0,55.7,0.431,0.371,0.586,41.0,9.8,78.3841,,,,0.373,BASEBALL_SAVANT_CURRENT_SEASON,2026-08-23T06:30:07+00:00,SAVANT_PITCHER_SCHEMA_V1,CURRENT
672629,"Carrillo, Gerardo",2026,55,15,27.3,14.5,26.1,42.5,0.222,0.147,0.201,19.4,3.2,75.171859375,,,,0.224,BASEBALL_SAVANT_CURRENT_SEASON,2026-08-23T06:30:07+00:00,SAVANT_PITCHER_SCHEMA_V1,CURRENT
676508,"Casparius, Ben",2026,23,4,17.4,17.4,35.0,40.4,0.385,0.281,0.467,26.7,13.3,80.81503375,,,,0.404,BASEBALL_SAVANT_CURRENT_SEASON,2026-08-23T06:30:07+00:00,SAVANT_PITCHER_SCHEMA_V1,CURRENT
680604,"Castaño, Blas",2026,85,17,20.0,7.1,19.7,45.8,0.367,0.288,0.502,50.0,10.2,84.444405667,,,,0.377,BASEBALL_SAVANT_CURRENT_SEASON,2026-08-23T06:30:07+00:00,SAVANT_PITCHER_SCHEMA_V1,CURRENT
682769,"Castellano, Eiberson",2026,12,2,16.7,0.0,31.6,54.3,0.376,0.354,0.445,44.4,0.0,83.911392,,,,0.388,BASEBALL_SAVANT_CURRENT_SEASON,2026-08-23T06:30:07+00:00,SAVANT_PITCHER_SCHEMA_V1,CURRENT
622491,"Castillo, Luis",2026,508,102,20.1,7.1,24.9,52.1,0.337,0.267,0.453,41.8,9.9,79.87827352,,,,0.337,BASEBALL_SAVANT_CURRENT_SEASON,2026-08-23T06:30:07+00:00,SAVANT_PITCHER_SCHEMA_V1,CURRENT
665645,"Castro, Kervin",2026,23,8,34.8,8.7,25.0,51.1,0.235,0.195,0.245,30.8,0.0,85.029327143,,,,0.193,BASEBALL_SAVANT_CURRENT_SEASON,2026-08-23T06:30:07+00:00,SAVANT_PITCHER_SCHEMA_V1,CURRENT
676917,"Cavalli, Cade",2026,600,162,27.0,7.0,25.9,47.6,0.303,0.24,0.372,41.4,7.1,78.188981316,,,,0.302,BASEBALL_SAVANT_CURRENT_SEASON,2026-08-23T06:30:07+00:00,SAVANT_PITCHER_SCHEMA_V1,CURRENT
656302,"Cease, Dylan",2026,553,201,36.3,10.7,34.8,46.1,0.254,0.183,0.276,32.4,4.9,73.316976528,,,,0.248,BASEBALL_SAVANT_CURRENT_SEASON,2026-08-23T06:30:07+00:00,SAVANT_PITCHER_SCHEMA_V1,CURRENT
677944,"Cecconi, Slade",2026,488,88,18.0,7.6,20.3,46.8,0.338,0.271,0.452,40.0,8.9,78.218429438,,,,0.351,BASEBALL_SAVANT_CURRENT_SEASON,2026-08-23T06:30:07+00:00,SAVANT_PITCHER_SCHEMA_V1,CURRENT
672021,"Cerantola, Eric",2026,28,7,25.0,39.3,40.5,30.3,0.402,0.181,0.315,60.0,20.0,79.782102,,,,0.484,BASEBALL_SAVANT_CURRENT_SEASON,2026-08-23T06:30:07+00:00,SAVANT_PITCHER_SCHEMA_V1,CURRENT
696149,"Chandler, Bubba",2026,547,114,20.8,12.1,22.9,47.3,0.312,0.231,0.365,38.3,5.6,78.39483882,,,,0.307,BASEBALL_SAVANT_CURRENT_SEASON,2026-08-23T06:30:07+00:00,SAVANT_PITCHER_SCHEMA_V1,CURRENT
547973,"Chapman, Aroldis",2026,179,56,31.3,11.2,28.8,52.4,0.261,0.182,0.291,37.3,7.8,76.467056327,,,,0.273,BASEBALL_SAVANT_CURRENT_SEASON,2026-08-23T06:30:07+00:00,SAVANT_PITCHER_SCHEMA_V1,CURRENT
683409,"Chivilli, Angel",2026,73,16,21.9,9.6,32.6,50.5,0.309,0.22,0.395,38.8,6.3,75.91804375,,,,0.321,BASEBALL_SAVANT_CURRENT_SEASON,2026-08-23T06:30:07+00:00,SAVANT_PITCHER_SCHEMA_V1,CURRENT
650644,"Civale, Aaron",2026,410,74,18.0,6.8,21.2,46.8,0.336,0.268,0.452,43.8,9.2,79.416532185,,,,0.372,BASEBALL_SAVANT_CURRENT_SEASON,2026-08-23T06:30:07+00:00,SAVANT_PITCHER_SCHEMA_V1,CURRENT
664199,"Clarke, Taylor",2026,218,32,14.7,4.6,20.7,48.6,0.309,0.254,0.411,32.4,8.1,74.793971395,,,,0.24,BASEBALL_SAVANT_CURRENT_SEASON,2026-08-23T06:30:07+00:00,SAVANT_PITCHER_SCHEMA_V1,CURRENT
664076,"Cleavinger, Garrett",2026,160,48,30.0,10.6,28.8,47.7,0.312,0.24,0.381,40.9,7.5,74.402050435,,,,0.317,BASEBALL_SAVANT_CURRENT_SEASON,2026-08-23T06:30:07+00:00,SAVANT_PITCHER_SCHEMA_V1,CURRENT
543037,"Cole, Gerrit",2026,376,100,26.6,5.3,22.2,48.6,0.282,0.235,0.366,42.3,8.1,80.758399516,,,,0.285,BASEBALL_SAVANT_CURRENT_SEASON,2026-08-23T06:30:07+00:00,SAVANT_PITCHER_SCHEMA_V1,CURRENT
686560,"Collyer, Gavin",2026,105,22,21.0,18.1,27.1,37.2,0.318,0.192,0.278,29.3,3.4,75.467354828,,,,0.317,BASEBALL_SAVANT_CURRENT_SEASON,2026-08-23T06:30:07+00:00,SAVANT_PITCHER_SCHEMA_V1,CURRENT
702047,"Cook, Alex",2026,17,2,11.8,11.8,17.2,40.3,0.293,0.201,0.373,46.2,7.7,84.347542857,,,,0.381,BASEBALL_SAVANT_CURRENT_SEASON,2026-08-23T06:30:07+00:00,SAVANT_PITCHER_SCHEMA_V1,CURRENT
571578,"Corbin, Patrick",2026,360,63,17.5,6.9,21.1,47.3,0.356,0.289,0.463,42.1,7.5,76.479630152,,,,0.364,BASEBALL_SAVANT_CURRENT_SEASON,2026-08-23T06:30:07+00:00,SAVANT_PITCHER_SCHEMA_V1,CURRENT
683000,"Cornelio, Riley",2026,96,20,20.8,20.8,31.7,48.5,0.318,0.192,0.291,42.9,10.7,73.547621481,,,,0.334,BASEBALL_SAVANT_CURRENT_SEASON,2026-08-23T06:30:07+00:00,SAVANT_PITCHER_SCHEMA_V1,CURRENT
692030,"Corniell, Jose",2026,28,4,14.3,14.3,26.9,50.0,0.365,0.273,0.487,45.0,10.0,82.908282,,,,0.645,BASEBALL_SAVANT_CURRENT_SEASON,2026-08-23T06:30:07+00:00,SAVANT_PITCHER_SCHEMA_V1,CURRENT
666126,"Cortes, Carlos",2026,41,1,2.4,12.2,5.2,43.6,0.401,0.297,0.544,37.1,12.1,74.381631765,,,,0.498,BASEBALL_SAVANT_CURRENT_SEASON,2026-08-23T06:30:07+00:00,SAVANT_PITCHER_SCHEMA_V1,CURRENT
676680,"Cosgrove, Tom",2026,58,11,19.0,5.2,13.5,53.1,0.266,0.227,0.334,32.6,4.7,72.260257143,,,,0.362,BASEBALL_SAVANT_CURRENT_SEASON,2026-08-23T06:30:07+00:00,SAVANT_PITCHER_SCHEMA_V1,CURRENT
543056,"Coulombe, Danny",2026,96,10,10.4,15.6,17.1,44.0,0.321,0.251,0.311,21.4,1.4,69.504240571,,,,0.299,BASEBALL_SAVANT_CURRENT_SEASON,2026-08-23T06:30:07+00:00,SAVANT_PITCHER_SCHEMA_V1,CURRENT
681867,"Criswell, Cooper",2026,121,23,19.0,6.6,22.0,48.3,0.286,0.24,0.358,36.0,4.5,74.785562273,,,,0.301,BASEBALL_SAVANT_CURRENT_SEASON,2026-08-23T06:30:07+00:00,SAVANT_PITCHER_SCHEMA_V1,CURRENT
676105,"Criswell, Jeff",2026,18,3,16.7,16.7,27.0,46.8,0.436,0.3,0.613,25.0,16.7,72.343555,,,,0.443,BASEBALL_SAVANT_CURRENT_SEASON,2026-08-23T06:30:07+00:00,SAVANT_PITCHER_SCHEMA_V1,CURRENT
676979,"Crochet, Garrett",2026,138,37,26.8,8.0,24.0,49.0,0.344,0.262,0.442,45.3,10.7,78.163401905,,,,0.358,BASEBALL_SAVANT_CURRENT_SEASON,2026-08-23T06:30:07+00:00,SAVANT_PITCHER_SCHEMA_V1,CURRENT
689441,"Crow, Coleman",2026,85,10,11.8,7.1,16.3,51.9,0.34,0.269,0.448,36.8,7.4,79.119521471,,,,0.34,BASEBALL_SAVANT_CURRENT_SEASON,2026-08-23T06:30:07+00:00,SAVANT_PITCHER_SCHEMA_V1,CURRENT
518585,"Cruz, Fernando",2026,224,65,29.0,13.8,39.4,43.5,0.284,0.188,0.326,26.2,8.7,75.789729677,,,,0.302,BASEBALL_SAVANT_CURRENT_SEASON,2026-08-23T06:30:07+00:00,SAVANT_PITCHER_SCHEMA_V1,CURRENT
674444,"Cruz, Steven",2026,202,52,25.7,8.9,28.0,52.2,0.313,0.237,0.406,35.4,11.5,78.111234688,,,,0.328,BASEBALL_SAVANT_CURRENT_SEASON,2026-08-23T06:30:07+00:00,SAVANT_PITCHER_SCHEMA_V1,CURRENT
672442,"Cruz, Yovanny",2026,44,10,22.7,13.6,27.0,46.0,0.353,0.275,0.391,51.9,0.0,79.534652857,,,,0.398,BASEBALL_SAVANT_CURRENT_SEASON,2026-08-23T06:30:07+00:00,SAVANT_PITCHER_SCHEMA_V1,CURRENT
621016,"Cuas, Jose",2026,52,13,25.0,11.5,25.9,48.3,0.335,0.288,0.396,36.4,3.0,72.826108235,,,,0.307,BASEBALL_SAVANT_CURRENT_SEASON,2026-08-23T06:30:07+00:00,SAVANT_PITCHER_SCHEMA_V1,CURRENT
675540,"Curry, Xzavion",2026,67,10,14.9,10.4,20.2,45.2,0.277,0.203,0.332,34.0,6.0,79.124776,,,,0.31,BASEBALL_SAVANT_CURRENT_SEASON,2026-08-23T06:30:07+00:00,SAVANT_PITCHER_SCHEMA_V1,CURRENT
694753,"Curtis, Khristian",2026,17,4,23.5,11.8,25.8,45.6,0.327,0.246,0.399,27.3,9.1,78.467488333,,,,0.187,BASEBALL_SAVANT_CURRENT_SEASON,2026-08-23T06:30:07+00:00,SAVANT_PITCHER_SCHEMA_V1,CURRENT
681168,"Curvelo, Luis",2026,54,6,11.1,11.1,21.8,54.0,0.387,0.307,0.544,50.0,9.5,80.712816667,,,,0.469,BASEBALL_SAVANT_CURRENT_SEASON,2026-08-23T06:30:07+00:00,SAVANT_PITCHER_SCHEMA_V1,CURRENT
689149,"Dallas, Chad",2026,39,6,15.4,15.4,21.3,48.1,0.32,0.24,0.335,37.0,3.7,82.521875714,,,,0.375,BASEBALL_SAVANT_CURRENT_SEASON,2026-08-23T06:30:07+00:00,SAVANT_PITCHER_SCHEMA_V1,CURRENT
689546,"Davila, Nick",2026,111,13,11.7,9.9,15.9,46.7,0.331,0.27,0.384,28.6,4.8,79.175224048,,,,0.288,BASEBALL_SAVANT_CURRENT_SEASON,2026-08-23T06:30:07+00:00,SAVANT_PITCHER_SCHEMA_V1,CURRENT
699823,"Davis, Tyler",2026,106,22,20.8,14.2,23.4,50.0,0.288,0.219,0.324,43.5,4.3,80.584496,,,,0.262,BASEBALL_SAVANT_CURRENT_SEASON,2026-08-23T06:30:07+00:00,SAVANT_PITCHER_SCHEMA_V1,CURRENT
701474,"Davitt, Duncan",2026,8,1,12.5,12.5,7.7,46.4,0.448,0.357,0.614,83.3,16.7,85.98606,,,,0.501,BASEBALL_SAVANT_CURRENT_SEASON,2026-08-23T06:30:07+00:00,SAVANT_PITCHER_SCHEMA_V1,CURRENT
646241,"De Jesus, Enmanuel",2026,178,39,21.9,8.4,24.2,47.5,0.323,0.253,0.407,43.4,7.4,81.234065167,,,,0.3,BASEBALL_SAVANT_CURRENT_SEASON,2026-08-23T06:30:07+00:00,SAVANT_PITCHER_SCHEMA_V1,CURRENT
660853,"De Los Santos, Enyel",2026,244,53,21.7,5.3,27.9,54.9,0.283,0.234,0.375,36.5,5.1,76.825254318,,,,0.293,BASEBALL_SAVANT_CURRENT_SEASON,2026-08-23T06:30:07+00:00,SAVANT_PITCHER_SCHEMA_V1,CURRENT
660787,"De los Santos, Yerry",2026,58,11,19.0,8.6,16.5,50.2,0.293,0.261,0.342,40.5,0.0,83.756108095,,,,0.245,BASEBALL_SAVANT_CURRENT_SEASON,2026-08-23T06:30:07+00:00,SAVANT_PITCHER_SCHEMA_V1,CURRENT
680728,"Del Castillo, Adrian",2026,10,0,0.0,0.0,0.0,64.7,0.551,0.496,0.749,66.7,11.1,77.895326,,,,0.429,BASEBALL_SAVANT_CURRENT_SEASON,2026-08-23T06:30:07+00:00,SAVANT_PITCHER_SCHEMA_V1,CURRENT
672282,"Detmers, Reid",2026,603,172,28.5,7.3,29.3,49.1,0.284,0.216,0.364,38.7,8.1,80.188808085,,,,0.273,BASEBALL_SAVANT_CURRENT_SEASON,2026-08-23T06:30:07+00:00,SAVANT_PITCHER_SCHEMA_V1,CURRENT
606965,"Devenski, Chris",2026,12,3,25.0,0.0,21.1,48.7,0.297,0.274,0.425,55.6,22.2,86.852416,,,,0.467,BASEBALL_SAVANT_CURRENT_SEASON,2026-08-23T06:30:07+00:00,SAVANT_PITCHER_SCHEMA_V1,CURRENT
702021,"Dion, Will",2026,126,38,30.2,5.6,28.0,51.4,0.272,0.223,0.343,32.5,5.0,77.990036667,,,,0.277,BASEBALL_SAVANT_CURRENT_SEASON,2026-08-23T06:30:07+00:00,SAVANT_PITCHER_SCHEMA_V1,CURRENT
690928,"Dobbins, Hunter",2026,231,52,22.5,10.4,23.1,44.5,0.307,0.233,0.366,39.2,7.2,77.503833553,,,,0.322,BASEBALL_SAVANT_CURRENT_SEASON,2026-08-23T06:30:07+00:00,SAVANT_PITCHER_SCHEMA_V1,CURRENT
677976,"Dobnak, Randy",2026,196,29,14.8,10.2,20.4,45.7,0.334,0.292,0.385,40.8,3.4,79.738425139,,,,0.299,BASEBALL_SAVANT_CURRENT_SEASON,2026-08-23T06:30:07+00:00,SAVANT_PITCHER_SCHEMA_V1,CURRENT
689266,"Dodd, Dylan",2026,158,43,27.2,8.2,28.2,52.7,0.27,0.199,0.336,37.0,7.0,78.945558776,,,,0.246,BASEBALL_SAVANT_CURRENT_SEASON,2026-08-23T06:30:07+00:00,SAVANT_PITCHER_SCHEMA_V1,CURRENT
801403,"Dollander, Chase",2026,189,47,24.9,9.5,28.0,48.0,0.307,0.217,0.387,52.1,9.9,79.78262,,,,0.32,BASEBALL_SAVANT_CURRENT_SEASON,2026-08-23T06:30:07+00:00,SAVANT_PITCHER_SCHEMA_V1,CURRENT
622554,"Domínguez, Seranthony",2026,197,52,26.4,14.2,27.9,45.7,0.325,0.222,0.387,35.7,8.8,78.033775,,,,0.333,BASEBALL_SAVANT_CURRENT_SEASON,2026-08-23T06:30:07+00:00,SAVANT_PITCHER_SCHEMA_V1,CURRENT
696062,"Dotel, Wilber",2026,123,31,25.2,10.6,25.0,46.8,0.304,0.241,0.36,48.1,3.8,82.216991026,,,,0.299,BASEBALL_SAVANT_CURRENT_SEASON,2026-08-23T06:30:07+00:00,SAVANT_PITCHER_SCHEMA_V1,CURRENT
666808,"Doval, Camilo",2026,217,48,22.1,12.0,26.4,46.4,0.297,0.214,0.332,47.9,6.5,80.959739855,,,,0.316,BASEBALL_SAVANT_CURRENT_SEASON,2026-08-23T06:30:07+00:00,SAVANT_PITCHER_SCHEMA_V1,CURRENT
684442,"Drake, Kohl",2026,77,13,16.9,7.8,21.5,44.3,0.43,0.317,0.625,49.1,16.4,82.506151852,,,,0.397,BASEBALL_SAVANT_CURRENT_SEASON,2026-08-23T06:30:07+00:00,SAVANT_PITCHER_SCHEMA_V1,CURRENT
676263,"Dreyer, Jack",2026,208,64,30.8,8.2,28.9,48.5,0.275,0.211,0.348,40.5,7.2,77.209761475,,,,0.261,BASEBALL_SAVANT_CURRENT_SEASON,2026-08-23T06:30:07+00:00,SAVANT_PITCHER_SCHEMA_V1,CURRENT
675660,"Drohan, Shane",2026,421,99,23.5,7.8,27.2,47.9,0.295,0.231,0.367,38.1,8.5,76.743572518,,,,0.303,BASEBALL_SAVANT_CURRENT_SEASON,2026-08-23T06:30:07+00:00,SAVANT_PITCHER_SCHEMA_V1,CURRENT
650960,"Duarte, Daniel",2026,78,20,25.6,6.4,23.3,53.8,0.236,0.184,0.276,21.2,5.8,67.585392692,,,,0.165,BASEBALL_SAVANT_CURRENT_SEASON,2026-08-23T06:30:07+00:00,SAVANT_PITCHER_SCHEMA_V1,CURRENT
679922,"Duran, Carlos",2026,9,1,11.1,33.3,30.0,28.6,0.333,0.166,0.199,0.0,0.0,67.74778,,,,0.43,BASEBALL_SAVANT_CURRENT_SEASON,2026-08-23T06:30:07+00:00,SAVANT_PITCHER_SCHEMA_V1,CURRENT
661395,"Duran, Jhoan",2026,185,65,35.1,4.3,35.5,52.1,0.227,0.197,0.255,40.4,2.8,79.867285283,,,,0.247,BASEBALL_SAVANT_CURRENT_SEASON,2026-08-23T06:30:07+00:00,SAVANT_PITCHER_SCHEMA_V1,CURRENT
621242,"Díaz, Edwin",2026,79,19,24.1,12.7,22.3,44.6,0.378,0.303,0.456,53.2,8.7,82.717115217,,,,0.468,BASEBALL_SAVANT_CURRENT_SEASON,2026-08-23T06:30:07+00:00,SAVANT_PITCHER_SCHEMA_V1,CURRENT
646242,"Díaz, Jhonathan",2026,6,1,16.7,0.0,0.0,36.0,0.457,0.299,0.796,20.0,20.0,79.036543333,,,,0.49,BASEBALL_SAVANT_CURRENT_SEASON,2026-08-23T06:30:07+00:00,SAVANT_PITCHER_SCHEMA_V1,CURRENT
700270,"Díaz, Yilber",2026,15,3,20.0,13.3,17.2,39.2,0.559,0.436,0.83,40.0,20.0,87.94417,,,,0.717,BASEBALL_SAVANT_CURRENT_SEASON,2026-08-23T06:30:07+00:00,SAVANT_PITCHER_SCHEMA_V1,CURRENT
813349,"Early, Connelly",2026,390,93,23.8,8.7,23.7,46.9,0.32,0.234,0.408,40.9,10.6,80.91466121,,,,0.319,BASEBALL_SAVANT_CURRENT_SEASON,2026-08-23T06:30:07+00:00,SAVANT_PITCHER_SCHEMA_V1,CURRENT
671109,"Eder, Jake",2026,15,1,6.7,6.7,9.1,58.9,0.459,0.363,0.746,69.2,30.8,88.66917,,,,0.249,BASEBALL_SAVANT_CURRENT_SEASON,2026-08-23T06:30:07+00:00,SAVANT_PITCHER_SCHEMA_V1,CURRENT
605218,"Edwards Jr., Carl",2026,25,11,44.0,16.0,51.2,43.4,0.258,0.159,0.25,40.0,10.0,87.795498,,,,0.265,BASEBALL_SAVANT_CURRENT_SEASON,2026-08-23T06:30:07+00:00,SAVANT_PITCHER_SCHEMA_V1,CURRENT
621107,"Eflin, Zach",2026,17,7,41.2,11.8,35.3,45.9,0.307,0.202,0.404,75.0,25.0,92.6260325,,,,0.381,BASEBALL_SAVANT_CURRENT_SEASON,2026-08-23T06:30:07+00:00,SAVANT_PITCHER_SCHEMA_V1,CURRENT
685126,"Eisert, Brandon",2026,150,40,26.7,8.0,30.2,45.5,0.291,0.229,0.37,38.8,7.1,79.354935417,,,,0.348,BASEBALL_SAVANT_CURRENT_SEASON,2026-08-23T06:30:07+00:00,SAVANT_PITCHER_SCHEMA_V1,CURRENT
694795,"Ekness, Josh",2026,57,9,15.8,12.3,20.0,41.5,0.324,0.259,0.373,34.1,7.3,73.97764,,,,0.267,BASEBALL_SAVANT_CURRENT_SEASON,2026-08-23T06:30:07+00:00,SAVANT_PITCHER_SCHEMA_V1,CURRENT
693821,"Elder, Bryce",2026,579,113,19.5,7.9,21.6,46.6,0.31,0.248,0.396,40.8,6.5,80.190806863,,,,0.307,BASEBALL_SAVANT_CURRENT_SEASON,2026-08-23T06:30:07+00:00,SAVANT_PITCHER_SCHEMA_V1,CURRENT
592288,"Emanuel, Kent",2026,23,4,17.4,13.0,20.9,44.8,0.307,0.205,0.32,40.0,6.7,81.73518875,,,,0.379,BASEBALL_SAVANT_CURRENT_SEASON,2026-08-23T06:30:07+00:00,SAVANT_PITCHER_SCHEMA_V1,CURRENT
669438,"Englert, Mason",2026,157,32,20.4,5.1,23.9,52.7,0.365,0.28,0.549,38.1,14.9,78.097653929,,,,0.37,BASEBALL_SAVANT_CURRENT_SEASON,2026-08-23T06:30:07+00:00,SAVANT_PITCHER_SCHEMA_V1,CURRENT
608650,"Enns, Dietrich",2026,70,13,18.6,15.7,23.1,46.0,0.301,0.211,0.335,39.1,6.5,83.083950455,,,,0.306,BASEBALL_SAVANT_CURRENT_SEASON,2026-08-23T06:30:07+00:00,SAVANT_PITCHER_SCHEMA_V1,CURRENT
543135,"Eovaldi, Nathan",2026,555,137,24.7,5.8,30.5,52.2,0.316,0.25,0.421,41.5,8.7,77.256841852,,,,0.322,BASEBALL_SAVANT_CURRENT_SEASON,2026-08-23T06:30:07+00:00,SAVANT_PITCHER_SCHEMA_V1,CURRENT
668674,"Erceg, Lucas",2026,208,31,14.9,13.9,20.8,47.2,0.34,0.263,0.361,38.7,4.9,73.744503143,,,,0.391,BASEBALL_SAVANT_CURRENT_SEASON,2026-08-23T06:30:07+00:00,SAVANT_PITCHER_SCHEMA_V1,CURRENT
664744,"Espada, Jose",2026,4,0,0.0,0.0,14.3,46.7,0.34,0.364,0.413,50.0,0.0,87.53446,,,,0.445,BASEBALL_SAVANT_CURRENT_SEASON,2026-08-23T06:30:07+00:00,SAVANT_PITCHER_SCHEMA_V1,CURRENT
682982,"Espino, Daniel",2026,27,12,44.4,14.8,43.4,44.2,0.279,0.203,0.278,45.5,9.1,76.364885,,,,0.325,BASEBALL_SAVANT_CURRENT_SEASON,2026-08-23T06:30:07+00:00,SAVANT_PITCHER_SCHEMA_V1,CURRENT
683155,"Estes, Joey",2026,18,4,22.2,5.6,32.4,52.1,0.263,0.237,0.351,30.8,7.7,86.68129,,,,0.431,BASEBALL_SAVANT_CURRENT_SEASON,2026-08-23T06:30:07+00:00,SAVANT_PITCHER_SCHEMA_V1,CURRENT
669093,"Estrada, Jeremiah",2026,122,37,30.3,13.1,31.9,47.4,0.287,0.208,0.316,34.8,7.2,73.222280882,,,,0.26,BASEBALL_SAVANT_CURRENT_SEASON,2026-08-23T06:30:07+00:00,SAVANT_PITCHER_SCHEMA_V1,CURRENT
681751,"Estrada, Lazaro",2026,57,9,15.8,17.5,23.8,44.3,0.333,0.217,0.366,40.5,8.1,80.22987,,,,0.294,BASEBALL_SAVANT_CURRENT_SEASON,2026-08-23T06:30:07+00:00,SAVANT_PITCHER_SCHEMA_V1,CURRENT
608032,"Estévez, Carlos",2026,7,0,0.0,28.6,11.1,33.3,0.628,0.494,0.917,80.0,20.0,87.839516667,,,,0.873,BASEBALL_SAVANT_CURRENT_SEASON,2026-08-23T06:30:07+00:00,SAVANT_PITCHER_SCHEMA_V1,CURRENT
664126,"Fairbanks, Pete",2026,171,56,32.7,9.9,31.9,46.1,0.317,0.211,0.425,43.2,12.8,81.814280217,,,,0.328,BASEBALL_SAVANT_CURRENT_SEASON,2026-08-23T06:30:07+00:00,SAVANT_PITCHER_SCHEMA_V1,CURRENT
663559,"Falter, Bailey",2026,57,6,10.5,10.5,20.0,44.4,0.415,0.355,0.537,44.4,6.7,80.644162273,,,,0.549,BASEBALL_SAVANT_CURRENT_SEASON,2026-08-23T06:30:07+00:00,SAVANT_PITCHER_SCHEMA_V1,CURRENT
815083,"Farris, Mitch",2026,204,49,24.0,11.3,27.7,44.2,0.351,0.268,0.45,48.8,8.5,79.606484769,,,,0.365,BASEBALL_SAVANT_CURRENT_SEASON,2026-08-23T06:30:07+00:00,SAVANT_PITCHER_SCHEMA_V1,CURRENT
676534,"Faucher, Calvin",2026,233,61,26.2,13.3,26.9,42.7,0.303,0.23,0.323,39.9,5.1,76.844122647,,,,0.289,BASEBALL_SAVANT_CURRENT_SEASON,2026-08-23T06:30:07+00:00,SAVANT_PITCHER_SCHEMA_V1,CURRENT
607200,"Fedde, Erick",2026,498,82,16.5,8.4,18.2,42.3,0.329,0.257,0.434,39.6,7.6,77.423801957,,,,0.339,BASEBALL_SAVANT_CURRENT_SEASON,2026-08-23T06:30:07+00:00,SAVANT_PITCHER_SCHEMA_V1,CURRENT
663372,"Feltner, Ryan",2026,408,64,15.7,9.6,23.8,48.3,0.358,0.267,0.498,38.8,11.2,75.69050947,,,,0.375,BASEBALL_SAVANT_CURRENT_SEASON,2026-08-23T06:30:07+00:00,SAVANT_PITCHER_SCHEMA_V1,CURRENT
657571,"Ferguson, Caleb",2026,136,27,19.9,13.2,19.3,45.3,0.32,0.245,0.384,35.6,5.6,75.964717778,,,,0.352,BASEBALL_SAVANT_CURRENT_SEASON,2026-08-23T06:30:07+00:00,SAVANT_PITCHER_SCHEMA_V1,CURRENT
621053,"Ferguson, Tyler",2026,70,20,28.6,2.9,31.0,50.4,0.332,0.235,0.483,46.7,17.8,81.933524545,,,,0.328,BASEBALL_SAVANT_CURRENT_SEASON,2026-08-23T06:30:07+00:00,SAVANT_PITCHER_SCHEMA_V1,CURRENT
820862,"Fermin, José",2026,185,50,27.0,10.8,30.7,49.7,0.328,0.237,0.407,44.1,9.9,81.870841091,,,,0.311,BASEBALL_SAVANT_CURRENT_SEASON,2026-08-23T06:30:07+00:00,SAVANT_PITCHER_SCHEMA_V1,CURRENT
681676,"Fernandez, Ryan",2026,59,20,33.9,11.9,36.0,47.0,0.291,0.213,0.339,34.4,6.3,70.03317,,,,0.287,BASEBALL_SAVANT_CURRENT_SEASON,2026-08-23T06:30:07+00:00,SAVANT_PITCHER_SCHEMA_V1,CURRENT
642759,"Fernández, Julian",2026,18,3,16.7,11.1,27.6,40.8,0.301,0.204,0.414,53.8,7.7,81.960183333,,,,0.29,BASEBALL_SAVANT_CURRENT_SEASON,2026-08-23T06:30:07+00:00,SAVANT_PITCHER_SCHEMA_V1,CURRENT
678606,"Ferrer, José A.",2026,231,44,19.0,6.1,19.7,50.9,0.291,0.236,0.365,35.7,6.0,75.277968537,,,,0.318,BASEBALL_SAVANT_CURRENT_SEASON,2026-08-23T06:30:07+00:00,SAVANT_PITCHER_SCHEMA_V1,CURRENT
670036,"Festa, Matt",2026,236,58,24.6,6.4,28.3,47.5,0.307,0.24,0.386,42.0,8.3,76.508547821,,,,0.335,BASEBALL_SAVANT_CURRENT_SEASON,2026-08-23T06:30:07+00:00,SAVANT_PITCHER_SCHEMA_V1,CURRENT
640448,"Finnegan, Kyle",2026,226,40,17.7,13.7,25.9,46.2,0.348,0.251,0.43,43.5,9.1,78.435583026,,,,0.356,BASEBALL_SAVANT_CURRENT_SEASON,2026-08-23T06:30:07+00:00,SAVANT_PITCHER_SCHEMA_V1,CURRENT
680755,"Fisher, Braydon",2026,263,60,22.8,12.9,27.0,44.2,0.31,0.221,0.359,37.3,10.2,76.49157679,,,,0.291,BASEBALL_SAVANT_CURRENT_SEASON,2026-08-23T06:30:07+00:00,SAVANT_PITCHER_SCHEMA_V1,CURRENT
702153,"Fitzpatrick, Brian",2026,30,5,16.7,10.0,23.2,51.4,0.257,0.212,0.265,22.7,4.5,66.701354545,,,,0.29,BASEBALL_SAVANT_CURRENT_SEASON,2026-08-23T06:30:07+00:00,SAVANT_PITCHER_SCHEMA_V1,CURRENT
656427,"Flaherty, Jack",2026,389,102,26.2,10.8,27.1,45.1,0.323,0.236,0.394,46.2,8.4,80.250628803,,,,0.329,BASEBALL_SAVANT_CURRENT_SEASON,2026-08-23T06:30:07+00:00,SAVANT_PITCHER_SCHEMA_V1,CURRENT
676596,"Fleming, Josh",2026,18,1,5.6,11.1,13.5,48.1,0.47,0.36,0.632,64.3,7.1,81.500634286,,,,0.479,BASEBALL_SAVANT_CURRENT_SEASON,2026-08-23T06:30:07+00:00,SAVANT_PITCHER_SCHEMA_V1,CURRENT
689254,"Fluharty, Mason",2026,217,56,25.8,10.1,28.5,48.8,0.262,0.188,0.313,32.6,7.2,74.816399559,,,,0.292,BASEBALL_SAVANT_CURRENT_SEASON,2026-08-23T06:30:07+00:00,SAVANT_PITCHER_SCHEMA_V1,CURRENT
671345,"Foley, Jason",2026,49,7,14.3,10.2,15.8,42.9,0.274,0.223,0.334,32.4,5.4,74.41022,,,,0.298,BASEBALL_SAVANT_CURRENT_SEASON,2026-08-23T06:30:07+00:00,SAVANT_PITCHER_SCHEMA_V1,CURRENT
671382,"Foster, Cameron",2026,49,9,18.4,16.3,27.9,45.5,0.336,0.254,0.358,28.1,6.5,77.011053125,,,,0.461,BASEBALL_SAVANT_CURRENT_SEASON,2026-08-23T06:30:07+00:00,SAVANT_PITCHER_SCHEMA_V1,CURRENT
641585,"France, J.P.",2026,31,4,12.9,16.1,15.1,45.3,0.42,0.293,0.534,42.9,14.3,78.453961818,,,,0.358,BASEBALL_SAVANT_CURRENT_SEASON,2026-08-23T06:30:07+00:00,SAVANT_PITCHER_SCHEMA_V1,CURRENT
683742,"Franco, Jose",2026,92,15,16.3,16.3,20.6,44.5,0.347,0.236,0.391,33.9,10.0,77.378844333,,,,0.363,BASEBALL_SAVANT_CURRENT_SEASON,2026-08-23T06:30:07+00:00,SAVANT_PITCHER_SCHEMA_V1,CURRENT
693308,"Frasso, Nick",2026,28,7,25.0,3.6,27.8,48.6,0.356,0.282,0.485,26.3,10.5,82.662117778,,,,0.358,BASEBALL_SAVANT_CURRENT_SEASON,2026-08-23T06:30:07+00:00,SAVANT_PITCHER_SCHEMA_V1,CURRENT
607536,"Freeland, Kyle",2026,554,103,18.6,5.1,22.5,50.9,0.346,0.282,0.476,42.4,10.6,79.248897136,,,,0.371,BASEBALL_SAVANT_CURRENT_SEASON,2026-08-23T06:30:07+00:00,SAVANT_PITCHER_SCHEMA_V1,CURRENT
608331,"Fried, Max",2026,332,79,23.8,8.1,24.6,45.4,0.248,0.2,0.264,31.3,1.8,74.965359455,,,,0.24,BASEBALL_SAVANT_CURRENT_SEASON,2026-08-23T06:30:07+00:00,SAVANT_PITCHER_SCHEMA_V1,CURRENT
800311,"Fuentes, Didier",2026,226,73,32.3,6.6,30.9,52.7,0.27,0.218,0.339,37.5,6.7,79.283826269,,,,0.263,BASEBALL_SAVANT_CURRENT_SEASON,2026-08-23T06:30:07+00:00,SAVANT_PITCHER_SCHEMA_V1,CURRENT
605242,"Fulmer, Michael",2026,11,4,36.4,9.1,33.3,41.9,0.337,0.353,0.417,16.7,0.0,69.34998,,,,0.178,BASEBALL_SAVANT_CURRENT_SEASON,2026-08-23T06:30:07+00:00,SAVANT_PITCHER_SCHEMA_V1,CURRENT
690978,"Fulton, Dax",2026,57,12,21.1,17.5,28.4,42.7,0.301,0.211,0.289,31.4,5.7,75.972634444,,,,0.294,BASEBALL_SAVANT_CURRENT_SEASON,2026-08-23T06:30:07+00:00,SAVANT_PITCHER_SCHEMA_V1,CURRENT
681892,"Funderburk, Kody",2026,172,34,19.8,12.8,22.5,43.9,0.301,0.226,0.322,27.2,5.3,71.832717407,,,,0.271,BASEBALL_SAVANT_CURRENT_SEASON,2026-08-23T06:30:07+00:00,SAVANT_PITCHER_SCHEMA_V1,CURRENT
683769,"Gaddis, Hunter",2026,188,42,22.3,9.6,30.8,50.9,0.321,0.253,0.395,31.2,8.8,76.712980484,,,,0.303,BASEBALL_SAVANT_CURRENT_SEASON,2026-08-23T06:30:07+00:00,SAVANT_PITCHER_SCHEMA_V1,CURRENT
657424,"Gage, Matt",2026,126,22,17.5,13.5,24.4,47.5,0.352,0.257,0.43,31.4,10.5,75.21335907,,,,0.376,BASEBALL_SAVANT_CURRENT_SEASON,2026-08-23T06:30:07+00:00,SAVANT_PITCHER_SCHEMA_V1,CURRENT
668678,"Gallen, Zac",2026,440,61,13.9,7.0,19.0,46.0,0.383,0.312,0.531,44.7,11.0,80.244577427,,,,0.372,BASEBALL_SAVANT_CURRENT_SEASON,2026-08-23T06:30:07+00:00,SAVANT_PITCHER_SCHEMA_V1,CURRENT
687941,"Gamboa, Alec",2026,75,14,18.7,6.7,19.5,57.3,0.243,0.181,0.274,30.4,3.6,77.256410741,,,,0.256,BASEBALL_SAVANT_CURRENT_SEASON,2026-08-23T06:30:07+00:00,SAVANT_PITCHER_SCHEMA_V1,CURRENT
805299,"Garcia, Brandyn",2026,138,42,30.4,6.5,26.8,44.7,0.235,0.173,0.268,33.7,4.8,78.4757245,,,,0.225,BASEBALL_SAVANT_CURRENT_SEASON,2026-08-23T06:30:07+00:00,SAVANT_PITCHER_SCHEMA_V1,CURRENT
670062,"Garcia, Julian",2026,115,28,24.3,11.3,29.7,45.3,0.27,0.191,0.31,34.2,5.6,77.933280556,,,,0.265,BASEBALL_SAVANT_CURRENT_SEASON,2026-08-23T06:30:07+00:00,SAVANT_PITCHER_SCHEMA_V1,CURRENT
670329,"Garcia, Rico",2026,213,57,26.8,8.5,33.1,49.3,0.273,0.206,0.348,35.0,6.6,74.853216324,,,,0.252,BASEBALL_SAVANT_CURRENT_SEASON,2026-08-23T06:30:07+00:00,SAVANT_PITCHER_SCHEMA_V1,CURRENT
676395,"Garcia, Robert",2026,34,6,17.6,20.6,30.6,40.5,0.333,0.239,0.31,33.3,0.0,78.782930909,,,,0.285,BASEBALL_SAVANT_CURRENT_SEASON,2026-08-23T06:30:07+00:00,SAVANT_PITCHER_SCHEMA_V1,CURRENT
472610,"García, Luis",2026,74,6,8.1,8.1,20.9,52.5,0.397,0.329,0.522,44.3,5.2,76.053356552,,,,0.415,BASEBALL_SAVANT_CURRENT_SEASON,2026-08-23T06:30:07+00:00,SAVANT_PITCHER_SCHEMA_V1,CURRENT
666129,"Garrett, Braxton",2026,28,5,17.9,28.6,23.5,39.5,0.386,0.24,0.389,26.7,14.3,72.225621429,,,,0.475,BASEBALL_SAVANT_CURRENT_SEASON,2026-08-23T06:30:07+00:00,SAVANT_PITCHER_SCHEMA_V1,CURRENT
688107,"Gasser, Robert",2026,333,72,21.6,6.6,22.2,50.3,0.317,0.251,0.402,35.1,6.5,75.475179737,,,,0.335,BASEBALL_SAVANT_CURRENT_SEASON,2026-08-23T06:30:07+00:00,SAVANT_PITCHER_SCHEMA_V1,CURRENT
703725,"Gastelum, Luis",2026,85,24,28.2,7.1,36.1,48.6,0.311,0.222,0.436,24.1,11.1,75.096477407,,,,0.359,BASEBALL_SAVANT_CURRENT_SEASON,2026-08-23T06:30:07+00:00,SAVANT_PITCHER_SCHEMA_V1,CURRENT
592332,"Gausman, Kevin",2026,609,143,23.5,6.6,27.4,50.3,0.31,0.251,0.406,39.3,7.3,76.282239423,,,,0.316,BASEBALL_SAVANT_CURRENT_SEASON,2026-08-23T06:30:07+00:00,SAVANT_PITCHER_SCHEMA_V1,CURRENT
680702,"Gerber, Joey",2026,34,8,23.5,11.8,23.5,39.5,0.309,0.23,0.373,54.5,9.1,85.731002727,,,,0.306,BASEBALL_SAVANT_CURRENT_SEASON,2026-08-23T06:30:07+00:00,SAVANT_PITCHER_SCHEMA_V1,CURRENT
801434,"Gervase, Paul",2026,34,8,23.5,14.7,28.0,40.3,0.306,0.238,0.313,42.9,4.8,79.634576,,,,0.286,BASEBALL_SAVANT_CURRENT_SEASON,2026-08-23T06:30:07+00:00,SAVANT_PITCHER_SCHEMA_V1,CURRENT
806188,"Gibson, Cade",2026,167,32,19.2,10.2,21.7,44.7,0.302,0.246,0.315,38.4,2.7,74.520679636,,,,0.329,BASEBALL_SAVANT_CURRENT_SEASON,2026-08-23T06:30:07+00:00,SAVANT_PITCHER_SCHEMA_V1,CURRENT
694346,"Gibson, Trey",2026,161,30,18.6,15.5,22.7,41.2,0.391,0.291,0.487,47.6,9.6,80.213684808,,,,0.385,BASEBALL_SAVANT_CURRENT_SEASON,2026-08-23T06:30:07+00:00,SAVANT_PITCHER_SCHEMA_V1,CURRENT
661563,"Gil, Luis",2026,85,9,10.6,12.9,18.5,38.6,0.385,0.262,0.498,46.8,9.7,83.967854839,,,,0.368,BASEBALL_SAVANT_CURRENT_SEASON,2026-08-23T06:30:07+00:00,SAVANT_PITCHER_SCHEMA_V1,CURRENT
669302,"Gilbert, Logan",2026,594,157,26.4,6.2,29.8,50.2,0.298,0.233,0.395,41.8,10.1,79.430326821,,,,0.283,BASEBALL_SAVANT_CURRENT_SEASON,2026-08-23T06:30:07+00:00,SAVANT_PITCHER_SCHEMA_V1,CURRENT
656457,"Gilbert, Tyler",2026,22,3,13.6,18.2,16.7,44.7,0.497,0.343,0.729,46.7,20.0,84.32625375,,,,0.566,BASEBALL_SAVANT_CURRENT_SEASON,2026-08-23T06:30:07+00:00,SAVANT_PITCHER_SCHEMA_V1,CURRENT
656464,"Ginkel, Kevin",2026,217,49,22.6,6.9,29.4,50.2,0.306,0.236,0.414,39.9,9.8,78.591974133,,,,0.294,BASEBALL_SAVANT_CURRENT_SEASON,2026-08-23T06:30:07+00:00,SAVANT_PITCHER_SCHEMA_V1,CURRENT
669372,"Ginn, J.T.",2026,555,118,21.3,9.9,26.9,45.9,0.306,0.237,0.357,35.1,5.4,75.79677459,,,,0.298,BASEBALL_SAVANT_CURRENT_SEASON,2026-08-23T06:30:07+00:00,SAVANT_PITCHER_SCHEMA_V1,CURRENT
608337,"Giolito, Lucas",2026,138,18,13.0,16.7,24.0,40.8,0.357,0.262,0.406,43.8,4.2,79.514155,,,,0.37,BASEBALL_SAVANT_CURRENT_SEASON,2026-08-23T06:30:07+00:00,SAVANT_PITCHER_SCHEMA_V1,CURRENT
607192,"Glasnow, Tyler",2026,148,49,33.1,8.8,29.8,43.1,0.252,0.18,0.324,38.4,8.1,81.822428372,,,,0.235,BASEBALL_SAVANT_CURRENT_SEASON,2026-08-23T06:30:07+00:00,SAVANT_PITCHER_SCHEMA_V1,CURRENT
808970,"Go, Woo-Suk",2026,22,5,22.7,9.1,25.0,51.2,0.386,0.28,0.559,53.3,20.0,86.34186125,,,,0.543,BASEBALL_SAVANT_CURRENT_SEASON,2026-08-23T06:30:07+00:00,SAVANT_PITCHER_SCHEMA_V1,CURRENT
594835,"Gonzales, Marco",2026,29,3,10.3,13.8,17.3,44.1,0.267,0.208,0.294,22.7,4.5,75.285237273,,,,0.324,BASEBALL_SAVANT_CURRENT_SEASON,2026-08-23T06:30:07+00:00,SAVANT_PITCHER_SCHEMA_V1,CURRENT
682445,"Gonzalez, Domingo",2026,36,5,13.9,13.9,19.7,47.3,0.453,0.355,0.618,52.0,12.0,83.6009,,,,0.383,BASEBALL_SAVANT_CURRENT_SEASON,2026-08-23T06:30:07+00:00,SAVANT_PITCHER_SCHEMA_V1,CURRENT
676467,"Gordon, Colton",2026,50,11,22.0,6.0,17.2,49.0,0.41,0.327,0.587,48.6,11.4,76.891449412,,,,0.589,BASEBALL_SAVANT_CURRENT_SEASON,2026-08-23T06:30:07+00:00,SAVANT_PITCHER_SCHEMA_V1,CURRENT
685299,"Gordon, Tanner",2026,338,64,18.9,4.4,22.6,52.6,0.333,0.265,0.473,44.0,10.1,82.141212063,,,,0.382,BASEBALL_SAVANT_CURRENT_SEASON,2026-08-23T06:30:07+00:00,SAVANT_PITCHER_SCHEMA_V1,CURRENT
669022,"Gore, MacKenzie",2026,619,161,26.0,8.4,26.9,49.6,0.302,0.234,0.376,41.9,9.0,77.277970253,,,,0.305,BASEBALL_SAVANT_CURRENT_SEASON,2026-08-23T06:30:07+00:00,SAVANT_PITCHER_SCHEMA_V1,CURRENT
700669,"Graceffo, Gordon",2026,253,38,15.0,11.9,17.5,44.6,0.343,0.252,0.446,45.4,9.8,82.198383956,,,,0.27,BASEBALL_SAVANT_CURRENT_SEASON,2026-08-23T06:30:07+00:00,SAVANT_PITCHER_SCHEMA_V1,CURRENT
701552,"Granillo, Andre",2026,50,3,6.0,16.0,9.5,37.4,0.394,0.295,0.44,39.5,13.2,82.122428889,,,,0.427,BASEBALL_SAVANT_CURRENT_SEASON,2026-08-23T06:30:07+00:00,SAVANT_PITCHER_SCHEMA_V1,CURRENT
682608,"Gray, Peyton",2026,219,50,22.8,7.3,26.0,49.8,0.287,0.231,0.357,32.9,6.8,75.003482192,,,,0.31,BASEBALL_SAVANT_CURRENT_SEASON,2026-08-23T06:30:07+00:00,SAVANT_PITCHER_SCHEMA_V1,CURRENT
543243,"Gray, Sonny",2026,563,123,21.8,6.4,22.6,47.1,0.295,0.245,0.372,38.3,6.6,79.088285838,,,,0.3,BASEBALL_SAVANT_CURRENT_SEASON,2026-08-23T06:30:07+00:00,SAVANT_PITCHER_SCHEMA_V1,CURRENT
668881,"Greene, Hunter",2026,121,33,27.3,7.4,27.2,53.3,0.325,0.268,0.429,46.8,5.1,79.592857692,,,,0.322,BASEBALL_SAVANT_CURRENT_SEASON,2026-08-23T06:30:07+00:00,SAVANT_PITCHER_SCHEMA_V1,CURRENT
656492,"Griffin, Foster",2026,589,131,22.2,5.9,23.7,48.3,0.315,0.252,0.418,38.1,9.2,75.859518333,,,,0.301,BASEBALL_SAVANT_CURRENT_SEASON,2026-08-23T06:30:07+00:00,SAVANT_PITCHER_SCHEMA_V1,CURRENT
675627,"Grove, Michael",2026,28,6,21.4,0.0,28.9,50.6,0.423,0.289,0.708,36.4,18.2,80.771469091,,,,0.36,BASEBALL_SAVANT_CURRENT_SEASON,2026-08-23T06:30:07+00:00,SAVANT_PITCHER_SCHEMA_V1,CURRENT
594027,"Guerrero, Tyron",2026,137,35,25.5,3.6,24.6,57.1,0.25,0.219,0.312,33.7,4.3,72.942780222,,,,0.253,BASEBALL_SAVANT_CURRENT_SEASON,2026-08-23T06:30:07+00:00,SAVANT_PITCHER_SCHEMA_V1,CURRENT
687473,"Gusto, Ryan",2026,255,51,20.0,5.9,20.9,50.0,0.319,0.265,0.42,43.9,8.6,80.165081489,,,,0.324,BASEBALL_SAVANT_CURRENT_SEASON,2026-08-23T06:30:07+00:00,SAVANT_PITCHER_SCHEMA_V1,CURRENT
672782,"Gómez, Yoendrys",2026,243,52,21.4,11.9,24.9,47.2,0.342,0.247,0.435,44.1,8.8,77.297861646,,,,0.299,BASEBALL_SAVANT_CURRENT_SEASON,2026-08-23T06:30:07+00:00,SAVANT_PITCHER_SCHEMA_V1,CURRENT
623352,"Hader, Josh",2026,117,41,35.0,9.4,36.5,53.1,0.225,0.158,0.255,33.8,7.7,73.834582121,,,,0.181,BASEBALL_SAVANT_CURRENT_SEASON,2026-08-23T06:30:07+00:00,SAVANT_PITCHER_SCHEMA_V1,CURRENT
669084,"Hall, DL",2026,162,41,25.3,17.3,27.8,39.9,0.292,0.195,0.28,31.5,5.5,77.341490435,,,,0.263,BASEBALL_SAVANT_CURRENT_SEASON,2026-08-23T06:30:07+00:00,SAVANT_PITCHER_SCHEMA_V1,CURRENT
678020,"Halvorsen, Seth",2026,100,17,17.0,16.0,22.8,46.6,0.39,0.309,0.483,37.3,6.0,81.22622697,,,,0.357,BASEBALL_SAVANT_CURRENT_SEASON,2026-08-23T06:30:07+00:00,SAVANT_PITCHER_SCHEMA_V1,CURRENT
641656,"Hamilton, Ian",2026,23,4,17.4,13.0,28.6,45.7,0.342,0.307,0.356,50.0,0.0,82.314115,,,,0.355,BASEBALL_SAVANT_CURRENT_SEASON,2026-08-23T06:30:07+00:00,SAVANT_PITCHER_SCHEMA_V1,CURRENT
676106,"Hancock, Emerson",2026,543,125,23.0,5.9,23.7,51.8,0.304,0.241,0.405,41.6,8.2,78.98619836,,,,0.295,BASEBALL_SAVANT_CURRENT_SEASON,2026-08-23T06:30:07+00:00,SAVANT_PITCHER_SCHEMA_V1,CURRENT
669724,"Hanifee, Brenan",2026,93,10,10.8,7.5,14.4,45.5,0.37,0.301,0.5,45.3,8.1,80.043368056,,,,0.369,BASEBALL_SAVANT_CURRENT_SEASON,2026-08-23T06:30:07+00:00,SAVANT_PITCHER_SCHEMA_V1,CURRENT
690440,"Hanner, Bradley",2026,4,2,50.0,0.0,25.0,66.7,0.255,0.161,0.454,50.0,50.0,100.08793,,,,0.512,BASEBALL_SAVANT_CURRENT_SEASON,2026-08-23T06:30:07+00:00,SAVANT_PITCHER_SCHEMA_V1,CURRENT
663687,"Harris, Hogan",2026,253,72,28.5,13.8,25.9,42.9,0.301,0.211,0.323,32.1,5.7,76.136956087,,,,0.325,BASEBALL_SAVANT_CURRENT_SEASON,2026-08-23T06:30:07+00:00,SAVANT_PITCHER_SCHEMA_V1,CURRENT
805345,"Harris, Trent",2026,30,10,33.3,13.3,27.8,40.6,0.289,0.23,0.296,25.0,0.0,70.70733625,,,,0.379,BASEBALL_SAVANT_CURRENT_SEASON,2026-08-23T06:30:07+00:00,SAVANT_PITCHER_SCHEMA_V1,CURRENT
690986,"Harrison, Kyle",2026,402,122,30.3,6.5,29.1,48.4,0.276,0.22,0.344,35.6,6.8,78.942012177,,,,0.29,BASEBALL_SAVANT_CURRENT_SEASON,2026-08-23T06:30:07+00:00,SAVANT_PITCHER_SCHEMA_V1,CURRENT
606996,"Hart, Kyle",2026,209,49,23.4,8.1,22.7,43.8,0.273,0.205,0.329,27.1,5.8,75.482271791,,,,0.283,BASEBALL_SAVANT_CURRENT_SEASON,2026-08-23T06:30:07+00:00,SAVANT_PITCHER_SCHEMA_V1,CURRENT
664129,"Hartlieb, Geoff",2026,64,6,9.4,14.1,24.5,47.0,0.327,0.254,0.389,40.8,8.2,81.3927448,,,,0.392,BASEBALL_SAVANT_CURRENT_SEASON,2026-08-23T06:30:07+00:00,SAVANT_PITCHER_SCHEMA_V1,CURRENT
640451,"Harvey, Hunter",2026,18,4,22.2,5.6,20.0,46.1,0.344,0.216,0.563,38.5,23.1,86.411897143,,,,0.415,BASEBALL_SAVANT_CURRENT_SEASON,2026-08-23T06:30:07+00:00,SAVANT_PITCHER_SCHEMA_V1,CURRENT
687396,"Headrick, Brent",2026,265,81,30.6,7.5,31.9,53.7,0.269,0.22,0.328,37.8,4.9,76.735987468,,,,0.272,BASEBALL_SAVANT_CURRENT_SEASON,2026-08-23T06:30:07+00:00,SAVANT_PITCHER_SCHEMA_V1,CURRENT
669169,"Heasley, Jonathan",2026,19,2,10.5,0.0,7.9,59.4,0.479,0.352,0.791,58.8,11.8,88.27628,,,,0.536,BASEBALL_SAVANT_CURRENT_SEASON,2026-08-23T06:30:07+00:00,SAVANT_PITCHER_SCHEMA_V1,CURRENT
595978,"Hedges, Austin",2026,12,1,8.3,0.0,6.7,50.0,0.275,0.284,0.355,27.3,0.0,85.548928333,,,,0.297,BASEBALL_SAVANT_CURRENT_SEASON,2026-08-23T06:30:07+00:00,SAVANT_PITCHER_SCHEMA_V1,CURRENT
664854,"Helsley, Ryan",2026,68,21,30.9,13.2,37.9,45.4,0.265,0.185,0.296,47.4,5.3,79.373765789,,,,0.319,BASEBALL_SAVANT_CURRENT_SEASON,2026-08-23T06:30:07+00:00,SAVANT_PITCHER_SCHEMA_V1,CURRENT
701656,"Henderson, Logan",2026,240,75,31.3,5.0,28.1,53.9,0.256,0.204,0.337,37.5,8.6,76.173905333,,,,0.262,BASEBALL_SAVANT_CURRENT_SEASON,2026-08-23T06:30:07+00:00,SAVANT_PITCHER_SCHEMA_V1,CURRENT
683618,"Henriquez, Edgardo",2026,207,56,27.1,11.1,30.0,48.6,0.25,0.174,0.24,26.0,2.4,70.994553,,,,0.246,BASEBALL_SAVANT_CURRENT_SEASON,2026-08-23T06:30:07+00:00,SAVANT_PITCHER_SCHEMA_V1,CURRENT
669371,"Henry, Cole",2026,71,15,21.1,11.3,23.3,47.2,0.374,0.256,0.478,40.9,13.6,78.079554545,,,,0.409,BASEBALL_SAVANT_CURRENT_SEASON,2026-08-23T06:30:07+00:00,SAVANT_PITCHER_SCHEMA_V1,CURRENT
656529,"Hentges, Sam",2026,139,33,23.7,15.8,28.0,42.2,0.299,0.206,0.287,29.6,3.7,76.984242821,,,,0.307,BASEBALL_SAVANT_CURRENT_SEASON,2026-08-23T06:30:07+00:00,SAVANT_PITCHER_SCHEMA_V1,CURRENT
623474,"Herget, Jimmy",2026,169,36,21.3,11.8,27.0,46.8,0.328,0.244,0.41,36.9,9.9,77.062721481,,,,0.375,BASEBALL_SAVANT_CURRENT_SEASON,2026-08-23T06:30:07+00:00,SAVANT_PITCHER_SCHEMA_V1,CURRENT
643361,"Herget, Kevin",2026,3,0,0.0,0.0,0.0,45.5,0.128,0.125,0.178,33.3,0.0,90.65818,,,,0.0,BASEBALL_SAVANT_CURRENT_SEASON,2026-08-23T06:30:07+00:00,SAVANT_PITCHER_SCHEMA_V1,CURRENT
622694,"Hernández, Elieser",2026,28,6,21.4,14.3,28.8,47.3,0.247,0.184,0.26,27.8,5.6,76.435382222,,,,0.318,BASEBALL_SAVANT_CURRENT_SEASON,2026-08-23T06:30:07+00:00,SAVANT_PITCHER_SCHEMA_V1,CURRENT
642546,"Hernández, Jonathan",2026,109,22,20.2,11.9,19.9,43.8,0.321,0.255,0.389,40.5,5.5,77.904588919,,,,0.304,BASEBALL_SAVANT_CURRENT_SEASON,2026-08-23T06:30:07+00:00,SAVANT_PITCHER_SCHEMA_V1,CURRENT
700327,"Herrera, Welinton",2026,10,2,20.0,10.0,19.0,46.7,0.333,0.288,0.387,57.1,0.0,90.41355,,,,0.248,BASEBALL_SAVANT_CURRENT_SEASON,2026-08-23T06:30:07+00:00,SAVANT_PITCHER_SCHEMA_V1,CURRENT
682120,"Herrin, Tim",2026,188,40,21.3,12.8,31.1,45.9,0.309,0.207,0.356,37.8,8.4,77.064101356,,,,0.315,BASEBALL_SAVANT_CURRENT_SEASON,2026-08-23T06:30:07+00:00,SAVANT_PITCHER_SCHEMA_V1,CURRENT
676051,"Heuer, Codi",2026,46,6,13.0,10.9,25.3,43.9,0.335,0.269,0.382,52.9,2.9,84.653851765,,,,0.355,BASEBALL_SAVANT_CURRENT_SEASON,2026-08-23T06:30:07+00:00,SAVANT_PITCHER_SCHEMA_V1,CURRENT
663855,"Hicks, Jordan",2026,172,47,27.3,14.5,25.5,44.3,0.263,0.203,0.256,32.3,100.0,77.755364792,,,,0.293,BASEBALL_SAVANT_CURRENT_SEASON,2026-08-23T06:30:07+00:00,SAVANT_PITCHER_SCHEMA_V1,CURRENT
664731,"Higgins, P.J.",2026,3,1,33.3,0.0,40.0,50.0,0.034,0.03,0.045,0.0,0.0,76.57081,,,,0.0,BASEBALL_SAVANT_CURRENT_SEASON,2026-08-23T06:30:07+00:00,SAVANT_PITCHER_SCHEMA_V1,CURRENT
677955,"Hill, Jaden",2026,130,30,23.1,13.1,30.5,48.5,0.309,0.229,0.343,39.2,3.8,79.664848462,,,,0.33,BASEBALL_SAVANT_CURRENT_SEASON,2026-08-23T06:30:07+00:00,SAVANT_PITCHER_SCHEMA_V1,CURRENT
657612,"Hill, Tim",2026,202,22,10.9,5.4,13.2,51.0,0.325,0.261,0.425,43.6,6.7,77.675565,,,,0.315,BASEBALL_SAVANT_CURRENT_SEASON,2026-08-23T06:30:07+00:00,SAVANT_PITCHER_SCHEMA_V1,CURRENT
682274,"Hiraldo, Yaramil",2026,37,13,35.1,16.2,44.0,52.1,0.295,0.169,0.32,35.3,11.8,80.747528889,,,,0.384,BASEBALL_SAVANT_CURRENT_SEASON,2026-08-23T06:30:07+00:00,SAVANT_PITCHER_SCHEMA_V1,CURRENT
656546,"Hoffman, Jeff",2026,248,85,34.3,9.7,37.2,50.1,0.297,0.214,0.334,38.3,9.8,78.022886515,,,,0.311,BASEBALL_SAVANT_CURRENT_SEASON,2026-08-23T06:30:07+00:00,SAVANT_PITCHER_SCHEMA_V1,CURRENT
676510,"Hoffman, Nolan",2026,21,2,9.5,14.3,22.9,42.7,0.341,0.301,0.384,31.3,0.0,68.371755,,,,0.354,BASEBALL_SAVANT_CURRENT_SEASON,2026-08-23T06:30:07+00:00,SAVANT_PITCHER_SCHEMA_V1,CURRENT
694851,"Hoffmann, Andrew",2026,59,12,20.3,13.6,19.1,38.7,0.336,0.243,0.399,43.2,8.1,78.079481111,,,,0.433,BASEBALL_SAVANT_CURRENT_SEASON,2026-08-23T06:30:07+00:00,SAVANT_PITCHER_SCHEMA_V1,CURRENT
670059,"Holderman, Colin",2026,204,46,22.5,9.3,27.0,43.9,0.303,0.218,0.337,43.1,7.8,74.753405938,,,,0.239,BASEBALL_SAVANT_CURRENT_SEASON,2026-08-23T06:30:07+00:00,SAVANT_PITCHER_SCHEMA_V1,CURRENT
668970,"Hollowell, Gavin",2026,62,13,21.0,12.9,27.8,42.7,0.351,0.24,0.447,35.0,15.0,75.8865825,,,,0.315,BASEBALL_SAVANT_CURRENT_SEASON,2026-08-23T06:30:07+00:00,SAVANT_PITCHER_SCHEMA_V1,CURRENT
605280,"Holmes, Clay",2026,278,50,18.0,8.3,20.0,46.9,0.311,0.259,0.372,41.9,4.9,78.661223069,,,,0.262,BASEBALL_SAVANT_CURRENT_SEASON,2026-08-23T06:30:07+00:00,SAVANT_PITCHER_SCHEMA_V1,CURRENT
656550,"Holmes, Grant",2026,529,100,18.9,10.2,27.4,48.2,0.337,0.256,0.432,43.5,8.9,82.017171413,,,,0.316,BASEBALL_SAVANT_CURRENT_SEASON,2026-08-23T06:30:07+00:00,SAVANT_PITCHER_SCHEMA_V1,CURRENT
663947,"Holton, Tyler",2026,251,48,19.1,5.6,23.4,47.2,0.3,0.25,0.374,38.4,6.5,76.119211957,,,,0.326,BASEBALL_SAVANT_CURRENT_SEASON,2026-08-23T06:30:07+00:00,SAVANT_PITCHER_SCHEMA_V1,CURRENT
695380,"Hoppe, Alex",2026,144,39,27.1,9.0,28.1,46.3,0.292,0.243,0.335,40.7,3.3,78.278553261,,,,0.299,BASEBALL_SAVANT_CURRENT_SEASON,2026-08-23T06:30:07+00:00,SAVANT_PITCHER_SCHEMA_V1,CURRENT
690990,"Horton, Cade",2026,26,4,15.4,7.7,23.3,46.7,0.283,0.249,0.321,35.0,5.3,72.833411,,,,0.235,BASEBALL_SAVANT_CURRENT_SEASON,2026-08-23T06:30:07+00:00,SAVANT_PITCHER_SCHEMA_V1,CURRENT
605288,"Houser, Adrian",2026,464,73,15.7,7.3,17.8,46.2,0.341,0.269,0.456,42.2,8.8,78.706234104,,,,0.327,BASEBALL_SAVANT_CURRENT_SEASON,2026-08-23T06:30:07+00:00,SAVANT_PITCHER_SCHEMA_V1,CURRENT
663542,"Hudson, Bryan",2026,227,52,22.9,7.5,23.8,46.9,0.277,0.229,0.323,35.9,3.9,77.313728784,,,,0.298,BASEBALL_SAVANT_CURRENT_SEASON,2026-08-23T06:30:07+00:00,SAVANT_PITCHER_SCHEMA_V1,CURRENT
687312,"Hughes, Gabriel",2026,164,33,20.1,7.9,19.7,48.4,0.287,0.232,0.338,28.4,4.3,79.014372679,,,,0.328,BASEBALL_SAVANT_CURRENT_SEASON,2026-08-23T06:30:07+00:00,SAVANT_PITCHER_SCHEMA_V1,CURRENT
669165,"Hurt, Kyle",2026,180,52,28.9,12.2,35.5,52.0,0.307,0.216,0.378,42.9,8.6,79.145754808,,,,0.314,BASEBALL_SAVANT_CURRENT_SEASON,2026-08-23T06:30:07+00:00,SAVANT_PITCHER_SCHEMA_V1,CURRENT
676428,"Hurter, Brant",2026,101,18,17.8,11.9,20.5,43.3,0.304,0.235,0.332,32.9,4.3,76.424190294,,,,0.25,BASEBALL_SAVANT_CURRENT_SEASON,2026-08-23T06:30:07+00:00,SAVANT_PITCHER_SCHEMA_V1,CURRENT
628452,"Iglesias, Raisel",2026,191,51,26.7,7.3,30.6,52.8,0.284,0.223,0.359,36.8,9.7,77.572107581,,,,0.292,BASEBALL_SAVANT_CURRENT_SEASON,2026-08-23T06:30:07+00:00,SAVANT_PITCHER_SCHEMA_V1,CURRENT
837227,"Imai, Tatsuya",2026,301,83,27.6,14.6,32.2,44.0,0.334,0.226,0.394,45.3,10.0,78.704154643,,,,0.32,BASEBALL_SAVANT_CURRENT_SEASON,2026-08-23T06:30:07+00:00,SAVANT_PITCHER_SCHEMA_V1,CURRENT
684007,"Imanaga, Shota",2026,578,140,24.2,5.5,29.4,51.5,0.302,0.235,0.411,35.4,10.0,77.563152261,,,,0.307,BASEBALL_SAVANT_CURRENT_SEASON,2026-08-23T06:30:07+00:00,SAVANT_PITCHER_SCHEMA_V1,CURRENT
608344,"Irvin, Cole",2026,30,5,16.7,10.0,18.2,53.9,0.39,0.288,0.512,52.4,9.5,75.433176,,,,0.395,BASEBALL_SAVANT_CURRENT_SEASON,2026-08-23T06:30:07+00:00,SAVANT_PITCHER_SCHEMA_V1,CURRENT
663623,"Irvin, Jake",2026,313,72,23.0,9.9,24.0,46.7,0.351,0.247,0.461,43.8,12.3,76.897837624,,,,0.333,BASEBALL_SAVANT_CURRENT_SEASON,2026-08-23T06:30:07+00:00,SAVANT_PITCHER_SCHEMA_V1,CURRENT
689690,"Jacob, Alek",2026,23,6,26.1,8.7,37.8,51.7,0.272,0.179,0.305,35.7,7.1,73.513858571,,,,0.352,BASEBALL_SAVANT_CURRENT_SEASON,2026-08-23T06:30:07+00:00,SAVANT_PITCHER_SCHEMA_V1,CURRENT
686753,"Jameson, Drey",2026,76,13,17.1,11.8,29.3,46.2,0.322,0.25,0.369,28.3,5.7,76.240045556,,,,0.319,BASEBALL_SAVANT_CURRENT_SEASON,2026-08-23T06:30:07+00:00,SAVANT_PITCHER_SCHEMA_V1,CURRENT
445276,"Jansen, Kenley",2026,144,40,27.8,13.9,26.5,49.1,0.299,0.206,0.362,35.7,8.3,77.129693415,,,,0.292,BASEBALL_SAVANT_CURRENT_SEASON,2026-08-23T06:30:07+00:00,SAVANT_PITCHER_SCHEMA_V1,CURRENT
664299,"Javier, Cristian",2026,167,30,18.0,10.2,25.7,51.8,0.357,0.278,0.452,38.1,8.5,80.318055085,,,,0.38,BASEBALL_SAVANT_CURRENT_SEASON,2026-08-23T06:30:07+00:00,SAVANT_PITCHER_SCHEMA_V1,CURRENT
643377,"Jax, Griffin",2026,379,100,26.4,7.9,31.2,48.6,0.323,0.252,0.418,39.7,9.3,77.61397975,,,,0.306,BASEBALL_SAVANT_CURRENT_SEASON,2026-08-23T06:30:07+00:00,SAVANT_PITCHER_SCHEMA_V1,CURRENT
695549,"Jobe, Jackson",2026,61,11,18.0,8.2,19.5,48.9,0.378,0.282,0.482,40.5,12.2,77.098722857,,,,0.353,BASEBALL_SAVANT_CURRENT_SEASON,2026-08-23T06:30:07+00:00,SAVANT_PITCHER_SCHEMA_V1,CURRENT
572955,"Johnson, Pierce",2026,161,34,21.1,9.3,23.4,46.8,0.355,0.275,0.484,37.5,10.9,81.261915636,,,,0.322,BASEBALL_SAVANT_CURRENT_SEASON,2026-08-23T06:30:07+00:00,SAVANT_PITCHER_SCHEMA_V1,CURRENT
696270,"Johnson, Ryan",2026,271,47,17.3,10.7,23.2,46.0,0.359,0.265,0.479,37.5,11.5,76.803961979,,,,0.37,BASEBALL_SAVANT_CURRENT_SEASON,2026-08-23T06:30:07+00:00,SAVANT_PITCHER_SCHEMA_V1,CURRENT
686751,"Johnson, Seth",2026,106,26,24.5,16.0,27.9,44.5,0.361,0.259,0.425,48.4,14.5,79.605985484,,,,0.389,BASEBALL_SAVANT_CURRENT_SEASON,2026-08-23T06:30:07+00:00,SAVANT_PITCHER_SCHEMA_V1,CURRENT
687859,"Johnston, Troy",2026,5,0,0.0,20.0,10.0,47.6,0.376,0.165,0.184,66.7,0.0,90.6187,,,,0.285,BASEBALL_SAVANT_CURRENT_SEASON,2026-08-23T06:30:07+00:00,SAVANT_PITCHER_SCHEMA_V1,CURRENT
683003,"Jones, Jared",2026,269,72,26.8,7.8,31.0,48.3,0.297,0.219,0.392,39.1,8.6,79.221889767,,,,0.317,BASEBALL_SAVANT_CURRENT_SEASON,2026-08-23T06:30:07+00:00,SAVANT_PITCHER_SCHEMA_V1,CURRENT
690829,"Joyce, Ben",2026,24,9,37.5,8.3,40.0,48.4,0.159,0.141,0.17,23.1,0.0,67.385785714,,,,0.163,BASEBALL_SAVANT_CURRENT_SEASON,2026-08-23T06:30:07+00:00,SAVANT_PITCHER_SCHEMA_V1,CURRENT
696522,"Juenger, Hayden",2026,74,6,8.1,9.5,14.8,46.9,0.366,0.307,0.475,35.6,8.5,78.680653,,,,0.368,BASEBALL_SAVANT_CURRENT_SEASON,2026-08-23T06:30:07+00:00,SAVANT_PITCHER_SCHEMA_V1,CURRENT
695611,"Jump, Gage",2026,361,88,24.4,11.1,24.6,47.8,0.325,0.259,0.392,38.7,6.1,78.372346754,,,,0.34,BASEBALL_SAVANT_CURRENT_SEASON,2026-08-23T06:30:07+00:00,SAVANT_PITCHER_SCHEMA_V1,CURRENT
596001,"Junis, Jakob",2026,177,32,18.1,5.1,20.3,47.2,0.306,0.263,0.388,34.6,3.8,76.914733582,,,,0.267,BASEBALL_SAVANT_CURRENT_SEASON,2026-08-23T06:30:07+00:00,SAVANT_PITCHER_SCHEMA_V1,CURRENT
676083,"Junk, Janson",2026,396,66,16.7,6.6,15.1,48.6,0.316,0.259,0.408,40.4,6.6,79.511083514,,,,0.329,BASEBALL_SAVANT_CURRENT_SEASON,2026-08-23T06:30:07+00:00,SAVANT_PITCHER_SCHEMA_V1,CURRENT
592454,"Kahnle, Tommy",2026,43,5,11.6,14.0,17.4,51.2,0.381,0.285,0.489,56.3,15.6,83.671368125,,,,0.434,BASEBALL_SAVANT_CURRENT_SEASON,2026-08-23T06:30:07+00:00,SAVANT_PITCHER_SCHEMA_V1,CURRENT
675916,"Karinchak, James",2026,37,8,21.6,13.5,26.6,39.5,0.268,0.158,0.299,33.3,8.3,78.546704167,,,,0.232,BASEBALL_SAVANT_CURRENT_SEASON,2026-08-23T06:30:07+00:00,SAVANT_PITCHER_SCHEMA_V1,CURRENT
641743,"Kay, Anthony",2026,565,104,18.4,8.0,23.5,46.9,0.337,0.26,0.404,39.7,8.2,76.424561832,,,,0.332,BASEBALL_SAVANT_CURRENT_SEASON,2026-08-23T06:30:07+00:00,SAVANT_PITCHER_SCHEMA_V1,CURRENT
641745,"Keller, Brad",2026,135,32,23.7,9.6,22.5,45.0,0.284,0.226,0.313,31.8,4.6,73.919911364,,,,0.309,BASEBALL_SAVANT_CURRENT_SEASON,2026-08-23T06:30:07+00:00,SAVANT_PITCHER_SCHEMA_V1,CURRENT
662144,"Keller, Brian",2026,11,3,27.3,0.0,16.0,64.1,0.361,0.252,0.616,37.5,25.0,86.79278,,,,0.267,BASEBALL_SAVANT_CURRENT_SEASON,2026-08-23T06:30:07+00:00,SAVANT_PITCHER_SCHEMA_V1,CURRENT
656605,"Keller, Mitch",2026,503,89,17.7,8.3,20.5,47.4,0.355,0.288,0.455,42.3,7.4,78.627953315,,,,0.333,BASEBALL_SAVANT_CURRENT_SEASON,2026-08-23T06:30:07+00:00,SAVANT_PITCHER_SCHEMA_V1,CURRENT
681520,"Kelly, Antoine",2026,4,1,25.0,25.0,14.3,38.9,0.454,0.396,0.448,100.0,0.0,97.00853,,,,0.174,BASEBALL_SAVANT_CURRENT_SEASON,2026-08-23T06:30:07+00:00,SAVANT_PITCHER_SCHEMA_V1,CURRENT
699008,"Kelly, Antwone",2026,32,4,12.5,12.5,11.7,48.8,0.345,0.286,0.395,37.5,4.2,81.720450833,,,,0.405,BASEBALL_SAVANT_CURRENT_SEASON,2026-08-23T06:30:07+00:00,SAVANT_PITCHER_SCHEMA_V1,CURRENT
687330,"Kelly, Kevin",2026,215,45,20.9,4.2,19.8,48.7,0.292,0.262,0.368,44.3,5.8,78.857580769,,,,0.235,BASEBALL_SAVANT_CURRENT_SEASON,2026-08-23T06:30:07+00:00,SAVANT_PITCHER_SCHEMA_V1,CURRENT
518876,"Kelly, Merrill",2026,565,84,14.9,10.1,21.3,49.0,0.399,0.305,0.554,44.0,12.6,79.252081587,,,,0.366,BASEBALL_SAVANT_CURRENT_SEASON,2026-08-23T06:30:07+00:00,SAVANT_PITCHER_SCHEMA_V1,CURRENT
547184,"Kelly, Michael",2026,32,6,18.8,18.8,24.1,44.6,0.435,0.349,0.522,45.0,15.0,73.649626,,,,0.556,BASEBALL_SAVANT_CURRENT_SEASON,2026-08-23T06:30:07+00:00,SAVANT_PITCHER_SCHEMA_V1,CURRENT
677161,"Kelly, Zack",2026,71,14,19.7,9.9,21.1,43.5,0.368,0.29,0.432,38.8,8.2,76.440982917,,,,0.28,BASEBALL_SAVANT_CURRENT_SEASON,2026-08-23T06:30:07+00:00,SAVANT_PITCHER_SCHEMA_V1,CURRENT
687531,"Kempner, William",2026,50,14,28.0,8.0,34.1,45.7,0.306,0.231,0.355,23.3,3.3,74.829450667,,,,0.265,BASEBALL_SAVANT_CURRENT_SEASON,2026-08-23T06:30:07+00:00,SAVANT_PITCHER_SCHEMA_V1,CURRENT
800600,"Kent, Jackson",2026,41,9,22.0,19.5,17.9,41.4,0.377,0.283,0.412,50.0,4.2,79.410521667,,,,0.421,BASEBALL_SAVANT_CURRENT_SEASON,2026-08-23T06:30:07+00:00,SAVANT_PITCHER_SCHEMA_V1,CURRENT
687849,"Kent, Zak",2026,69,11,15.9,10.1,20.9,49.6,0.351,0.261,0.451,45.1,11.8,80.038822308,,,,0.401,BASEBALL_SAVANT_CURRENT_SEASON,2026-08-23T06:30:07+00:00,SAVANT_PITCHER_SCHEMA_V1,CURRENT
689147,"Kerkering, Orion",2026,224,55,24.6,11.6,26.5,43.0,0.274,0.194,0.289,29.0,5.1,73.096581029,,,,0.284,BASEBALL_SAVANT_CURRENT_SEASON,2026-08-23T06:30:07+00:00,SAVANT_PITCHER_SCHEMA_V1,CURRENT
678061,"Kerr, Ray",2026,10,0,0.0,0.0,20.0,58.8,0.283,0.225,0.301,22.2,0.0,86.017185,,,,0.18,BASEBALL_SAVANT_CURRENT_SEASON,2026-08-23T06:30:07+00:00,SAVANT_PITCHER_SCHEMA_V1,CURRENT
695049,"Kerry, Brett",2026,54,12,22.2,3.7,26.7,49.5,0.27,0.231,0.361,42.5,5.0,76.830881,,,,0.269,BASEBALL_SAVANT_CURRENT_SEASON,2026-08-23T06:30:07+00:00,SAVANT_PITCHER_SCHEMA_V1,CURRENT
579328,"Kikuchi, Yusei",2026,142,33,23.2,9.9,25.9,48.3,0.34,0.258,0.446,42.6,8.5,78.667213404,,,,0.346,BASEBALL_SAVANT_CURRENT_SEASON,2026-08-23T06:30:07+00:00,SAVANT_PITCHER_SCHEMA_V1,CURRENT
668873,"Kilian, Caleb",2026,209,56,26.8,10.5,27.9,48.7,0.292,0.216,0.36,34.9,8.6,77.059416935,,,,0.302,BASEBALL_SAVANT_CURRENT_SEASON,2026-08-23T06:30:07+00:00,SAVANT_PITCHER_SCHEMA_V1,CURRENT
518886,"Kimbrel, Craig",2026,156,33,21.2,10.9,24.9,48.0,0.321,0.245,0.391,37.5,6.7,80.555356154,,,,0.312,BASEBALL_SAVANT_CURRENT_SEASON,2026-08-23T06:30:07+00:00,SAVANT_PITCHER_SCHEMA_V1,CURRENT
687911,"King, Bryan",2026,238,44,18.5,8.0,18.4,49.6,0.317,0.253,0.382,37.3,6.0,75.273823373,,,,0.34,BASEBALL_SAVANT_CURRENT_SEASON,2026-08-23T06:30:07+00:00,SAVANT_PITCHER_SCHEMA_V1,CURRENT
667463,"King, John",2026,197,33,16.8,8.6,21.7,47.2,0.31,0.229,0.404,37.8,8.5,79.649369437,,,,0.281,BASEBALL_SAVANT_CURRENT_SEASON,2026-08-23T06:30:07+00:00,SAVANT_PITCHER_SCHEMA_V1,CURRENT
650633,"King, Michael",2026,610,128,21.0,9.5,24.8,46.4,0.321,0.239,0.402,32.4,8.5,75.97934,,,,0.294,BASEBALL_SAVANT_CURRENT_SEASON,2026-08-23T06:30:07+00:00,SAVANT_PITCHER_SCHEMA_V1,CURRENT
663884,"Kingham, Nolan",2026,6,1,16.7,33.3,25.0,36.4,0.333,0.152,0.175,0.0,0.0,79.57791,,,,0.381,BASEBALL_SAVANT_CURRENT_SEASON,2026-08-23T06:30:07+00:00,SAVANT_PITCHER_SCHEMA_V1,CURRENT
641755,"Kinley, Tyler",2026,179,42,23.5,11.2,28.0,44.0,0.287,0.203,0.364,28.7,7.9,73.954567719,,,,0.324,BASEBALL_SAVANT_CURRENT_SEASON,2026-08-23T06:30:07+00:00,SAVANT_PITCHER_SCHEMA_V1,CURRENT
669923,"Kirby, George",2026,587,117,19.9,5.6,21.6,52.0,0.309,0.26,0.404,42.4,6.9,79.525537269,,,,0.337,BASEBALL_SAVANT_CURRENT_SEASON,2026-08-23T06:30:07+00:00,SAVANT_PITCHER_SCHEMA_V1,CURRENT
552640,"Kittredge, Andrew",2026,171,33,19.3,6.4,23.3,53.7,0.3,0.261,0.391,37.0,5.5,76.722745161,,,,0.308,BASEBALL_SAVANT_CURRENT_SEASON,2026-08-23T06:30:07+00:00,SAVANT_PITCHER_SCHEMA_V1,CURRENT
691946,"Klassen, George",2026,101,21,20.8,17.8,33.3,46.4,0.35,0.246,0.381,41.0,9.8,77.397691667,,,,0.319,BASEBALL_SAVANT_CURRENT_SEASON,2026-08-23T06:30:07+00:00,SAVANT_PITCHER_SCHEMA_V1,CURRENT
804619,"Klein, John",2026,19,2,10.5,21.1,10.3,47.6,0.352,0.183,0.291,38.5,7.7,68.629142857,,,,0.368,BASEBALL_SAVANT_CURRENT_SEASON,2026-08-23T06:30:07+00:00,SAVANT_PITCHER_SCHEMA_V1,CURRENT
694361,"Klein, Will",2026,189,49,25.9,11.1,23.9,43.3,0.288,0.235,0.302,37.9,2.6,77.11063193,,,,0.318,BASEBALL_SAVANT_CURRENT_SEASON,2026-08-23T06:30:07+00:00,SAVANT_PITCHER_SCHEMA_V1,CURRENT
689017,"Knack, Landon",2026,35,6,17.1,5.7,21.7,47.6,0.34,0.22,0.494,46.2,15.4,82.389573077,,,,0.407,BASEBALL_SAVANT_CURRENT_SEASON,2026-08-23T06:30:07+00:00,SAVANT_PITCHER_SCHEMA_V1,CURRENT
686799,"Kochanowicz, Jack",2026,296,47,15.9,12.2,23.6,45.2,0.358,0.272,0.439,42.8,7.4,77.89732901,,,,0.331,BASEBALL_SAVANT_CURRENT_SEASON,2026-08-23T06:30:07+00:00,SAVANT_PITCHER_SCHEMA_V1,CURRENT
657649,"Koenig, Jared",2026,41,7,17.1,17.1,20.6,42.2,0.337,0.246,0.416,46.2,7.7,82.165573846,,,,0.443,BASEBALL_SAVANT_CURRENT_SEASON,2026-08-23T06:30:07+00:00,SAVANT_PITCHER_SCHEMA_V1,CURRENT
663568,"Kolek, Stephen",2026,224,34,15.2,5.4,19.8,48.3,0.303,0.262,0.38,36.9,6.9,77.361764368,,,,0.328,BASEBALL_SAVANT_CURRENT_SEASON,2026-08-23T06:30:07+00:00,SAVANT_PITCHER_SCHEMA_V1,CURRENT
668820,"Kranick, Max",2026,61,7,11.5,9.8,27.0,51.6,0.345,0.271,0.42,29.8,6.4,77.098379565,,,,0.409,BASEBALL_SAVANT_CURRENT_SEASON,2026-08-23T06:30:07+00:00,SAVANT_PITCHER_SCHEMA_V1,CURRENT
665152,"Kremer, Dean",2026,217,53,24.4,7.4,28.4,46.1,0.315,0.236,0.44,33.8,7.4,75.577794384,,,,0.335,BASEBALL_SAVANT_CURRENT_SEASON,2026-08-23T06:30:07+00:00,SAVANT_PITCHER_SCHEMA_V1,CURRENT
621139,"Kriske, Brooks",2026,10,2,20.0,0.0,22.2,47.4,0.244,0.249,0.319,37.5,12.5,77.2713125,,,,0.178,BASEBALL_SAVANT_CURRENT_SEASON,2026-08-23T06:30:07+00:00,SAVANT_PITCHER_SCHEMA_V1,CURRENT
640454,"Krook, Matt",2026,46,9,19.6,21.7,25.7,41.3,0.417,0.293,0.448,36.0,4.0,75.624163077,,,,0.423,BASEBALL_SAVANT_CURRENT_SEASON,2026-08-23T06:30:07+00:00,SAVANT_PITCHER_SCHEMA_V1,CURRENT
669270,"Kuhnel, Joel",2026,157,22,14.0,7.6,22.6,47.2,0.355,0.297,0.441,39.5,6.0,78.257379661,,,,0.357,BASEBALL_SAVANT_CURRENT_SEASON,2026-08-23T06:30:07+00:00,SAVANT_PITCHER_SCHEMA_V1,CURRENT
663567,"Lambert, Peter",2026,516,120,23.3,9.3,25.5,48.4,0.288,0.207,0.347,36.6,6.8,78.407533413,,,,0.289,BASEBALL_SAVANT_CURRENT_SEASON,2026-08-23T06:30:07+00:00,SAVANT_PITCHER_SCHEMA_V1,CURRENT
656638,"Lange, Alex",2026,222,53,23.9,11.7,27.8,47.1,0.336,0.243,0.411,42.0,12.3,79.834054203,,,,0.347,BASEBALL_SAVANT_CURRENT_SEASON,2026-08-23T06:30:07+00:00,SAVANT_PITCHER_SCHEMA_V1,CURRENT
656641,"Latz, Jacob",2026,214,63,29.4,7.9,29.7,52.2,0.24,0.179,0.293,37.3,5.3,78.378667424,,,,0.192,BASEBALL_SAVANT_CURRENT_SEASON,2026-08-23T06:30:07+00:00,SAVANT_PITCHER_SCHEMA_V1,CURRENT
641778,"Lauer, Eric",2026,438,69,15.8,7.3,19.0,52.0,0.332,0.25,0.459,35.2,10.8,77.88325092,,,,0.333,BASEBALL_SAVANT_CURRENT_SEASON,2026-08-23T06:30:07+00:00,SAVANT_PITCHER_SCHEMA_V1,CURRENT
681320,"Lavender, Nate",2026,25,10,40.0,8.0,33.3,55.2,0.195,0.112,0.245,38.5,15.4,81.589614286,,,,0.106,BASEBALL_SAVANT_CURRENT_SEASON,2026-08-23T06:30:07+00:00,SAVANT_PITCHER_SCHEMA_V1,CURRENT
689520,"Laweryson, Cody",2026,78,18,23.1,10.3,20.3,46.6,0.329,0.245,0.389,50.0,8.2,84.06663,,,,0.32,BASEBALL_SAVANT_CURRENT_SEASON,2026-08-23T06:30:07+00:00,SAVANT_PITCHER_SCHEMA_V1,CURRENT
664875,"Lawrence, Justin",2026,177,43,24.3,15.8,26.3,40.6,0.38,0.267,0.455,43.0,10.0,79.0759212,,,,0.413,BASEBALL_SAVANT_CURRENT_SEASON,2026-08-23T06:30:07+00:00,SAVANT_PITCHER_SCHEMA_V1,CURRENT
676661,"Lazar, Max",2026,35,5,14.3,8.6,19.4,48.4,0.33,0.241,0.453,40.7,11.5,84.278386154,,,,0.363,BASEBALL_SAVANT_CURRENT_SEASON,2026-08-23T06:30:07+00:00,SAVANT_PITCHER_SCHEMA_V1,CURRENT
681517,"Leahy, Kyle",2026,516,111,21.5,6.8,22.5,46.6,0.34,0.274,0.452,48.4,10.2,80.922409061,,,,0.321,BASEBALL_SAVANT_CURRENT_SEASON,2026-08-23T06:30:07+00:00,SAVANT_PITCHER_SCHEMA_V1,CURRENT
673929,"Leasure, Jordan",2026,78,18,23.1,10.3,26.5,51.8,0.406,0.269,0.624,44.2,25.0,83.107416154,,,,0.337,BASEBALL_SAVANT_CURRENT_SEASON,2026-08-23T06:30:07+00:00,SAVANT_PITCHER_SCHEMA_V1,CURRENT
695445,"Lee, Chase",2026,37,2,5.4,21.6,18.4,38.6,0.35,0.26,0.376,33.3,11.1,76.461403077,,,,0.435,BASEBALL_SAVANT_CURRENT_SEASON,2026-08-23T06:30:07+00:00,SAVANT_PITCHER_SCHEMA_V1,CURRENT
669276,"Lee, Dylan",2026,216,72,33.3,6.5,37.6,52.6,0.233,0.177,0.29,30.8,6.2,75.916444844,,,,0.2,BASEBALL_SAVANT_CURRENT_SEASON,2026-08-23T06:30:07+00:00,SAVANT_PITCHER_SCHEMA_V1,CURRENT
668984,"Legumina, Casey",2026,239,43,18.0,5.9,21.4,52.5,0.323,0.27,0.411,37.1,6.9,75.676387907,,,,0.318,BASEBALL_SAVANT_CURRENT_SEASON,2026-08-23T06:30:07+00:00,SAVANT_PITCHER_SCHEMA_V1,CURRENT
605335,"Leibrandt, Brandon",2026,30,3,10.0,10.0,23.4,47.5,0.437,0.323,0.694,29.2,18.2,77.498041818,,,,0.46,BASEBALL_SAVANT_CURRENT_SEASON,2026-08-23T06:30:07+00:00,SAVANT_PITCHER_SCHEMA_V1,CURRENT
643410,"Leiter Jr., Mark",2026,144,38,26.4,7.6,30.3,46.1,0.316,0.269,0.365,31.9,3.3,76.022925652,,,,0.304,BASEBALL_SAVANT_CURRENT_SEASON,2026-08-23T06:30:07+00:00,SAVANT_PITCHER_SCHEMA_V1,CURRENT
683004,"Leiter, Jack",2026,355,83,23.4,9.9,25.4,47.9,0.336,0.257,0.43,39.9,10.3,76.339515,,,,0.34,BASEBALL_SAVANT_CURRENT_SEASON,2026-08-23T06:30:07+00:00,SAVANT_PITCHER_SCHEMA_V1,CURRENT
669461,"Liberatore, Matthew",2026,541,125,23.1,8.1,23.4,46.8,0.336,0.264,0.441,41.7,9.0,80.196432582,,,,0.349,BASEBALL_SAVANT_CURRENT_SEASON,2026-08-23T06:30:07+00:00,SAVANT_PITCHER_SCHEMA_V1,CURRENT
641793,"Littell, Zack",2026,519,72,13.9,7.1,16.5,50.1,0.376,0.293,0.524,43.7,10.6,82.26819495,,,,0.351,BASEBALL_SAVANT_CURRENT_SEASON,2026-08-23T06:30:07+00:00,SAVANT_PITCHER_SCHEMA_V1,CURRENT
663893,"Little, Brendon",2026,88,26,29.5,19.3,39.2,42.3,0.329,0.225,0.389,46.7,8.9,81.566223636,,,,0.449,BASEBALL_SAVANT_CURRENT_SEASON,2026-08-23T06:30:07+00:00,SAVANT_PITCHER_SCHEMA_V1,CURRENT
681432,"Little, Luke",2026,5,1,20.0,0.0,30.0,52.6,0.527,0.338,0.932,50.0,25.0,72.514845,,,,0.588,BASEBALL_SAVANT_CURRENT_SEASON,2026-08-23T06:30:07+00:00,SAVANT_PITCHER_SCHEMA_V1,CURRENT
666157,"Lodolo, Nick",2026,338,59,17.5,9.2,22.1,45.6,0.382,0.304,0.488,39.9,9.1,80.181211491,,,,0.369,BASEBALL_SAVANT_CURRENT_SEASON,2026-08-23T06:30:07+00:00,SAVANT_PITCHER_SCHEMA_V1,CURRENT
682052,"Lopez, Jacob",2026,396,81,20.5,11.6,24.4,45.4,0.288,0.208,0.331,28.9,5.3,72.482927939,,,,0.347,BASEBALL_SAVANT_CURRENT_SEASON,2026-08-23T06:30:07+00:00,SAVANT_PITCHER_SCHEMA_V1,CURRENT
695418,"Lord, Brad",2026,279,58,20.8,9.3,20.2,49.6,0.315,0.238,0.379,39.0,6.0,75.153127717,,,,0.287,BASEBALL_SAVANT_CURRENT_SEASON,2026-08-23T06:30:07+00:00,SAVANT_PITCHER_SCHEMA_V1,CURRENT
547179,"Lorenzen, Michael",2026,562,82,14.6,8.7,18.1,44.3,0.374,0.302,0.495,46.4,9.4,80.623805403,,,,0.401,BASEBALL_SAVANT_CURRENT_SEASON,2026-08-23T06:30:07+00:00,SAVANT_PITCHER_SCHEMA_V1,CURRENT
663992,"Lovelady, Richard",2026,146,27,18.5,14.4,22.9,44.5,0.361,0.282,0.423,32.6,6.5,75.340152444,,,,0.371,BASEBALL_SAVANT_CURRENT_SEASON,2026-08-23T06:30:07+00:00,SAVANT_PITCHER_SCHEMA_V1,CURRENT
695076,"Lowder, Rhett",2026,452,82,18.1,9.3,19.9,45.1,0.346,0.265,0.454,37.8,9.6,80.400742372,,,,0.338,BASEBALL_SAVANT_CURRENT_SEASON,2026-08-23T06:30:07+00:00,SAVANT_PITCHER_SCHEMA_V1,CURRENT
642528,"Loáisiga, Jonathan",2026,202,36,17.8,5.4,22.5,52.8,0.275,0.23,0.348,33.1,4.5,74.718631333,,,,0.269,BASEBALL_SAVANT_CURRENT_SEASON,2026-08-23T06:30:07+00:00,SAVANT_PITCHER_SCHEMA_V1,CURRENT
664192,"Lucchesi, Joey",2026,24,4,16.7,25.0,17.1,36.9,0.441,0.286,0.491,69.2,15.4,89.04257,,,,0.528,BASEBALL_SAVANT_CURRENT_SEASON,2026-08-23T06:30:07+00:00,SAVANT_PITCHER_SCHEMA_V1,CURRENT
607625,"Lugo, Seth",2026,619,111,17.9,7.4,18.4,46.0,0.347,0.28,0.457,42.9,7.9,79.435119596,,,,0.342,BASEBALL_SAVANT_CURRENT_SEASON,2026-08-23T06:30:07+00:00,SAVANT_PITCHER_SCHEMA_V1,CURRENT
666200,"Luzardo, Jesús",2026,645,194,30.1,7.3,31.7,46.3,0.264,0.206,0.308,32.2,6.4,76.422503782,,,,0.289,BASEBALL_SAVANT_CURRENT_SEASON,2026-08-23T06:30:07+00:00,SAVANT_PITCHER_SCHEMA_V1,CURRENT
663738,"Lynch IV, Daniel",2026,218,41,18.8,7.3,27.3,47.1,0.295,0.236,0.37,35.8,5.7,76.984940769,,,,0.26,BASEBALL_SAVANT_CURRENT_SEASON,2026-08-23T06:30:07+00:00,SAVANT_PITCHER_SCHEMA_V1,CURRENT
625643,"López, Reynaldo",2026,306,66,21.6,9.5,21.8,45.6,0.33,0.256,0.426,36.4,7.7,76.250960192,,,,0.322,BASEBALL_SAVANT_CURRENT_SEASON,2026-08-23T06:30:07+00:00,SAVANT_PITCHER_SCHEMA_V1,CURRENT
671936,"Macko, Adam",2026,99,23,23.2,10.1,32.8,46.5,0.338,0.258,0.435,34.9,6.3,74.134807419,,,,0.34,BASEBALL_SAVANT_CURRENT_SEASON,2026-08-23T06:30:07+00:00,SAVANT_PITCHER_SCHEMA_V1,CURRENT
680744,"Madden, Ty",2026,151,37,24.5,7.9,23.8,49.3,0.26,0.204,0.305,29.7,5.0,75.849813922,,,,0.251,BASEBALL_SAVANT_CURRENT_SEASON,2026-08-23T06:30:07+00:00,SAVANT_PITCHER_SCHEMA_V1,CURRENT
641816,"Mahle, Tyler",2026,473,108,22.8,8.5,22.7,45.3,0.315,0.247,0.405,37.8,7.5,80.456510314,,,,0.324,BASEBALL_SAVANT_CURRENT_SEASON,2026-08-23T06:30:07+00:00,SAVANT_PITCHER_SCHEMA_V1,CURRENT
640455,"Manaea, Sean",2026,506,117,23.1,7.7,22.7,50.0,0.336,0.253,0.442,42.4,11.3,77.789407365,,,,0.343,BASEBALL_SAVANT_CURRENT_SEASON,2026-08-23T06:30:07+00:00,SAVANT_PITCHER_SCHEMA_V1,CURRENT
815081,"Manfredi, Mark",2026,10,3,30.0,30.0,30.0,29.4,0.292,0.118,0.15,0.0,0.0,80.004665,,,,0.298,BASEBALL_SAVANT_CURRENT_SEASON,2026-08-23T06:30:07+00:00,SAVANT_PITCHER_SCHEMA_V1,CURRENT
666201,"Manoah, Alek",2026,39,5,12.8,20.5,19.7,37.9,0.379,0.228,0.473,34.6,11.5,74.836750769,,,,0.402,BASEBALL_SAVANT_CURRENT_SEASON,2026-08-23T06:30:07+00:00,SAVANT_PITCHER_SCHEMA_V1,CURRENT
573009,"Mantiply, Joe",2026,71,16,22.5,5.6,16.8,49.6,0.332,0.266,0.446,44.0,10.0,77.7599675,,,,0.29,BASEBALL_SAVANT_CURRENT_SEASON,2026-08-23T06:30:07+00:00,SAVANT_PITCHER_SCHEMA_V1,CURRENT
676760,"Marinaccio, Ron",2026,260,48,18.5,10.4,25.3,47.1,0.347,0.261,0.427,41.0,7.9,77.869593146,,,,0.371,BASEBALL_SAVANT_CURRENT_SEASON,2026-08-23T06:30:07+00:00,SAVANT_PITCHER_SCHEMA_V1,CURRENT
628708,"Marte, Yunior",2026,6,1,16.7,16.7,41.7,57.1,0.561,0.537,0.654,33.3,0.0,81.37037,,,,0.754,BASEBALL_SAVANT_CURRENT_SEASON,2026-08-23T06:30:07+00:00,SAVANT_PITCHER_SCHEMA_V1,CURRENT
455119,"Martin, Chris",2026,66,9,13.6,3.0,15.9,53.2,0.408,0.344,0.568,44.4,11.1,80.465496667,,,,0.479,BASEBALL_SAVANT_CURRENT_SEASON,2026-08-23T06:30:07+00:00,SAVANT_PITCHER_SCHEMA_V1,CURRENT
656686,"Martin, Corbin",2026,25,4,16.0,20.0,34.0,47.7,0.396,0.248,0.509,56.3,12.5,85.05037875,,,,0.41,BASEBALL_SAVANT_CURRENT_SEASON,2026-08-23T06:30:07+00:00,SAVANT_PITCHER_SCHEMA_V1,CURRENT
663436,"Martin, Davis",2026,530,111,20.9,7.4,24.0,48.6,0.333,0.271,0.422,44.4,6.8,79.149941271,,,,0.324,BASEBALL_SAVANT_CURRENT_SEASON,2026-08-23T06:30:07+00:00,SAVANT_PITCHER_SCHEMA_V1,CURRENT
702303,"Martin, Riley",2026,32,10,31.3,9.4,20.3,50.0,0.25,0.169,0.312,42.1,5.3,81.158255556,,,,0.248,BASEBALL_SAVANT_CURRENT_SEASON,2026-08-23T06:30:07+00:00,SAVANT_PITCHER_SCHEMA_V1,CURRENT
694680,"Martin, Trevor",2026,54,7,13.0,7.4,23.3,47.8,0.385,0.274,0.54,48.8,12.2,81.0736035,,,,0.409,BASEBALL_SAVANT_CURRENT_SEASON,2026-08-23T06:30:07+00:00,SAVANT_PITCHER_SCHEMA_V1,CURRENT
679885,"Martinez, Justin",2026,9,1,11.1,22.2,6.7,38.5,0.357,0.178,0.243,20.0,0.0,66.68426,,,,0.236,BASEBALL_SAVANT_CURRENT_SEASON,2026-08-23T06:30:07+00:00,SAVANT_PITCHER_SCHEMA_V1,CURRENT
607259,"Martinez, Nick",2026,574,83,14.5,3.8,17.3,50.6,0.326,0.279,0.439,33.0,7.3,75.791819827,,,,0.301,BASEBALL_SAVANT_CURRENT_SEASON,2026-08-23T06:30:07+00:00,SAVANT_PITCHER_SCHEMA_V1,CURRENT
661527,"Martinez, Seth",2026,6,1,16.7,0.0,36.4,50.0,0.36,0.283,0.38,50.0,0.0,67.40518,,,,0.48,BASEBALL_SAVANT_CURRENT_SEASON,2026-08-23T06:30:07+00:00,SAVANT_PITCHER_SCHEMA_V1,CURRENT
687273,"Mathews, Quinn",2026,41,10,24.4,14.6,27.6,45.3,0.273,0.194,0.265,24.0,4.0,74.53086,,,,0.313,BASEBALL_SAVANT_CURRENT_SEASON,2026-08-23T06:30:07+00:00,SAVANT_PITCHER_SCHEMA_V1,CURRENT
664208,"Maton, Phil",2026,136,31,22.8,11.8,25.7,47.1,0.389,0.294,0.487,42.9,11.9,76.768353415,,,,0.398,BASEBALL_SAVANT_CURRENT_SEASON,2026-08-23T06:30:07+00:00,SAVANT_PITCHER_SCHEMA_V1,CURRENT
673513,"Matsui, Yuki",2026,198,50,25.3,14.1,35.2,47.3,0.284,0.174,0.325,29.7,8.5,76.116596071,,,,0.276,BASEBALL_SAVANT_CURRENT_SEASON,2026-08-23T06:30:07+00:00,SAVANT_PITCHER_SCHEMA_V1,CURRENT
805673,"Matthews, Zebby",2026,410,81,19.8,7.6,21.3,46.6,0.332,0.257,0.44,42.7,11.6,80.644260959,,,,0.343,BASEBALL_SAVANT_CURRENT_SEASON,2026-08-23T06:30:07+00:00,SAVANT_PITCHER_SCHEMA_V1,CURRENT
676755,"Mattson, Isaac",2026,166,34,20.5,10.8,21.7,49.5,0.373,0.288,0.495,50.4,12.4,82.874279455,,,,0.344,BASEBALL_SAVANT_CURRENT_SEASON,2026-08-23T06:30:07+00:00,SAVANT_PITCHER_SCHEMA_V1,CURRENT
571927,"Matz, Steven",2026,282,49,17.4,7.4,21.1,47.3,0.352,0.278,0.48,35.2,12.4,76.518531538,,,,0.339,BASEBALL_SAVANT_CURRENT_SEASON,2026-08-23T06:30:07+00:00,SAVANT_PITCHER_SCHEMA_V1,CURRENT
802408,"Mautz, Brycen",2026,14,2,14.3,14.3,17.4,39.0,0.316,0.249,0.339,20.0,0.0,84.160688,,,,0.38,BASEBALL_SAVANT_CURRENT_SEASON,2026-08-23T06:30:07+00:00,SAVANT_PITCHER_SCHEMA_V1,CURRENT
687209,"Maxwell, Zach",2026,67,12,17.9,14.9,16.4,43.7,0.359,0.268,0.444,39.5,11.4,82.592024545,,,,0.406,BASEBALL_SAVANT_CURRENT_SEASON,2026-08-23T06:30:07+00:00,SAVANT_PITCHER_SCHEMA_V1,CURRENT
669160,"May, Dustin",2026,523,118,22.6,8.0,22.3,47.1,0.316,0.249,0.379,44.8,6.8,78.967464368,,,,0.309,BASEBALL_SAVANT_CURRENT_SEASON,2026-08-23T06:30:07+00:00,SAVANT_PITCHER_SCHEMA_V1,CURRENT
641835,"Mayza, Tim",2026,228,57,25.0,6.1,23.8,44.9,0.28,0.229,0.368,44.2,7.1,77.130340909,,,,0.284,BASEBALL_SAVANT_CURRENT_SEASON,2026-08-23T06:30:07+00:00,SAVANT_PITCHER_SCHEMA_V1,CURRENT
685112,"McCambley, Zach",2026,43,9,20.9,14.0,27.2,46.8,0.366,0.292,0.429,48.1,7.4,81.149190714,,,,0.33,BASEBALL_SAVANT_CURRENT_SEASON,2026-08-23T06:30:07+00:00,SAVANT_PITCHER_SCHEMA_V1,CURRENT
663556,"McClanahan, Shane",2026,423,94,22.2,8.3,26.9,48.4,0.315,0.241,0.405,41.5,8.7,78.427580863,,,,0.272,BASEBALL_SAVANT_CURRENT_SEASON,2026-08-23T06:30:07+00:00,SAVANT_PITCHER_SCHEMA_V1,CURRENT
621121,"McCullers Jr., Lance",2026,195,48,24.6,13.8,27.9,41.6,0.328,0.236,0.378,47.5,7.6,80.217222034,,,,0.359,BASEBALL_SAVANT_CURRENT_SEASON,2026-08-23T06:30:07+00:00,SAVANT_PITCHER_SCHEMA_V1,CURRENT
694646,"McDermott, Chayce",2026,25,4,16.0,8.0,23.1,48.6,0.382,0.259,0.59,36.8,21.1,83.334453333,,,,0.37,BASEBALL_SAVANT_CURRENT_SEASON,2026-08-23T06:30:07+00:00,SAVANT_PITCHER_SCHEMA_V1,CURRENT
686790,"McDonald, Trevor",2026,310,57,18.4,7.4,21.3,44.5,0.312,0.246,0.359,37.8,4.2,78.341862897,,,,0.323,BASEBALL_SAVANT_CURRENT_SEASON,2026-08-23T06:30:07+00:00,SAVANT_PITCHER_SCHEMA_V1,CURRENT
701780,"McDougal, Tanner",2026,5,0,0.0,60.0,16.7,24.0,0.595,0.172,0.177,0.0,0.0,80.50021,,,,0.564,BASEBALL_SAVANT_CURRENT_SEASON,2026-08-23T06:30:07+00:00,SAVANT_PITCHER_SCHEMA_V1,CURRENT
686934,"McFarlane, Alex",2026,23,4,17.4,13.0,24.3,42.5,0.354,0.298,0.399,37.5,6.3,72.12176875,,,,0.284,BASEBALL_SAVANT_CURRENT_SEASON,2026-08-23T06:30:07+00:00,SAVANT_PITCHER_SCHEMA_V1,CURRENT
668834,"McGee, Easton",2026,35,7,20.0,11.4,22.5,59.7,0.369,0.297,0.463,37.5,12.5,78.017543333,,,,0.493,BASEBALL_SAVANT_CURRENT_SEASON,2026-08-23T06:30:07+00:00,SAVANT_PITCHER_SCHEMA_V1,CURRENT
700241,"McGreevy, Michael",2026,558,95,17.0,6.5,19.4,44.7,0.351,0.28,0.481,42.4,9.9,78.926031043,,,,0.31,BASEBALL_SAVANT_CURRENT_SEASON,2026-08-23T06:30:07+00:00,SAVANT_PITCHER_SCHEMA_V1,CURRENT
690997,"McLean, Nolan",2026,594,162,27.3,9.1,24.6,44.1,0.298,0.221,0.348,35.7,6.9,76.207960726,,,,0.291,BASEBALL_SAVANT_CURRENT_SEASON,2026-08-23T06:30:07+00:00,SAVANT_PITCHER_SCHEMA_V1,CURRENT
683232,"Mears, Nick",2026,83,15,18.1,13.3,18.7,44.0,0.382,0.298,0.506,50.9,12.5,78.578893571,,,,0.344,BASEBALL_SAVANT_CURRENT_SEASON,2026-08-23T06:30:07+00:00,SAVANT_PITCHER_SCHEMA_V1,CURRENT
682989,"Mederos, Victor",2026,92,20,21.7,7.6,32.0,50.4,0.291,0.233,0.341,42.9,4.8,79.381261613,,,,0.28,BASEBALL_SAVANT_CURRENT_SEASON,2026-08-23T06:30:07+00:00,SAVANT_PITCHER_SCHEMA_V1,CURRENT
665622,"Medina, Luis",2026,248,67,27.0,12.1,30.1,43.3,0.322,0.233,0.391,38.5,8.3,80.001055352,,,,0.33,BASEBALL_SAVANT_CURRENT_SEASON,2026-08-23T06:30:07+00:00,SAVANT_PITCHER_SCHEMA_V1,CURRENT
656730,"Megill, Trevor",2026,193,56,29.0,6.2,32.4,52.8,0.252,0.201,0.325,42.7,5.7,82.360268,,,,0.191,BASEBALL_SAVANT_CURRENT_SEASON,2026-08-23T06:30:07+00:00,SAVANT_PITCHER_SCHEMA_V1,CURRENT
675848,"Mejia, Juan",2026,240,50,20.8,12.5,25.3,47.3,0.336,0.265,0.392,38.0,3.8,77.836197922,,,,0.341,BASEBALL_SAVANT_CURRENT_SEASON,2026-08-23T06:30:07+00:00,SAVANT_PITCHER_SCHEMA_V1,CURRENT
675512,"Melton, Troy",2026,355,76,21.4,7.9,25.4,49.6,0.279,0.22,0.342,35.7,6.0,77.618884274,,,,0.265,BASEBALL_SAVANT_CURRENT_SEASON,2026-08-23T06:30:07+00:00,SAVANT_PITCHER_SCHEMA_V1,CURRENT
800048,"Messick, Parker",2026,591,152,25.7,6.8,26.1,48.5,0.267,0.218,0.327,32.5,5.0,75.939441436,,,,0.267,BASEBALL_SAVANT_CURRENT_SEASON,2026-08-23T06:30:07+00:00,SAVANT_PITCHER_SCHEMA_V1,CURRENT
682825,"Mey, Luis",2026,81,30,37.0,14.8,36.6,40.2,0.318,0.179,0.355,44.4,12.1,83.846046471,,,,0.295,BASEBALL_SAVANT_CURRENT_SEASON,2026-08-23T06:30:07+00:00,SAVANT_PITCHER_SCHEMA_V1,CURRENT
676974,"Meyer, Max",2026,462,121,26.2,8.9,28.6,46.7,0.304,0.227,0.375,42.0,8.6,79.25628469,,,,0.282,BASEBALL_SAVANT_CURRENT_SEASON,2026-08-23T06:30:07+00:00,SAVANT_PITCHER_SCHEMA_V1,CURRENT
571945,"Mikolas, Miles",2026,498,58,11.6,4.6,14.5,48.4,0.354,0.288,0.506,43.6,9.2,78.822472341,,,,0.364,BASEBALL_SAVANT_CURRENT_SEASON,2026-08-23T06:30:07+00:00,SAVANT_PITCHER_SCHEMA_V1,CURRENT
693686,"Miles, Spencer",2026,322,73,22.7,6.2,18.7,48.4,0.269,0.233,0.325,35.4,3.5,75.370100088,,,,0.261,BASEBALL_SAVANT_CURRENT_SEASON,2026-08-23T06:30:07+00:00,SAVANT_PITCHER_SCHEMA_V1,CURRENT
682243,"Miller, Bryce",2026,354,87,24.6,5.1,25.9,55.6,0.271,0.215,0.364,33.1,7.3,77.344757073,,,,0.292,BASEBALL_SAVANT_CURRENT_SEASON,2026-08-23T06:30:07+00:00,SAVANT_PITCHER_SCHEMA_V1,CURRENT
669062,"Miller, Erik",2026,176,59,33.5,14.2,35.9,39.9,0.269,0.179,0.269,27.0,5.7,71.681179048,,,,0.274,BASEBALL_SAVANT_CURRENT_SEASON,2026-08-23T06:30:07+00:00,SAVANT_PITCHER_SCHEMA_V1,CURRENT
695243,"Miller, Mason",2026,202,98,48.5,9.4,47.1,47.1,0.185,0.126,0.171,27.7,3.6,73.84463,,,,0.18,BASEBALL_SAVANT_CURRENT_SEASON,2026-08-23T06:30:07+00:00,SAVANT_PITCHER_SCHEMA_V1,CURRENT
670090,"Mills, Wyatt",2026,36,5,13.9,25.0,22.6,41.6,0.368,0.234,0.293,25.0,0.0,81.916543,,,,0.338,BASEBALL_SAVANT_CURRENT_SEASON,2026-08-23T06:30:07+00:00,SAVANT_PITCHER_SCHEMA_V1,CURRENT
571948,"Milner, Hoby",2026,149,18,12.1,6.0,17.1,45.4,0.351,0.296,0.45,37.8,5.9,77.81207431,,,,0.31,BASEBALL_SAVANT_CURRENT_SEASON,2026-08-23T06:30:07+00:00,SAVANT_PITCHER_SCHEMA_V1,CURRENT
621345,"Minter, A.J.",2026,125,25,20.0,3.2,23.2,52.9,0.285,0.233,0.401,30.5,9.5,75.628836957,,,,0.276,BASEBALL_SAVANT_CURRENT_SEASON,2026-08-23T06:30:07+00:00,SAVANT_PITCHER_SCHEMA_V1,CURRENT
694819,"Misiorowski, Jacob",2026,550,216,39.3,6.0,37.9,51.4,0.219,0.167,0.249,32.9,3.8,75.906071736,,,,0.211,BASEBALL_SAVANT_CURRENT_SEASON,2026-08-23T06:30:07+00:00,SAVANT_PITCHER_SCHEMA_V1,CURRENT
663554,"Mize, Casey",2026,408,95,23.3,6.1,25.3,48.2,0.283,0.229,0.361,36.9,7.7,78.602469366,,,,0.273,BASEBALL_SAVANT_CURRENT_SEASON,2026-08-23T06:30:07+00:00,SAVANT_PITCHER_SCHEMA_V1,CURRENT
669387,"Mlodzinski, Carmen",2026,451,81,18.0,8.0,20.8,45.7,0.351,0.296,0.446,47.7,7.3,80.795728242,,,,0.327,BASEBALL_SAVANT_CURRENT_SEASON,2026-08-23T06:30:07+00:00,SAVANT_PITCHER_SCHEMA_V1,CURRENT
683627,"Molina, Anthony",2026,21,2,9.5,4.8,17.1,46.6,0.36,0.297,0.504,33.3,5.6,65.821972222,,,,0.343,BASEBALL_SAVANT_CURRENT_SEASON,2026-08-23T06:30:07+00:00,SAVANT_PITCHER_SCHEMA_V1,CURRENT
594580,"Moll, Sam",2026,236,52,22.0,12.3,22.8,42.2,0.331,0.244,0.366,36.2,5.8,77.499349077,,,,0.331,BASEBALL_SAVANT_CURRENT_SEASON,2026-08-23T06:30:07+00:00,SAVANT_PITCHER_SCHEMA_V1,CURRENT
672456,"Montero, Keider",2026,535,89,16.6,5.6,18.6,48.5,0.29,0.229,0.385,37.5,7.3,77.911685198,,,,0.265,BASEBALL_SAVANT_CURRENT_SEASON,2026-08-23T06:30:07+00:00,SAVANT_PITCHER_SCHEMA_V1,CURRENT
656756,"Montgomery, Jordan",2026,38,6,15.8,2.6,20.5,45.1,0.368,0.319,0.521,35.5,9.7,77.453175625,,,,0.394,BASEBALL_SAVANT_CURRENT_SEASON,2026-08-23T06:30:07+00:00,SAVANT_PITCHER_SCHEMA_V1,CURRENT
682254,"Montgomery, Mason",2026,213,84,39.4,9.9,33.2,49.5,0.246,0.182,0.287,40.7,8.3,73.840172407,,,,0.254,BASEBALL_SAVANT_CURRENT_SEASON,2026-08-23T06:30:07+00:00,SAVANT_PITCHER_SCHEMA_V1,CURRENT
806960,"Morales, Luis",2026,90,13,14.4,15.6,18.5,43.6,0.408,0.303,0.522,40.3,11.3,77.223118065,,,,0.498,BASEBALL_SAVANT_CURRENT_SEASON,2026-08-23T06:30:07+00:00,SAVANT_PITCHER_SCHEMA_V1,CURRENT
670970,"Morejon, Adrian",2026,279,83,29.7,6.8,34.4,51.9,0.244,0.205,0.279,32.4,2.3,75.45441593,,,,0.253,BASEBALL_SAVANT_CURRENT_SEASON,2026-08-23T06:30:07+00:00,SAVANT_PITCHER_SCHEMA_V1,CURRENT
688158,"Morgan, David",2026,105,26,24.8,12.4,32.0,50.3,0.284,0.217,0.273,27.0,1.6,74.03051,,,,0.371,BASEBALL_SAVANT_CURRENT_SEASON,2026-08-23T06:30:07+00:00,SAVANT_PITCHER_SCHEMA_V1,CURRENT
669212,"Morgan, Eli",2026,91,16,17.6,9.9,24.1,46.6,0.399,0.324,0.513,42.2,6.3,78.5977775,,,,0.396,BASEBALL_SAVANT_CURRENT_SEASON,2026-08-23T06:30:07+00:00,SAVANT_PITCHER_SCHEMA_V1,CURRENT
666661,"Morillo, Juan",2026,203,59,29.1,8.9,30.8,48.9,0.238,0.181,0.254,31.5,3.3,73.975555082,,,,0.249,BASEBALL_SAVANT_CURRENT_SEASON,2026-08-23T06:30:07+00:00,SAVANT_PITCHER_SCHEMA_V1,CURRENT
702193,"Morris, Andrew",2026,252,56,22.2,8.7,21.9,47.0,0.268,0.217,0.309,33.1,3.5,75.031198118,,,,0.285,BASEBALL_SAVANT_CURRENT_SEASON,2026-08-23T06:30:07+00:00,SAVANT_PITCHER_SCHEMA_V1,CURRENT
695034,"Morris, Kade",2026,53,6,11.3,11.3,16.5,46.4,0.316,0.252,0.365,48.8,4.9,74.034804762,,,,0.492,BASEBALL_SAVANT_CURRENT_SEASON,2026-08-23T06:30:07+00:00,SAVANT_PITCHER_SCHEMA_V1,CURRENT
663558,"Morán, Jovani",2026,216,58,26.9,11.6,32.3,45.9,0.277,0.193,0.323,29.0,6.9,75.558352381,,,,0.267,BASEBALL_SAVANT_CURRENT_SEASON,2026-08-23T06:30:07+00:00,SAVANT_PITCHER_SCHEMA_V1,CURRENT
668716,"Murdock, Noah",2026,14,4,28.6,21.4,22.7,37.3,0.245,0.144,0.156,57.1,0.0,80.971625,,,,0.34,BASEBALL_SAVANT_CURRENT_SEASON,2026-08-23T06:30:07+00:00,SAVANT_PITCHER_SCHEMA_V1,CURRENT
669684,"Murphy, Chris",2026,132,29,22.0,11.4,30.7,51.2,0.294,0.211,0.321,34.5,7.1,76.12871439,,,,0.316,BASEBALL_SAVANT_CURRENT_SEASON,2026-08-23T06:30:07+00:00,SAVANT_PITCHER_SCHEMA_V1,CURRENT
684665,"Murphy, Luke",2026,35,6,17.1,17.1,20.7,39.2,0.259,0.146,0.199,27.3,0.0,73.626162727,,,,0.242,BASEBALL_SAVANT_CURRENT_SEASON,2026-08-23T06:30:07+00:00,SAVANT_PITCHER_SCHEMA_V1,CURRENT
702566,"Murphy, Owen",2026,29,6,20.7,6.9,17.1,60.3,0.353,0.28,0.451,55.0,10.0,86.567701,,,,0.31,BASEBALL_SAVANT_CURRENT_SEASON,2026-08-23T06:30:07+00:00,SAVANT_PITCHER_SCHEMA_V1,CURRENT
681151,"Murray, Jayden",2026,79,14,17.7,11.4,27.7,48.7,0.363,0.272,0.494,42.9,14.3,82.821043214,,,,0.438,BASEBALL_SAVANT_CURRENT_SEASON,2026-08-23T06:30:07+00:00,SAVANT_PITCHER_SCHEMA_V1,CURRENT
656786,"Mushinski, Parker",2026,34,0,0.0,14.7,12.1,41.7,0.39,0.325,0.459,37.9,3.4,82.107151333,,,,0.36,BASEBALL_SAVANT_CURRENT_SEASON,2026-08-23T06:30:07+00:00,SAVANT_PITCHER_SCHEMA_V1,CURRENT
662253,"Muñoz, Andrés",2026,199,75,37.7,9.0,40.7,47.4,0.282,0.208,0.342,42.9,9.5,76.195558462,,,,0.289,BASEBALL_SAVANT_CURRENT_SEASON,2026-08-23T06:30:07+00:00,SAVANT_PITCHER_SCHEMA_V1,CURRENT
682610,"Muñoz, Roddery",2026,25,6,24.0,24.0,43.5,41.1,0.44,0.291,0.556,76.9,15.4,88.93927,,,,0.585,BASEBALL_SAVANT_CURRENT_SEASON,2026-08-23T06:30:07+00:00,SAVANT_PITCHER_SCHEMA_V1,CURRENT
691548,"Muñoz, Rolddy",2026,12,3,25.0,8.3,33.3,42.9,0.428,0.315,0.639,62.5,25.0,83.8472225,,,,0.525,BASEBALL_SAVANT_CURRENT_SEASON,2026-08-23T06:30:07+00:00,SAVANT_PITCHER_SCHEMA_V1,CURRENT
668964,"Myers, Tobias",2026,198,33,16.7,6.6,17.8,52.3,0.332,0.277,0.439,46.1,6.0,82.412568649,,,,0.359,BASEBALL_SAVANT_CURRENT_SEASON,2026-08-23T06:30:07+00:00,SAVANT_PITCHER_SCHEMA_V1,CURRENT
608566,"Márquez, Germán",2026,236,37,15.7,10.2,19.0,47.5,0.362,0.267,0.484,43.9,9.8,77.59810907,,,,0.371,BASEBALL_SAVANT_CURRENT_SEASON,2026-08-23T06:30:07+00:00,SAVANT_PITCHER_SCHEMA_V1,CURRENT
667297,"Nance, Tommy",2026,194,50,25.8,9.3,25.5,48.0,0.307,0.25,0.383,34.1,5.6,76.805807903,,,,0.288,BASEBALL_SAVANT_CURRENT_SEASON,2026-08-23T06:30:07+00:00,SAVANT_PITCHER_SCHEMA_V1,CURRENT
677053,"Nardi, Andrew",2026,99,27,27.3,11.1,30.4,47.9,0.348,0.241,0.466,45.0,13.3,77.222368667,,,,0.343,BASEBALL_SAVANT_CURRENT_SEASON,2026-08-23T06:30:07+00:00,SAVANT_PITCHER_SCHEMA_V1,CURRENT
696519,"Natera Jr., Samy",2026,104,42,40.4,9.6,37.3,47.6,0.219,0.147,0.231,31.4,5.9,77.762272308,,,,0.214,BASEBALL_SAVANT_CURRENT_SEASON,2026-08-23T06:30:07+00:00,SAVANT_PITCHER_SCHEMA_V1,CURRENT
669194,"Nelson, Ryne",2026,355,62,17.5,6.2,21.0,54.2,0.349,0.261,0.5,43.4,10.2,80.202420909,,,,0.336,BASEBALL_SAVANT_CURRENT_SEASON,2026-08-23T06:30:07+00:00,SAVANT_PITCHER_SCHEMA_V1,CURRENT
656794,"Newcomb, Sean",2026,283,64,22.6,9.5,24.4,44.4,0.304,0.246,0.348,37.1,5.4,77.251999451,,,,0.265,BASEBALL_SAVANT_CURRENT_SEASON,2026-08-23T06:30:07+00:00,SAVANT_PITCHER_SCHEMA_V1,CURRENT
693312,"Nicolas, Kyle",2026,42,7,16.7,31.0,23.7,29.8,0.434,0.272,0.444,31.8,5.0,75.944937,,,,0.422,BASEBALL_SAVANT_CURRENT_SEASON,2026-08-23T06:30:07+00:00,SAVANT_PITCHER_SCHEMA_V1,CURRENT
680951,"Nikhazy, Doug",2026,9,1,11.1,22.2,33.3,30.8,0.291,0.19,0.208,33.3,0.0,75.657836667,,,,0.254,BASEBALL_SAVANT_CURRENT_SEASON,2026-08-23T06:30:07+00:00,SAVANT_PITCHER_SCHEMA_V1,CURRENT
605400,"Nola, Aaron",2026,593,146,24.6,7.8,28.1,46.0,0.315,0.245,0.42,42.0,9.5,77.159516061,,,,0.357,BASEBALL_SAVANT_CURRENT_SEASON,2026-08-23T06:30:07+00:00,SAVANT_PITCHER_SCHEMA_V1,CURRENT
689296,"Nunez, Anthony",2026,196,46,23.5,11.2,32.1,47.5,0.317,0.233,0.398,39.7,7.1,76.963655902,,,,0.309,BASEBALL_SAVANT_CURRENT_SEASON,2026-08-23T06:30:07+00:00,SAVANT_PITCHER_SCHEMA_V1,CURRENT
673380,"Núñez, Dedniel",2026,27,5,18.5,0.0,26.7,61.6,0.402,0.32,0.638,50.0,9.1,86.021060909,,,,0.565,BASEBALL_SAVANT_CURRENT_SEASON,2026-08-23T06:30:07+00:00,SAVANT_PITCHER_SCHEMA_V1,CURRENT
676617,"O'Brien, Riley",2026,218,53,24.3,10.1,26.8,43.3,0.325,0.237,0.37,40.6,6.8,76.06026875,,,,0.27,BASEBALL_SAVANT_CURRENT_SEASON,2026-08-23T06:30:07+00:00,SAVANT_PITCHER_SCHEMA_V1,CURRENT
641927,"Ober, Bailey",2026,435,71,16.3,6.0,19.6,48.8,0.333,0.257,0.467,35.5,10.1,77.603913772,,,,0.324,BASEBALL_SAVANT_CURRENT_SEASON,2026-08-23T06:30:07+00:00,SAVANT_PITCHER_SCHEMA_V1,CURRENT
660271,"Ohtani, Shohei",2026,340,95,27.9,7.6,30.4,47.5,0.257,0.201,0.288,33.8,3.8,76.583839906,,,,0.239,BASEBALL_SAVANT_CURRENT_SEASON,2026-08-23T06:30:07+00:00,SAVANT_PITCHER_SCHEMA_V1,CURRENT
595345,"Okert, Steven",2026,243,64,26.3,5.3,30.6,49.9,0.26,0.201,0.33,33.3,4.4,76.056027468,,,,0.239,BASEBALL_SAVANT_CURRENT_SEASON,2026-08-23T06:30:07+00:00,SAVANT_PITCHER_SCHEMA_V1,CURRENT
681544,"Olds, Wyatt",2026,6,3,50.0,0.0,46.2,56.5,0.2,0.223,0.231,0.0,0.0,71.372085,,,,0.148,BASEBALL_SAVANT_CURRENT_SEASON,2026-08-23T06:30:07+00:00,SAVANT_PITCHER_SCHEMA_V1,CURRENT
679358,"Orze, Eric",2026,189,36,19.0,11.1,21.8,43.4,0.313,0.253,0.367,29.2,7.0,74.549417813,,,,0.318,BASEBALL_SAVANT_CURRENT_SEASON,2026-08-23T06:30:07+00:00,SAVANT_PITCHER_SCHEMA_V1,CURRENT
670912,"Oviedo, Johan",2026,18,3,16.7,5.6,13.5,51.4,0.484,0.338,0.767,61.5,23.1,81.915164286,,,,0.546,BASEBALL_SAVANT_CURRENT_SEASON,2026-08-23T06:30:07+00:00,SAVANT_PITCHER_SCHEMA_V1,CURRENT
663978,"Paddack, Chris",2026,267,40,15.0,7.1,21.4,50.1,0.342,0.28,0.45,36.9,8.4,77.7658922,,,,0.37,BASEBALL_SAVANT_CURRENT_SEASON,2026-08-23T06:30:07+00:00,SAVANT_PITCHER_SCHEMA_V1,CURRENT
699151,"Paez, Jedixson",2026,16,0,0.0,18.8,16.7,46.2,0.492,0.352,0.786,46.2,23.1,89.427752857,,,,0.498,BASEBALL_SAVANT_CURRENT_SEASON,2026-08-23T06:30:07+00:00,SAVANT_PITCHER_SCHEMA_V1,CURRENT
641941,"Pagán, Emilio",2026,123,31,25.2,7.3,28.7,51.9,0.299,0.205,0.404,48.1,10.1,80.34257275,,,,0.303,BASEBALL_SAVANT_CURRENT_SEASON,2026-08-23T06:30:07+00:00,SAVANT_PITCHER_SCHEMA_V1,CURRENT
691725,"Painter, Andrew",2026,383,71,18.5,8.9,22.9,48.1,0.344,0.267,0.445,35.5,8.4,75.542087407,,,,0.369,BASEBALL_SAVANT_CURRENT_SEASON,2026-08-23T06:30:07+00:00,SAVANT_PITCHER_SCHEMA_V1,CURRENT
694037,"Palencia, Daniel",2026,74,21,28.4,8.1,29.3,52.5,0.289,0.233,0.369,29.8,6.4,80.323872083,,,,0.297,BASEBALL_SAVANT_CURRENT_SEASON,2026-08-23T06:30:07+00:00,SAVANT_PITCHER_SCHEMA_V1,CURRENT
669467,"Pallante, Andre",2026,564,97,17.2,7.3,21.4,44.9,0.305,0.25,0.374,34.5,5.3,75.849779904,,,,0.298,BASEBALL_SAVANT_CURRENT_SEASON,2026-08-23T06:30:07+00:00,SAVANT_PITCHER_SCHEMA_V1,CURRENT
688883,"Pallette, Peyton",2026,97,22,22.7,16.5,28.4,39.8,0.356,0.25,0.384,42.9,7.1,78.551397857,,,,0.333,BASEBALL_SAVANT_CURRENT_SEASON,2026-08-23T06:30:07+00:00,SAVANT_PITCHER_SCHEMA_V1,CURRENT
687223,"Palmquist, Carson",2026,78,15,19.2,10.3,22.5,48.2,0.337,0.271,0.374,23.1,3.8,75.2212944,,,,0.378,BASEBALL_SAVANT_CURRENT_SEASON,2026-08-23T06:30:07+00:00,SAVANT_PITCHER_SCHEMA_V1,CURRENT
623381,"Pannone, Thomas",2026,14,2,14.3,14.3,10.7,50.0,0.4,0.316,0.507,30.0,10.0,78.04101,,,,0.373,BASEBALL_SAVANT_CURRENT_SEASON,2026-08-23T06:30:07+00:00,SAVANT_PITCHER_SCHEMA_V1,CURRENT
702474,"Paredes, Mike",2026,154,19,12.3,8.4,19.3,49.7,0.349,0.279,0.446,50.8,6.8,82.051931525,,,,0.352,BASEBALL_SAVANT_CURRENT_SEASON,2026-08-23T06:30:07+00:00,SAVANT_PITCHER_SCHEMA_V1,CURRENT
680730,"Parker, Mitchell",2026,178,34,19.1,7.3,28.1,50.3,0.347,0.272,0.462,41.9,8.5,80.559445167,,,,0.37,BASEBALL_SAVANT_CURRENT_SEASON,2026-08-23T06:30:07+00:00,SAVANT_PITCHER_SCHEMA_V1,CURRENT
694477,"Patrick, Chad",2026,369,82,22.2,9.5,26.2,48.8,0.307,0.241,0.379,36.8,6.0,77.640948361,,,,0.295,BASEBALL_SAVANT_CURRENT_SEASON,2026-08-23T06:30:07+00:00,SAVANT_PITCHER_SCHEMA_V1,CURRENT
606303,"Payamps, Joel",2026,36,9,25.0,11.1,22.9,46.4,0.377,0.252,0.548,39.1,17.4,85.2484475,,,,0.405,BASEBALL_SAVANT_CURRENT_SEASON,2026-08-23T06:30:07+00:00,SAVANT_PITCHER_SCHEMA_V1,CURRENT
663878,"Pearson, Nate",2026,130,26,20.0,13.1,22.7,45.3,0.323,0.233,0.356,35.7,7.2,73.957841905,,,,0.272,BASEBALL_SAVANT_CURRENT_SEASON,2026-08-23T06:30:07+00:00,SAVANT_PITCHER_SCHEMA_V1,CURRENT
814490,"Pecko, Ethan",2026,18,4,22.2,16.7,30.0,44.9,0.301,0.173,0.261,20.0,0.0,74.713066,,,,0.326,BASEBALL_SAVANT_CURRENT_SEASON,2026-08-23T06:30:07+00:00,SAVANT_PITCHER_SCHEMA_V1,CURRENT
666711,"Peguero, Joel",2026,48,5,10.4,8.3,18.1,55.6,0.256,0.192,0.248,24.3,0.0,74.951455789,,,,0.297,BASEBALL_SAVANT_CURRENT_SEASON,2026-08-23T06:30:07+00:00,SAVANT_PITCHER_SCHEMA_V1,CURRENT
687239,"Peoples, Ben",2026,57,8,14.0,10.5,24.2,53.1,0.305,0.217,0.369,26.2,7.1,72.24155619,,,,0.319,BASEBALL_SAVANT_CURRENT_SEASON,2026-08-23T06:30:07+00:00,SAVANT_PITCHER_SCHEMA_V1,CURRENT
642547,"Peralta, Freddy",2026,601,129,21.5,9.0,26.2,47.4,0.313,0.242,0.388,38.7,6.3,76.171454314,,,,0.349,BASEBALL_SAVANT_CURRENT_SEASON,2026-08-23T06:30:07+00:00,SAVANT_PITCHER_SCHEMA_V1,CURRENT
671111,"Peralta, Sammy",2026,28,9,32.1,10.7,22.0,41.8,0.413,0.277,0.545,42.9,14.3,76.934428571,,,,0.476,BASEBALL_SAVANT_CURRENT_SEASON,2026-08-23T06:30:07+00:00,SAVANT_PITCHER_SCHEMA_V1,CURRENT
593974,"Peralta, Wandy",2026,261,39,14.9,8.4,21.9,51.3,0.314,0.266,0.377,33.3,3.5,75.775110309,,,,0.332,BASEBALL_SAVANT_CURRENT_SEASON,2026-08-23T06:30:07+00:00,SAVANT_PITCHER_SCHEMA_V1,CURRENT
678022,"Perkins, Jack",2026,387,98,25.3,8.5,27.0,48.1,0.316,0.238,0.395,37.6,8.9,78.530957541,,,,0.359,BASEBALL_SAVANT_CURRENT_SEASON,2026-08-23T06:30:07+00:00,SAVANT_PITCHER_SCHEMA_V1,CURRENT
656848,"Petersen, Michael",2026,213,62,29.1,10.3,29.3,50.5,0.288,0.194,0.361,41.3,11.1,81.191227143,,,,0.277,BASEBALL_SAVANT_CURRENT_SEASON,2026-08-23T06:30:07+00:00,SAVANT_PITCHER_SCHEMA_V1,CURRENT
656849,"Peterson, David",2026,507,95,18.7,9.3,21.4,47.0,0.34,0.275,0.417,41.2,6.4,78.447478927,,,,0.335,BASEBALL_SAVANT_CURRENT_SEASON,2026-08-23T06:30:07+00:00,SAVANT_PITCHER_SCHEMA_V1,CURRENT
695534,"Petty, Chase",2026,139,15,10.8,6.5,19.6,48.2,0.361,0.278,0.47,37.5,9.1,77.668980909,,,,0.328,BASEBALL_SAVANT_CURRENT_SEASON,2026-08-23T06:30:07+00:00,SAVANT_PITCHER_SCHEMA_V1,CURRENT
694297,"Pfaadt, Brandon",2026,403,69,17.1,6.0,21.6,49.4,0.293,0.236,0.375,35.0,7.2,78.328048366,,,,0.291,BASEBALL_SAVANT_CURRENT_SEASON,2026-08-23T06:30:07+00:00,SAVANT_PITCHER_SCHEMA_V1,CURRENT
683175,"Phillips, Connor",2026,133,28,21.1,21.1,26.8,40.3,0.377,0.24,0.407,40.5,9.5,79.799812703,,,,0.346,BASEBALL_SAVANT_CURRENT_SEASON,2026-08-23T06:30:07+00:00,SAVANT_PITCHER_SCHEMA_V1,CURRENT
623465,"Phillips, Evan",2026,64,15,23.4,7.8,24.4,47.2,0.327,0.242,0.487,36.4,13.6,81.59449,,,,0.344,BASEBALL_SAVANT_CURRENT_SEASON,2026-08-23T06:30:07+00:00,SAVANT_PITCHER_SCHEMA_V1,CURRENT
663969,"Phillips, Tyler",2026,434,79,18.2,9.7,25.8,46.0,0.336,0.264,0.423,44.3,8.1,80.060000523,,,,0.321,BASEBALL_SAVANT_CURRENT_SEASON,2026-08-23T06:30:07+00:00,SAVANT_PITCHER_SCHEMA_V1,CURRENT
702752,"Pintaro, Jonathan",2026,77,18,23.4,13.0,25.7,43.7,0.32,0.216,0.364,40.4,6.5,79.897398261,,,,0.29,BASEBALL_SAVANT_CURRENT_SEASON,2026-08-23T06:30:07+00:00,SAVANT_PITCHER_SCHEMA_V1,CURRENT
601713,"Pivetta, Nick",2026,66,24,36.4,9.1,26.1,48.8,0.212,0.154,0.228,30.6,2.8,76.394676111,,,,0.248,BASEBALL_SAVANT_CURRENT_SEASON,2026-08-23T06:30:07+00:00,SAVANT_PITCHER_SCHEMA_V1,CURRENT
519141,"Pomeranz, Drew",2026,135,17,12.6,11.9,17.6,49.8,0.351,0.267,0.463,37.0,9.1,77.561619796,,,,0.368,BASEBALL_SAVANT_CURRENT_SEASON,2026-08-23T06:30:07+00:00,SAVANT_PITCHER_SCHEMA_V1,CURRENT
664074,"Ponce, Cody",2026,10,3,30.0,10.0,51.7,61.7,0.243,0.177,0.277,33.3,0.0,78.841886667,,,,0.196,BASEBALL_SAVANT_CURRENT_SEASON,2026-08-23T06:30:07+00:00,SAVANT_PITCHER_SCHEMA_V1,CURRENT
647315,"Pop, Zach",2026,31,6,19.4,9.7,15.4,40.0,0.317,0.248,0.358,47.6,4.8,87.23803,,,,0.27,BASEBALL_SAVANT_CURRENT_SEASON,2026-08-23T06:30:07+00:00,SAVANT_PITCHER_SCHEMA_V1,CURRENT
676571,"Poulin, PJ",2026,153,25,16.3,13.7,16.9,40.0,0.353,0.256,0.441,44.3,9.6,81.487914808,,,,0.302,BASEBALL_SAVANT_CURRENT_SEASON,2026-08-23T06:30:07+00:00,SAVANT_PITCHER_SCHEMA_V1,CURRENT
700249,"Povich, Cade",2026,120,21,17.5,8.3,23.6,45.9,0.342,0.264,0.453,43.2,8.0,80.974227045,,,,0.35,BASEBALL_SAVANT_CURRENT_SEASON,2026-08-23T06:30:07+00:00,SAVANT_PITCHER_SCHEMA_V1,CURRENT
687570,"Prielipp, Connor",2026,408,101,24.8,9.3,24.0,47.0,0.319,0.239,0.402,41.8,8.0,80.621607209,,,,0.336,BASEBALL_SAVANT_CURRENT_SEASON,2026-08-23T06:30:07+00:00,SAVANT_PITCHER_SCHEMA_V1,CURRENT
690155,"Pushard, Matt",2026,32,6,18.8,12.5,16.0,41.7,0.347,0.278,0.39,50.0,0.0,79.453457,,,,0.298,BASEBALL_SAVANT_CURRENT_SEASON,2026-08-23T06:30:07+00:00,SAVANT_PITCHER_SCHEMA_V1,CURRENT
672335,"Pérez, Cionel",2026,181,41,22.7,8.8,25.2,45.9,0.346,0.265,0.47,50.0,13.0,80.468019836,,,,0.331,BASEBALL_SAVANT_CURRENT_SEASON,2026-08-23T06:30:07+00:00,SAVANT_PITCHER_SCHEMA_V1,CURRENT
691587,"Pérez, Eury",2026,494,133,26.9,9.9,28.6,51.5,0.296,0.208,0.36,39.8,9.2,76.899164172,,,,0.285,BASEBALL_SAVANT_CURRENT_SEASON,2026-08-23T06:30:07+00:00,SAVANT_PITCHER_SCHEMA_V1,CURRENT
527048,"Pérez, Martín",2026,455,83,18.2,9.9,21.6,42.6,0.322,0.259,0.385,37.2,5.2,76.554643125,,,,0.29,BASEBALL_SAVANT_CURRENT_SEASON,2026-08-23T06:30:07+00:00,SAVANT_PITCHER_SCHEMA_V1,CURRENT
615698,"Quantrill, Cal",2026,323,54,16.7,6.8,18.5,47.5,0.312,0.247,0.407,34.4,7.5,77.8945175,,,,0.286,BASEBALL_SAVANT_CURRENT_SEASON,2026-08-23T06:30:07+00:00,SAVANT_PITCHER_SCHEMA_V1,CURRENT
500779,"Quintana, Jose",2026,181,20,11.0,9.4,21.1,47.0,0.343,0.275,0.441,32.9,8.4,78.148649286,,,,0.364,BASEBALL_SAVANT_CURRENT_SEASON,2026-08-23T06:30:07+00:00,SAVANT_PITCHER_SCHEMA_V1,CURRENT
666142,"Ragans, Cole",2026,151,45,29.8,15.2,31.7,45.4,0.344,0.218,0.452,39.8,15.7,79.173246585,,,,0.354,BASEBALL_SAVANT_CURRENT_SEASON,2026-08-23T06:30:07+00:00,SAVANT_PITCHER_SCHEMA_V1,CURRENT
663432,"Rainey, Tanner",2026,15,4,26.7,26.7,40.0,35.7,0.31,0.162,0.231,28.6,0.0,80.800775,,,,0.245,BASEBALL_SAVANT_CURRENT_SEASON,2026-08-23T06:30:07+00:00,SAVANT_PITCHER_SCHEMA_V1,CURRENT
691008,"Rajcic, Max",2026,39,8,20.5,15.4,23.9,41.1,0.281,0.168,0.318,36.0,8.0,76.259393077,,,,0.311,BASEBALL_SAVANT_CURRENT_SEASON,2026-08-23T06:30:07+00:00,SAVANT_PITCHER_SCHEMA_V1,CURRENT
548384,"Raley, Brooks",2026,197,48,24.4,8.1,23.8,47.2,0.289,0.222,0.348,30.0,5.4,75.156125484,,,,0.277,BASEBALL_SAVANT_CURRENT_SEASON,2026-08-23T06:30:07+00:00,SAVANT_PITCHER_SCHEMA_V1,CURRENT
678576,"Ramos, Wilkin",2026,15,1,6.7,26.7,26.1,37.7,0.459,0.388,0.47,50.0,0.0,79.481412,,,,0.507,BASEBALL_SAVANT_CURRENT_SEASON,2026-08-23T06:30:07+00:00,SAVANT_PITCHER_SCHEMA_V1,CURRENT
670990,"Ramírez, Yohan",2026,300,80,26.7,14.0,27.3,44.3,0.291,0.211,0.297,31.0,4.8,72.339490482,,,,0.286,BASEBALL_SAVANT_CURRENT_SEASON,2026-08-23T06:30:07+00:00,SAVANT_PITCHER_SCHEMA_V1,CURRENT
660604,"Rangel, Alan",2026,123,29,23.6,10.6,24.4,50.1,0.317,0.249,0.37,30.4,5.1,77.783388462,,,,0.377,BASEBALL_SAVANT_CURRENT_SEASON,2026-08-23T06:30:07+00:00,SAVANT_PITCHER_SCHEMA_V1,CURRENT
675919,"Raquet, Nick",2026,17,1,5.9,11.8,6.3,42.7,0.416,0.328,0.498,30.8,7.7,80.663465714,,,,0.372,BASEBALL_SAVANT_CURRENT_SEASON,2026-08-23T06:30:07+00:00,SAVANT_PITCHER_SCHEMA_V1,CURRENT
688497,"Rashi, Taylor",2026,26,5,19.2,11.5,33.3,51.1,0.359,0.278,0.462,50.0,5.6,78.103501111,,,,0.345,BASEBALL_SAVANT_CURRENT_SEASON,2026-08-23T06:30:07+00:00,SAVANT_PITCHER_SCHEMA_V1,CURRENT
656876,"Rasmussen, Drew",2026,529,138,26.1,4.7,25.0,50.5,0.275,0.229,0.35,32.9,6.1,77.316679213,,,,0.255,BASEBALL_SAVANT_CURRENT_SEASON,2026-08-23T06:30:07+00:00,SAVANT_PITCHER_SCHEMA_V1,CURRENT
592662,"Ray, Robbie",2026,578,117,20.2,11.8,24.8,47.2,0.329,0.24,0.415,38.3,8.7,78.548942448,,,,0.31,BASEBALL_SAVANT_CURRENT_SEASON,2026-08-23T06:30:07+00:00,SAVANT_PITCHER_SCHEMA_V1,CURRENT
694397,"Raya, Marco",2026,25,4,16.0,12.0,26.2,42.0,0.341,0.274,0.407,27.8,5.6,76.521663333,,,,0.308,BASEBALL_SAVANT_CURRENT_SEASON,2026-08-23T06:30:07+00:00,SAVANT_PITCHER_SCHEMA_V1,CURRENT
607067,"Rea, Colin",2026,539,92,17.1,8.2,19.6,46.7,0.358,0.276,0.486,41.4,10.6,79.567745918,,,,0.333,BASEBALL_SAVANT_CURRENT_SEASON,2026-08-23T06:30:07+00:00,SAVANT_PITCHER_SCHEMA_V1,CURRENT
687377,"Ribalta, Orlando",2026,160,37,23.1,9.4,26.4,50.9,0.29,0.207,0.374,33.3,7.4,71.81985537,,,,0.275,BASEBALL_SAVANT_CURRENT_SEASON,2026-08-23T06:30:07+00:00,SAVANT_PITCHER_SCHEMA_V1,CURRENT
670950,"Richards, Trevor",2026,243,55,22.6,7.8,23.6,48.3,0.304,0.238,0.403,40.2,7.7,81.150176071,,,,0.279,BASEBALL_SAVANT_CURRENT_SEASON,2026-08-23T06:30:07+00:00,SAVANT_PITCHER_SCHEMA_V1,CURRENT
680689,"Richardson, Lyon",2026,16,4,25.0,18.8,32.0,36.8,0.478,0.23,0.727,25.0,28.6,79.06667,,,,0.433,BASEBALL_SAVANT_CURRENT_SEASON,2026-08-23T06:30:07+00:00,SAVANT_PITCHER_SCHEMA_V1,CURRENT
702275,"Ritchie, JR",2026,256,53,20.7,14.1,23.3,41.1,0.344,0.24,0.408,39.5,9.3,79.788373625,,,,0.324,BASEBALL_SAVANT_CURRENT_SEASON,2026-08-23T06:30:07+00:00,SAVANT_PITCHER_SCHEMA_V1,CURRENT
700842,"Rivera, Eduardo",2026,44,10,22.7,13.6,25.0,45.7,0.296,0.205,0.341,42.9,3.6,81.97687,,,,0.3,BASEBALL_SAVANT_CURRENT_SEASON,2026-08-23T06:30:07+00:00,SAVANT_PITCHER_SCHEMA_V1,CURRENT
685005,"Roa, Christian",2026,43,6,14.0,16.3,24.7,45.5,0.415,0.296,0.491,63.0,7.4,82.120582857,,,,0.423,BASEBALL_SAVANT_CURRENT_SEASON,2026-08-23T06:30:07+00:00,SAVANT_PITCHER_SCHEMA_V1,CURRENT
681799,"Roberts, Ethan",2026,110,17,15.5,12.7,22.6,43.6,0.342,0.255,0.391,44.7,3.9,81.901718947,,,,0.331,BASEBALL_SAVANT_CURRENT_SEASON,2026-08-23T06:30:07+00:00,SAVANT_PITCHER_SCHEMA_V1,CURRENT
645302,"Robles, Victor",2026,9,0,0.0,11.1,0.0,42.3,0.504,0.49,0.619,37.5,0.0,87.5538325,,,,0.572,BASEBALL_SAVANT_CURRENT_SEASON,2026-08-23T06:30:07+00:00,SAVANT_PITCHER_SCHEMA_V1,CURRENT
697812,"Rock, Joe",2026,53,12,22.6,20.8,27.4,43.1,0.39,0.267,0.402,57.1,3.6,87.123432143,,,,0.364,BASEBALL_SAVANT_CURRENT_SEASON,2026-08-23T06:30:07+00:00,SAVANT_PITCHER_SCHEMA_V1,CURRENT
677958,"Rocker, Kumar",2026,528,109,20.6,9.1,25.8,47.9,0.333,0.259,0.43,40.6,7.9,77.783738297,,,,0.331,BASEBALL_SAVANT_CURRENT_SEASON,2026-08-23T06:30:07+00:00,SAVANT_PITCHER_SCHEMA_V1,CURRENT
699134,"Rodriguez, Bradgley",2026,234,61,26.1,7.3,28.8,50.8,0.224,0.18,0.26,28.8,2.6,76.749728831,,,,0.25,BASEBALL_SAVANT_CURRENT_SEASON,2026-08-23T06:30:07+00:00,SAVANT_PITCHER_SCHEMA_V1,CURRENT
692230,"Rodriguez, Carlos",2026,42,8,19.0,9.5,26.4,50.0,0.282,0.228,0.327,16.7,3.3,72.742499333,,,,0.324,BASEBALL_SAVANT_CURRENT_SEASON,2026-08-23T06:30:07+00:00,SAVANT_PITCHER_SCHEMA_V1,CURRENT
593958,"Rodriguez, Eduardo",2026,635,110,17.3,7.7,20.5,47.9,0.329,0.264,0.436,34.7,8.0,76.50222312,,,,0.296,BASEBALL_SAVANT_CURRENT_SEASON,2026-08-23T06:30:07+00:00,SAVANT_PITCHER_SCHEMA_V1,CURRENT
680570,"Rodriguez, Grayson",2026,298,61,20.5,10.1,24.1,48.9,0.364,0.277,0.477,46.5,9.9,79.867747129,,,,0.361,BASEBALL_SAVANT_CURRENT_SEASON,2026-08-23T06:30:07+00:00,SAVANT_PITCHER_SCHEMA_V1,CURRENT
695684,"Rodríguez, Elmer",2026,83,10,12.0,13.3,27.0,39.6,0.366,0.272,0.385,34.5,5.2,75.299671034,,,,0.35,BASEBALL_SAVANT_CURRENT_SEASON,2026-08-23T06:30:07+00:00,SAVANT_PITCHER_SCHEMA_V1,CURRENT
684320,"Rodríguez, Yariel",2026,45,6,13.3,15.6,15.7,40.7,0.402,0.295,0.495,32.3,12.9,75.308805,,,,0.422,BASEBALL_SAVANT_CURRENT_SEASON,2026-08-23T06:30:07+00:00,SAVANT_PITCHER_SCHEMA_V1,CURRENT
607074,"Rodón, Carlos",2026,211,56,26.5,13.3,29.0,47.8,0.301,0.212,0.341,36.5,6.3,81.04196254,,,,0.279,BASEBALL_SAVANT_CURRENT_SEASON,2026-08-23T06:30:07+00:00,SAVANT_PITCHER_SCHEMA_V1,CURRENT
573124,"Rogers, Taylor",2026,211,41,19.4,10.0,18.1,42.4,0.309,0.245,0.361,27.4,5.5,75.679082571,,,,0.332,BASEBALL_SAVANT_CURRENT_SEASON,2026-08-23T06:30:07+00:00,SAVANT_PITCHER_SCHEMA_V1,CURRENT
669432,"Rogers, Trevor",2026,556,114,20.5,6.5,23.7,52.5,0.304,0.247,0.394,38.5,7.0,78.033519192,,,,0.306,BASEBALL_SAVANT_CURRENT_SEASON,2026-08-23T06:30:07+00:00,SAVANT_PITCHER_SCHEMA_V1,CURRENT
643511,"Rogers, Tyler",2026,240,29,12.1,8.3,14.1,50.7,0.254,0.225,0.289,27.5,1.1,71.996343261,,,,0.238,BASEBALL_SAVANT_CURRENT_SEASON,2026-08-23T06:30:07+00:00,SAVANT_PITCHER_SCHEMA_V1,CURRENT
696070,"Rojas, Kendry",2026,130,34,26.2,16.9,28.1,43.8,0.288,0.179,0.282,31.5,6.8,72.879891429,,,,0.321,BASEBALL_SAVANT_CURRENT_SEASON,2026-08-23T06:30:07+00:00,SAVANT_PITCHER_SCHEMA_V1,CURRENT
669020,"Rolison, Ryan",2026,202,47,23.3,11.4,21.3,44.3,0.316,0.241,0.377,41.5,6.8,79.512757538,,,,0.303,BASEBALL_SAVANT_CURRENT_SEASON,2026-08-23T06:30:07+00:00,SAVANT_PITCHER_SCHEMA_V1,CURRENT
680723,"Rom, Drew",2026,52,16,30.8,13.5,28.7,39.4,0.342,0.248,0.412,62.1,13.8,90.454725714,,,,0.401,BASEBALL_SAVANT_CURRENT_SEASON,2026-08-23T06:30:07+00:00,SAVANT_PITCHER_SCHEMA_V1,CURRENT
605447,"Romano, Jordan",2026,102,27,26.5,12.7,28.5,43.7,0.303,0.243,0.326,32.8,3.3,76.007188065,,,,0.319,BASEBALL_SAVANT_CURRENT_SEASON,2026-08-23T06:30:07+00:00,SAVANT_PITCHER_SCHEMA_V1,CURRENT
668941,"Romero, JoJo",2026,186,43,23.1,8.6,23.6,39.9,0.337,0.262,0.433,43.1,8.2,80.185425167,,,,0.313,BASEBALL_SAVANT_CURRENT_SEASON,2026-08-23T06:30:07+00:00,SAVANT_PITCHER_SCHEMA_V1,CURRENT
605452,"Ross, Joe",2026,57,7,12.3,10.5,30.0,53.7,0.391,0.307,0.524,36.4,11.4,73.661929091,,,,0.404,BASEBALL_SAVANT_CURRENT_SEASON,2026-08-23T06:30:07+00:00,SAVANT_PITCHER_SCHEMA_V1,CURRENT
694738,"Roupp, Landen",2026,574,130,22.6,11.1,25.2,43.4,0.3,0.231,0.343,29.3,4.8,75.124273791,,,,0.3,BASEBALL_SAVANT_CURRENT_SEASON,2026-08-23T06:30:07+00:00,SAVANT_PITCHER_SCHEMA_V1,CURRENT
688297,"Roycroft, Chris",2026,125,18,14.4,9.6,17.1,48.0,0.395,0.311,0.529,43.5,12.0,78.898365682,,,,0.432,BASEBALL_SAVANT_CURRENT_SEASON,2026-08-23T06:30:07+00:00,SAVANT_PITCHER_SCHEMA_V1,CURRENT
621074,"Rucker, Michael",2026,120,34,28.3,8.3,27.2,46.9,0.287,0.231,0.337,38.7,8.0,76.835280811,,,,0.29,BASEBALL_SAVANT_CURRENT_SEASON,2026-08-23T06:30:07+00:00,SAVANT_PITCHER_SCHEMA_V1,CURRENT
671131,"Rutledge, Jackson",2026,12,2,16.7,16.7,34.8,52.3,0.418,0.315,0.527,37.5,12.5,73.781985,,,,0.651,BASEBALL_SAVANT_CURRENT_SEASON,2026-08-23T06:30:07+00:00,SAVANT_PITCHER_SCHEMA_V1,CURRENT
657746,"Ryan, Joe",2026,523,138,26.4,5.2,25.5,50.2,0.29,0.224,0.39,42.2,10.5,79.0089436,,,,0.299,BASEBALL_SAVANT_CURRENT_SEASON,2026-08-23T06:30:07+00:00,SAVANT_PITCHER_SCHEMA_V1,CURRENT
605441,"Ríos, Yacksel",2026,5,2,40.0,0.0,33.3,46.2,0.335,0.345,0.43,33.3,0.0,82.933405,,,,0.0,BASEBALL_SAVANT_CURRENT_SEASON,2026-08-23T06:30:07+00:00,SAVANT_PITCHER_SCHEMA_V1,CURRENT
681870,"Sabrowski, Erik",2026,156,60,38.5,16.0,32.7,45.8,0.264,0.152,0.273,37.1,8.7,82.003338,,,,0.286,BASEBALL_SAVANT_CURRENT_SEASON,2026-08-23T06:30:07+00:00,SAVANT_PITCHER_SCHEMA_V1,CURRENT
519242,"Sale, Chris",2026,542,166,30.6,5.2,30.1,50.6,0.272,0.225,0.33,34.6,5.3,76.87410125,,,,0.262,BASEBALL_SAVANT_CURRENT_SEASON,2026-08-23T06:30:07+00:00,SAVANT_PITCHER_SCHEMA_V1,CURRENT
701719,"Samaniego, Tyler",2026,90,17,18.9,8.9,21.6,44.3,0.331,0.268,0.398,36.5,3.2,79.516716552,,,,0.324,BASEBALL_SAVANT_CURRENT_SEASON,2026-08-23T06:30:07+00:00,SAVANT_PITCHER_SCHEMA_V1,CURRENT
676742,"Sanders, Cam",2026,85,23,27.1,15.3,37.9,47.6,0.322,0.22,0.332,28.3,6.5,76.944154783,,,,0.305,BASEBALL_SAVANT_CURRENT_SEASON,2026-08-23T06:30:07+00:00,SAVANT_PITCHER_SCHEMA_V1,CURRENT
689818,"Sandlin, David",2026,106,24,22.6,11.3,22.8,45.0,0.318,0.23,0.39,30.4,10.1,75.845682,,,,0.346,BASEBALL_SAVANT_CURRENT_SEASON,2026-08-23T06:30:07+00:00,SAVANT_PITCHER_SCHEMA_V1,CURRENT
680704,"Sandlin, Nick",2026,40,6,15.0,12.5,31.1,38.9,0.377,0.238,0.463,38.5,7.7,75.572523846,,,,0.419,BASEBALL_SAVANT_CURRENT_SEASON,2026-08-23T06:30:07+00:00,SAVANT_PITCHER_SCHEMA_V1,CURRENT
663776,"Sandoval, Patrick",2026,160,35,21.9,10.0,25.5,47.3,0.334,0.277,0.412,32.4,5.6,75.723586415,,,,0.383,BASEBALL_SAVANT_CURRENT_SEASON,2026-08-23T06:30:07+00:00,SAVANT_PITCHER_SCHEMA_V1,CURRENT
663485,"Sands, Cole",2026,56,11,19.6,8.9,23.3,49.3,0.364,0.268,0.507,56.4,10.3,87.479249474,,,,0.409,BASEBALL_SAVANT_CURRENT_SEASON,2026-08-23T06:30:07+00:00,SAVANT_PITCHER_SCHEMA_V1,CURRENT
665665,"Sanmartin, Reiver",2026,53,10,18.9,7.5,20.7,44.4,0.336,0.275,0.459,43.6,12.8,74.2612815,,,,0.416,BASEBALL_SAVANT_CURRENT_SEASON,2026-08-23T06:30:07+00:00,SAVANT_PITCHER_SCHEMA_V1,CURRENT
695001,"Santa, Alimber",2026,59,9,15.3,10.2,18.5,45.4,0.267,0.207,0.272,34.1,2.3,70.190901364,,,,0.218,BASEBALL_SAVANT_CURRENT_SEASON,2026-08-23T06:30:07+00:00,SAVANT_PITCHER_SCHEMA_V1,CURRENT
642701,"Santana, Dennis",2026,192,39,20.3,10.9,26.0,49.1,0.346,0.259,0.446,41.1,9.3,80.291720938,,,,0.354,BASEBALL_SAVANT_CURRENT_SEASON,2026-08-23T06:30:07+00:00,SAVANT_PITCHER_SCHEMA_V1,CURRENT
663574,"Santillan, Tony",2026,134,28,20.9,10.4,22.4,45.8,0.348,0.253,0.476,46.7,11.1,83.025180682,,,,0.354,BASEBALL_SAVANT_CURRENT_SEASON,2026-08-23T06:30:07+00:00,SAVANT_PITCHER_SCHEMA_V1,CURRENT
666619,"Santos, Gregory",2026,22,1,4.5,13.6,8.1,43.0,0.376,0.327,0.428,55.6,0.0,80.238957778,,,,0.363,BASEBALL_SAVANT_CURRENT_SEASON,2026-08-23T06:30:07+00:00,SAVANT_PITCHER_SCHEMA_V1,CURRENT
692437,"Santos, Winston",2026,9,1,11.1,11.1,15.4,39.4,0.387,0.285,0.545,14.3,14.3,77.2217375,,,,0.404,BASEBALL_SAVANT_CURRENT_SEASON,2026-08-23T06:30:07+00:00,SAVANT_PITCHER_SCHEMA_V1,CURRENT
808963,"Sasaki, Roki",2026,493,114,23.1,9.3,29.7,50.2,0.317,0.242,0.4,43.9,9.8,79.041192025,,,,0.338,BASEBALL_SAVANT_CURRENT_SEASON,2026-08-23T06:30:07+00:00,SAVANT_PITCHER_SCHEMA_V1,CURRENT
642048,"Saucedo, Tayler",2026,44,12,27.3,4.5,36.9,48.8,0.307,0.237,0.416,41.4,10.3,78.363244,,,,0.334,BASEBALL_SAVANT_CURRENT_SEASON,2026-08-23T06:30:07+00:00,SAVANT_PITCHER_SCHEMA_V1,CURRENT
453286,"Scherzer, Max",2026,202,32,15.8,9.9,17.9,51.0,0.332,0.248,0.433,32.2,9.4,76.186366622,,,,0.368,BASEBALL_SAVANT_CURRENT_SEASON,2026-08-23T06:30:07+00:00,SAVANT_PITCHER_SCHEMA_V1,CURRENT
693645,"Schlittler, Cam",2026,627,193,30.8,5.9,28.7,52.3,0.266,0.209,0.336,39.2,7.7,77.330928438,,,,0.255,BASEBALL_SAVANT_CURRENT_SEASON,2026-08-23T06:30:07+00:00,SAVANT_PITCHER_SCHEMA_V1,CURRENT
669947,"Scholtens, Jesse",2026,196,34,17.3,7.1,20.6,49.8,0.348,0.276,0.466,35.2,10.3,76.816485556,,,,0.348,BASEBALL_SAVANT_CURRENT_SEASON,2026-08-23T06:30:07+00:00,SAVANT_PITCHER_SCHEMA_V1,CURRENT
670167,"Schreiber, John",2026,195,34,17.4,11.3,21.7,42.9,0.334,0.262,0.429,41.3,6.6,78.12580597,,,,0.324,BASEBALL_SAVANT_CURRENT_SEASON,2026-08-23T06:30:07+00:00,SAVANT_PITCHER_SCHEMA_V1,CURRENT
680474,"Schuemann, Max",2026,5,0,0.0,20.0,0.0,35.7,0.43,0.387,0.447,0.0,0.0,82.20646,,,,0.317,BASEBALL_SAVANT_CURRENT_SEASON,2026-08-23T06:30:07+00:00,SAVANT_PITCHER_SCHEMA_V1,CURRENT
702273,"Schultz, Noah",2026,291,59,20.3,10.7,21.0,44.5,0.364,0.273,0.454,40.4,9.4,78.237856489,,,,0.345,BASEBALL_SAVANT_CURRENT_SEASON,2026-08-23T06:30:07+00:00,SAVANT_PITCHER_SCHEMA_V1,CURRENT
687606,"Schultz, Paxton",2026,153,32,20.9,7.8,18.7,44.8,0.342,0.276,0.453,39.3,8.4,82.112614528,,,,0.372,BASEBALL_SAVANT_CURRENT_SEASON,2026-08-23T06:30:07+00:00,SAVANT_PITCHER_SCHEMA_V1,CURRENT
805326,"Schweitzer, Tyler",2026,102,13,12.7,9.8,23.1,53.6,0.349,0.281,0.44,48.1,9.0,81.392705641,,,,0.3,BASEBALL_SAVANT_CURRENT_SEASON,2026-08-23T06:30:07+00:00,SAVANT_PITCHER_SCHEMA_V1,CURRENT
681035,"Scott, Christian",2026,367,105,28.6,9.5,26.6,49.8,0.304,0.229,0.356,34.7,6.8,76.162286389,,,,0.304,BASEBALL_SAVANT_CURRENT_SEASON,2026-08-23T06:30:07+00:00,SAVANT_PITCHER_SCHEMA_V1,CURRENT
656945,"Scott, Tanner",2026,197,63,32.0,5.6,35.7,55.8,0.272,0.233,0.354,33.6,7.4,78.572954167,,,,0.241,BASEBALL_SAVANT_CURRENT_SEASON,2026-08-23T06:30:07+00:00,SAVANT_PITCHER_SCHEMA_V1,CURRENT
657756,"Seabold, Connor",2026,113,20,17.7,8.0,20.0,47.3,0.308,0.253,0.364,37.0,6.3,76.54324025,,,,0.351,BASEBALL_SAVANT_CURRENT_SEASON,2026-08-23T06:30:07+00:00,SAVANT_PITCHER_SCHEMA_V1,CURRENT
676664,"Sears, JP",2026,143,25,17.5,7.7,20.7,47.4,0.345,0.263,0.441,45.2,8.7,81.108293137,,,,0.328,BASEBALL_SAVANT_CURRENT_SEASON,2026-08-23T06:30:07+00:00,SAVANT_PITCHER_SCHEMA_V1,CURRENT
676910,"Seelinger, Matt",2026,15,2,13.3,26.7,29.2,46.2,0.409,0.226,0.495,44.4,22.2,83.32846,,,,0.634,BASEBALL_SAVANT_CURRENT_SEASON,2026-08-23T06:30:07+00:00,SAVANT_PITCHER_SCHEMA_V1,CURRENT
673540,"Senga, Kodai",2026,234,60,25.6,15.0,28.5,45.5,0.34,0.233,0.401,38.2,11.8,79.753157612,,,,0.379,BASEBALL_SAVANT_CURRENT_SEASON,2026-08-23T06:30:07+00:00,SAVANT_PITCHER_SCHEMA_V1,CURRENT
622608,"Senzatela, Antonio",2026,253,52,20.6,7.9,24.1,49.6,0.306,0.257,0.373,41.3,6.1,77.389689663,,,,0.31,BASEBALL_SAVANT_CURRENT_SEASON,2026-08-23T06:30:07+00:00,SAVANT_PITCHER_SCHEMA_V1,CURRENT
622663,"Severino, Luis",2026,271,65,24.0,11.4,23.0,47.6,0.318,0.231,0.388,38.7,8.7,78.384796047,,,,0.345,BASEBALL_SAVANT_CURRENT_SEASON,2026-08-23T06:30:07+00:00,SAVANT_PITCHER_SCHEMA_V1,CURRENT
623149,"Sewald, Paul",2026,173,47,27.2,5.2,28.7,51.6,0.319,0.223,0.484,40.9,14.8,80.977174912,,,,0.326,BASEBALL_SAVANT_CURRENT_SEASON,2026-08-23T06:30:07+00:00,SAVANT_PITCHER_SCHEMA_V1,CURRENT
693313,"Seymour, Carson",2026,63,11,17.5,9.5,23.1,48.3,0.39,0.324,0.496,40.0,8.9,77.447547391,,,,0.373,BASEBALL_SAVANT_CURRENT_SEASON,2026-08-23T06:30:07+00:00,SAVANT_PITCHER_SCHEMA_V1,CURRENT
693855,"Seymour, Ian",2026,421,123,29.2,7.6,29.4,50.2,0.298,0.222,0.399,37.0,10.3,77.39242874,,,,0.307,BASEBALL_SAVANT_CURRENT_SEASON,2026-08-23T06:30:07+00:00,SAVANT_PITCHER_SCHEMA_V1,CURRENT
686218,"Sheehan, Emmet",2026,412,108,26.2,7.3,30.8,50.2,0.308,0.23,0.403,39.1,10.5,78.062125682,,,,0.345,BASEBALL_SAVANT_CURRENT_SEASON,2026-08-23T06:30:07+00:00,SAVANT_PITCHER_SCHEMA_V1,CURRENT
669298,"Shook, TJ",2026,36,7,19.4,5.6,21.9,47.8,0.319,0.253,0.451,40.7,7.4,83.179486429,,,,0.484,BASEBALL_SAVANT_CURRENT_SEASON,2026-08-23T06:30:07+00:00,SAVANT_PITCHER_SCHEMA_V1,CURRENT
663767,"Shugart, Chase",2026,176,49,27.8,9.7,25.0,39.6,0.317,0.222,0.409,34.0,11.3,74.588081509,,,,0.343,BASEBALL_SAVANT_CURRENT_SEASON,2026-08-23T06:30:07+00:00,SAVANT_PITCHER_SCHEMA_V1,CURRENT
694363,"Shuster, Jared",2026,44,4,9.1,13.6,13.6,39.8,0.311,0.239,0.367,50.0,2.9,80.926432941,,,,0.362,BASEBALL_SAVANT_CURRENT_SEASON,2026-08-23T06:30:07+00:00,SAVANT_PITCHER_SCHEMA_V1,CURRENT
681217,"Silseth, Chase",2026,216,58,26.9,13.4,32.1,47.3,0.311,0.224,0.378,32.3,9.4,75.296300484,,,,0.303,BASEBALL_SAVANT_CURRENT_SEASON,2026-08-23T06:30:07+00:00,SAVANT_PITCHER_SCHEMA_V1,CURRENT
681006,"Simpson, Josh",2026,38,10,26.3,10.5,20.3,41.8,0.369,0.227,0.532,43.5,17.4,82.3413875,,,,0.482,BASEBALL_SAVANT_CURRENT_SEASON,2026-08-23T06:30:07+00:00,SAVANT_PITCHER_SCHEMA_V1,CURRENT
608371,"Sims, Lucas",2026,46,10,21.7,15.2,21.6,43.3,0.33,0.22,0.356,39.3,7.1,73.754161538,,,,0.353,BASEBALL_SAVANT_CURRENT_SEASON,2026-08-23T06:30:07+00:00,SAVANT_PITCHER_SCHEMA_V1,CURRENT
663903,"Singer, Brady",2026,583,107,18.4,7.4,24.8,44.7,0.343,0.27,0.447,40.8,9.5,80.957591854,,,,0.351,BASEBALL_SAVANT_CURRENT_SEASON,2026-08-23T06:30:07+00:00,SAVANT_PITCHER_SCHEMA_V1,CURRENT
681895,"Sisk, Evan",2026,174,47,27.0,10.3,26.5,41.7,0.277,0.195,0.277,30.7,3.0,72.6317744,,,,0.311,BASEBALL_SAVANT_CURRENT_SEASON,2026-08-23T06:30:07+00:00,SAVANT_PITCHER_SCHEMA_V1,CURRENT
694973,"Skenes, Paul",2026,573,171,29.8,7.2,28.5,51.0,0.277,0.212,0.341,39.0,7.4,77.135896127,,,,0.295,BASEBALL_SAVANT_CURRENT_SEASON,2026-08-23T06:30:07+00:00,SAVANT_PITCHER_SCHEMA_V1,CURRENT
669373,"Skubal, Tarik",2026,446,135,30.3,4.5,31.9,53.6,0.27,0.226,0.343,36.4,7.3,75.700744643,,,,0.268,BASEBALL_SAVANT_CURRENT_SEASON,2026-08-23T06:30:07+00:00,SAVANT_PITCHER_SCHEMA_V1,CURRENT
686580,"Slaten, Justin",2026,137,39,28.5,5.8,25.2,50.8,0.266,0.223,0.332,36.7,4.4,77.338378864,,,,0.323,BASEBALL_SAVANT_CURRENT_SEASON,2026-08-23T06:30:07+00:00,SAVANT_PITCHER_SCHEMA_V1,CURRENT
572143,"Smith, Burch",2026,73,20,27.4,9.6,22.7,46.0,0.287,0.217,0.347,47.8,4.4,79.596606364,,,,0.353,BASEBALL_SAVANT_CURRENT_SEASON,2026-08-23T06:30:07+00:00,SAVANT_PITCHER_SCHEMA_V1,CURRENT
671922,"Smith, Cade",2026,234,80,34.2,8.5,34.5,48.8,0.276,0.203,0.342,46.6,9.0,82.303771642,,,,0.26,BASEBALL_SAVANT_CURRENT_SEASON,2026-08-23T06:30:07+00:00,SAVANT_PITCHER_SCHEMA_V1,CURRENT
681916,"Smith, Dylan",2026,112,33,29.5,10.7,28.1,49.4,0.287,0.206,0.353,44.6,7.7,78.485912813,,,,0.269,BASEBALL_SAVANT_CURRENT_SEASON,2026-08-23T06:30:07+00:00,SAVANT_PITCHER_SCHEMA_V1,CURRENT
696146,"Smith, Hagen",2026,25,10,40.0,24.0,37.2,39.8,0.291,0.152,0.227,55.6,11.1,82.226272,,,,0.249,BASEBALL_SAVANT_CURRENT_SEASON,2026-08-23T06:30:07+00:00,SAVANT_PITCHER_SCHEMA_V1,CURRENT
681343,"Smith, Shane",2026,49,11,22.4,18.4,26.0,42.7,0.332,0.246,0.293,33.3,0.0,66.787195714,,,,0.424,BASEBALL_SAVANT_CURRENT_SEASON,2026-08-23T06:30:07+00:00,SAVANT_PITCHER_SCHEMA_V1,CURRENT
700363,"Smith-Shawver, AJ",2026,40,7,17.5,12.5,21.4,48.6,0.363,0.292,0.441,35.7,7.1,78.227889286,,,,0.297,BASEBALL_SAVANT_CURRENT_SEASON,2026-08-23T06:30:07+00:00,SAVANT_PITCHER_SCHEMA_V1,CURRENT
605483,"Snell, Blake",2026,63,20,31.7,9.5,36.6,52.2,0.229,0.189,0.228,10.8,0.0,73.352232632,,,,0.228,BASEBALL_SAVANT_CURRENT_SEASON,2026-08-23T06:30:07+00:00,SAVANT_PITCHER_SCHEMA_V1,CURRENT
702281,"Snelling, Robby",2026,22,2,9.1,18.2,28.6,48.8,0.371,0.261,0.445,43.8,6.3,75.735108571,,,,0.399,BASEBALL_SAVANT_CURRENT_SEASON,2026-08-23T06:30:07+00:00,SAVANT_PITCHER_SCHEMA_V1,CURRENT
686678,"Solesky, Chase",2026,17,4,23.5,5.9,9.1,37.9,0.353,0.291,0.488,33.3,8.3,79.709023333,,,,0.467,BASEBALL_SAVANT_CURRENT_SEASON,2026-08-23T06:30:07+00:00,SAVANT_PITCHER_SCHEMA_V1,CURRENT
805427,"Sommers, Drew",2026,103,38,36.9,10.7,34.1,50.2,0.229,0.172,0.234,22.6,1.9,71.9187956,,,,0.296,BASEBALL_SAVANT_CURRENT_SEASON,2026-08-23T06:30:07+00:00,SAVANT_PITCHER_SCHEMA_V1,CURRENT
666277,"Soriano, George",2026,239,57,23.8,10.9,30.6,48.0,0.324,0.231,0.406,41.8,9.7,80.487731053,,,,0.307,BASEBALL_SAVANT_CURRENT_SEASON,2026-08-23T06:30:07+00:00,SAVANT_PITCHER_SCHEMA_V1,CURRENT
667755,"Soriano, José",2026,578,136,23.5,10.7,30.8,46.6,0.326,0.249,0.395,38.7,8.0,77.773558973,,,,0.291,BASEBALL_SAVANT_CURRENT_SEASON,2026-08-23T06:30:07+00:00,SAVANT_PITCHER_SCHEMA_V1,CURRENT
647336,"Soroka, Michael",2026,375,88,23.5,5.6,22.0,49.9,0.312,0.255,0.407,32.6,8.0,76.739183846,,,,0.281,BASEBALL_SAVANT_CURRENT_SEASON,2026-08-23T06:30:07+00:00,SAVANT_PITCHER_SCHEMA_V1,CURRENT
642397,"Soto, Gregory",2026,231,67,29.0,10.0,28.4,43.4,0.268,0.198,0.299,35.3,5.1,74.725320455,,,,0.279,BASEBALL_SAVANT_CURRENT_SEASON,2026-08-23T06:30:07+00:00,SAVANT_PITCHER_SCHEMA_V1,CURRENT
656986,"Sousa, Bennett",2026,72,20,27.8,11.1,32.6,48.4,0.255,0.182,0.285,31.8,9.1,77.547800909,,,,0.33,BASEBALL_SAVANT_CURRENT_SEASON,2026-08-23T06:30:07+00:00,SAVANT_PITCHER_SCHEMA_V1,CURRENT
642100,"Speier, Gabe",2026,144,30,20.8,9.0,22.6,50.5,0.31,0.225,0.39,36.5,9.5,75.682310851,,,,0.296,BASEBALL_SAVANT_CURRENT_SEASON,2026-08-23T06:30:07+00:00,SAVANT_PITCHER_SCHEMA_V1,CURRENT
687765,"Spence, Mitch",2026,56,6,10.7,16.1,20.0,45.0,0.361,0.279,0.409,41.5,2.4,82.727817143,,,,0.509,BASEBALL_SAVANT_CURRENT_SEASON,2026-08-23T06:30:07+00:00,SAVANT_PITCHER_SCHEMA_V1,CURRENT
605488,"Springs, Jeffrey",2026,504,89,17.7,9.3,23.3,46.2,0.344,0.257,0.458,35.3,9.7,76.520976556,,,,0.37,BASEBALL_SAVANT_CURRENT_SEASON,2026-08-23T06:30:07+00:00,SAVANT_PITCHER_SCHEMA_V1,CURRENT
687075,"Sproat, Brandon",2026,414,100,24.2,11.6,25.1,45.9,0.337,0.245,0.406,43.1,8.7,79.436102857,,,,0.35,BASEBALL_SAVANT_CURRENT_SEASON,2026-08-23T06:30:07+00:00,SAVANT_PITCHER_SCHEMA_V1,CURRENT
668831,"Stallings, Garrett",2026,30,9,30.0,10.0,33.9,48.4,0.182,0.136,0.148,16.7,0.0,82.524535556,,,,0.159,BASEBALL_SAVANT_CURRENT_SEASON,2026-08-23T06:30:07+00:00,SAVANT_PITCHER_SCHEMA_V1,CURRENT
592773,"Stanek, Ryne",2026,218,52,23.9,12.4,28.6,48.5,0.323,0.235,0.4,38.0,8.8,78.630614706,,,,0.34,BASEBALL_SAVANT_CURRENT_SEASON,2026-08-23T06:30:07+00:00,SAVANT_PITCHER_SCHEMA_V1,CURRENT
686993,"Sterner, Justin",2026,184,40,21.7,7.1,29.9,52.1,0.292,0.225,0.399,45.0,9.2,80.132451587,,,,0.359,BASEBALL_SAVANT_CURRENT_SEASON,2026-08-23T06:30:07+00:00,SAVANT_PITCHER_SCHEMA_V1,CURRENT
592779,"Stewart, Brock",2026,60,17,28.3,8.3,30.7,48.3,0.207,0.151,0.228,21.1,2.6,67.056484211,,,,0.192,BASEBALL_SAVANT_CURRENT_SEASON,2026-08-23T06:30:07+00:00,SAVANT_PITCHER_SCHEMA_V1,CURRENT
476594,"Stock, Robert",2026,81,19,23.5,13.6,26.8,48.3,0.331,0.227,0.366,27.1,10.4,76.066542174,,,,0.35,BASEBALL_SAVANT_CURRENT_SEASON,2026-08-23T06:30:07+00:00,SAVANT_PITCHER_SCHEMA_V1,CURRENT
621381,"Strahm, Matt",2026,161,30,18.6,8.7,23.2,49.8,0.316,0.225,0.428,39.1,11.3,80.020580172,,,,0.388,BASEBALL_SAVANT_CURRENT_SEASON,2026-08-23T06:30:07+00:00,SAVANT_PITCHER_SCHEMA_V1,CURRENT
676702,"Stratton, Hunter",2026,15,3,20.0,0.0,16.7,53.6,0.383,0.403,0.476,25.0,0.0,75.922256667,,,,0.381,BASEBALL_SAVANT_CURRENT_SEASON,2026-08-23T06:30:07+00:00,SAVANT_PITCHER_SCHEMA_V1,CURRENT
675911,"Strider, Spencer",2026,165,46,27.9,12.1,30.7,46.6,0.29,0.188,0.359,36.7,11.2,79.165809184,,,,0.355,BASEBALL_SAVANT_CURRENT_SEASON,2026-08-23T06:30:07+00:00,SAVANT_PITCHER_SCHEMA_V1,CURRENT
669704,"Strowd, Kade",2026,7,1,14.3,42.9,0.0,25.0,0.509,0.386,0.456,33.3,0.0,85.41686,,,,0.426,BASEBALL_SAVANT_CURRENT_SEASON,2026-08-23T06:30:07+00:00,SAVANT_PITCHER_SCHEMA_V1,CURRENT
657265,"Strzelecki, Peter",2026,54,7,13.0,9.3,18.1,42.7,0.27,0.18,0.304,36.6,4.9,83.2749045,,,,0.268,BASEBALL_SAVANT_CURRENT_SEASON,2026-08-23T06:30:07+00:00,SAVANT_PITCHER_SCHEMA_V1,CURRENT
660761,"Suarez, José",2026,258,60,23.3,9.7,26.7,48.6,0.302,0.25,0.342,32.4,2.4,78.102962024,,,,0.343,BASEBALL_SAVANT_CURRENT_SEASON,2026-08-23T06:30:07+00:00,SAVANT_PITCHER_SCHEMA_V1,CURRENT
624133,"Suarez, Ranger",2026,467,113,24.2,7.1,23.0,46.0,0.295,0.249,0.351,32.8,4.7,74.842844395,,,,0.284,BASEBALL_SAVANT_CURRENT_SEASON,2026-08-23T06:30:07+00:00,SAVANT_PITCHER_SCHEMA_V1,CURRENT
663158,"Suarez, Robert",2026,121,26,21.5,5.0,24.0,53.6,0.282,0.252,0.351,33.0,3.4,72.212930465,,,,0.203,BASEBALL_SAVANT_CURRENT_SEASON,2026-08-23T06:30:07+00:00,SAVANT_PITCHER_SCHEMA_V1,CURRENT
608372,"Sugano, Tomoyuki",2026,498,69,13.9,5.4,18.2,46.2,0.395,0.312,0.57,43.8,13.5,80.492703819,,,,0.353,BASEBALL_SAVANT_CURRENT_SEASON,2026-08-23T06:30:07+00:00,SAVANT_PITCHER_SCHEMA_V1,CURRENT
807743,"Sullivan, Sean",2026,114,16,14.0,9.6,16.2,47.8,0.335,0.241,0.431,34.5,9.5,78.262507381,,,,0.461,BASEBALL_SAVANT_CURRENT_SEASON,2026-08-23T06:30:07+00:00,SAVANT_PITCHER_SCHEMA_V1,CURRENT
642121,"Sulser, Cole",2026,197,48,24.4,7.1,26.9,51.3,0.325,0.253,0.461,39.3,11.9,74.425593333,,,,0.319,BASEBALL_SAVANT_CURRENT_SEASON,2026-08-23T06:30:07+00:00,SAVANT_PITCHER_SCHEMA_V1,CURRENT
608718,"Suter, Brent",2026,304,61,20.1,7.2,22.5,45.8,0.319,0.262,0.41,32.0,6.5,74.760769434,,,,0.322,BASEBALL_SAVANT_CURRENT_SEASON,2026-08-23T06:30:07+00:00,SAVANT_PITCHER_SCHEMA_V1,CURRENT
544150,"Suárez, Albert",2026,230,38,16.5,8.3,22.3,49.2,0.324,0.256,0.416,40.5,7.5,79.169247882,,,,0.313,BASEBALL_SAVANT_CURRENT_SEASON,2026-08-23T06:30:07+00:00,SAVANT_PITCHER_SCHEMA_V1,CURRENT
694335,"Svanson, Matt",2026,207,41,19.8,10.1,18.8,48.7,0.369,0.301,0.467,44.8,7.0,80.273224507,,,,0.364,BASEBALL_SAVANT_CURRENT_SEASON,2026-08-23T06:30:07+00:00,SAVANT_PITCHER_SCHEMA_V1,CURRENT
650911,"Sánchez, Cristopher",2026,673,187,27.8,5.6,32.8,50.0,0.284,0.237,0.358,41.8,7.2,78.104468636,,,,0.293,BASEBALL_SAVANT_CURRENT_SEASON,2026-08-23T06:30:07+00:00,SAVANT_PITCHER_SCHEMA_V1,CURRENT
592791,"Taillon, Jameson",2026,362,75,20.7,8.8,26.8,46.4,0.363,0.257,0.525,38.7,14.6,77.67128,,,,0.363,BASEBALL_SAVANT_CURRENT_SEASON,2026-08-23T06:30:07+00:00,SAVANT_PITCHER_SCHEMA_V1,CURRENT
691799,"Taylor, Grant",2026,267,87,32.6,8.2,28.5,46.8,0.241,0.183,0.272,41.4,5.8,80.586635769,,,,0.243,BASEBALL_SAVANT_CURRENT_SEASON,2026-08-23T06:30:07+00:00,SAVANT_PITCHER_SCHEMA_V1,CURRENT
678906,"Teng, Kai-Wei",2026,301,67,22.3,10.0,25.2,44.1,0.334,0.245,0.398,39.4,7.8,79.736310521,,,,0.335,BASEBALL_SAVANT_CURRENT_SEASON,2026-08-23T06:30:07+00:00,SAVANT_PITCHER_SCHEMA_V1,CURRENT
693713,"Teodo, Emiliano",2026,10,1,10.0,20.0,20.0,46.5,0.38,0.287,0.413,42.9,0.0,82.2597325,,,,0.444,BASEBALL_SAVANT_CURRENT_SEASON,2026-08-23T06:30:07+00:00,SAVANT_PITCHER_SCHEMA_V1,CURRENT
573204,"Thielbar, Caleb",2026,164,47,28.7,7.9,28.1,51.3,0.327,0.238,0.465,39.8,11.8,77.250547843,,,,0.34,BASEBALL_SAVANT_CURRENT_SEASON,2026-08-23T06:30:07+00:00,SAVANT_PITCHER_SCHEMA_V1,CURRENT
671162,"Thomas, Connor",2026,49,7,14.3,12.2,27.2,47.9,0.373,0.276,0.501,41.7,8.3,74.67687,,,,0.496,BASEBALL_SAVANT_CURRENT_SEASON,2026-08-23T06:30:07+00:00,SAVANT_PITCHER_SCHEMA_V1,CURRENT
624522,"Thompson, Keegan",2026,57,11,19.3,3.5,21.6,49.7,0.407,0.343,0.623,50.0,13.6,83.929022727,,,,0.406,BASEBALL_SAVANT_CURRENT_SEASON,2026-08-23T06:30:07+00:00,SAVANT_PITCHER_SCHEMA_V1,CURRENT
657044,"Thompson, Ryan",2026,186,29,15.6,7.0,19.2,48.6,0.311,0.275,0.381,34.0,4.3,77.181734783,,,,0.345,BASEBALL_SAVANT_CURRENT_SEASON,2026-08-23T06:30:07+00:00,SAVANT_PITCHER_SCHEMA_V1,CURRENT
663423,"Thornton, Trent",2026,153,22,14.4,9.8,21.7,49.5,0.328,0.253,0.428,45.6,8.7,80.155815439,,,,0.277,BASEBALL_SAVANT_CURRENT_SEASON,2026-08-23T06:30:07+00:00,SAVANT_PITCHER_SCHEMA_V1,CURRENT
804267,"Thornton, Zac",2026,200,36,18.0,7.0,19.6,51.1,0.337,0.269,0.455,40.9,9.4,77.962219865,,,,0.289,BASEBALL_SAVANT_CURRENT_SEASON,2026-08-23T06:30:07+00:00,SAVANT_PITCHER_SCHEMA_V1,CURRENT
694918,"Tidwell, Blade",2026,110,20,18.2,9.1,27.1,46.0,0.306,0.256,0.354,41.8,6.3,76.34154525,,,,0.287,BASEBALL_SAVANT_CURRENT_SEASON,2026-08-23T06:30:07+00:00,SAVANT_PITCHER_SCHEMA_V1,CURRENT
694357,"Tiedemann, Ricky",2026,7,2,28.6,0.0,25.0,44.4,0.332,0.321,0.458,40.0,0.0,79.95865,,,,0.254,BASEBALL_SAVANT_CURRENT_SEASON,2026-08-23T06:30:07+00:00,SAVANT_PITCHER_SCHEMA_V1,CURRENT
801139,"Tolle, Payton",2026,483,134,27.7,6.8,27.1,55.3,0.255,0.2,0.315,33.5,6.5,76.164084706,,,,0.282,BASEBALL_SAVANT_CURRENT_SEASON,2026-08-23T06:30:07+00:00,SAVANT_PITCHER_SCHEMA_V1,CURRENT
804636,"Tong, Jonah",2026,47,7,14.9,14.9,23.4,50.3,0.309,0.206,0.367,30.3,6.1,81.939258,,,,0.28,BASEBALL_SAVANT_CURRENT_SEASON,2026-08-23T06:30:07+00:00,SAVANT_PITCHER_SCHEMA_V1,CURRENT
623437,"Topa, Justin",2026,92,12,13.0,12.0,14.1,43.5,0.376,0.291,0.491,45.6,9.1,80.287501515,,,,0.415,BASEBALL_SAVANT_CURRENT_SEASON,2026-08-23T06:30:07+00:00,SAVANT_PITCHER_SCHEMA_V1,CURRENT
595014,"Treinen, Blake",2026,100,25,25.0,10.0,25.7,47.9,0.348,0.261,0.475,42.2,12.7,75.523227667,,,,0.312,BASEBALL_SAVANT_CURRENT_SEASON,2026-08-23T06:30:07+00:00,SAVANT_PITCHER_SCHEMA_V1,CURRENT
624431,"Trevino, Jose",2026,29,1,3.4,3.4,2.8,50.0,0.436,0.396,0.57,53.8,11.5,84.540898462,,,,0.504,BASEBALL_SAVANT_CURRENT_SEASON,2026-08-23T06:30:07+00:00,SAVANT_PITCHER_SCHEMA_V1,CURRENT
642152,"Trivino III, Lou",2026,36,7,19.4,19.4,31.7,43.8,0.33,0.217,0.323,38.1,4.8,73.490401818,,,,0.465,BASEBALL_SAVANT_CURRENT_SEASON,2026-08-23T06:30:07+00:00,SAVANT_PITCHER_SCHEMA_V1,CURRENT
814305,"Tur, Yunior",2026,34,6,17.6,11.8,37.3,49.2,0.55,0.379,0.874,34.8,27.3,77.375739091,,,,0.649,BASEBALL_SAVANT_CURRENT_SEASON,2026-08-23T06:30:07+00:00,SAVANT_PITCHER_SCHEMA_V1,CURRENT
700413,"Uberstine, Tyler",2026,11,2,18.2,9.1,30.8,57.8,0.378,0.274,0.551,37.5,12.5,76.1356025,,,,0.445,BASEBALL_SAVANT_CURRENT_SEASON,2026-08-23T06:30:07+00:00,SAVANT_PITCHER_SCHEMA_V1,CURRENT
699044,"Ullola, Miguel",2026,23,9,39.1,4.3,27.9,48.9,0.282,0.209,0.418,30.8,15.4,74.365465714,,,,0.286,BASEBALL_SAVANT_CURRENT_SEASON,2026-08-23T06:30:07+00:00,SAVANT_PITCHER_SCHEMA_V1,CURRENT
700712,"Ureña, Walbert",2026,479,109,22.8,12.3,27.7,45.6,0.283,0.201,0.301,34.3,5.3,75.441807667,,,,0.276,BASEBALL_SAVANT_CURRENT_SEASON,2026-08-23T06:30:07+00:00,SAVANT_PITCHER_SCHEMA_V1,CURRENT
682842,"Uribe, Abner",2026,191,48,25.1,9.4,26.4,43.4,0.26,0.217,0.281,31.5,1.6,76.142747541,,,,0.238,BASEBALL_SAVANT_CURRENT_SEASON,2026-08-23T06:30:07+00:00,SAVANT_PITCHER_SCHEMA_V1,CURRENT
664353,"Urquidy, José",2026,71,17,23.9,2.8,27.3,51.0,0.257,0.226,0.346,34.6,7.8,78.638462308,,,,0.359,BASEBALL_SAVANT_CURRENT_SEASON,2026-08-23T06:30:07+00:00,SAVANT_PITCHER_SCHEMA_V1,CURRENT
664285,"Valdez, Framber",2026,613,111,18.1,8.8,20.6,46.3,0.324,0.258,0.391,43.7,6.2,79.658335841,,,,0.32,BASEBALL_SAVANT_CURRENT_SEASON,2026-08-23T06:30:07+00:00,SAVANT_PITCHER_SCHEMA_V1,CURRENT
669310,"Van Eyk, CJ",2026,31,1,3.2,3.2,12.9,48.4,0.363,0.309,0.46,46.4,3.6,74.4469,,,,0.423,BASEBALL_SAVANT_CURRENT_SEASON,2026-08-23T06:30:07+00:00,SAVANT_PITCHER_SCHEMA_V1,CURRENT
701121,"VanWey, Logan",2026,22,5,22.7,0.0,25.0,50.0,0.239,0.237,0.344,41.2,5.9,75.69560625,,,,0.212,BASEBALL_SAVANT_CURRENT_SEASON,2026-08-23T06:30:07+00:00,SAVANT_PITCHER_SCHEMA_V1,CURRENT
676568,"Vanasco, Ricky",2026,40,4,10.0,15.0,20.6,40.0,0.399,0.294,0.519,43.3,6.7,75.702990667,,,,0.511,BASEBALL_SAVANT_CURRENT_SEASON,2026-08-23T06:30:07+00:00,SAVANT_PITCHER_SCHEMA_V1,CURRENT
681402,"Varland, Gus",2026,151,30,19.9,9.9,21.6,49.9,0.4,0.303,0.579,50.0,16.2,84.997393333,,,,0.411,BASEBALL_SAVANT_CURRENT_SEASON,2026-08-23T06:30:07+00:00,SAVANT_PITCHER_SCHEMA_V1,CURRENT
686973,"Varland, Louis",2026,254,80,31.5,7.1,29.3,52.4,0.234,0.199,0.269,37.8,4.5,77.211835714,,,,0.228,BASEBALL_SAVANT_CURRENT_SEASON,2026-08-23T06:30:07+00:00,SAVANT_PITCHER_SCHEMA_V1,CURRENT
592826,"Velasquez, Vince",2026,11,1,9.1,0.0,14.3,48.8,0.154,0.151,0.199,30.0,0.0,74.804328,,,,0.115,BASEBALL_SAVANT_CURRENT_SEASON,2026-08-23T06:30:07+00:00,SAVANT_PITCHER_SCHEMA_V1,CURRENT
434378,"Verlander, Justin",2026,19,1,5.3,10.5,15.4,48.8,0.474,0.365,0.69,56.3,12.5,83.20234125,,,,0.472,BASEBALL_SAVANT_CURRENT_SEASON,2026-08-23T06:30:07+00:00,SAVANT_PITCHER_SCHEMA_V1,CURRENT
681911,"Vesia, Alex",2026,190,58,30.5,15.8,34.6,46.7,0.275,0.177,0.29,37.3,5.9,77.997456667,,,,0.252,BASEBALL_SAVANT_CURRENT_SEASON,2026-08-23T06:30:07+00:00,SAVANT_PITCHER_SCHEMA_V1,CURRENT
676684,"Vest, Will",2026,116,27,23.3,8.6,27.5,48.1,0.307,0.244,0.365,35.1,5.3,78.824060526,,,,0.326,BASEBALL_SAVANT_CURRENT_SEASON,2026-08-23T06:30:07+00:00,SAVANT_PITCHER_SCHEMA_V1,CURRENT
678391,"Vivas, Jorbit",2026,18,0,0.0,5.6,0.0,53.8,0.542,0.395,0.846,53.3,25.0,85.04167375,,,,0.601,BASEBALL_SAVANT_CURRENT_SEASON,2026-08-23T06:30:07+00:00,SAVANT_PITCHER_SCHEMA_V1,CURRENT
680767,"Vodnik, Victor",2026,197,31,15.7,12.2,23.7,47.1,0.319,0.245,0.368,40.3,5.8,81.414486087,,,,0.344,BASEBALL_SAVANT_CURRENT_SEASON,2026-08-23T06:30:07+00:00,SAVANT_PITCHER_SCHEMA_V1,CURRENT
608723,"Voth, Austin",2026,56,3,5.4,10.7,15.6,44.7,0.402,0.338,0.557,40.4,8.5,81.976357917,,,,0.459,BASEBALL_SAVANT_CURRENT_SEASON,2026-08-23T06:30:07+00:00,SAVANT_PITCHER_SCHEMA_V1,CURRENT
681190,"Vásquez, Randy",2026,498,74,14.9,6.4,19.2,49.9,0.362,0.288,0.5,43.9,10.3,81.954626302,,,,0.332,BASEBALL_SAVANT_CURRENT_SEASON,2026-08-23T06:30:07+00:00,SAVANT_PITCHER_SCHEMA_V1,CURRENT
608379,"Wacha, Michael",2026,632,120,19.0,6.5,21.1,48.5,0.314,0.25,0.417,37.1,7.1,78.177634605,,,,0.309,BASEBALL_SAVANT_CURRENT_SEASON,2026-08-23T06:30:07+00:00,SAVANT_PITCHER_SCHEMA_V1,CURRENT
664774,"Wade Jr., LaMonte",2026,6,0,0.0,0.0,0.0,63.6,0.599,0.517,0.894,66.7,16.7,90.279016667,,,,0.7,BASEBALL_SAVANT_CURRENT_SEASON,2026-08-23T06:30:07+00:00,SAVANT_PITCHER_SCHEMA_V1,CURRENT
621097,"Waguespack, Jacob",2026,107,16,15.0,8.4,24.6,49.5,0.269,0.206,0.318,30.9,4.9,74.4471195,,,,0.241,BASEBALL_SAVANT_CURRENT_SEASON,2026-08-23T06:30:07+00:00,SAVANT_PITCHER_SCHEMA_V1,CURRENT
686610,"Waldichuk, Ken",2026,40,8,20.0,12.5,27.4,41.6,0.397,0.243,0.577,38.5,19.2,78.124699167,,,,0.399,BASEBALL_SAVANT_CURRENT_SEASON,2026-08-23T06:30:07+00:00,SAVANT_PITCHER_SCHEMA_V1,CURRENT
694462,"Waldrep, Hurston",2026,56,9,16.1,17.9,23.3,40.0,0.359,0.231,0.389,34.3,8.6,78.786981667,,,,0.419,BASEBALL_SAVANT_CURRENT_SEASON,2026-08-23T06:30:07+00:00,SAVANT_PITCHER_SCHEMA_V1,CURRENT
663362,"Waldron, Matt",2026,169,31,18.3,5.9,16.8,48.2,0.3,0.237,0.39,38.1,6.3,79.553980656,,,,0.392,BASEBALL_SAVANT_CURRENT_SEASON,2026-08-23T06:30:07+00:00,SAVANT_PITCHER_SCHEMA_V1,CURRENT
677020,"Walker, Josh",2026,70,15,21.4,8.6,19.4,50.4,0.275,0.226,0.326,39.6,4.2,80.86164125,,,,0.304,BASEBALL_SAVANT_CURRENT_SEASON,2026-08-23T06:30:07+00:00,SAVANT_PITCHER_SCHEMA_V1,CURRENT
676254,"Walker, Ryan",2026,125,19,15.2,12.0,15.2,43.1,0.324,0.26,0.389,35.6,6.7,72.537604545,,,,0.377,BASEBALL_SAVANT_CURRENT_SEASON,2026-08-23T06:30:07+00:00,SAVANT_PITCHER_SCHEMA_V1,CURRENT
592836,"Walker, Taijuan",2026,115,17,14.8,9.6,16.8,45.0,0.411,0.312,0.582,36.0,12.9,76.121606047,,,,0.455,BASEBALL_SAVANT_CURRENT_SEASON,2026-08-23T06:30:07+00:00,SAVANT_PITCHER_SCHEMA_V1,CURRENT
681806,"Wantz, Andrew",2026,20,1,5.0,15.0,14.0,53.1,0.463,0.326,0.582,35.7,7.1,75.693604286,,,,0.476,BASEBALL_SAVANT_CURRENT_SEASON,2026-08-23T06:30:07+00:00,SAVANT_PITCHER_SCHEMA_V1,CURRENT
681810,"Warren, Austin",2026,160,39,24.4,11.3,26.9,40.5,0.344,0.256,0.428,42.0,13.3,79.540842653,,,,0.343,BASEBALL_SAVANT_CURRENT_SEASON,2026-08-23T06:30:07+00:00,SAVANT_PITCHER_SCHEMA_V1,CURRENT
701542,"Warren, Will",2026,535,122,22.8,8.0,22.4,43.8,0.332,0.266,0.427,43.7,8.0,80.454111056,,,,0.342,BASEBALL_SAVANT_CURRENT_SEASON,2026-08-23T06:30:07+00:00,SAVANT_PITCHER_SCHEMA_V1,CURRENT
670245,"Watson, Ryan",2026,258,50,19.4,7.8,24.2,49.2,0.347,0.271,0.462,37.3,10.9,77.933898462,,,,0.319,BASEBALL_SAVANT_CURRENT_SEASON,2026-08-23T06:30:07+00:00,SAVANT_PITCHER_SCHEMA_V1,CURRENT
694360,"Way, Beck",2026,105,21,20.0,9.5,25.9,44.7,0.341,0.257,0.395,42.5,6.8,80.032778919,,,,0.35,BASEBALL_SAVANT_CURRENT_SEASON,2026-08-23T06:30:07+00:00,SAVANT_PITCHER_SCHEMA_V1,CURRENT
677960,"Weathers, Ryan",2026,551,140,25.4,6.9,27.0,44.9,0.316,0.251,0.417,41.1,8.4,77.981084645,,,,0.302,BASEBALL_SAVANT_CURRENT_SEASON,2026-08-23T06:30:07+00:00,SAVANT_PITCHER_SCHEMA_V1,CURRENT
596133,"Weaver, Luke",2026,190,52,27.4,6.3,30.8,53.4,0.265,0.204,0.344,35.5,8.1,78.680899836,,,,0.221,BASEBALL_SAVANT_CURRENT_SEASON,2026-08-23T06:30:07+00:00,SAVANT_PITCHER_SCHEMA_V1,CURRENT
657097,"Webb, Jacob",2026,236,64,27.1,8.5,33.9,51.1,0.297,0.238,0.366,40.8,6.0,76.699089324,,,,0.271,BASEBALL_SAVANT_CURRENT_SEASON,2026-08-23T06:30:07+00:00,SAVANT_PITCHER_SCHEMA_V1,CURRENT
657277,"Webb, Logan",2026,578,112,19.4,6.1,20.7,47.8,0.303,0.253,0.374,38.2,5.5,76.329534545,,,,0.279,BASEBALL_SAVANT_CURRENT_SEASON,2026-08-23T06:30:07+00:00,SAVANT_PITCHER_SCHEMA_V1,CURRENT
676620,"Weiman, Blake",2026,33,8,24.2,0.0,21.7,46.2,0.265,0.258,0.322,32.0,4.0,75.7930775,,,,0.329,BASEBALL_SAVANT_CURRENT_SEASON,2026-08-23T06:30:07+00:00,SAVANT_PITCHER_SCHEMA_V1,CURRENT
674073,"Weisenburger, Jack",2026,18,4,22.2,11.1,23.1,49.4,0.257,0.172,0.302,33.3,8.3,85.466301667,,,,0.246,BASEBALL_SAVANT_CURRENT_SEASON,2026-08-23T06:30:07+00:00,SAVANT_PITCHER_SCHEMA_V1,CURRENT
680802,"Weiss, Ryan",2026,131,30,22.9,15.3,23.7,44.5,0.379,0.269,0.488,49.4,11.1,79.367410488,,,,0.426,BASEBALL_SAVANT_CURRENT_SEASON,2026-08-23T06:30:07+00:00,SAVANT_PITCHER_SCHEMA_V1,CURRENT
669711,"Weissert, Greg",2026,204,47,23.0,7.8,23.3,48.9,0.302,0.229,0.388,33.3,6.5,76.224181765,,,,0.316,BASEBALL_SAVANT_CURRENT_SEASON,2026-08-23T06:30:07+00:00,SAVANT_PITCHER_SCHEMA_V1,CURRENT
669330,"Wells, Tyler",2026,241,61,25.3,6.6,30.4,52.1,0.277,0.21,0.365,32.7,7.4,77.785142,,,,0.275,BASEBALL_SAVANT_CURRENT_SEASON,2026-08-23T06:30:07+00:00,SAVANT_PITCHER_SCHEMA_V1,CURRENT
669713,"Wesneski, Hayden",2026,113,22,19.5,8.8,27.4,50.5,0.306,0.243,0.37,40.0,6.3,78.65432475,,,,0.306,BASEBALL_SAVANT_CURRENT_SEASON,2026-08-23T06:30:07+00:00,SAVANT_PITCHER_SCHEMA_V1,CURRENT
687721,"Weston, Cameron",2026,3,1,33.3,33.3,12.5,47.1,0.381,0.241,0.262,100.0,0.0,99.58379,,,,0.233,BASEBALL_SAVANT_CURRENT_SEASON,2026-08-23T06:30:07+00:00,SAVANT_PITCHER_SCHEMA_V1,CURRENT
554430,"Wheeler, Zack",2026,474,144,30.4,7.0,30.7,49.7,0.26,0.204,0.316,35.0,5.8,74.777563061,,,,0.271,BASEBALL_SAVANT_CURRENT_SEASON,2026-08-23T06:30:07+00:00,SAVANT_PITCHER_SCHEMA_V1,CURRENT
687931,"Whisenhunt, Carson",2026,153,23,15.0,13.1,28.0,46.3,0.378,0.279,0.485,47.7,8.3,82.054603704,,,,0.382,BASEBALL_SAVANT_CURRENT_SEASON,2026-08-23T06:30:07+00:00,SAVANT_PITCHER_SCHEMA_V1,CURRENT
687985,"White, Josh",2026,8,1,12.5,50.0,8.3,27.9,0.693,0.34,1.342,50.0,50.0,80.60351,,,,0.696,BASEBALL_SAVANT_CURRENT_SEASON,2026-08-23T06:30:07+00:00,SAVANT_PITCHER_SCHEMA_V1,CURRENT
676477,"Whitlock, Garrett",2026,168,49,29.2,4.2,29.8,57.3,0.247,0.218,0.314,33.9,3.6,77.612235091,,,,0.234,BASEBALL_SAVANT_CURRENT_SEASON,2026-08-23T06:30:07+00:00,SAVANT_PITCHER_SCHEMA_V1,CURRENT
696136,"Wicks, Jordan",2026,50,8,16.0,4.0,23.9,51.1,0.322,0.283,0.408,43.6,7.7,77.384445,,,,0.422,BASEBALL_SAVANT_CURRENT_SEASON,2026-08-23T06:30:07+00:00,SAVANT_PITCHER_SCHEMA_V1,CURRENT
686894,"Wiemer, Joey",2026,16,0,0.0,12.5,0.0,40.0,0.473,0.423,0.632,30.8,7.7,84.169162857,,,,0.618,BASEBALL_SAVANT_CURRENT_SEASON,2026-08-23T06:30:07+00:00,SAVANT_PITCHER_SCHEMA_V1,CURRENT
677961,"Wilcox, Cole",2026,123,28,22.8,13.8,31.4,46.3,0.355,0.284,0.404,46.1,6.7,81.182641053,,,,0.325,BASEBALL_SAVANT_CURRENT_SEASON,2026-08-23T06:30:07+00:00,SAVANT_PITCHER_SCHEMA_V1,CURRENT
683363,"Wilkinson, Matt",2026,7,0,0.0,0.0,0.0,44.0,0.201,0.22,0.237,14.3,0.0,69.4741525,,,,0.127,BASEBALL_SAVANT_CURRENT_SEASON,2026-08-23T06:30:07+00:00,SAVANT_PITCHER_SCHEMA_V1,CURRENT
642207,"Williams, Devin",2026,178,51,28.7,11.8,34.9,50.8,0.282,0.219,0.31,29.2,4.7,77.829179615,,,,0.337,BASEBALL_SAVANT_CURRENT_SEASON,2026-08-23T06:30:07+00:00,SAVANT_PITCHER_SCHEMA_V1,CURRENT
668909,"Williams, Gavin",2026,621,201,32.4,7.7,31.5,49.4,0.305,0.227,0.408,47.7,11.7,79.24234235,,,,0.291,BASEBALL_SAVANT_CURRENT_SEASON,2026-08-23T06:30:07+00:00,SAVANT_PITCHER_SCHEMA_V1,CURRENT
592866,"Williams, Trevor",2026,59,19,32.2,5.1,24.6,50.8,0.253,0.208,0.306,33.3,5.6,79.507214444,,,,0.296,BASEBALL_SAVANT_CURRENT_SEASON,2026-08-23T06:30:07+00:00,SAVANT_PITCHER_SCHEMA_V1,CURRENT
682227,"Williamson, Brandon",2026,128,19,14.8,15.6,24.1,43.2,0.389,0.276,0.486,41.9,10.5,76.389119535,,,,0.36,BASEBALL_SAVANT_CURRENT_SEASON,2026-08-23T06:30:07+00:00,SAVANT_PITCHER_SCHEMA_V1,CURRENT
669060,"Wilson, Bryse",2026,124,25,20.2,1.6,17.8,54.3,0.314,0.288,0.412,46.3,3.2,81.945816596,,,,0.334,BASEBALL_SAVANT_CURRENT_SEASON,2026-08-23T06:30:07+00:00,SAVANT_PITCHER_SCHEMA_V1,CURRENT
668390,"Winn, Cole",2026,200,44,22.0,7.5,27.6,54.1,0.334,0.27,0.438,42.9,6.5,76.022485507,,,,0.343,BASEBALL_SAVANT_CURRENT_SEASON,2026-08-23T06:30:07+00:00,SAVANT_PITCHER_SCHEMA_V1,CURRENT
676775,"Winn, Keaton",2026,176,33,18.8,9.7,23.0,47.4,0.308,0.24,0.36,33.3,4.9,75.475094098,,,,0.29,BASEBALL_SAVANT_CURRENT_SEASON,2026-08-23T06:30:07+00:00,SAVANT_PITCHER_SCHEMA_V1,CURRENT
664991,"Wolfram, Grant",2026,173,45,26.0,7.5,25.0,48.4,0.296,0.232,0.361,35.1,6.4,77.061630192,,,,0.336,BASEBALL_SAVANT_CURRENT_SEASON,2026-08-23T06:30:07+00:00,SAVANT_PITCHER_SCHEMA_V1,CURRENT
693433,"Woo, Bryan",2026,563,137,24.3,5.2,24.8,53.4,0.293,0.237,0.383,43.3,6.9,79.282365567,,,,0.284,BASEBALL_SAVANT_CURRENT_SEASON,2026-08-23T06:30:07+00:00,SAVANT_PITCHER_SCHEMA_V1,CURRENT
663765,"Woodford, Jake",2026,126,23,18.3,5.6,19.5,46.0,0.369,0.333,0.484,49.0,8.3,82.425733333,,,,0.384,BASEBALL_SAVANT_CURRENT_SEASON,2026-08-23T06:30:07+00:00,SAVANT_PITCHER_SCHEMA_V1,CURRENT
605540,"Woodruff, Brandon",2026,174,47,27.0,5.7,23.6,51.0,0.263,0.2,0.358,34.5,7.8,81.369078621,,,,0.231,BASEBALL_SAVANT_CURRENT_SEASON,2026-08-23T06:30:07+00:00,SAVANT_PITCHER_SCHEMA_V1,CURRENT
680573,"Woods Richardson, Simeon",2026,289,38,13.1,12.1,18.6,42.0,0.362,0.276,0.455,43.0,7.9,79.062456857,,,,0.375,BASEBALL_SAVANT_CURRENT_SEASON,2026-08-23T06:30:07+00:00,SAVANT_PITCHER_SCHEMA_V1,CURRENT
680736,"Wrobleski, Justin",2026,516,100,19.4,5.4,20.0,50.1,0.331,0.27,0.448,43.9,9.4,79.343598158,,,,0.294,BASEBALL_SAVANT_CURRENT_SEASON,2026-08-23T06:30:07+00:00,SAVANT_PITCHER_SCHEMA_V1,CURRENT
808967,"Yamamoto, Yoshinobu",2026,583,145,24.9,6.0,26.3,48.8,0.27,0.217,0.338,36.0,6.3,76.138356276,,,,0.246,BASEBALL_SAVANT_CURRENT_SEASON,2026-08-23T06:30:07+00:00,SAVANT_PITCHER_SCHEMA_V1,CURRENT
642376,"Yan, Jefry",2026,30,7,23.3,20.0,34.7,44.5,0.358,0.267,0.385,41.2,5.9,80.76615875,,,,0.368,BASEBALL_SAVANT_CURRENT_SEASON,2026-08-23T06:30:07+00:00,SAVANT_PITCHER_SCHEMA_V1,CURRENT
642232,"Yarbrough, Ryan",2026,204,36,17.6,9.3,23.8,47.7,0.278,0.218,0.307,22.8,3.4,71.329525915,,,,0.284,BASEBALL_SAVANT_CURRENT_SEASON,2026-08-23T06:30:07+00:00,SAVANT_PITCHER_SCHEMA_V1,CURRENT
489446,"Yates, Kirby",2026,152,44,28.9,8.6,30.7,52.8,0.263,0.188,0.296,45.1,6.6,80.788608889,,,,0.279,BASEBALL_SAVANT_CURRENT_SEASON,2026-08-23T06:30:07+00:00,SAVANT_PITCHER_SCHEMA_V1,CURRENT
678868,"Yean, Eddy",2026,39,6,15.4,5.1,15.2,47.1,0.257,0.211,0.296,33.3,3.3,80.365412,,,,0.227,BASEBALL_SAVANT_CURRENT_SEASON,2026-08-23T06:30:07+00:00,SAVANT_PITCHER_SCHEMA_V1,CURRENT
702056,"Yesavage, Trey",2026,386,91,23.6,11.9,30.0,47.3,0.285,0.2,0.33,34.0,6.1,78.103157273,,,,0.28,BASEBALL_SAVANT_CURRENT_SEASON,2026-08-23T06:30:07+00:00,SAVANT_PITCHER_SCHEMA_V1,CURRENT
684974,"Yoho, Craig",2026,114,26,22.8,12.3,27.2,45.4,0.308,0.204,0.354,29.6,7.1,74.801134286,,,,0.304,BASEBALL_SAVANT_CURRENT_SEASON,2026-08-23T06:30:07+00:00,SAVANT_PITCHER_SCHEMA_V1,CURRENT
687064,"Young, Brandon",2026,507,96,18.9,8.3,23.4,49.9,0.323,0.258,0.412,41.1,6.9,78.586816722,,,,0.319,BASEBALL_SAVANT_CURRENT_SEASON,2026-08-23T06:30:07+00:00,SAVANT_PITCHER_SCHEMA_V1,CURRENT
664849,"Young, Danny",2026,65,15,23.1,20.0,24.7,33.6,0.391,0.24,0.467,61.8,17.6,89.220940625,,,,0.448,BASEBALL_SAVANT_CURRENT_SEASON,2026-08-23T06:30:07+00:00,SAVANT_PITCHER_SCHEMA_V1,CURRENT
666171,"Zeferjahn, Ryan",2026,255,82,32.2,13.7,33.0,40.1,0.283,0.182,0.29,35.9,6.3,79.658859048,,,,0.298,BASEBALL_SAVANT_CURRENT_SEASON,2026-08-23T06:30:07+00:00,SAVANT_PITCHER_SCHEMA_V1,CURRENT
672582,"Zerpa, Angel",2026,55,8,14.5,10.9,17.8,41.7,0.405,0.328,0.53,51.2,7.3,80.149912,,,,0.405,BASEBALL_SAVANT_CURRENT_SEASON,2026-08-23T06:30:07+00:00,SAVANT_PITCHER_SCHEMA_V1,CURRENT
669145,"Zimmermann, Bruce",2026,21,2,9.5,4.8,10.3,40.3,0.261,0.235,0.324,27.8,0.0,76.5576,,,,0.34,BASEBALL_SAVANT_CURRENT_SEASON,2026-08-23T06:30:07+00:00,SAVANT_PITCHER_SCHEMA_V1,CURRENT
676604,"Zuber, Tyler",2026,113,30,26.5,5.3,23.7,48.2,0.28,0.229,0.346,49.3,4.0,82.448339474,,,,0.343,BASEBALL_SAVANT_CURRENT_SEASON,2026-08-23T06:30:07+00:00,SAVANT_PITCHER_SCHEMA_V1,CURRENT
670871,"Zuñiga, Guillo",2026,4,1,25.0,25.0,25.0,44.4,0.187,0.019,0.019,0.0,0.0,38.30151,,,,0.174,BASEBALL_SAVANT_CURRENT_SEASON,2026-08-23T06:30:07+00:00,SAVANT_PITCHER_SCHEMA_V1,CURRENT
594798,"deGrom, Jacob",2026,518,157,30.3,6.2,33.5,51.5,0.293,0.234,0.396,45.9,8.8,80.851917744,,,,0.285,BASEBALL_SAVANT_CURRENT_SEASON,2026-08-23T06:30:07+00:00,SAVANT_PITCHER_SCHEMA_V1,CURRENT
