player_id,player_name,season,PA,SO,K%,BB%,Whiff%,Swing%,xwOBA,xBA,xSLG,Hard-Hit%,Barrel%,average_swing_speed,fast_swing_rate,swords,squared_up_contact,wOBA,source,source_timestamp,schema_version,refresh_status
682928,"Abrams, CJ",2026,534,124,23.2,8.6,29.0,50.9,0.342,0.256,0.446,41.5,10.3,100.050610625,,,,0.378,BASEBALL_SAVANT_CURRENT_SEASON,2026-08-23T07:38:37+00:00,SAVANT_BATTER_PROFILE_SCHEMA_V1,CURRENT
677800,"Abreu, Wilyer",2026,545,106,19.4,10.8,24.4,48.4,0.358,0.262,0.489,44.6,12.8,101.109392394,,,,0.35,BASEBALL_SAVANT_CURRENT_SEASON,2026-08-23T07:38:37+00:00,SAVANT_BATTER_PROFILE_SCHEMA_V1,CURRENT
660670,"Acuña Jr., Ronald",2026,339,79,23.3,12.1,30.2,47.6,0.363,0.254,0.478,45.3,12.6,101.827711308,,,,0.331,BASEBALL_SAVANT_CURRENT_SEASON,2026-08-23T07:38:37+00:00,SAVANT_BATTER_PROFILE_SCHEMA_V1,CURRENT
682668,"Acuña, Luisangel",2026,203,40,19.7,3.9,25.5,51.3,0.261,0.241,0.311,37.0,3.2,99.420960133,,,,0.237,BASEBALL_SAVANT_CURRENT_SEASON,2026-08-23T07:38:37+00:00,SAVANT_BATTER_PROFILE_SCHEMA_V1,CURRENT
642715,"Adames, Willy",2026,497,136,27.4,7.2,28.7,48.3,0.291,0.219,0.381,38.4,8.4,98.624838199,,,,0.306,BASEBALL_SAVANT_CURRENT_SEASON,2026-08-23T07:38:37+00:00,SAVANT_BATTER_PROFILE_SCHEMA_V1,CURRENT
666176,"Adell, Jo",2026,517,127,24.6,4.1,28.4,54.2,0.33,0.258,0.452,45.2,10.0,102.482303086,,,,0.304,BASEBALL_SAVANT_CURRENT_SEASON,2026-08-23T07:38:37+00:00,SAVANT_BATTER_PROFILE_SCHEMA_V1,CURRENT
645277,"Albies, Ozzie",2026,550,77,14.0,7.1,20.8,56.2,0.284,0.23,0.357,28.0,4.2,96.596725943,,,,0.313,BASEBALL_SAVANT_CURRENT_SEASON,2026-08-23T07:38:37+00:00,SAVANT_BATTER_PROFILE_SCHEMA_V1,CURRENT
682634,"Alcántara, Kevin",2026,25,10,40.0,8.0,36.4,40.4,0.305,0.251,0.383,30.8,7.7,98.767344286,,,,0.28,BASEBALL_SAVANT_CURRENT_SEASON,2026-08-23T07:38:37+00:00,SAVANT_BATTER_PROFILE_SCHEMA_V1,CURRENT
677942,"Alexander, Blaze",2026,246,54,22.0,6.5,25.9,56.1,0.361,0.308,0.467,48.8,7.2,100.733289383,,,,0.354,BASEBALL_SAVANT_CURRENT_SEASON,2026-08-23T07:38:37+00:00,SAVANT_BATTER_PROFILE_SCHEMA_V1,CURRENT
672613,"Alfonzo, Eliezer",2026,27,2,7.4,0.0,12.5,53.3,0.223,0.218,0.301,32.0,0.0,98.6623025,,,,0.192,BASEBALL_SAVANT_CURRENT_SEASON,2026-08-23T07:38:37+00:00,SAVANT_BATTER_PROFILE_SCHEMA_V1,CURRENT
669397,"Allen, Nick",2026,135,27,20.0,5.9,24.7,47.0,0.243,0.216,0.271,28.3,2.0,96.424576596,,,,0.286,BASEBALL_SAVANT_CURRENT_SEASON,2026-08-23T07:38:37+00:00,SAVANT_BATTER_PROFILE_SCHEMA_V1,CURRENT
624413,"Alonso, Pete",2026,559,134,24.0,11.3,27.0,44.7,0.394,0.285,0.55,56.2,14.1,103.893756949,,,,0.373,BASEBALL_SAVANT_CURRENT_SEASON,2026-08-23T07:38:37+00:00,SAVANT_BATTER_PROFILE_SCHEMA_V1,CURRENT
514888,"Altuve, Jose",2026,436,88,20.2,8.0,22.4,48.1,0.275,0.223,0.329,31.2,4.9,96.748445066,,,,0.311,BASEBALL_SAVANT_CURRENT_SEASON,2026-08-23T07:38:37+00:00,SAVANT_BATTER_PROFILE_SCHEMA_V1,CURRENT
682626,"Alvarez, Francisco",2026,334,97,29.0,10.5,34.6,45.6,0.33,0.233,0.433,43.9,15.8,102.389612245,,,,0.324,BASEBALL_SAVANT_CURRENT_SEASON,2026-08-23T07:38:37+00:00,SAVANT_BATTER_PROFILE_SCHEMA_V1,CURRENT
670541,"Alvarez, Yordan",2026,556,94,16.9,15.6,19.9,42.6,0.459,0.329,0.674,53.7,17.3,105.100835519,,,,0.437,BASEBALL_SAVANT_CURRENT_SEASON,2026-08-23T07:38:37+00:00,SAVANT_BATTER_PROFILE_SCHEMA_V1,CURRENT
691182,"Amador, Adael",2026,13,5,38.5,23.1,24.0,42.4,0.256,0.089,0.21,20.0,20.0,90.937053333,,,,0.484,BASEBALL_SAVANT_CURRENT_SEASON,2026-08-23T07:38:37+00:00,SAVANT_BATTER_PROFILE_SCHEMA_V1,CURRENT
665804,"Amaya, Miguel",2026,208,54,26.0,10.1,27.4,45.1,0.293,0.203,0.324,36.3,7.3,97.788223548,,,,0.325,BASEBALL_SAVANT_CURRENT_SEASON,2026-08-23T07:38:37+00:00,SAVANT_BATTER_PROFILE_SCHEMA_V1,CURRENT
609280,"Andujar, Miguel",2026,254,38,15.0,4.3,18.5,54.2,0.298,0.264,0.376,36.3,4.5,99.775366436,,,,0.313,BASEBALL_SAVANT_CURRENT_SEASON,2026-08-23T07:38:37+00:00,SAVANT_BATTER_PROFILE_SCHEMA_V1,CURRENT
701350,"Anthony, Roman",2026,130,33,25.4,15.4,28.1,37.2,0.352,0.262,0.41,47.4,9.3,102.118792368,,,,0.31,BASEBALL_SAVANT_CURRENT_SEASON,2026-08-23T07:38:37+00:00,SAVANT_BATTER_PROFILE_SCHEMA_V1,CURRENT
803011,"Antonacci, Sam",2026,430,68,15.8,7.7,15.4,42.3,0.344,0.275,0.397,34.1,5.6,97.815849338,,,,0.34,BASEBALL_SAVANT_CURRENT_SEASON,2026-08-23T07:38:37+00:00,SAVANT_BATTER_PROFILE_SCHEMA_V1,CURRENT
666018,"Aranda, Jonathan",2026,545,128,23.5,10.6,22.0,46.5,0.349,0.263,0.444,45.7,10.0,100.7793724,,,,0.346,BASEBALL_SAVANT_CURRENT_SEASON,2026-08-23T07:38:37+00:00,SAVANT_BATTER_PROFILE_SCHEMA_V1,CURRENT
606115,"Arcia, Orlando",2026,50,8,16.0,4.0,22.1,51.2,0.245,0.223,0.298,25.0,2.5,95.6116485,,,,0.29,BASEBALL_SAVANT_CURRENT_SEASON,2026-08-23T07:38:37+00:00,SAVANT_BATTER_PROFILE_SCHEMA_V1,CURRENT
571448,"Arenado, Nolan",2026,468,97,20.7,9.0,23.7,45.5,0.297,0.231,0.358,32.1,6.8,96.946828012,,,,0.331,BASEBALL_SAVANT_CURRENT_SEASON,2026-08-23T07:38:37+00:00,SAVANT_BATTER_PROFILE_SCHEMA_V1,CURRENT
672356,"Arias, Gabriel",2026,139,58,41.7,5.0,46.5,52.7,0.274,0.22,0.379,44.6,10.8,102.569431622,,,,0.28,BASEBALL_SAVANT_CURRENT_SEASON,2026-08-23T07:38:37+00:00,SAVANT_BATTER_PROFILE_SCHEMA_V1,CURRENT
668227,"Arozarena, Randy",2026,521,111,21.3,9.2,26.6,46.6,0.344,0.261,0.413,42.7,7.3,100.442507485,,,,0.358,BASEBALL_SAVANT_CURRENT_SEASON,2026-08-23T07:38:37+00:00,SAVANT_BATTER_PROFILE_SCHEMA_V1,CURRENT
650333,"Arraez, Luis",2026,538,24,4.5,5.0,7.8,49.2,0.309,0.291,0.384,20.1,1.2,94.183903782,,,,0.344,BASEBALL_SAVANT_CURRENT_SEASON,2026-08-23T07:38:37+00:00,SAVANT_BATTER_PROFILE_SCHEMA_V1,CURRENT
695490,"Arroyo, Edwin",2026,142,31,21.8,3.5,25.4,58.8,0.307,0.289,0.367,26.2,2.0,95.895507708,,,,0.257,BASEBALL_SAVANT_CURRENT_SEASON,2026-08-23T07:38:37+00:00,SAVANT_BATTER_PROFILE_SCHEMA_V1,CURRENT
640492,"Azócar, José",2026,18,4,22.2,5.6,27.5,58.0,0.298,0.282,0.345,23.1,0.0,96.457345,,,,0.377,BASEBALL_SAVANT_CURRENT_SEASON,2026-08-23T07:38:37+00:00,SAVANT_BATTER_PROFILE_SCHEMA_V1,CURRENT
664056,"Bader, Harrison",2026,111,34,30.6,3.6,32.0,53.4,0.272,0.215,0.367,41.1,8.2,99.221853514,,,,0.238,BASEBALL_SAVANT_CURRENT_SEASON,2026-08-23T07:38:37+00:00,SAVANT_BATTER_PROFILE_SCHEMA_V1,CURRENT
678225,"Bae, Jihwan",2026,4,1,25.0,0.0,28.6,53.8,0.361,0.193,0.195,0.0,0.0,,,,,0.539,BASEBALL_SAVANT_CURRENT_SEASON,2026-08-23T07:38:37+00:00,SAVANT_BATTER_PROFILE_SCHEMA_V1,CURRENT
672275,"Bailey, Patrick",2026,274,69,25.2,7.3,26.4,50.2,0.295,0.233,0.389,41.6,7.1,99.926545556,,,,0.25,BASEBALL_SAVANT_CURRENT_SEASON,2026-08-23T07:38:37+00:00,SAVANT_BATTER_PROFILE_SCHEMA_V1,CURRENT
663609,"Baker, Luken",2026,5,3,60.0,0.0,50.0,33.3,0.123,0.132,0.15,50.0,0.0,106.78027,,,,0.178,BASEBALL_SAVANT_CURRENT_SEASON,2026-08-23T07:38:37+00:00,SAVANT_BATTER_PROFILE_SCHEMA_V1,CURRENT
686948,"Baldwin, Drake",2026,470,98,20.9,9.8,23.5,50.2,0.371,0.279,0.499,52.0,13.2,102.450135875,,,,0.349,BASEBALL_SAVANT_CURRENT_SEASON,2026-08-23T07:38:37+00:00,SAVANT_BATTER_PROFILE_SCHEMA_V1,CURRENT
694208,"Ballesteros, Moisés",2026,240,51,21.3,9.2,27.3,49.2,0.302,0.233,0.378,47.3,9.0,101.395825783,,,,0.267,BASEBALL_SAVANT_CURRENT_SEASON,2026-08-23T07:38:37+00:00,SAVANT_BATTER_PROFILE_SCHEMA_V1,CURRENT
677943,"Banfield, Will",2026,1,1,100.0,0.0,33.3,75.0,0.0,0.0,0.0,,,,,,,0.0,BASEBALL_SAVANT_CURRENT_SEASON,2026-08-23T07:38:37+00:00,SAVANT_BATTER_PROFILE_SCHEMA_V1,CURRENT
680718,"Barger, Addison",2026,28,7,25.0,17.9,23.1,43.7,0.255,0.131,0.185,50.0,0.0,101.06417375,,,,0.17,BASEBALL_SAVANT_CURRENT_SEASON,2026-08-23T07:38:37+00:00,SAVANT_BATTER_PROFILE_SCHEMA_V1,CURRENT
678489,"Barrosa, Jorge",2026,157,42,26.8,8.9,26.9,44.3,0.235,0.163,0.254,25.3,5.1,96.017479048,,,,0.278,BASEBALL_SAVANT_CURRENT_SEASON,2026-08-23T07:38:37+00:00,SAVANT_BATTER_PROFILE_SCHEMA_V1,CURRENT
663698,"Bart, Joey",2026,128,35,27.3,5.5,29.2,47.6,0.295,0.203,0.362,34.6,7.7,98.428942564,,,,0.298,BASEBALL_SAVANT_CURRENT_SEASON,2026-08-23T07:38:37+00:00,SAVANT_BATTER_PROFILE_SCHEMA_V1,CURRENT
678545,"Basabe, Osleivis",2026,72,13,18.1,1.4,23.9,51.9,0.275,0.231,0.374,39.3,9.1,99.28195,,,,0.286,BASEBALL_SAVANT_CURRENT_SEASON,2026-08-23T07:38:37+00:00,SAVANT_BATTER_PROFILE_SCHEMA_V1,CURRENT
694212,"Basallo, Samuel",2026,322,85,26.4,8.1,32.2,53.6,0.332,0.246,0.463,45.5,13.0,102.752677115,,,,0.319,BASEBALL_SAVANT_CURRENT_SEASON,2026-08-23T07:38:37+00:00,SAVANT_BATTER_PROFILE_SCHEMA_V1,CURRENT
703520,"Bateman, Brett",2026,56,11,19.6,5.4,18.2,47.6,0.262,0.241,0.301,14.3,0.0,92.669626842,,,,0.324,BASEBALL_SAVANT_CURRENT_SEASON,2026-08-23T07:38:37+00:00,SAVANT_BATTER_PROFILE_SCHEMA_V1,CURRENT
683146,"Baty, Brett",2026,395,110,27.8,8.6,29.0,49.2,0.304,0.232,0.381,41.7,9.3,101.198312927,,,,0.277,BASEBALL_SAVANT_CURRENT_SEASON,2026-08-23T07:38:37+00:00,SAVANT_BATTER_PROFILE_SCHEMA_V1,CURRENT
641343,"Bauers, Jake",2026,465,119,25.6,14.6,28.1,40.9,0.369,0.258,0.477,53.1,13.9,103.451569706,,,,0.382,BASEBALL_SAVANT_CURRENT_SEASON,2026-08-23T07:38:37+00:00,SAVANT_BATTER_PROFILE_SCHEMA_V1,CURRENT
683953,"Bazzana, Travis",2026,405,88,21.7,11.4,24.9,44.6,0.302,0.228,0.352,36.2,4.9,98.450384436,,,,0.316,BASEBALL_SAVANT_CURRENT_SEASON,2026-08-23T07:38:37+00:00,SAVANT_BATTER_PROFILE_SCHEMA_V1,CURRENT
687637,"Beavers, Dylan",2026,243,65,26.7,9.5,24.5,41.5,0.305,0.231,0.38,40.5,7.2,99.826567368,,,,0.311,BASEBALL_SAVANT_CURRENT_SEASON,2026-08-23T07:38:37+00:00,SAVANT_BATTER_PROFILE_SCHEMA_V1,CURRENT
687597,"Beck, Jordan",2026,126,35,27.8,7.1,29.8,52.3,0.249,0.206,0.293,30.5,4.9,97.75303675,,,,0.246,BASEBALL_SAVANT_CURRENT_SEASON,2026-08-23T07:38:37+00:00,SAVANT_BATTER_PROFILE_SCHEMA_V1,CURRENT
605137,"Bell, Josh",2026,503,104,20.7,8.2,23.8,50.1,0.33,0.251,0.443,41.8,9.9,100.218432881,,,,0.329,BASEBALL_SAVANT_CURRENT_SEASON,2026-08-23T07:38:37+00:00,SAVANT_BATTER_PROFILE_SCHEMA_V1,CURRENT
641355,"Bellinger, Cody",2026,434,70,16.1,12.7,20.3,45.7,0.35,0.277,0.419,37.3,6.2,98.527418235,,,,0.34,BASEBALL_SAVANT_CURRENT_SEASON,2026-08-23T07:38:37+00:00,SAVANT_BATTER_PROFILE_SCHEMA_V1,CURRENT
701807,"Benge, Carson",2026,507,109,21.5,7.3,20.8,45.9,0.34,0.279,0.437,41.1,7.4,99.972125625,,,,0.331,BASEBALL_SAVANT_CURRENT_SEASON,2026-08-23T07:38:37+00:00,SAVANT_BATTER_PROFILE_SCHEMA_V1,CURRENT
643217,"Benintendi, Andrew",2026,381,91,23.9,8.4,29.3,51.8,0.314,0.247,0.408,44.1,8.7,98.984790873,,,,0.317,BASEBALL_SAVANT_CURRENT_SEASON,2026-08-23T07:38:37+00:00,SAVANT_BATTER_PROFILE_SCHEMA_V1,CURRENT
666181,"Benson, Will",2026,114,38,33.3,14.0,36.1,43.4,0.3,0.189,0.355,37.9,12.7,100.247945926,,,,0.29,BASEBALL_SAVANT_CURRENT_SEASON,2026-08-23T07:38:37+00:00,SAVANT_BATTER_PROFILE_SCHEMA_V1,CURRENT
682674,"Bericoto, Victor",2026,81,23,28.4,1.2,28.8,56.9,0.286,0.216,0.452,50.9,14.0,100.740494138,,,,0.299,BASEBALL_SAVANT_CURRENT_SEASON,2026-08-23T07:38:37+00:00,SAVANT_BATTER_PROFILE_SCHEMA_V1,CURRENT
672642,"Berroa, Steward",2026,7,4,57.1,0.0,7.7,56.5,0.211,0.226,0.27,0.0,0.0,91.46216,,,,0.127,BASEBALL_SAVANT_CURRENT_SEASON,2026-08-23T07:38:37+00:00,SAVANT_BATTER_PROFILE_SCHEMA_V1,CURRENT
605141,"Betts, Mookie",2026,387,44,11.4,7.2,12.4,42.4,0.328,0.275,0.43,38.5,7.6,98.660683758,,,,0.306,BASEBALL_SAVANT_CURRENT_SEASON,2026-08-23T07:38:37+00:00,SAVANT_BATTER_PROFILE_SCHEMA_V1,CURRENT
666182,"Bichette, Bo",2026,552,100,18.1,6.5,19.6,53.3,0.324,0.279,0.412,40.8,6.3,100.621555314,,,,0.31,BASEBALL_SAVANT_CURRENT_SEASON,2026-08-23T07:38:37+00:00,SAVANT_BATTER_PROFILE_SCHEMA_V1,CURRENT
672012,"Black, Tyler",2026,28,7,25.0,3.6,23.1,53.6,0.191,0.17,0.229,15.0,0.0,94.187515,,,,0.364,BASEBALL_SAVANT_CURRENT_SEASON,2026-08-23T07:38:37+00:00,SAVANT_BATTER_PROFILE_SCHEMA_V1,CURRENT
668709,"Bleday, JJ",2026,419,93,22.2,14.1,26.7,46.3,0.345,0.238,0.427,40.7,9.5,100.005514962,,,,0.334,BASEBALL_SAVANT_CURRENT_SEASON,2026-08-23T07:38:37+00:00,SAVANT_BATTER_PROFILE_SCHEMA_V1,CURRENT
669208,"Bliss, Ryan",2026,10,3,30.0,10.0,37.5,53.3,0.27,0.203,0.295,66.7,0.0,98.87164,,,,0.159,BASEBALL_SAVANT_CURRENT_SEASON,2026-08-23T07:38:37+00:00,SAVANT_BATTER_PROFILE_SCHEMA_V1,CURRENT
593428,"Bogaerts, Xander",2026,485,87,17.9,12.2,22.9,41.4,0.322,0.245,0.374,40.6,6.3,99.921247246,,,,0.292,BASEBALL_SAVANT_CURRENT_SEASON,2026-08-23T07:38:37+00:00,SAVANT_BATTER_PROFILE_SCHEMA_V1,CURRENT
664761,"Bohm, Alec",2026,505,69,13.7,6.3,16.1,46.5,0.32,0.261,0.41,42.4,5.8,100.122809394,,,,0.304,BASEBALL_SAVANT_CURRENT_SEASON,2026-08-23T07:38:37+00:00,SAVANT_BATTER_PROFILE_SCHEMA_V1,CURRENT
703607,"Bolte, Henry",2026,322,87,27.0,6.8,33.2,50.8,0.304,0.24,0.358,47.5,7.0,104.388681818,,,,0.318,BASEBALL_SAVANT_CURRENT_SEASON,2026-08-23T07:38:37+00:00,SAVANT_BATTER_PROFILE_SCHEMA_V1,CURRENT
687749,"Bowen, Jase",2026,81,30,37.0,2.5,36.7,51.7,0.267,0.215,0.358,36.2,10.9,99.988336667,,,,0.216,BASEBALL_SAVANT_CURRENT_SEASON,2026-08-23T07:38:37+00:00,SAVANT_BATTER_PROFILE_SCHEMA_V1,CURRENT
687394,"Brannigan, Jack",2026,1,1,100.0,0.0,100.0,100.0,0.0,0.0,0.0,,,,,,,0.0,BASEBALL_SAVANT_CURRENT_SEASON,2026-08-23T07:38:37+00:00,SAVANT_BATTER_PROFILE_SCHEMA_V1,CURRENT
608324,"Bregman, Alex",2026,576,90,15.6,10.9,15.7,41.4,0.316,0.245,0.373,38.3,5.1,97.977092367,,,,0.337,BASEBALL_SAVANT_CURRENT_SEASON,2026-08-23T07:38:37+00:00,SAVANT_BATTER_PROFILE_SCHEMA_V1,CURRENT
686823,"Brennan, Will",2026,23,3,13.0,0.0,8.0,64.9,0.178,0.174,0.238,25.0,0.0,94.760291,,,,0.077,BASEBALL_SAVANT_CURRENT_SEASON,2026-08-23T07:38:37+00:00,SAVANT_BATTER_PROFILE_SCHEMA_V1,CURRENT
681146,"Bride, Jonah",2026,6,2,33.3,16.7,28.6,31.8,0.229,0.109,0.213,66.7,0.0,96.393975,,,,0.265,BASEBALL_SAVANT_CURRENT_SEASON,2026-08-23T07:38:37+00:00,SAVANT_BATTER_PROFILE_SCHEMA_V1,CURRENT
682877,"Brito, Juan",2026,56,17,30.4,7.1,32.5,48.5,0.256,0.205,0.287,32.4,2.9,97.150075882,,,,0.232,BASEBALL_SAVANT_CURRENT_SEASON,2026-08-23T07:38:37+00:00,SAVANT_BATTER_PROFILE_SCHEMA_V1,CURRENT
660644,"Bruján, Vidal",2026,13,1,7.7,7.7,22.7,56.4,0.213,0.164,0.231,9.1,0.0,92.2605,,,,0.132,BASEBALL_SAVANT_CURRENT_SEASON,2026-08-23T07:38:37+00:00,SAVANT_BATTER_PROFILE_SCHEMA_V1,CURRENT
669394,"Burger, Jake",2026,488,131,26.8,7.4,33.9,50.5,0.3,0.23,0.395,46.2,10.8,102.437997468,,,,0.311,BASEBALL_SAVANT_CURRENT_SEASON,2026-08-23T07:38:37+00:00,SAVANT_BATTER_PROFILE_SCHEMA_V1,CURRENT
676475,"Burleson, Alec",2026,546,91,16.7,8.4,22.0,52.7,0.384,0.297,0.538,49.4,11.4,102.25410199,,,,0.364,BASEBALL_SAVANT_CURRENT_SEASON,2026-08-23T07:38:37+00:00,SAVANT_BATTER_PROFILE_SCHEMA_V1,CURRENT
683737,"Busch, Michael",2026,569,127,22.3,12.3,25.1,43.9,0.33,0.234,0.402,39.3,8.9,98.7327395,,,,0.331,BASEBALL_SAVANT_CURRENT_SEASON,2026-08-23T07:38:37+00:00,SAVANT_BATTER_PROFILE_SCHEMA_V1,CURRENT
671732,"Butler, Lawrence",2026,397,100,25.2,11.3,27.2,46.6,0.314,0.238,0.379,44.8,7.6,101.458247742,,,,0.295,BASEBALL_SAVANT_CURRENT_SEASON,2026-08-23T07:38:37+00:00,SAVANT_BATTER_PROFILE_SCHEMA_V1,CURRENT
621439,"Buxton, Byron",2026,391,95,24.3,7.2,31.5,53.0,0.344,0.248,0.494,46.9,16.5,101.649957099,,,,0.356,BASEBALL_SAVANT_CURRENT_SEASON,2026-08-23T07:38:37+00:00,SAVANT_BATTER_PROFILE_SCHEMA_V1,CURRENT
595879,"Báez, Javier",2026,148,27,18.2,2.7,27.3,55.0,0.269,0.252,0.318,32.2,1.8,96.80457614,,,,0.281,BASEBALL_SAVANT_CURRENT_SEASON,2026-08-23T07:38:37+00:00,SAVANT_BATTER_PROFILE_SCHEMA_V1,CURRENT
695491,"Báez, Joshua",2026,33,10,30.3,9.1,29.5,52.1,0.375,0.243,0.576,63.2,21.1,104.145565,,,,0.361,BASEBALL_SAVANT_CURRENT_SEASON,2026-08-23T07:38:37+00:00,SAVANT_BATTER_PROFILE_SCHEMA_V1,CURRENT
676609,"Caballero, José",2026,369,89,24.1,6.2,27.7,50.2,0.282,0.23,0.341,25.2,4.4,95.887448291,,,,0.298,BASEBALL_SAVANT_CURRENT_SEASON,2026-08-23T07:38:37+00:00,SAVANT_BATTER_PROFILE_SCHEMA_V1,CURRENT
665828,"Cabrera, Oswaldo",2026,11,4,36.4,0.0,15.8,52.8,0.148,0.158,0.187,42.9,0.0,97.676703333,,,,0.0,BASEBALL_SAVANT_CURRENT_SEASON,2026-08-23T07:38:37+00:00,SAVANT_BATTER_PROFILE_SCHEMA_V1,CURRENT
695506,"Caglianone, Jac",2026,465,120,25.8,6.2,28.7,53.8,0.363,0.282,0.516,55.0,14.5,105.63312391,,,,0.353,BASEBALL_SAVANT_CURRENT_SEASON,2026-08-23T07:38:37+00:00,SAVANT_BATTER_PROFILE_SCHEMA_V1,CURRENT
683357,"Caissie, Owen",2026,292,111,38.0,7.5,35.5,46.7,0.3,0.209,0.406,46.5,14.8,101.912624935,,,,0.307,BASEBALL_SAVANT_CURRENT_SEASON,2026-08-23T07:38:37+00:00,SAVANT_BATTER_PROFILE_SCHEMA_V1,CURRENT
669743,"Call, Alex",2026,155,27,17.4,11.6,16.4,43.1,0.274,0.209,0.266,17.9,1.9,93.269416226,,,,0.314,BASEBALL_SAVANT_CURRENT_SEASON,2026-08-23T07:38:37+00:00,SAVANT_BATTER_PROFILE_SCHEMA_V1,CURRENT
814430,"Callahan, Brett",2026,13,3,23.1,0.0,4.8,60.0,0.374,0.309,0.575,40.0,10.0,99.852828,,,,0.417,BASEBALL_SAVANT_CURRENT_SEASON,2026-08-23T07:38:37+00:00,SAVANT_BATTER_PROFILE_SCHEMA_V1,CURRENT
682997,"Callihan, Tyler",2026,107,38,35.5,8.4,34.3,55.0,0.252,0.185,0.296,27.1,6.8,96.384928276,,,,0.294,BASEBALL_SAVANT_CURRENT_SEASON,2026-08-23T07:38:37+00:00,SAVANT_BATTER_PROFILE_SCHEMA_V1,CURRENT
665856,"Camargo, Jair",2026,2,1,50.0,0.0,50.0,57.1,0.407,0.322,0.648,100.0,100.0,108.08881,,,,0.63,BASEBALL_SAVANT_CURRENT_SEASON,2026-08-23T07:38:37+00:00,SAVANT_BATTER_PROFILE_SCHEMA_V1,CURRENT
663662,"Cameron, Daz",2026,11,3,27.3,0.0,19.0,50.0,0.38,0.295,0.617,25.0,25.0,99.5867825,,,,0.463,BASEBALL_SAVANT_CURRENT_SEASON,2026-08-23T07:38:37+00:00,SAVANT_BATTER_PROFILE_SCHEMA_V1,CURRENT
691406,"Caminero, Junior",2026,559,104,18.6,11.8,24.4,43.4,0.365,0.271,0.498,50.3,13.4,105.554068557,,,,0.381,BASEBALL_SAVANT_CURRENT_SEASON,2026-08-23T07:38:37+00:00,SAVANT_BATTER_PROFILE_SCHEMA_V1,CURRENT
669134,"Campusano, Luis",2026,157,33,21.0,14.0,25.4,44.6,0.351,0.255,0.416,44.0,10.1,99.9144882,,,,0.397,BASEBALL_SAVANT_CURRENT_SEASON,2026-08-23T07:38:37+00:00,SAVANT_BATTER_PROFILE_SCHEMA_V1,CURRENT
600869,"Candelario, Jeimer",2026,20,8,40.0,5.0,50.0,55.4,0.218,0.167,0.213,40.0,0.0,98.451112,,,,0.197,BASEBALL_SAVANT_CURRENT_SEASON,2026-08-23T07:38:37+00:00,SAVANT_BATTER_PROFILE_SCHEMA_V1,CURRENT
686527,"Canzone, Dominic",2026,390,83,21.3,9.2,28.0,47.3,0.355,0.268,0.482,44.9,12.4,102.272682537,,,,0.354,BASEBALL_SAVANT_CURRENT_SEASON,2026-08-23T07:38:37+00:00,SAVANT_BATTER_PROFILE_SCHEMA_V1,CURRENT
605170,"Caratini, Victor",2026,335,67,20.0,9.6,21.6,41.6,0.321,0.237,0.383,39.4,6.6,98.558516372,,,,0.291,BASEBALL_SAVANT_CURRENT_SEASON,2026-08-23T07:38:37+00:00,SAVANT_BATTER_PROFILE_SCHEMA_V1,CURRENT
666185,"Carlson, Dylan",2026,4,2,50.0,0.0,33.3,30.0,0.07,0.067,0.096,0.0,0.0,88.16488,,,,0.0,BASEBALL_SAVANT_CURRENT_SEASON,2026-08-23T07:38:37+00:00,SAVANT_BATTER_PROFILE_SCHEMA_V1,CURRENT
681481,"Carpenter, Kerry",2026,259,75,29.0,6.9,28.6,50.2,0.295,0.212,0.388,44.0,9.6,99.080080759,,,,0.301,BASEBALL_SAVANT_CURRENT_SEASON,2026-08-23T07:38:37+00:00,SAVANT_BATTER_PROFILE_SCHEMA_V1,CURRENT
694249,"Carrigg, Cole",2026,236,50,21.2,10.6,24.4,51.3,0.326,0.26,0.385,31.8,4.5,97.967220649,,,,0.36,BASEBALL_SAVANT_CURRENT_SEASON,2026-08-23T07:38:37+00:00,SAVANT_BATTER_PROFILE_SCHEMA_V1,CURRENT
682998,"Carroll, Corbin",2026,543,117,21.5,12.0,27.2,45.1,0.346,0.249,0.441,48.4,11.7,101.854689943,,,,0.359,BASEBALL_SAVANT_CURRENT_SEASON,2026-08-23T07:38:37+00:00,SAVANT_BATTER_PROFILE_SCHEMA_V1,CURRENT
694497,"Carter, Evan",2026,368,89,24.2,11.4,28.8,40.3,0.284,0.201,0.324,36.1,5.6,98.897293,,,,0.284,BASEBALL_SAVANT_CURRENT_SEASON,2026-08-23T07:38:37+00:00,SAVANT_BATTER_PROFILE_SCHEMA_V1,CURRENT
592206,"Castellanos, Nick",2026,122,34,27.9,4.1,33.5,57.0,0.285,0.244,0.4,37.3,8.4,98.254014286,,,,0.238,BASEBALL_SAVANT_CURRENT_SEASON,2026-08-23T07:38:37+00:00,SAVANT_BATTER_PROFILE_SCHEMA_V1,CURRENT
650489,"Castro, Willi",2026,434,117,27.0,8.5,30.6,53.9,0.309,0.233,0.395,41.5,8.4,100.67775637,,,,0.333,BASEBALL_SAVANT_CURRENT_SEASON,2026-08-23T07:38:37+00:00,SAVANT_BATTER_PROFILE_SCHEMA_V1,CURRENT
695508,"Cauley, Cam",2026,65,15,23.1,7.7,31.9,47.7,0.235,0.192,0.238,20.5,0.0,94.600854545,,,,0.279,BASEBALL_SAVANT_CURRENT_SEASON,2026-08-23T07:38:37+00:00,SAVANT_BATTER_PROFILE_SCHEMA_V1,CURRENT
701852,"Cavanaugh, Drew",2026,99,24,24.2,13.1,26.3,47.4,0.31,0.238,0.336,25.8,3.3,97.613328621,,,,0.272,BASEBALL_SAVANT_CURRENT_SEASON,2026-08-23T07:38:37+00:00,SAVANT_BATTER_PROFILE_SCHEMA_V1,CURRENT
665953,"Chaparro, Andrés",2026,144,33,22.9,11.8,31.4,46.9,0.371,0.248,0.494,47.8,14.4,101.685244222,,,,0.378,BASEBALL_SAVANT_CURRENT_SEASON,2026-08-23T07:38:37+00:00,SAVANT_BATTER_PROFILE_SCHEMA_V1,CURRENT
656305,"Chapman, Matt",2026,352,81,23.0,10.5,23.1,44.5,0.286,0.21,0.319,35.8,6.6,99.903629381,,,,0.309,BASEBALL_SAVANT_CURRENT_SEASON,2026-08-23T07:38:37+00:00,SAVANT_BATTER_PROFILE_SCHEMA_V1,CURRENT
691907,"Cheng, Tsung-Che",2026,44,14,31.8,9.1,36.3,48.5,0.303,0.237,0.392,23.1,7.7,95.6115125,,,,0.274,BASEBALL_SAVANT_CURRENT_SEASON,2026-08-23T07:38:37+00:00,SAVANT_BATTER_PROFILE_SCHEMA_V1,CURRENT
665862,"Chisholm Jr., Jazz",2026,466,143,30.7,10.1,31.3,45.4,0.289,0.21,0.364,42.2,9.1,100.300180827,,,,0.297,BASEBALL_SAVANT_CURRENT_SEASON,2026-08-23T07:38:37+00:00,SAVANT_BATTER_PROFILE_SCHEMA_V1,CURRENT
694192,"Chourio, Jackson",2026,428,104,24.3,8.4,24.9,47.4,0.342,0.259,0.478,47.4,13.3,102.322923636,,,,0.35,BASEBALL_SAVANT_CURRENT_SEASON,2026-08-23T07:38:37+00:00,SAVANT_BATTER_PROFILE_SCHEMA_V1,CURRENT
701675,"Church, Nathan",2026,355,68,19.2,5.4,21.5,56.7,0.285,0.241,0.36,30.2,6.4,97.385362813,,,,0.279,BASEBALL_SAVANT_CURRENT_SEASON,2026-08-23T07:38:37+00:00,SAVANT_BATTER_PROFILE_SCHEMA_V1,CURRENT
703601,"Clark, Max",2026,79,17,21.5,6.3,15.9,51.7,0.301,0.271,0.35,35.7,1.8,97.43513,,,,0.314,BASEBALL_SAVANT_CURRENT_SEASON,2026-08-23T07:38:37+00:00,SAVANT_BATTER_PROFILE_SCHEMA_V1,CURRENT
672016,"Clarke, Denzel",2026,60,24,40.0,6.7,35.8,45.0,0.193,0.163,0.19,46.9,3.2,103.213863571,,,,0.196,BASEBALL_SAVANT_CURRENT_SEASON,2026-08-23T07:38:37+00:00,SAVANT_BATTER_PROFILE_SCHEMA_V1,CURRENT
682729,"Clase, Jonatan",2026,25,8,32.0,12.0,30.6,43.0,0.247,0.171,0.267,35.7,0.0,96.624655714,,,,0.39,BASEBALL_SAVANT_CURRENT_SEASON,2026-08-23T07:38:37+00:00,SAVANT_BATTER_PROFILE_SCHEMA_V1,CURRENT
665019,"Clemens, Kody",2026,452,102,22.6,6.2,25.3,50.0,0.33,0.249,0.452,46.2,12.1,101.202905321,,,,0.327,BASEBALL_SAVANT_CURRENT_SEASON,2026-08-23T07:38:37+00:00,SAVANT_BATTER_PROFILE_SCHEMA_V1,CURRENT
676391,"Clement, Ernie",2026,506,49,9.7,3.6,16.4,57.4,0.27,0.252,0.334,20.4,2.3,94.148902811,,,,0.311,BASEBALL_SAVANT_CURRENT_SEASON,2026-08-23T07:38:37+00:00,SAVANT_BATTER_PROFILE_SCHEMA_V1,CURRENT
805904,"Cole, Zach",2026,53,21,39.6,1.9,43.3,44.3,0.289,0.209,0.438,50.0,16.7,102.600134,,,,0.234,BASEBALL_SAVANT_CURRENT_SEASON,2026-08-23T07:38:37+00:00,SAVANT_BATTER_PROFILE_SCHEMA_V1,CURRENT
686555,"Collins, Isaac",2026,426,94,22.1,11.7,21.5,40.1,0.301,0.228,0.322,40.2,5.8,99.986284338,,,,0.306,BASEBALL_SAVANT_CURRENT_SEASON,2026-08-23T07:38:37+00:00,SAVANT_BATTER_PROFILE_SCHEMA_V1,CURRENT
624424,"Conforto, Michael",2026,230,68,29.6,11.7,29.6,43.7,0.312,0.218,0.4,42.9,11.3,100.495298507,,,,0.321,BASEBALL_SAVANT_CURRENT_SEASON,2026-08-23T07:38:37+00:00,SAVANT_BATTER_PROFILE_SCHEMA_V1,CURRENT
665052,"Conine, Griffin",2026,202,62,30.7,11.4,38.1,48.1,0.383,0.267,0.53,54.4,16.7,104.62234807,,,,0.389,BASEBALL_SAVANT_CURRENT_SEASON,2026-08-23T07:38:37+00:00,SAVANT_BATTER_PROFILE_SCHEMA_V1,CURRENT
661388,"Contreras, William",2026,513,71,13.8,9.4,20.3,46.9,0.336,0.263,0.44,44.1,7.9,101.261867231,,,,0.318,BASEBALL_SAVANT_CURRENT_SEASON,2026-08-23T07:38:37+00:00,SAVANT_BATTER_PROFILE_SCHEMA_V1,CURRENT
575929,"Contreras, Willson",2026,483,122,25.3,11.4,31.1,48.7,0.386,0.261,0.505,44.9,14.5,102.920457447,,,,0.404,BASEBALL_SAVANT_CURRENT_SEASON,2026-08-23T07:38:37+00:00,SAVANT_BATTER_PROFILE_SCHEMA_V1,CURRENT
695257,"Cook, Billy",2026,49,19,38.8,2.0,33.7,59.8,0.155,0.144,0.189,20.7,0.0,95.43174,,,,0.2,BASEBALL_SAVANT_CURRENT_SEASON,2026-08-23T07:38:37+00:00,SAVANT_BATTER_PROFILE_SCHEMA_V1,CURRENT
621043,"Correa, Carlos",2026,141,26,18.4,12.8,22.9,45.0,0.364,0.289,0.459,41.2,10.3,101.668709184,,,,0.347,BASEBALL_SAVANT_CURRENT_SEASON,2026-08-23T07:38:37+00:00,SAVANT_BATTER_PROFILE_SCHEMA_V1,CURRENT
666126,"Cortes, Carlos",2026,295,44,14.9,9.2,21.2,44.8,0.321,0.257,0.393,37.4,6.4,99.361443945,,,,0.328,BASEBALL_SAVANT_CURRENT_SEASON,2026-08-23T07:38:37+00:00,SAVANT_BATTER_PROFILE_SCHEMA_V1,CURRENT
681297,"Cowser, Colton",2026,307,94,30.6,12.1,33.4,43.9,0.317,0.212,0.413,38.9,10.9,100.259811279,,,,0.299,BASEBALL_SAVANT_CURRENT_SEASON,2026-08-23T07:38:37+00:00,SAVANT_BATTER_PROFILE_SCHEMA_V1,CURRENT
813841,"Cox, Jonah",2026,46,25,54.3,0.0,44.7,57.9,0.215,0.183,0.324,38.1,9.5,99.957572222,,,,0.275,BASEBALL_SAVANT_CURRENT_SEASON,2026-08-23T07:38:37+00:00,SAVANT_BATTER_PROFILE_SCHEMA_V1,CURRENT
641487,"Crawford, J.P.",2026,364,74,20.3,13.7,17.8,38.5,0.325,0.24,0.365,35.3,6.4,98.28603181,,,,0.308,BASEBALL_SAVANT_CURRENT_SEASON,2026-08-23T07:38:37+00:00,SAVANT_BATTER_PROFILE_SCHEMA_V1,CURRENT
702222,"Crawford, Justin",2026,377,68,18.0,5.6,18.4,53.8,0.281,0.256,0.319,34.7,1.4,98.15316375,,,,0.298,BASEBALL_SAVANT_CURRENT_SEASON,2026-08-23T07:38:37+00:00,SAVANT_BATTER_PROFILE_SCHEMA_V1,CURRENT
686611,"Crews, Dylan",2026,314,76,24.2,6.7,30.6,52.0,0.316,0.235,0.421,44.3,10.0,101.170383462,,,,0.283,BASEBALL_SAVANT_CURRENT_SEASON,2026-08-23T07:38:37+00:00,SAVANT_BATTER_PROFILE_SCHEMA_V1,CURRENT
630105,"Cronenworth, Jake",2026,295,65,22.0,9.8,22.6,45.7,0.286,0.223,0.314,30.6,3.6,97.439356526,,,,0.282,BASEBALL_SAVANT_CURRENT_SEASON,2026-08-23T07:38:37+00:00,SAVANT_BATTER_PROFILE_SCHEMA_V1,CURRENT
699625,"Crooks, Jimmy",2026,136,43,31.6,6.6,33.9,50.1,0.287,0.196,0.378,47.5,10.1,100.82635275,,,,0.253,BASEBALL_SAVANT_CURRENT_SEASON,2026-08-23T07:38:37+00:00,SAVANT_BATTER_PROFILE_SCHEMA_V1,CURRENT
691718,"Crow-Armstrong, Pete",2026,575,154,26.8,12.0,27.2,49.3,0.359,0.25,0.469,49.0,12.3,101.878207485,,,,0.396,BASEBALL_SAVANT_CURRENT_SEASON,2026-08-23T07:38:37+00:00,SAVANT_BATTER_PROFILE_SCHEMA_V1,CURRENT
665833,"Cruz, Oneil",2026,295,101,34.2,11.2,37.0,43.7,0.365,0.256,0.506,58.2,17.3,107.059209359,,,,0.366,BASEBALL_SAVANT_CURRENT_SEASON,2026-08-23T07:38:37+00:00,SAVANT_BATTER_PROFILE_SCHEMA_V1,CURRENT
669360,"Cruz, Trei",2026,5,3,60.0,0.0,40.0,47.6,0.097,0.096,0.127,50.0,0.0,99.40521,,,,0.0,BASEBALL_SAVANT_CURRENT_SEASON,2026-08-23T07:38:37+00:00,SAVANT_BATTER_PROFILE_SCHEMA_V1,CURRENT
701785,"Culpepper, Kaelen",2026,43,13,30.2,4.7,29.8,50.0,0.303,0.251,0.365,42.3,4.0,98.863211538,,,,0.33,BASEBALL_SAVANT_CURRENT_SEASON,2026-08-23T07:38:37+00:00,SAVANT_BATTER_PROFILE_SCHEMA_V1,CURRENT
680779,"Davis, Henry",2026,257,55,21.4,8.9,25.2,53.2,0.286,0.2,0.334,39.0,8.7,100.31338631,,,,0.258,BASEBALL_SAVANT_CURRENT_SEASON,2026-08-23T07:38:37+00:00,SAVANT_BATTER_PROFILE_SCHEMA_V1,CURRENT
650559,"De La Cruz, Bryan",2026,37,8,21.6,5.4,29.7,56.1,0.337,0.265,0.429,40.0,8.0,98.953397692,,,,0.414,BASEBALL_SAVANT_CURRENT_SEASON,2026-08-23T07:38:37+00:00,SAVANT_BATTER_PROFILE_SCHEMA_V1,CURRENT
682829,"De La Cruz, Elly",2026,491,134,27.3,11.0,28.0,41.1,0.356,0.266,0.463,51.2,13.6,104.739789592,,,,0.35,BASEBALL_SAVANT_CURRENT_SEASON,2026-08-23T07:38:37+00:00,SAVANT_BATTER_PROFILE_SCHEMA_V1,CURRENT
691277,"De Los Santos, Deyvison",2026,7,3,42.9,0.0,31.6,55.9,0.221,0.201,0.314,25.0,25.0,99.59281,,,,0.307,BASEBALL_SAVANT_CURRENT_SEASON,2026-08-23T07:38:37+00:00,SAVANT_BATTER_PROFILE_SCHEMA_V1,CURRENT
800050,"DeLauter, Chase",2026,457,64,14.0,10.5,15.2,42.1,0.345,0.276,0.428,45.1,6.4,101.333331977,,,,0.352,BASEBALL_SAVANT_CURRENT_SEASON,2026-08-23T07:38:37+00:00,SAVANT_BATTER_PROFILE_SCHEMA_V1,CURRENT
676356,"DeLuca, Jonny",2026,259,52,20.1,4.2,26.2,53.5,0.276,0.244,0.355,29.6,4.1,97.220265053,,,,0.316,BASEBALL_SAVANT_CURRENT_SEASON,2026-08-23T07:38:37+00:00,SAVANT_BATTER_PROFILE_SCHEMA_V1,CURRENT
681909,"Dean, Justin",2026,10,4,40.0,20.0,33.3,56.8,0.345,0.266,0.324,50.0,0.0,100.2925,,,,0.477,BASEBALL_SAVANT_CURRENT_SEASON,2026-08-23T07:38:37+00:00,SAVANT_BATTER_PROFILE_SCHEMA_V1,CURRENT
680728,"Del Castillo, Adrian",2026,192,54,28.1,6.8,28.9,48.2,0.26,0.201,0.335,36.8,6.5,98.388277213,,,,0.254,BASEBALL_SAVANT_CURRENT_SEASON,2026-08-23T07:38:37+00:00,SAVANT_BATTER_PROFILE_SCHEMA_V1,CURRENT
669384,"Delgado, Raynel",2026,41,7,17.1,7.3,26.1,52.3,0.265,0.228,0.304,32.3,3.2,95.637686667,,,,0.291,BASEBALL_SAVANT_CURRENT_SEASON,2026-08-23T07:38:37+00:00,SAVANT_BATTER_PROFILE_SCHEMA_V1,CURRENT
646240,"Devers, Rafael",2026,542,142,26.2,10.1,29.3,48.1,0.325,0.23,0.442,50.9,10.8,102.689444211,,,,0.341,BASEBALL_SAVANT_CURRENT_SEASON,2026-08-23T07:38:37+00:00,SAVANT_BATTER_PROFILE_SCHEMA_V1,CURRENT
701305,"Dezenzo, Zach",2026,83,32,38.6,8.4,38.3,46.2,0.248,0.191,0.294,31.8,9.1,97.416716364,,,,0.262,BASEBALL_SAVANT_CURRENT_SEASON,2026-08-23T07:38:37+00:00,SAVANT_BATTER_PROFILE_SCHEMA_V1,CURRENT
673237,"Diaz, Yainer",2026,252,38,15.1,3.6,21.5,57.7,0.305,0.269,0.4,34.8,4.9,98.790840882,,,,0.293,BASEBALL_SAVANT_CURRENT_SEASON,2026-08-23T07:38:37+00:00,SAVANT_BATTER_PROFILE_SCHEMA_V1,CURRENT
693307,"Dingler, Dillon",2026,505,112,22.2,6.1,21.8,47.5,0.356,0.272,0.485,42.9,10.4,100.47869815,,,,0.346,BASEBALL_SAVANT_CURRENT_SEASON,2026-08-23T07:38:37+00:00,SAVANT_BATTER_PROFILE_SCHEMA_V1,CURRENT
691176,"Domínguez, Jasson",2026,212,46,21.7,4.2,24.3,50.8,0.288,0.251,0.364,39.0,5.2,100.406476753,,,,0.285,BASEBALL_SAVANT_CURRENT_SEASON,2026-08-23T07:38:37+00:00,SAVANT_BATTER_PROFILE_SCHEMA_V1,CURRENT
680977,"Donovan, Brendan",2026,159,23,14.5,9.4,17.4,44.7,0.314,0.25,0.344,27.8,2.7,95.766860526,,,,0.349,BASEBALL_SAVANT_CURRENT_SEASON,2026-08-23T07:38:37+00:00,SAVANT_BATTER_PROFILE_SCHEMA_V1,CURRENT
686668,"Doyle, Brenton",2026,166,51,30.7,7.2,30.7,52.9,0.237,0.192,0.273,33.0,6.0,98.739829592,,,,0.251,BASEBALL_SAVANT_CURRENT_SEASON,2026-08-23T07:38:37+00:00,SAVANT_BATTER_PROFILE_SCHEMA_V1,CURRENT
643289,"Dubón, Mauricio",2026,492,62,12.6,5.9,15.7,53.2,0.308,0.27,0.382,30.6,4.1,96.740144061,,,,0.309,BASEBALL_SAVANT_CURRENT_SEASON,2026-08-23T07:38:37+00:00,SAVANT_BATTER_PROFILE_SCHEMA_V1,CURRENT
694362,"Dunn, Blake",2026,155,33,21.3,6.5,23.3,46.8,0.278,0.241,0.317,30.3,2.9,99.240218776,,,,0.32,BASEBALL_SAVANT_CURRENT_SEASON,2026-08-23T07:38:37+00:00,SAVANT_BATTER_PROFILE_SCHEMA_V1,CURRENT
686554,"Dunn, Oliver",2026,12,3,25.0,8.3,30.0,47.6,0.207,0.174,0.192,25.0,0.0,94.2383425,,,,0.132,BASEBALL_SAVANT_CURRENT_SEASON,2026-08-23T07:38:37+00:00,SAVANT_BATTER_PROFILE_SCHEMA_V1,CURRENT
677649,"Duran, Ezequiel",2026,460,110,23.9,7.4,26.7,51.3,0.302,0.247,0.375,37.1,6.1,99.331367712,,,,0.334,BASEBALL_SAVANT_CURRENT_SEASON,2026-08-23T07:38:37+00:00,SAVANT_BATTER_PROFILE_SCHEMA_V1,CURRENT
680776,"Duran, Jarren",2026,508,143,28.1,6.7,33.9,50.6,0.296,0.234,0.379,39.9,9.6,101.602992956,,,,0.275,BASEBALL_SAVANT_CURRENT_SEASON,2026-08-23T07:38:37+00:00,SAVANT_BATTER_PROFILE_SCHEMA_V1,CURRENT
702332,"Durbin, Caleb",2026,462,62,13.4,7.4,15.8,47.3,0.289,0.238,0.324,25.8,2.8,95.595374503,,,,0.32,BASEBALL_SAVANT_CURRENT_SEASON,2026-08-23T07:38:37+00:00,SAVANT_BATTER_PROFILE_SCHEMA_V1,CURRENT
660710,"Durán, Rodolfo",2026,91,24,26.4,7.7,25.5,45.6,0.257,0.18,0.323,30.5,8.5,97.476345862,,,,0.236,BASEBALL_SAVANT_CURRENT_SEASON,2026-08-23T07:38:37+00:00,SAVANT_BATTER_PROFILE_SCHEMA_V1,CURRENT
553869,"Díaz, Elias",2026,169,39,23.1,2.4,27.8,55.3,0.26,0.226,0.357,38.4,6.4,99.892038525,,,,0.27,BASEBALL_SAVANT_CURRENT_SEASON,2026-08-23T07:38:37+00:00,SAVANT_BATTER_PROFILE_SCHEMA_V1,CURRENT
650490,"Díaz, Yandy",2026,546,79,14.5,8.4,14.6,47.2,0.358,0.289,0.45,47.7,7.1,102.470903659,,,,0.367,BASEBALL_SAVANT_CURRENT_SEASON,2026-08-23T07:38:37+00:00,SAVANT_BATTER_PROFILE_SCHEMA_V1,CURRENT
681987,"Eaton, Nate",2026,39,12,30.8,12.8,35.1,47.0,0.291,0.16,0.316,35.0,10.0,99.038324,,,,0.267,BASEBALL_SAVANT_CURRENT_SEASON,2026-08-23T07:38:37+00:00,SAVANT_BATTER_PROFILE_SCHEMA_V1,CURRENT
669242,"Edman, Tommy",2026,195,41,21.0,6.2,20.6,48.5,0.313,0.261,0.371,36.0,5.9,99.51981209,,,,0.334,BASEBALL_SAVANT_CURRENT_SEASON,2026-08-23T07:38:37+00:00,SAVANT_BATTER_PROFILE_SCHEMA_V1,CURRENT
669364,"Edwards, Xavier",2026,541,72,13.3,11.6,16.4,43.3,0.317,0.263,0.365,28.8,3.4,96.510593434,,,,0.332,BASEBALL_SAVANT_CURRENT_SEASON,2026-08-23T07:38:37+00:00,SAVANT_BATTER_PROFILE_SCHEMA_V1,CURRENT
805811,"Eldridge, Bryce",2026,347,92,26.5,12.4,26.8,43.0,0.349,0.248,0.462,52.4,11.8,102.510240943,,,,0.341,BASEBALL_SAVANT_CURRENT_SEASON,2026-08-23T07:38:37+00:00,SAVANT_BATTER_PROFILE_SCHEMA_V1,CURRENT
806068,"Emerson, Colt",2026,241,83,34.4,6.2,34.1,53.6,0.248,0.196,0.3,31.2,5.0,97.184861884,,,,0.256,BASEBALL_SAVANT_CURRENT_SEASON,2026-08-23T07:38:37+00:00,SAVANT_BATTER_PROFILE_SCHEMA_V1,CURRENT
666464,"Encarnacion, Jerar",2026,35,8,22.9,2.9,19.3,52.2,0.21,0.19,0.266,34.6,7.7,99.26983,,,,0.183,BASEBALL_SAVANT_CURRENT_SEASON,2026-08-23T07:38:37+00:00,SAVANT_BATTER_PROFILE_SCHEMA_V1,CURRENT
687952,"Encarnacion-Strand, Christian",2026,97,25,25.8,5.2,26.9,61.1,0.353,0.256,0.548,40.9,18.2,102.202891818,,,,0.332,BASEBALL_SAVANT_CURRENT_SEASON,2026-08-23T07:38:37+00:00,SAVANT_BATTER_PROFILE_SCHEMA_V1,CURRENT
641555,"Escarra, J.C.",2026,92,18,19.6,6.5,28.1,45.5,0.257,0.206,0.308,33.8,4.5,98.718896364,,,,0.228,BASEBALL_SAVANT_CURRENT_SEASON,2026-08-23T07:38:37+00:00,SAVANT_BATTER_PROFILE_SCHEMA_V1,CURRENT
669289,"Espinal, Santiago",2026,60,8,13.3,1.7,18.8,50.0,0.29,0.285,0.374,31.4,2.0,96.563089583,,,,0.281,BASEBALL_SAVANT_CURRENT_SEASON,2026-08-23T07:38:37+00:00,SAVANT_BATTER_PROFILE_SCHEMA_V1,CURRENT
805999,"Ewing, A.J.",2026,362,96,26.5,9.7,24.7,45.8,0.321,0.253,0.398,43.2,7.9,100.432722743,,,,0.307,BASEBALL_SAVANT_CURRENT_SEASON,2026-08-23T07:38:37+00:00,SAVANT_BATTER_PROFILE_SCHEMA_V1,CURRENT
656413,"Fairchild, Stuart",2026,27,14,51.9,25.9,69.0,38.2,0.28,0.089,0.151,40.0,0.0,101.9605,,,,0.307,BASEBALL_SAVANT_CURRENT_SEASON,2026-08-23T07:38:37+00:00,SAVANT_BATTER_PROFILE_SCHEMA_V1,CURRENT
571657,"Farmer, Kyle",2026,16,4,25.0,0.0,30.0,57.7,0.238,0.264,0.304,25.0,0.0,93.193218333,,,,0.246,BASEBALL_SAVANT_CURRENT_SEASON,2026-08-23T07:38:37+00:00,SAVANT_BATTER_PROFILE_SCHEMA_V1,CURRENT
693459,"Fedko, Kyler",2026,19,8,42.1,10.5,39.5,55.1,0.166,0.097,0.136,44.4,0.0,96.86751,,,,0.073,BASEBALL_SAVANT_CURRENT_SEASON,2026-08-23T07:38:37+00:00,SAVANT_BATTER_PROFILE_SCHEMA_V1,CURRENT
676439,"Feduccia, Hunter",2026,195,49,25.1,9.2,23.5,43.7,0.319,0.248,0.394,39.7,8.7,99.837988361,,,,0.294,BASEBALL_SAVANT_CURRENT_SEASON,2026-08-23T07:38:37+00:00,SAVANT_BATTER_PROFILE_SCHEMA_V1,CURRENT
666023,"Fermin, Freddy",2026,220,45,20.5,7.7,26.3,52.1,0.265,0.206,0.307,27.1,3.9,96.365287467,,,,0.256,BASEBALL_SAVANT_CURRENT_SEASON,2026-08-23T07:38:37+00:00,SAVANT_BATTER_PROFILE_SCHEMA_V1,CURRENT
665877,"Fermín, José",2026,276,33,12.0,9.4,12.9,38.9,0.307,0.259,0.353,32.2,2.3,96.796567642,,,,0.309,BASEBALL_SAVANT_CURRENT_SEASON,2026-08-23T07:38:37+00:00,SAVANT_BATTER_PROFILE_SCHEMA_V1,CURRENT
699912,"Fernandez, Jose",2026,193,43,22.3,5.2,24.4,46.7,0.285,0.247,0.355,38.8,4.3,100.438076364,,,,0.298,BASEBALL_SAVANT_CURRENT_SEASON,2026-08-23T07:38:37+00:00,SAVANT_BATTER_PROFILE_SCHEMA_V1,CURRENT
804668,"Flores Jr., Rafael",2026,60,17,28.3,13.3,35.7,39.4,0.394,0.26,0.569,51.4,20.0,102.399395556,,,,0.444,BASEBALL_SAVANT_CURRENT_SEASON,2026-08-23T07:38:37+00:00,SAVANT_BATTER_PROFILE_SCHEMA_V1,CURRENT
695670,"Ford, Harry",2026,61,18,29.5,13.1,27.8,40.6,0.25,0.147,0.259,29.4,8.8,96.514427059,,,,0.332,BASEBALL_SAVANT_CURRENT_SEASON,2026-08-23T07:38:37+00:00,SAVANT_BATTER_PROFILE_SCHEMA_V1,CURRENT
663743,"Fortes, Nick",2026,277,34,12.3,3.2,17.1,52.3,0.286,0.254,0.342,34.7,2.2,98.861040455,,,,0.301,BASEBALL_SAVANT_CURRENT_SEASON,2026-08-23T07:38:37+00:00,SAVANT_BATTER_PROFILE_SCHEMA_V1,CURRENT
679822,"Foscue, Justin",2026,175,44,25.1,8.0,20.0,43.1,0.324,0.239,0.434,40.9,10.4,99.391915172,,,,0.347,BASEBALL_SAVANT_CURRENT_SEASON,2026-08-23T07:38:37+00:00,SAVANT_BATTER_PROFILE_SCHEMA_V1,CURRENT
641584,"Fraley, Jake",2026,90,25,27.8,8.9,21.8,44.9,0.276,0.204,0.345,21.4,8.8,94.948210345,,,,0.304,BASEBALL_SAVANT_CURRENT_SEASON,2026-08-23T07:38:37+00:00,SAVANT_BATTER_PROFILE_SCHEMA_V1,CURRENT
664034,"France, Ty",2026,369,82,22.2,6.0,27.0,52.9,0.332,0.252,0.439,49.2,10.4,101.465475159,,,,0.374,BASEBALL_SAVANT_CURRENT_SEASON,2026-08-23T07:38:37+00:00,SAVANT_BATTER_PROFILE_SCHEMA_V1,CURRENT
681047,"Franklin, Christian",2026,28,7,25.0,17.9,27.7,35.9,0.314,0.167,0.324,46.7,13.3,98.83441375,,,,0.291,BASEBALL_SAVANT_CURRENT_SEASON,2026-08-23T07:38:37+00:00,SAVANT_BATTER_PROFILE_SCHEMA_V1,CURRENT
624428,"Frazier, Adam",2026,115,31,27.0,7.8,26.3,53.2,0.253,0.206,0.279,18.9,2.7,94.244992222,,,,0.298,BASEBALL_SAVANT_CURRENT_SEASON,2026-08-23T07:38:37+00:00,SAVANT_BATTER_PROFILE_SCHEMA_V1,CURRENT
690976,"Freeland, Alex",2026,223,68,30.5,9.9,29.8,40.9,0.276,0.21,0.317,37.1,5.3,98.755015625,,,,0.283,BASEBALL_SAVANT_CURRENT_SEASON,2026-08-23T07:38:37+00:00,SAVANT_BATTER_PROFILE_SCHEMA_V1,CURRENT
683227,"Freeman, Cody",2026,34,8,23.5,11.8,25.0,41.5,0.2,0.142,0.16,13.6,0.0,92.062608,,,,0.3,BASEBALL_SAVANT_CURRENT_SEASON,2026-08-23T07:38:37+00:00,SAVANT_BATTER_PROFILE_SCHEMA_V1,CURRENT
518692,"Freeman, Freddie",2026,537,89,16.6,10.2,21.7,50.5,0.373,0.298,0.486,42.3,8.7,100.202958969,,,,0.364,BASEBALL_SAVANT_CURRENT_SEASON,2026-08-23T07:38:37+00:00,SAVANT_BATTER_PROFILE_SCHEMA_V1,CURRENT
671289,"Freeman, Tyler",2026,288,34,11.8,3.8,12.4,50.6,0.309,0.265,0.353,36.0,1.3,98.258503889,,,,0.288,BASEBALL_SAVANT_CURRENT_SEASON,2026-08-23T07:38:37+00:00,SAVANT_BATTER_PROFILE_SCHEMA_V1,CURRENT
686217,"Frelick, Sal",2026,313,31,9.9,8.0,10.7,42.8,0.281,0.243,0.322,27.8,2.0,96.579227623,,,,0.282,BASEBALL_SAVANT_CURRENT_SEASON,2026-08-23T07:38:37+00:00,SAVANT_BATTER_PROFILE_SCHEMA_V1,CURRENT
670770,"Friedl, TJ",2026,250,58,23.2,8.0,25.3,43.9,0.233,0.174,0.24,27.5,2.5,96.796536438,,,,0.225,BASEBALL_SAVANT_CURRENT_SEASON,2026-08-23T07:38:37+00:00,SAVANT_BATTER_PROFILE_SCHEMA_V1,CURRENT
681807,"Fry, David",2026,168,51,30.4,14.9,31.2,42.7,0.258,0.168,0.261,32.6,6.5,96.855913478,,,,0.289,BASEBALL_SAVANT_CURRENT_SEASON,2026-08-23T07:38:37+00:00,SAVANT_BATTER_PROFILE_SCHEMA_V1,CURRENT
690924,"Fulford, Braxton",2026,78,31,39.7,9.0,33.8,45.2,0.207,0.138,0.225,30.8,7.7,97.559324737,,,,0.243,BASEBALL_SAVANT_CURRENT_SEASON,2026-08-23T07:38:37+00:00,SAVANT_BATTER_PROFILE_SCHEMA_V1,CURRENT
801501,"Furman, Nate",2026,8,1,12.5,25.0,9.1,34.4,0.27,0.129,0.163,0.0,0.0,88.137026667,,,,0.174,BASEBALL_SAVANT_CURRENT_SEASON,2026-08-23T07:38:37+00:00,SAVANT_BATTER_PROFILE_SCHEMA_V1,CURRENT
605244,"Garcia, Aramis",2026,19,6,31.6,0.0,35.3,53.1,0.259,0.198,0.415,30.8,7.7,96.168334286,,,,0.201,BASEBALL_SAVANT_CURRENT_SEASON,2026-08-23T07:38:37+00:00,SAVANT_BATTER_PROFILE_SCHEMA_V1,CURRENT
691373,"Garcia, Jhostynxon",2026,51,17,33.3,2.0,33.9,60.9,0.24,0.211,0.301,31.3,3.1,98.229828125,,,,0.175,BASEBALL_SAVANT_CURRENT_SEASON,2026-08-23T07:38:37+00:00,SAVANT_BATTER_PROFILE_SCHEMA_V1,CURRENT
672580,"Garcia, Maikel",2026,309,47,15.2,7.8,13.8,39.4,0.317,0.276,0.377,40.8,4.6,100.161489068,,,,0.313,BASEBALL_SAVANT_CURRENT_SEASON,2026-08-23T07:38:37+00:00,SAVANT_BATTER_PROFILE_SCHEMA_V1,CURRENT
671277,"García Jr., Luis",2026,434,73,16.8,4.4,19.2,52.9,0.348,0.285,0.497,46.2,12.1,102.326474615,,,,0.361,BASEBALL_SAVANT_CURRENT_SEASON,2026-08-23T07:38:37+00:00,SAVANT_BATTER_PROFILE_SCHEMA_V1,CURRENT
666969,"García, Adolis",2026,259,84,32.4,8.1,34.6,45.4,0.294,0.22,0.362,48.0,9.3,101.568957067,,,,0.268,BASEBALL_SAVANT_CURRENT_SEASON,2026-08-23T07:38:37+00:00,SAVANT_BATTER_PROFILE_SCHEMA_V1,CURRENT
641598,"Garver, Mitch",2026,149,49,32.9,14.8,33.7,41.3,0.301,0.194,0.341,48.1,9.1,100.526305641,,,,0.278,BASEBALL_SAVANT_CURRENT_SEASON,2026-08-23T07:38:37+00:00,SAVANT_BATTER_PROFILE_SCHEMA_V1,CURRENT
681508,"Gasper, Mickey",2026,135,22,16.3,8.1,17.2,41.2,0.313,0.242,0.389,35.0,7.0,98.4471006,,,,0.312,BASEBALL_SAVANT_CURRENT_SEASON,2026-08-23T07:38:37+00:00,SAVANT_BATTER_PROFILE_SCHEMA_V1,CURRENT
680869,"Gelof, Zack",2026,294,73,24.8,6.8,27.4,46.0,0.301,0.226,0.398,41.1,8.2,99.5866525,,,,0.347,BASEBALL_SAVANT_CURRENT_SEASON,2026-08-23T07:38:37+00:00,SAVANT_BATTER_PROFILE_SCHEMA_V1,CURRENT
694197,"Genao, Angel",2026,55,5,9.1,7.3,16.3,46.2,0.327,0.277,0.395,51.1,6.7,101.01117,,,,0.364,BASEBALL_SAVANT_CURRENT_SEASON,2026-08-23T07:38:37+00:00,SAVANT_BATTER_PROFILE_SCHEMA_V1,CURRENT
687551,"Gilbert, Drew",2026,309,55,17.8,9.4,22.3,41.5,0.32,0.258,0.378,34.7,4.6,97.775742617,,,,0.311,BASEBALL_SAVANT_CURRENT_SEASON,2026-08-23T07:38:37+00:00,SAVANT_BATTER_PROFILE_SCHEMA_V1,CURRENT
665926,"Giménez, Andrés",2026,421,81,19.2,3.3,25.2,57.6,0.266,0.23,0.319,23.2,3.2,95.430546579,,,,0.28,BASEBALL_SAVANT_CURRENT_SEASON,2026-08-23T07:38:37+00:00,SAVANT_BATTER_PROFILE_SCHEMA_V1,CURRENT
502671,"Goldschmidt, Paul",2026,334,81,24.3,7.8,27.5,47.7,0.305,0.231,0.405,36.6,10.3,98.742613393,,,,0.328,BASEBALL_SAVANT_CURRENT_SEASON,2026-08-23T07:38:37+00:00,SAVANT_BATTER_PROFILE_SCHEMA_V1,CURRENT
693304,"Gonzales, Nick",2026,499,83,16.6,6.6,23.3,53.3,0.324,0.284,0.387,35.0,2.7,97.75836543,,,,0.344,BASEBALL_SAVANT_CURRENT_SEASON,2026-08-23T07:38:37+00:00,SAVANT_BATTER_PROFILE_SCHEMA_V1,CURRENT
694224,"Gonzalez, Gabriel",2026,4,0,0.0,50.0,0.0,44.4,0.422,0.154,0.166,0.0,0.0,66.63453,,,,0.571,BASEBALL_SAVANT_CURRENT_SEASON,2026-08-23T07:38:37+00:00,SAVANT_BATTER_PROFILE_SCHEMA_V1,CURRENT
694378,"Gonzalez, Jacob",2026,179,32,17.9,5.0,20.0,57.4,0.311,0.258,0.403,36.6,3.7,98.721479851,,,,0.286,BASEBALL_SAVANT_CURRENT_SEASON,2026-08-23T07:38:37+00:00,SAVANT_BATTER_PROFILE_SCHEMA_V1,CURRENT
663853,"Gonzalez, Romy",2026,73,21,28.8,6.8,33.8,52.4,0.289,0.231,0.335,37.8,4.4,100.275229545,,,,0.258,BASEBALL_SAVANT_CURRENT_SEASON,2026-08-23T07:38:37+00:00,SAVANT_BATTER_PROFILE_SCHEMA_V1,CURRENT
696100,"Goodman, Hunter",2026,460,152,33.0,8.5,35.8,54.0,0.329,0.231,0.467,46.0,16.7,102.821150985,,,,0.365,BASEBALL_SAVANT_CURRENT_SEASON,2026-08-23T07:38:37+00:00,SAVANT_BATTER_PROFILE_SCHEMA_V1,CURRENT
669357,"Gorman, Nolan",2026,229,74,32.3,10.9,38.9,49.9,0.278,0.197,0.351,43.8,9.2,100.915263692,,,,0.266,BASEBALL_SAVANT_CURRENT_SEASON,2026-08-23T07:38:37+00:00,SAVANT_BATTER_PROFILE_SCHEMA_V1,CURRENT
656484,"Gray, Tristan",2026,188,60,31.9,5.3,33.9,56.2,0.263,0.218,0.322,37.6,6.0,99.69709193,,,,0.261,BASEBALL_SAVANT_CURRENT_SEASON,2026-08-23T07:38:37+00:00,SAVANT_BATTER_PROFILE_SCHEMA_V1,CURRENT
682985,"Greene, Riley",2026,492,133,27.0,12.4,29.8,46.3,0.363,0.258,0.478,48.3,14.6,102.50780966,,,,0.356,BASEBALL_SAVANT_CURRENT_SEASON,2026-08-23T07:38:37+00:00,SAVANT_BATTER_PROFILE_SCHEMA_V1,CURRENT
545341,"Grichuk, Randal",2026,204,46,22.5,3.4,24.7,52.4,0.34,0.282,0.486,47.3,12.8,102.64489,,,,0.368,BASEBALL_SAVANT_CURRENT_SEASON,2026-08-23T07:38:37+00:00,SAVANT_BATTER_PROFILE_SCHEMA_V1,CURRENT
804606,"Griffin, Konnor",2026,247,65,26.3,6.5,31.7,51.8,0.305,0.24,0.392,37.0,8.1,100.4346265,,,,0.325,BASEBALL_SAVANT_CURRENT_SEASON,2026-08-23T07:38:37+00:00,SAVANT_BATTER_PROFILE_SCHEMA_V1,CURRENT
663757,"Grisham, Trent",2026,433,76,17.6,12.2,18.0,39.3,0.341,0.249,0.439,46.2,9.9,100.839605497,,,,0.324,BASEBALL_SAVANT_CURRENT_SEASON,2026-08-23T07:38:37+00:00,SAVANT_BATTER_PROFILE_SCHEMA_V1,CURRENT
687093,"Grissom, Vaughn",2026,333,62,18.6,6.9,22.9,48.6,0.31,0.25,0.378,38.2,6.2,99.204148333,,,,0.303,BASEBALL_SAVANT_CURRENT_SEASON,2026-08-23T07:38:37+00:00,SAVANT_BATTER_PROFILE_SCHEMA_V1,CURRENT
694410,"Groover, LuJames",2026,54,11,20.4,9.3,16.1,41.8,0.286,0.215,0.328,45.9,11.1,99.52748,,,,0.245,BASEBALL_SAVANT_CURRENT_SEASON,2026-08-23T07:38:37+00:00,SAVANT_BATTER_PROFILE_SCHEMA_V1,CURRENT
665489,"Guerrero Jr., Vladimir",2026,486,65,13.4,9.7,20.0,47.5,0.333,0.282,0.399,43.0,6.8,102.187009676,,,,0.308,BASEBALL_SAVANT_CURRENT_SEASON,2026-08-23T07:38:37+00:00,SAVANT_BATTER_PROFILE_SCHEMA_V1,CURRENT
666971,"Gurriel Jr., Lourdes",2026,189,34,18.0,5.3,24.0,52.6,0.277,0.234,0.315,34.3,4.9,97.496749028,,,,0.242,BASEBALL_SAVANT_CURRENT_SEASON,2026-08-23T07:38:37+00:00,SAVANT_BATTER_PROFILE_SCHEMA_V1,CURRENT
694203,"Guzman, Denzer",2026,199,51,25.6,5.0,26.5,52.7,0.272,0.232,0.343,33.8,6.6,97.800080735,,,,0.286,BASEBALL_SAVANT_CURRENT_SEASON,2026-08-23T07:38:37+00:00,SAVANT_BATTER_PROFILE_SCHEMA_V1,CURRENT
606992,"Haase, Eric",2026,84,28,33.3,7.1,38.1,48.7,0.271,0.184,0.361,28.6,16.3,97.396006957,,,,0.263,BASEBALL_SAVANT_CURRENT_SEASON,2026-08-23T07:38:37+00:00,SAVANT_BATTER_PROFILE_SCHEMA_V1,CURRENT
664059,"Haggerty, Sam",2026,47,16,34.0,4.3,31.8,52.7,0.182,0.156,0.181,7.1,0.0,93.570359231,,,,0.186,BASEBALL_SAVANT_CURRENT_SEASON,2026-08-23T07:38:37+00:00,SAVANT_BATTER_PROFILE_SCHEMA_V1,CURRENT
690984,"Halpin, Petey",2026,144,29,20.1,2.8,26.2,60.2,0.283,0.243,0.374,27.5,6.4,96.979989412,,,,0.253,BASEBALL_SAVANT_CURRENT_SEASON,2026-08-23T07:38:37+00:00,SAVANT_BATTER_PROFILE_SCHEMA_V1,CURRENT
666152,"Hamilton, David",2026,312,70,22.4,9.6,22.9,45.2,0.27,0.211,0.299,27.8,3.8,96.652015556,,,,0.299,BASEBALL_SAVANT_CURRENT_SEASON,2026-08-23T07:38:37+00:00,SAVANT_BATTER_PROFILE_SCHEMA_V1,CURRENT
668974,"Handley, Maverick",2026,1,1,100.0,0.0,66.7,75.0,0.0,0.0,0.0,,,,,,,0.0,BASEBALL_SAVANT_CURRENT_SEASON,2026-08-23T07:38:37+00:00,SAVANT_BATTER_PROFILE_SCHEMA_V1,CURRENT
664023,"Happ, Ian",2026,528,163,30.9,12.5,31.6,43.8,0.309,0.2,0.391,42.1,11.3,100.610061644,,,,0.324,BASEBALL_SAVANT_CURRENT_SEASON,2026-08-23T07:38:37+00:00,SAVANT_BATTER_PROFILE_SCHEMA_V1,CURRENT
547180,"Harper, Bryce",2026,551,113,20.5,16.7,29.9,49.3,0.389,0.272,0.497,44.3,10.7,101.453132832,,,,0.375,BASEBALL_SAVANT_CURRENT_SEASON,2026-08-23T07:38:37+00:00,SAVANT_BATTER_PROFILE_SCHEMA_V1,CURRENT
671739,"Harris II, Michael",2026,491,96,19.6,3.7,25.2,56.0,0.344,0.29,0.48,48.8,11.0,103.461052849,,,,0.347,BASEBALL_SAVANT_CURRENT_SEASON,2026-08-23T07:38:37+00:00,SAVANT_BATTER_PROFILE_SCHEMA_V1,CURRENT
695391,"Harris, Brett",2026,9,2,22.2,11.1,25.0,42.1,0.299,0.089,0.105,25.0,0.0,88.38036,,,,0.239,BASEBALL_SAVANT_CURRENT_SEASON,2026-08-23T07:38:37+00:00,SAVANT_BATTER_PROFILE_SCHEMA_V1,CURRENT
687957,"Harris, Dustin",2026,52,7,13.5,11.5,13.8,42.3,0.334,0.286,0.356,15.8,0.0,93.693081111,,,,0.292,BASEBALL_SAVANT_CURRENT_SEASON,2026-08-23T07:38:37+00:00,SAVANT_BATTER_PROFILE_SCHEMA_V1,CURRENT
663647,"Hayes, Ke'Bryan",2026,199,39,19.6,5.0,23.5,44.4,0.304,0.25,0.403,39.2,8.3,99.794141528,,,,0.208,BASEBALL_SAVANT_CURRENT_SEASON,2026-08-23T07:38:37+00:00,SAVANT_BATTER_PROFILE_SCHEMA_V1,CURRENT
669720,"Hays, Austin",2026,64,18,28.1,1.6,35.1,53.5,0.274,0.268,0.365,42.2,4.4,98.970364783,,,,0.255,BASEBALL_SAVANT_CURRENT_SEASON,2026-08-23T07:38:37+00:00,SAVANT_BATTER_PROFILE_SCHEMA_V1,CURRENT
595978,"Hedges, Austin",2026,191,32,16.8,9.4,22.4,44.7,0.286,0.236,0.325,32.1,4.3,97.565760147,,,,0.319,BASEBALL_SAVANT_CURRENT_SEASON,2026-08-23T07:38:37+00:00,SAVANT_BATTER_PROFILE_SCHEMA_V1,CURRENT
641680,"Heim, Jonah",2026,298,55,18.5,7.7,23.1,49.5,0.298,0.232,0.378,32.1,6.9,97.730296422,,,,0.287,BASEBALL_SAVANT_CURRENT_SEASON,2026-08-23T07:38:37+00:00,SAVANT_BATTER_PROFILE_SCHEMA_V1,CURRENT
623168,"Heineman, Tyler",2026,156,24,15.4,3.2,18.3,55.3,0.249,0.227,0.273,12.2,80.0,91.433717222,,,,0.214,BASEBALL_SAVANT_CURRENT_SEASON,2026-08-23T07:38:37+00:00,SAVANT_BATTER_PROFILE_SCHEMA_V1,CURRENT
680737,"Helman, Michael",2026,35,6,17.1,2.9,20.9,59.3,0.2,0.147,0.208,7.7,0.0,91.309245455,,,,0.239,BASEBALL_SAVANT_CURRENT_SEASON,2026-08-23T07:38:37+00:00,SAVANT_BATTER_PROFILE_SCHEMA_V1,CURRENT
683002,"Henderson, Gunnar",2026,579,128,22.1,9.3,23.6,47.8,0.319,0.244,0.399,44.8,7.2,100.815393866,,,,0.309,BASEBALL_SAVANT_CURRENT_SEASON,2026-08-23T07:38:37+00:00,SAVANT_BATTER_PROFILE_SCHEMA_V1,CURRENT
687231,"Hernaiz, Darell",2026,144,24,16.7,9.7,22.8,50.4,0.268,0.223,0.278,26.7,100.0,95.741637115,,,,0.278,BASEBALL_SAVANT_CURRENT_SEASON,2026-08-23T07:38:37+00:00,SAVANT_BATTER_PROFILE_SCHEMA_V1,CURRENT
571771,"Hernández, Enrique",2026,36,10,27.8,5.6,25.0,60.3,0.258,0.203,0.34,37.5,8.3,98.877053333,,,,0.322,BASEBALL_SAVANT_CURRENT_SEASON,2026-08-23T07:38:37+00:00,SAVANT_BATTER_PROFILE_SCHEMA_V1,CURRENT
681715,"Hernández, Heriberto",2026,355,100,28.2,9.6,34.1,46.0,0.341,0.244,0.464,49.3,12.3,101.836094364,,,,0.325,BASEBALL_SAVANT_CURRENT_SEASON,2026-08-23T07:38:37+00:00,SAVANT_BATTER_PROFILE_SCHEMA_V1,CURRENT
606192,"Hernández, Teoscar",2026,362,98,27.1,8.0,31.5,47.3,0.316,0.245,0.413,43.8,9.1,100.81582181,,,,0.309,BASEBALL_SAVANT_CURRENT_SEASON,2026-08-23T07:38:37+00:00,SAVANT_BATTER_PROFILE_SCHEMA_V1,CURRENT
671056,"Herrera, Iván",2026,578,103,17.8,10.9,20.4,44.9,0.334,0.249,0.378,40.6,5.7,100.691980262,,,,0.333,BASEBALL_SAVANT_CURRENT_SEASON,2026-08-23T07:38:37+00:00,SAVANT_BATTER_PROFILE_SCHEMA_V1,CURRENT
676551,"Hicklen, Brewer",2026,23,8,34.8,17.4,44.4,48.9,0.354,0.256,0.405,54.5,9.1,102.514096667,,,,0.457,BASEBALL_SAVANT_CURRENT_SEASON,2026-08-23T07:38:37+00:00,SAVANT_BATTER_PROFILE_SCHEMA_V1,CURRENT
689414,"Hicks, Liam",2026,463,44,9.5,10.6,10.9,41.0,0.315,0.252,0.35,28.1,3.9,96.291018034,,,,0.355,BASEBALL_SAVANT_CURRENT_SEASON,2026-08-23T07:38:37+00:00,SAVANT_BATTER_PROFILE_SCHEMA_V1,CURRENT
543309,"Higashioka, Kyle",2026,186,47,25.3,10.2,26.3,44.2,0.295,0.219,0.351,38.1,8.5,99.114666552,,,,0.303,BASEBALL_SAVANT_CURRENT_SEASON,2026-08-23T07:38:37+00:00,SAVANT_BATTER_PROFILE_SCHEMA_V1,CURRENT
664731,"Higgins, P.J.",2026,32,8,25.0,6.3,25.5,39.8,0.287,0.276,0.326,13.6,0.0,92.126883,,,,0.245,BASEBALL_SAVANT_CURRENT_SEASON,2026-08-23T07:38:37+00:00,SAVANT_BATTER_PROFILE_SCHEMA_V1,CURRENT
656537,"Hill, Derek",2026,182,63,34.6,6.6,34.7,50.8,0.291,0.227,0.379,35.8,10.5,99.3964225,,,,0.309,BASEBALL_SAVANT_CURRENT_SEASON,2026-08-23T07:38:37+00:00,SAVANT_BATTER_PROFILE_SCHEMA_V1,CURRENT
806367,"Hill, Turner",2026,14,4,28.6,7.1,22.7,40.0,0.274,0.257,0.346,33.3,0.0,95.095336,,,,0.294,BASEBALL_SAVANT_CURRENT_SEASON,2026-08-23T07:38:37+00:00,SAVANT_BATTER_PROFILE_SCHEMA_V1,CURRENT
677956,"Hinds, Rece",2026,38,19,50.0,2.6,46.0,56.1,0.155,0.131,0.157,23.5,0.0,96.95602125,,,,0.161,BASEBALL_SAVANT_CURRENT_SEASON,2026-08-23T07:38:37+00:00,SAVANT_BATTER_PROFILE_SCHEMA_V1,CURRENT
663538,"Hoerner, Nico",2026,554,47,8.5,7.2,12.0,46.1,0.325,0.3,0.375,28.2,1.1,96.076405677,,,,0.304,BASEBALL_SAVANT_CURRENT_SEASON,2026-08-23T07:38:37+00:00,SAVANT_BATTER_PROFILE_SCHEMA_V1,CURRENT
702616,"Holliday, Jackson",2026,267,63,23.6,12.7,28.5,44.0,0.311,0.238,0.364,33.5,7.1,97.42329631,,,,0.306,BASEBALL_SAVANT_CURRENT_SEASON,2026-08-23T07:38:37+00:00,SAVANT_BATTER_PROFILE_SCHEMA_V1,CURRENT
687462,"Horwitz, Spencer",2026,353,51,14.4,12.5,15.3,40.6,0.32,0.224,0.361,31.5,7.2,97.292168175,,,,0.338,BASEBALL_SAVANT_CURRENT_SEASON,2026-08-23T07:38:37+00:00,SAVANT_BATTER_PROFILE_SCHEMA_V1,CURRENT
656555,"Hoskins, Rhys",2026,317,100,31.5,14.8,32.4,42.2,0.297,0.174,0.348,41.3,12.6,99.856401548,,,,0.305,BASEBALL_SAVANT_CURRENT_SEASON,2026-08-23T07:38:37+00:00,SAVANT_BATTER_PROFILE_SCHEMA_V1,CURRENT
691781,"House, Brady",2026,256,73,28.5,6.6,32.7,51.3,0.331,0.261,0.44,47.2,11.1,101.875464444,,,,0.305,BASEBALL_SAVANT_CURRENT_SEASON,2026-08-23T07:38:37+00:00,SAVANT_BATTER_PROFILE_SCHEMA_V1,CURRENT
669087,"Huff, Sam",2026,34,19,55.9,2.9,46.7,60.5,0.137,0.099,0.184,57.1,14.3,102.291484286,,,,0.147,BASEBALL_SAVANT_CURRENT_SEASON,2026-08-23T07:38:37+00:00,SAVANT_BATTER_PROFILE_SCHEMA_V1,CURRENT
675448,"Hunt, Blake",2026,3,3,100.0,0.0,57.1,41.2,0.0,0.0,0.0,,,,,,,0.0,BASEBALL_SAVANT_CURRENT_SEASON,2026-08-23T07:38:37+00:00,SAVANT_BATTER_PROFILE_SCHEMA_V1,CURRENT
628451,"Ibáñez, Andy",2026,26,3,11.5,3.8,19.2,65.8,0.164,0.152,0.205,18.2,0.0,94.855231818,,,,0.095,BASEBALL_SAVANT_CURRENT_SEASON,2026-08-23T07:38:37+00:00,SAVANT_BATTER_PROFILE_SCHEMA_V1,CURRENT
663697,"India, Jonathan",2026,58,13,22.4,13.8,22.6,39.2,0.284,0.173,0.289,31.4,5.7,96.473557778,,,,0.29,BASEBALL_SAVANT_CURRENT_SEASON,2026-08-23T07:38:37+00:00,SAVANT_BATTER_PROFILE_SCHEMA_V1,CURRENT
694876,"Ingle, Cooper",2026,24,12,50.0,12.5,21.7,43.8,0.175,0.106,0.127,44.4,0.0,97.400354,,,,0.161,BASEBALL_SAVANT_CURRENT_SEASON,2026-08-23T07:38:37+00:00,SAVANT_BATTER_PROFILE_SCHEMA_V1,CURRENT
664728,"Isbel, Kyle",2026,232,51,22.0,5.2,17.8,47.6,0.268,0.233,0.317,34.3,3.0,98.861998289,,,,0.282,BASEBALL_SAVANT_CURRENT_SEASON,2026-08-23T07:38:37+00:00,SAVANT_BATTER_PROFILE_SCHEMA_V1,CURRENT
656577,"Jackson, Alex",2026,69,23,33.3,1.4,30.6,58.1,0.22,0.191,0.264,34.9,2.3,99.013712632,,,,0.327,BASEBALL_SAVANT_CURRENT_SEASON,2026-08-23T07:38:37+00:00,SAVANT_BATTER_PROFILE_SCHEMA_V1,CURRENT
669236,"Jackson, Jeremiah",2026,248,51,20.6,3.2,27.3,58.5,0.286,0.244,0.387,38.5,7.5,100.264053333,,,,0.266,BASEBALL_SAVANT_CURRENT_SEASON,2026-08-23T07:38:37+00:00,SAVANT_BATTER_PROFILE_SCHEMA_V1,CURRENT
643376,"Jansen, Danny",2026,150,44,29.3,8.7,26.7,45.3,0.245,0.162,0.262,31.8,5.7,97.136661163,,,,0.255,BASEBALL_SAVANT_CURRENT_SEASON,2026-08-23T07:38:37+00:00,SAVANT_BATTER_PROFILE_SCHEMA_V1,CURRENT
805347,"Jarvis, Jim",2026,121,22,18.2,6.6,18.2,44.6,0.272,0.237,0.308,36.7,3.3,98.604481628,,,,0.261,BASEBALL_SAVANT_CURRENT_SEASON,2026-08-23T07:38:37+00:00,SAVANT_BATTER_PROFILE_SCHEMA_V1,CURRENT
680777,"Jeffers, Ryan",2026,263,43,16.3,14.1,16.6,39.9,0.357,0.253,0.44,40.3,11.0,100.926782198,,,,0.379,BASEBALL_SAVANT_CURRENT_SEASON,2026-08-23T07:38:37+00:00,SAVANT_BATTER_PROFILE_SCHEMA_V1,CURRENT
695600,"Jensen, Carter",2026,477,137,28.7,10.5,29.6,44.8,0.29,0.203,0.365,43.1,10.5,101.403785069,,,,0.311,BASEBALL_SAVANT_CURRENT_SEASON,2026-08-23T07:38:37+00:00,SAVANT_BATTER_PROFILE_SCHEMA_V1,CURRENT
650391,"Jiménez, Eloy",2026,35,7,20.0,8.6,29.9,51.5,0.256,0.214,0.289,44.0,4.0,98.972092308,,,,0.289,BASEBALL_SAVANT_CURRENT_SEASON,2026-08-23T07:38:37+00:00,SAVANT_BATTER_PROFILE_SCHEMA_V1,CURRENT
677870,"Jiménez, Leo",2026,174,35,20.1,8.0,24.8,43.2,0.312,0.24,0.342,43.6,4.3,100.19936569,,,,0.27,BASEBALL_SAVANT_CURRENT_SEASON,2026-08-23T07:38:37+00:00,SAVANT_BATTER_PROFILE_SCHEMA_V1,CURRENT
656582,"Joe, Connor",2026,45,15,33.3,13.3,24.7,40.5,0.337,0.257,0.397,45.8,8.3,101.1365025,,,,0.274,BASEBALL_SAVANT_CURRENT_SEASON,2026-08-23T07:38:37+00:00,SAVANT_BATTER_PROFILE_SCHEMA_V1,CURRENT
669369,"Johnson, Bryce",2026,49,18,36.7,6.1,32.3,49.5,0.172,0.147,0.166,7.1,0.0,88.992205385,,,,0.207,BASEBALL_SAVANT_CURRENT_SEASON,2026-08-23T07:38:37+00:00,SAVANT_BATTER_PROFILE_SCHEMA_V1,CURRENT
669288,"Johnson, Daniel",2026,17,3,17.6,11.8,21.7,43.4,0.341,0.28,0.32,45.5,0.0,100.655092,,,,0.23,BASEBALL_SAVANT_CURRENT_SEASON,2026-08-23T07:38:37+00:00,SAVANT_BATTER_PROFILE_SCHEMA_V1,CURRENT
671155,"Johnson, Ivan",2026,14,6,42.9,14.3,53.8,44.8,0.178,0.08,0.135,16.7,0.0,92.885786667,,,,0.163,BASEBALL_SAVANT_CURRENT_SEASON,2026-08-23T07:38:37+00:00,SAVANT_BATTER_PROFILE_SCHEMA_V1,CURRENT
687859,"Johnston, Troy",2026,375,64,17.1,8.5,23.7,52.0,0.325,0.279,0.382,36.9,2.2,98.425832612,,,,0.327,BASEBALL_SAVANT_CURRENT_SEASON,2026-08-23T07:38:37+00:00,SAVANT_BATTER_PROFILE_SCHEMA_V1,CURRENT
675659,"Jones, Greg",2026,24,10,41.7,0.0,38.6,54.3,0.164,0.174,0.205,28.6,0.0,98.611036667,,,,0.077,BASEBALL_SAVANT_CURRENT_SEASON,2026-08-23T07:38:37+00:00,SAVANT_BATTER_PROFILE_SCHEMA_V1,CURRENT
663330,"Jones, Jahmai",2026,131,42,32.1,9.2,35.1,49.7,0.315,0.237,0.402,44.7,9.2,101.989355263,,,,0.285,BASEBALL_SAVANT_CURRENT_SEASON,2026-08-23T07:38:37+00:00,SAVANT_BATTER_PROFILE_SCHEMA_V1,CURRENT
682987,"Jones, Spencer",2026,170,62,36.5,9.4,39.0,53.5,0.323,0.227,0.446,58.9,15.4,104.050863478,,,,0.318,BASEBALL_SAVANT_CURRENT_SEASON,2026-08-23T07:38:37+00:00,SAVANT_BATTER_PROFILE_SCHEMA_V1,CURRENT
691458,"Jordan, Blaze",2026,186,28,15.1,3.8,20.2,53.8,0.308,0.261,0.407,43.3,8.7,99.832267733,,,,0.273,BASEBALL_SAVANT_CURRENT_SEASON,2026-08-23T07:38:37+00:00,SAVANT_BATTER_PROFILE_SCHEMA_V1,CURRENT
592450,"Judge, Aaron",2026,261,72,27.6,16.1,32.2,42.9,0.415,0.27,0.6,57.3,21.7,105.303098194,,,,0.385,BASEBALL_SAVANT_CURRENT_SEASON,2026-08-23T07:38:37+00:00,SAVANT_BATTER_PROFILE_SCHEMA_V1,CURRENT
666397,"Julien, Edouard",2026,276,71,25.7,14.1,23.7,40.9,0.338,0.247,0.401,49.7,7.3,100.290529512,,,,0.286,BASEBALL_SAVANT_CURRENT_SEASON,2026-08-23T07:38:37+00:00,SAVANT_BATTER_PROFILE_SCHEMA_V1,CURRENT
667452,"Julks, Corey",2026,4,1,25.0,0.0,12.5,44.4,0.111,0.067,0.206,33.3,0.0,92.687915,,,,0.315,BASEBALL_SAVANT_CURRENT_SEASON,2026-08-23T07:38:37+00:00,SAVANT_BATTER_PROFILE_SCHEMA_V1,CURRENT
690291,"Jung, Jace",2026,8,1,12.5,25.0,6.7,45.5,0.392,0.287,0.387,20.0,0.0,94.817026667,,,,0.286,BASEBALL_SAVANT_CURRENT_SEASON,2026-08-23T07:38:37+00:00,SAVANT_BATTER_PROFILE_SCHEMA_V1,CURRENT
673962,"Jung, Josh",2026,396,71,17.9,8.3,18.4,46.4,0.347,0.286,0.432,48.3,6.3,100.249361748,,,,0.353,BASEBALL_SAVANT_CURRENT_SEASON,2026-08-23T07:38:37+00:00,SAVANT_BATTER_PROFILE_SCHEMA_V1,CURRENT
691720,"Karros, Kyle",2026,401,81,20.2,12.0,23.5,44.7,0.339,0.256,0.404,41.4,7.9,100.328596061,,,,0.346,BASEBALL_SAVANT_CURRENT_SEASON,2026-08-23T07:38:37+00:00,SAVANT_BATTER_PROFILE_SCHEMA_V1,CURRENT
692216,"Kayfus, CJ",2026,25,8,32.0,8.0,37.9,53.7,0.304,0.169,0.427,50.0,21.4,101.151187143,,,,0.289,BASEBALL_SAVANT_CURRENT_SEASON,2026-08-23T07:38:37+00:00,SAVANT_BATTER_PROFILE_SCHEMA_V1,CURRENT
807712,"Keaschall, Luke",2026,475,73,15.4,9.9,17.3,41.7,0.311,0.242,0.351,29.4,2.9,96.6190075,,,,0.331,BASEBALL_SAVANT_CURRENT_SEASON,2026-08-23T07:38:37+00:00,SAVANT_BATTER_PROFILE_SCHEMA_V1,CURRENT
690993,"Keith, Colt",2026,365,67,18.4,7.1,20.5,44.4,0.337,0.279,0.436,42.4,7.5,100.027351343,,,,0.33,BASEBALL_SAVANT_CURRENT_SEASON,2026-08-23T07:38:37+00:00,SAVANT_BATTER_PROFILE_SCHEMA_V1,CURRENT
672284,"Kelenic, Jarred",2026,82,31,37.8,11.0,40.4,45.6,0.327,0.231,0.431,50.0,19.0,102.423424286,,,,0.273,BASEBALL_SAVANT_CURRENT_SEASON,2026-08-23T07:38:37+00:00,SAVANT_BATTER_PROFILE_SCHEMA_V1,CURRENT
608348,"Kelly, Carson",2026,338,58,17.2,10.1,19.8,44.1,0.313,0.243,0.376,36.6,5.3,98.371807459,,,,0.322,BASEBALL_SAVANT_CURRENT_SEASON,2026-08-23T07:38:37+00:00,SAVANT_BATTER_PROFILE_SCHEMA_V1,CURRENT
805249,"Kemp, Otto",2026,27,10,37.0,3.7,37.9,48.3,0.205,0.162,0.221,13.3,0.0,89.912855,,,,0.119,BASEBALL_SAVANT_CURRENT_SEASON,2026-08-23T07:38:37+00:00,SAVANT_BATTER_PROFILE_SCHEMA_V1,CURRENT
671083,"Kennedy, Buddy",2026,42,13,31.0,11.9,28.4,47.3,0.263,0.176,0.263,34.8,8.7,96.796090833,,,,0.194,BASEBALL_SAVANT_CURRENT_SEASON,2026-08-23T07:38:37+00:00,SAVANT_BATTER_PROFILE_SCHEMA_V1,CURRENT
596146,"Kepler, Max",2026,124,28,22.6,8.9,24.6,52.8,0.275,0.203,0.342,41.2,8.2,99.330382381,,,,0.27,BASEBALL_SAVANT_CURRENT_SEASON,2026-08-23T07:38:37+00:00,SAVANT_BATTER_PROFILE_SCHEMA_V1,CURRENT
815873,"Keys, Sean",2026,37,13,35.1,2.7,33.7,49.1,0.211,0.176,0.286,60.9,4.3,100.9238425,,,,0.204,BASEBALL_SAVANT_CURRENT_SEASON,2026-08-23T07:38:37+00:00,SAVANT_BATTER_PROFILE_SCHEMA_V1,CURRENT
673490,"Kim, Ha-Seong",2026,85,23,27.1,10.6,20.9,41.8,0.207,0.144,0.199,22.6,3.9,94.1537708,,,,0.126,BASEBALL_SAVANT_CURRENT_SEASON,2026-08-23T07:38:37+00:00,SAVANT_BATTER_PROFILE_SCHEMA_V1,CURRENT
808975,"Kim, Hyeseong",2026,131,31,23.7,9.2,27.0,47.4,0.304,0.261,0.341,25.3,3.4,95.588878636,,,,0.293,BASEBALL_SAVANT_CURRENT_SEASON,2026-08-23T07:38:37+00:00,SAVANT_BATTER_PROFILE_SCHEMA_V1,CURRENT
643396,"Kiner-Falefa, Isiah",2026,132,18,13.6,9.1,17.6,49.5,0.312,0.277,0.351,26.5,3.0,94.875340204,,,,0.317,BASEBALL_SAVANT_CURRENT_SEASON,2026-08-23T07:38:37+00:00,SAVANT_BATTER_PROFILE_SCHEMA_V1,CURRENT
664068,"Kingery, Scott",2026,4,0,0.0,0.0,12.5,53.3,0.156,0.166,0.19,0.0,0.0,87.692375,,,,0.222,BASEBALL_SAVANT_CURRENT_SEASON,2026-08-23T07:38:37+00:00,SAVANT_BATTER_PROFILE_SCHEMA_V1,CURRENT
672386,"Kirk, Alejandro",2026,211,24,11.4,11.8,17.1,43.4,0.309,0.26,0.366,37.7,3.7,99.085178272,,,,0.343,BASEBALL_SAVANT_CURRENT_SEASON,2026-08-23T07:38:37+00:00,SAVANT_BATTER_PROFILE_SCHEMA_V1,CURRENT
668800,"Knizner, Andrew",2026,9,2,22.2,22.2,22.7,47.8,0.234,0.111,0.119,20.0,0.0,91.940766667,,,,0.155,BASEBALL_SAVANT_CURRENT_SEASON,2026-08-23T07:38:37+00:00,SAVANT_BATTER_PROFILE_SCHEMA_V1,CURRENT
683766,"Koss, Christian",2026,98,25,25.5,4.1,29.9,57.9,0.243,0.213,0.29,30.9,6.1,97.452865455,,,,0.227,BASEBALL_SAVANT_CURRENT_SEASON,2026-08-23T07:38:37+00:00,SAVANT_BATTER_PROFILE_SCHEMA_V1,CURRENT
668952,"Kreidler, Ryan",2026,217,47,21.7,6.5,30.4,53.1,0.287,0.223,0.379,36.1,7.7,99.151565455,,,,0.287,BASEBALL_SAVANT_CURRENT_SEASON,2026-08-23T07:38:37+00:00,SAVANT_BATTER_PROFILE_SCHEMA_V1,CURRENT
811965,"Kuroda-Grauer, Joshua",2026,62,7,11.3,1.6,14.6,54.4,0.329,0.317,0.416,40.4,1.9,99.397748889,,,,0.442,BASEBALL_SAVANT_CURRENT_SEASON,2026-08-23T07:38:37+00:00,SAVANT_BATTER_PROFILE_SCHEMA_V1,CURRENT
701762,"Kurtz, Nick",2026,434,141,32.5,18.2,36.9,43.1,0.373,0.243,0.482,57.3,18.0,106.18726581,,,,0.381,BASEBALL_SAVANT_CURRENT_SEASON,2026-08-23T07:38:37+00:00,SAVANT_BATTER_PROFILE_SCHEMA_V1,CURRENT
680757,"Kwan, Steven",2026,492,49,10.0,14.0,8.7,35.7,0.327,0.271,0.333,9.2,30.0,91.723784438,,,,0.322,BASEBALL_SAVANT_CURRENT_SEASON,2026-08-23T07:38:37+00:00,SAVANT_BATTER_PROFILE_SCHEMA_V1,CURRENT
669127,"Langeliers, Shea",2026,416,96,23.1,8.2,28.4,50.2,0.363,0.268,0.513,45.6,14.9,102.588239716,,,,0.357,BASEBALL_SAVANT_CURRENT_SEASON,2026-08-23T07:38:37+00:00,SAVANT_BATTER_PROFILE_SCHEMA_V1,CURRENT
694671,"Langford, Wyatt",2026,329,74,22.5,7.9,24.6,49.0,0.309,0.238,0.397,39.8,7.5,100.440634956,,,,0.335,BASEBALL_SAVANT_CURRENT_SEASON,2026-08-23T07:38:37+00:00,SAVANT_BATTER_PROFILE_SCHEMA_V1,CURRENT
800325,"Lara, Luis",2026,115,22,19.1,10.4,18.4,39.8,0.319,0.274,0.366,42.0,4.9,98.815071951,,,,0.302,BASEBALL_SAVANT_CURRENT_SEASON,2026-08-23T07:38:37+00:00,SAVANT_BATTER_PROFILE_SCHEMA_V1,CURRENT
663616,"Larnach, Trevor",2026,380,69,18.2,10.8,26.3,44.0,0.331,0.26,0.4,37.5,7.5,99.161477519,,,,0.34,BASEBALL_SAVANT_CURRENT_SEASON,2026-08-23T07:38:37+00:00,SAVANT_BATTER_PROFILE_SCHEMA_V1,CURRENT
657656,"Laureano, Ramón",2026,206,65,31.6,9.7,31.1,50.5,0.312,0.222,0.409,41.2,14.3,99.9726525,,,,0.292,BASEBALL_SAVANT_CURRENT_SEASON,2026-08-23T07:38:37+00:00,SAVANT_BATTER_PROFILE_SCHEMA_V1,CURRENT
691783,"Lawlar, Jordan",2026,59,16,27.1,5.1,24.0,45.2,0.321,0.261,0.38,24.3,5.4,96.834859444,,,,0.351,BASEBALL_SAVANT_CURRENT_SEASON,2026-08-23T07:38:37+00:00,SAVANT_BATTER_PROFILE_SCHEMA_V1,CURRENT
686797,"Lee, Brooks",2026,492,80,16.3,6.7,20.8,52.8,0.271,0.224,0.33,32.4,3.5,97.152561551,,,,0.312,BASEBALL_SAVANT_CURRENT_SEASON,2026-08-23T07:38:37+00:00,SAVANT_BATTER_PROFILE_SCHEMA_V1,CURRENT
701678,"Lee, Hao-Yu",2026,230,53,23.0,6.1,27.8,49.0,0.295,0.238,0.384,38.7,8.0,99.648214568,,,,0.323,BASEBALL_SAVANT_CURRENT_SEASON,2026-08-23T07:38:37+00:00,SAVANT_BATTER_PROFILE_SCHEMA_V1,CURRENT
808982,"Lee, Jung Hoo",2026,476,48,10.1,4.2,12.4,47.4,0.311,0.287,0.378,28.9,2.5,96.362248693,,,,0.33,BASEBALL_SAVANT_CURRENT_SEASON,2026-08-23T07:38:37+00:00,SAVANT_BATTER_PROFILE_SCHEMA_V1,CURRENT
678760,"Leonard, Eddys",2026,8,2,25.0,0.0,36.4,57.9,0.299,0.3,0.386,16.7,16.7,89.32552,,,,0.269,BASEBALL_SAVANT_CURRENT_SEASON,2026-08-23T07:38:37+00:00,SAVANT_BATTER_PROFILE_SCHEMA_V1,CURRENT
668904,"Lewis, Royce",2026,384,98,25.5,8.9,33.3,48.7,0.321,0.245,0.416,42.2,11.7,101.123081048,,,,0.317,BASEBALL_SAVANT_CURRENT_SEASON,2026-08-23T07:38:37+00:00,SAVANT_BATTER_PROFILE_SCHEMA_V1,CURRENT
506702,"León, Sandy",2026,44,18,40.9,0.0,29.7,56.7,0.132,0.135,0.17,19.2,0.0,93.574700769,,,,0.081,BASEBALL_SAVANT_CURRENT_SEASON,2026-08-23T07:38:37+00:00,SAVANT_BATTER_PROFILE_SCHEMA_V1,CURRENT
695734,"Lile, Daylen",2026,530,104,19.6,5.5,23.9,56.1,0.314,0.253,0.419,36.9,8.5,98.633752821,,,,0.303,BASEBALL_SAVANT_CURRENT_SEASON,2026-08-23T07:38:37+00:00,SAVANT_BATTER_PROFILE_SCHEMA_V1,CURRENT
596019,"Lindor, Francisco",2026,313,59,18.8,10.9,24.0,45.8,0.345,0.25,0.45,48.4,9.3,100.088438796,,,,0.329,BASEBALL_SAVANT_CURRENT_SEASON,2026-08-23T07:38:37+00:00,SAVANT_BATTER_PROFILE_SCHEMA_V1,CURRENT
682988,"Locklear, Tyler",2026,42,9,21.4,9.5,23.5,49.7,0.334,0.252,0.427,32.1,14.3,97.675850714,,,,0.35,BASEBALL_SAVANT_CURRENT_SEASON,2026-08-23T07:38:37+00:00,SAVANT_BATTER_PROFILE_SCHEMA_V1,CURRENT
663604,"Lockridge, Brandon",2026,111,32,28.8,9.9,29.2,45.2,0.258,0.216,0.262,32.4,1.5,99.009734194,,,,0.302,BASEBALL_SAVANT_CURRENT_SEASON,2026-08-23T07:38:37+00:00,SAVANT_BATTER_PROFILE_SCHEMA_V1,CURRENT
679845,"Loftin, Nick",2026,324,51,15.7,10.5,16.8,40.2,0.301,0.232,0.337,27.9,4.3,96.501147168,,,,0.309,BASEBALL_SAVANT_CURRENT_SEASON,2026-08-23T07:38:37+00:00,SAVANT_BATTER_PROFILE_SCHEMA_V1,CURRENT
806146,"Lombard Jr., George",2026,58,16,27.6,8.6,30.6,44.8,0.303,0.253,0.358,35.1,8.3,97.573785,,,,0.337,BASEBALL_SAVANT_CURRENT_SEASON,2026-08-23T07:38:37+00:00,SAVANT_BATTER_PROFILE_SCHEMA_V1,CURRENT
694388,"Loperfido, Joey",2026,120,31,25.8,11.7,31.0,48.8,0.297,0.231,0.337,35.6,6.8,98.647922778,,,,0.289,BASEBALL_SAVANT_CURRENT_SEASON,2026-08-23T07:38:37+00:00,SAVANT_BATTER_PROFILE_SCHEMA_V1,CURRENT
670032,"Lopez, Nicky",2026,221,38,17.2,4.1,18.7,51.9,0.249,0.233,0.279,21.1,0.0,94.0653175,,,,0.271,BASEBALL_SAVANT_CURRENT_SEASON,2026-08-23T07:38:37+00:00,SAVANT_BATTER_PROFILE_SCHEMA_V1,CURRENT
672640,"Lopez, Otto",2026,542,69,12.7,5.2,18.8,46.6,0.324,0.282,0.421,41.0,6.1,100.304154747,,,,0.342,BASEBALL_SAVANT_CURRENT_SEASON,2026-08-23T07:38:37+00:00,SAVANT_BATTER_PROFILE_SCHEMA_V1,CURRENT
664040,"Lowe, Brandon",2026,535,155,29.0,8.8,35.1,50.1,0.326,0.241,0.435,46.8,12.1,101.324062771,,,,0.345,BASEBALL_SAVANT_CURRENT_SEASON,2026-08-23T07:38:37+00:00,SAVANT_BATTER_PROFILE_SCHEMA_V1,CURRENT
666139,"Lowe, Josh",2026,261,75,28.7,6.9,30.7,56.4,0.292,0.221,0.393,38.9,8.4,99.379458293,,,,0.275,BASEBALL_SAVANT_CURRENT_SEASON,2026-08-23T07:38:37+00:00,SAVANT_BATTER_PROFILE_SCHEMA_V1,CURRENT
663993,"Lowe, Nathaniel",2026,326,79,24.2,9.5,21.4,46.3,0.34,0.268,0.449,42.1,9.0,101.249543962,,,,0.352,BASEBALL_SAVANT_CURRENT_SEASON,2026-08-23T07:38:37+00:00,SAVANT_BATTER_PROFILE_SCHEMA_V1,CURRENT
664770,"Lukes, Nathan",2026,340,51,15.0,5.6,17.0,49.8,0.282,0.252,0.328,26.8,1.5,95.998828828,,,,0.298,BASEBALL_SAVANT_CURRENT_SEASON,2026-08-23T07:38:37+00:00,SAVANT_BATTER_PROFILE_SCHEMA_V1,CURRENT
592518,"Machado, Manny",2026,536,117,21.8,10.8,25.7,47.8,0.33,0.246,0.428,45.0,9.7,101.370332135,,,,0.31,BASEBALL_SAVANT_CURRENT_SEASON,2026-08-23T07:38:37+00:00,SAVANT_BATTER_PROFILE_SCHEMA_V1,CURRENT
691788,"Mack, Joe",2026,251,64,25.5,6.4,25.2,47.1,0.302,0.227,0.41,39.1,9.5,99.82458759,,,,0.309,BASEBALL_SAVANT_CURRENT_SEASON,2026-08-23T07:38:37+00:00,SAVANT_BATTER_PROFILE_SCHEMA_V1,CURRENT
663611,"Madrigal, Nick",2026,52,3,5.8,13.5,8.7,50.0,0.298,0.232,0.286,24.4,0.0,95.824097143,,,,0.32,BASEBALL_SAVANT_CURRENT_SEASON,2026-08-23T07:38:37+00:00,SAVANT_BATTER_PROFILE_SCHEMA_V1,CURRENT
571912,"Maile, Luke",2026,26,10,38.5,3.8,28.9,46.4,0.187,0.161,0.227,20.0,6.7,92.8867275,,,,0.257,BASEBALL_SAVANT_CURRENT_SEASON,2026-08-23T07:38:37+00:00,SAVANT_BATTER_PROFILE_SCHEMA_V1,CURRENT
701162,"Malgeri, Ben",2026,73,15,20.5,15.1,29.1,46.4,0.331,0.24,0.362,43.5,6.5,100.754820435,,,,0.356,BASEBALL_SAVANT_CURRENT_SEASON,2026-08-23T07:38:37+00:00,SAVANT_BATTER_PROFILE_SCHEMA_V1,CURRENT
641820,"Mancini, Trey",2026,14,3,21.4,0.0,18.8,65.3,0.282,0.241,0.322,45.5,18.2,99.866335,,,,0.305,BASEBALL_SAVANT_CURRENT_SEASON,2026-08-23T07:38:37+00:00,SAVANT_BATTER_PROFILE_SCHEMA_V1,CURRENT
663968,"Mangum, Jake",2026,385,73,19.0,5.5,21.3,58.5,0.289,0.253,0.334,28.0,2.1,96.289670896,,,,0.328,BASEBALL_SAVANT_CURRENT_SEASON,2026-08-23T07:38:37+00:00,SAVANT_BATTER_PROFILE_SCHEMA_V1,CURRENT
700932,"Manzardo, Kyle",2026,356,114,32.0,10.1,30.6,46.5,0.306,0.219,0.379,41.0,12.0,98.784676465,,,,0.305,BASEBALL_SAVANT_CURRENT_SEASON,2026-08-23T07:38:37+00:00,SAVANT_BATTER_PROFILE_SCHEMA_V1,CURRENT
665561,"Marchán, Rafael",2026,92,14,15.2,2.2,16.7,49.7,0.208,0.181,0.248,18.9,2.7,93.161534054,,,,0.143,BASEBALL_SAVANT_CURRENT_SEASON,2026-08-23T07:38:37+00:00,SAVANT_BATTER_PROFILE_SCHEMA_V1,CURRENT
805300,"Marsee, Jakob",2026,491,104,21.2,13.0,18.6,40.4,0.3,0.22,0.313,34.1,3.5,97.791839404,,,,0.295,BASEBALL_SAVANT_CURRENT_SEASON,2026-08-23T07:38:37+00:00,SAVANT_BATTER_PROFILE_SCHEMA_V1,CURRENT
669016,"Marsh, Brandon",2026,484,121,25.0,6.0,25.1,52.5,0.312,0.262,0.419,44.9,8.5,100.123843841,,,,0.327,BASEBALL_SAVANT_CURRENT_SEASON,2026-08-23T07:38:37+00:00,SAVANT_BATTER_PROFILE_SCHEMA_V1,CURRENT
606466,"Marte, Ketel",2026,519,78,15.0,7.9,21.1,48.3,0.351,0.278,0.469,42.8,10.2,102.027537641,,,,0.328,BASEBALL_SAVANT_CURRENT_SEASON,2026-08-23T07:38:37+00:00,SAVANT_BATTER_PROFILE_SCHEMA_V1,CURRENT
682622,"Marte, Noelvi",2026,201,52,25.9,5.0,27.5,52.0,0.237,0.193,0.304,30.2,5.1,98.929259559,,,,0.242,BASEBALL_SAVANT_CURRENT_SEASON,2026-08-23T07:38:37+00:00,SAVANT_BATTER_PROFILE_SCHEMA_V1,CURRENT
516782,"Marte, Starling",2026,168,41,24.4,5.4,27.9,53.2,0.287,0.23,0.364,35.1,9.6,100.244828571,,,,0.276,BASEBALL_SAVANT_CURRENT_SEASON,2026-08-23T07:38:37+00:00,SAVANT_BATTER_PROFILE_SCHEMA_V1,CURRENT
668885,"Martin, Austin",2026,335,60,17.9,12.8,19.7,40.1,0.311,0.24,0.326,29.3,3.1,96.516084595,,,,0.315,BASEBALL_SAVANT_CURRENT_SEASON,2026-08-23T07:38:37+00:00,SAVANT_BATTER_PROFILE_SCHEMA_V1,CURRENT
683079,"Martinez, Omar",2026,3,1,33.3,0.0,20.0,41.7,0.111,0.116,0.136,50.0,0.0,99.57912,,,,0.297,BASEBALL_SAVANT_CURRENT_SEASON,2026-08-23T07:38:37+00:00,SAVANT_BATTER_PROFILE_SCHEMA_V1,CURRENT
682657,"Martínez, Angel",2026,319,71,22.3,2.5,20.6,54.8,0.301,0.256,0.407,35.9,7.7,99.341295351,,,,0.301,BASEBALL_SAVANT_CURRENT_SEASON,2026-08-23T07:38:37+00:00,SAVANT_BATTER_PROFILE_SCHEMA_V1,CURRENT
686681,"Massey, Michael",2026,360,62,17.2,5.0,20.0,52.7,0.298,0.245,0.4,40.0,6.1,98.96992219,,,,0.327,BASEBALL_SAVANT_CURRENT_SEASON,2026-08-23T07:38:37+00:00,SAVANT_BATTER_PROFILE_SCHEMA_V1,CURRENT
670156,"Mastrobuoni, Miles",2026,30,10,33.3,6.7,20.9,40.2,0.184,0.145,0.201,22.2,0.0,95.03356,,,,0.202,BASEBALL_SAVANT_CURRENT_SEASON,2026-08-23T07:38:37+00:00,SAVANT_BATTER_PROFILE_SCHEMA_V1,CURRENT
622761,"Mateo, Jorge",2026,150,44,29.3,5.3,30.4,55.5,0.315,0.256,0.433,42.9,10.2,101.088903542,,,,0.286,BASEBALL_SAVANT_CURRENT_SEASON,2026-08-23T07:38:37+00:00,SAVANT_BATTER_PROFILE_SCHEMA_V1,CURRENT
682641,"Matos, Luis",2026,21,7,33.3,4.8,31.8,61.1,0.13,0.099,0.136,23.1,0.0,94.59495,,,,0.203,BASEBALL_SAVANT_CURRENT_SEASON,2026-08-23T07:38:37+00:00,SAVANT_BATTER_PROFILE_SCHEMA_V1,CURRENT
694728,"Matthews, Brice",2026,226,71,31.4,6.6,35.3,46.3,0.26,0.192,0.341,37.1,8.6,99.625970455,,,,0.257,BASEBALL_SAVANT_CURRENT_SEASON,2026-08-23T07:38:37+00:00,SAVANT_BATTER_PROFILE_SCHEMA_V1,CURRENT
677595,"Mauricio, Ronny",2026,50,18,36.0,0.0,32.1,63.4,0.205,0.181,0.299,34.4,9.4,101.2104525,,,,0.191,BASEBALL_SAVANT_CURRENT_SEASON,2026-08-23T07:38:37+00:00,SAVANT_BATTER_PROFILE_SCHEMA_V1,CURRENT
691785,"Mayer, Marcelo",2026,228,44,19.3,7.0,26.5,50.1,0.259,0.201,0.297,36.0,6.1,98.190519259,,,,0.267,BASEBALL_SAVANT_CURRENT_SEASON,2026-08-23T07:38:37+00:00,SAVANT_BATTER_PROFILE_SCHEMA_V1,CURRENT
691723,"Mayo, Coby",2026,334,109,32.6,7.2,31.7,46.8,0.31,0.219,0.429,48.7,12.2,103.888176566,,,,0.308,BASEBALL_SAVANT_CURRENT_SEASON,2026-08-23T07:38:37+00:00,SAVANT_BATTER_PROFILE_SCHEMA_V1,CURRENT
807727,"McAdoo, Charles",2026,61,17,27.9,4.9,20.5,52.1,0.275,0.236,0.358,31.7,7.3,97.392842857,,,,0.303,BASEBALL_SAVANT_CURRENT_SEASON,2026-08-23T07:38:37+00:00,SAVANT_BATTER_PROFILE_SCHEMA_V1,CURRENT
543510,"McCann, James",2026,123,29,23.6,4.1,29.2,50.8,0.277,0.225,0.371,40.9,8.0,100.275142558,,,,0.339,BASEBALL_SAVANT_CURRENT_SEASON,2026-08-23T07:38:37+00:00,SAVANT_BATTER_PROFILE_SCHEMA_V1,CURRENT
664983,"McCarthy, Jake",2026,444,75,16.9,5.2,22.6,57.5,0.316,0.272,0.401,26.7,4.7,96.81598625,,,,0.352,BASEBALL_SAVANT_CURRENT_SEASON,2026-08-23T07:38:37+00:00,SAVANT_BATTER_PROFILE_SCHEMA_V1,CURRENT
687529,"McCray, Grant",2026,47,13,27.7,14.9,34.2,39.9,0.296,0.2,0.316,25.9,11.1,98.609629167,,,,0.198,BASEBALL_SAVANT_CURRENT_SEASON,2026-08-23T07:38:37+00:00,SAVANT_BATTER_PROFILE_SCHEMA_V1,CURRENT
457705,"McCutchen, Andrew",2026,83,22,26.5,10.8,32.5,44.9,0.237,0.164,0.265,28.8,5.8,97.078163462,,,,0.249,BASEBALL_SAVANT_CURRENT_SEASON,2026-08-23T07:38:37+00:00,SAVANT_BATTER_PROFILE_SCHEMA_V1,CURRENT
805808,"McGonigle, Kevin",2026,560,78,13.9,13.9,16.1,43.0,0.35,0.261,0.426,36.8,6.8,98.26425075,,,,0.36,BASEBALL_SAVANT_CURRENT_SEASON,2026-08-23T07:38:37+00:00,SAVANT_BATTER_PROFILE_SCHEMA_V1,CURRENT
624512,"McGuire, Reese",2026,34,9,26.5,5.9,21.8,50.0,0.242,0.186,0.215,9.5,0.0,87.906893,,,,0.221,BASEBALL_SAVANT_CURRENT_SEASON,2026-08-23T07:38:37+00:00,SAVANT_BATTER_PROFILE_SCHEMA_V1,CURRENT
656716,"McKinstry, Zach",2026,351,54,15.4,10.3,15.8,48.4,0.29,0.238,0.323,22.8,2.3,95.171902266,,,,0.287,BASEBALL_SAVANT_CURRENT_SEASON,2026-08-23T07:38:37+00:00,SAVANT_BATTER_PROFILE_SCHEMA_V1,CURRENT
680574,"McLain, Matt",2026,389,105,27.0,11.1,28.3,42.5,0.321,0.234,0.399,37.6,10.3,99.053569123,,,,0.291,BASEBALL_SAVANT_CURRENT_SEASON,2026-08-23T07:38:37+00:00,SAVANT_BATTER_PROFILE_SCHEMA_V1,CURRENT
641857,"McMahon, Ryan",2026,306,93,30.4,7.8,31.4,46.0,0.304,0.235,0.395,48.4,9.7,101.88027413,,,,0.287,BASEBALL_SAVANT_CURRENT_SEASON,2026-08-23T07:38:37+00:00,SAVANT_BATTER_PROFILE_SCHEMA_V1,CURRENT
643446,"McNeil, Jeff",2026,392,44,11.2,6.4,16.1,57.7,0.308,0.278,0.37,31.8,1.9,96.533715253,,,,0.296,BASEBALL_SAVANT_CURRENT_SEASON,2026-08-23T07:38:37+00:00,SAVANT_BATTER_PROFILE_SCHEMA_V1,CURRENT
678554,"Mead, Curtis",2026,329,63,19.1,11.9,18.1,40.6,0.358,0.259,0.457,42.3,10.9,100.226240455,,,,0.37,BASEBALL_SAVANT_CURRENT_SEASON,2026-08-23T07:38:37+00:00,SAVANT_BATTER_PROFILE_SCHEMA_V1,CURRENT
678009,"Meadows, Parker",2026,39,10,25.6,5.1,20.3,45.4,0.25,0.212,0.277,19.2,3.8,94.482146154,,,,0.287,BASEBALL_SAVANT_CURRENT_SEASON,2026-08-23T07:38:37+00:00,SAVANT_BATTER_PROFILE_SCHEMA_V1,CURRENT
685133,"Meckler, Wade",2026,229,49,21.4,9.2,22.7,44.9,0.305,0.252,0.352,31.8,3.2,96.505833766,,,,0.332,BASEBALL_SAVANT_CURRENT_SEASON,2026-08-23T07:38:37+00:00,SAVANT_BATTER_PROFILE_SCHEMA_V1,CURRENT
682989,"Mederos, Victor",2026,1,0,0.0,0.0,0.0,66.7,0.543,0.583,0.664,100.0,0.0,103.72718,,,,0.89,BASEBALL_SAVANT_CURRENT_SEASON,2026-08-23T07:38:37+00:00,SAVANT_BATTER_PROFILE_SCHEMA_V1,CURRENT
805367,"Meidroth, Chase",2026,517,117,22.6,9.5,19.1,41.6,0.292,0.233,0.334,34.8,4.7,97.292107711,,,,0.331,BASEBALL_SAVANT_CURRENT_SEASON,2026-08-23T07:38:37+00:00,SAVANT_BATTER_PROFILE_SCHEMA_V1,CURRENT
669004,"Melendez, MJ",2026,144,50,34.7,11.8,34.5,46.7,0.28,0.166,0.317,55.6,11.1,102.543121111,,,,0.302,BASEBALL_SAVANT_CURRENT_SEASON,2026-08-23T07:38:37+00:00,SAVANT_BATTER_PROFILE_SCHEMA_V1,CURRENT
608841,"Meneses, Joey",2026,25,4,16.0,12.0,23.5,44.7,0.326,0.269,0.314,58.8,0.0,101.344301111,,,,0.22,BASEBALL_SAVANT_CURRENT_SEASON,2026-08-23T07:38:37+00:00,SAVANT_BATTER_PROFILE_SCHEMA_V1,CURRENT
701538,"Merrill, Jackson",2026,527,132,25.0,6.3,27.4,55.5,0.327,0.255,0.457,47.2,11.1,100.714105367,,,,0.301,BASEBALL_SAVANT_CURRENT_SEASON,2026-08-23T07:38:37+00:00,SAVANT_BATTER_PROFILE_SCHEMA_V1,CURRENT
683748,"Mesa Jr., Victor",2026,179,40,22.3,8.9,25.8,53.9,0.318,0.23,0.426,40.2,12.3,100.236858947,,,,0.318,BASEBALL_SAVANT_CURRENT_SEASON,2026-08-23T07:38:37+00:00,SAVANT_BATTER_PROFILE_SCHEMA_V1,CURRENT
676694,"Meyers, Jake",2026,153,31,20.3,6.5,21.8,52.2,0.256,0.205,0.316,27.9,6.3,95.71614,,,,0.265,BASEBALL_SAVANT_CURRENT_SEASON,2026-08-23T07:38:37+00:00,SAVANT_BATTER_PROFILE_SCHEMA_V1,CURRENT
571945,"Mikolas, Miles",2026,1,0,0.0,0.0,0.0,66.7,0.0,0.0,0.0,0.0,0.0,,,,,0.0,BASEBALL_SAVANT_CURRENT_SEASON,2026-08-23T07:38:37+00:00,SAVANT_BATTER_PROFILE_SCHEMA_V1,CURRENT
686452,"Millas, Drew",2026,152,37,24.3,9.2,23.3,44.8,0.266,0.204,0.282,21.9,3.2,94.435516667,,,,0.251,BASEBALL_SAVANT_CURRENT_SEASON,2026-08-23T07:38:37+00:00,SAVANT_BATTER_PROFILE_SCHEMA_V1,CURRENT
670224,"Misner, Kameron",2026,44,17,38.6,4.5,36.7,53.3,0.209,0.185,0.242,20.0,0.0,94.464596667,,,,0.227,BASEBALL_SAVANT_CURRENT_SEASON,2026-08-23T07:38:37+00:00,SAVANT_BATTER_PROFILE_SCHEMA_V1,CURRENT
669003,"Mitchell, Garrett",2026,426,135,31.7,12.2,36.5,43.3,0.349,0.256,0.442,51.9,12.8,104.619196154,,,,0.344,BASEBALL_SAVANT_CURRENT_SEASON,2026-08-23T07:38:37+00:00,SAVANT_BATTER_PROFILE_SCHEMA_V1,CURRENT
655316,"Monasterio, Andruw",2026,290,56,19.3,7.9,18.5,45.7,0.303,0.241,0.378,32.1,7.7,97.714909417,,,,0.322,BASEBALL_SAVANT_CURRENT_SEASON,2026-08-23T07:38:37+00:00,SAVANT_BATTER_PROFILE_SCHEMA_V1,CURRENT
660162,"Moncada, Yoán",2026,130,45,34.6,13.1,28.8,38.9,0.269,0.169,0.286,40.9,7.7,100.980665625,,,,0.281,BASEBALL_SAVANT_CURRENT_SEASON,2026-08-23T07:38:37+00:00,SAVANT_BATTER_PROFILE_SCHEMA_V1,CURRENT
666160,"Moniak, Mickey",2026,336,87,25.9,5.7,29.0,57.2,0.292,0.218,0.412,41.9,10.6,99.828254035,,,,0.354,BASEBALL_SAVANT_CURRENT_SEASON,2026-08-23T07:38:37+00:00,SAVANT_BATTER_PROFILE_SCHEMA_V1,CURRENT
695731,"Montgomery, Braden",2026,247,55,22.3,10.5,30.1,50.1,0.31,0.239,0.361,41.7,3.7,100.178224198,,,,0.31,BASEBALL_SAVANT_CURRENT_SEASON,2026-08-23T07:38:37+00:00,SAVANT_BATTER_PROFILE_SCHEMA_V1,CURRENT
695657,"Montgomery, Colson",2026,510,169,33.1,8.2,36.9,52.2,0.309,0.212,0.42,42.0,12.5,101.37726625,,,,0.318,BASEBALL_SAVANT_CURRENT_SEASON,2026-08-23T07:38:37+00:00,SAVANT_BATTER_PROFILE_SCHEMA_V1,CURRENT
695681,"Moore, Christian",2026,22,11,50.0,4.5,39.3,60.2,0.202,0.188,0.241,50.0,10.0,102.147156,,,,0.193,BASEBALL_SAVANT_CURRENT_SEASON,2026-08-23T07:38:37+00:00,SAVANT_BATTER_PROFILE_SCHEMA_V1,CURRENT
664238,"Moore, Dylan",2026,15,6,40.0,20.0,29.4,42.0,0.233,0.096,0.178,33.3,0.0,96.896296667,,,,0.14,BASEBALL_SAVANT_CURRENT_SEASON,2026-08-23T07:38:37+00:00,SAVANT_BATTER_PROFILE_SCHEMA_V1,CURRENT
703492,"Morabito, Nick",2026,12,9,75.0,0.0,63.6,41.5,0.173,0.126,0.156,50.0,0.0,96.50157,,,,0.061,BASEBALL_SAVANT_CURRENT_SEASON,2026-08-23T07:38:37+00:00,SAVANT_BATTER_PROFILE_SCHEMA_V1,CURRENT
666624,"Morel, Christopher",2026,77,28,36.4,6.5,34.8,50.9,0.222,0.184,0.235,41.9,2.3,100.278114545,,,,0.208,BASEBALL_SAVANT_CURRENT_SEASON,2026-08-23T07:38:37+00:00,SAVANT_BATTER_PROFILE_SCHEMA_V1,CURRENT
672515,"Moreno, Gabriel",2026,418,64,15.3,11.0,15.7,42.0,0.372,0.297,0.461,43.1,7.6,99.814970395,,,,0.373,BASEBALL_SAVANT_CURRENT_SEASON,2026-08-23T07:38:37+00:00,SAVANT_BATTER_PROFILE_SCHEMA_V1,CURRENT
663624,"Mountcastle, Ryan",2026,15,2,13.3,6.7,8.8,63.0,0.301,0.279,0.348,41.7,0.0,103.053788333,,,,0.309,BASEBALL_SAVANT_CURRENT_SEASON,2026-08-23T07:38:37+00:00,SAVANT_BATTER_PROFILE_SCHEMA_V1,CURRENT
656775,"Mullins, Cedric",2026,422,84,19.9,8.3,23.1,50.0,0.258,0.186,0.304,31.3,3.8,97.391523942,,,,0.284,BASEBALL_SAVANT_CURRENT_SEASON,2026-08-23T07:38:37+00:00,SAVANT_BATTER_PROFILE_SCHEMA_V1,CURRENT
571970,"Muncy, Max",2026,445,114,25.6,11.5,29.6,45.3,0.349,0.239,0.478,45.7,13.8,101.265838913,,,,0.365,BASEBALL_SAVANT_CURRENT_SEASON,2026-08-23T07:38:37+00:00,SAVANT_BATTER_PROFILE_SCHEMA_V1,CURRENT
691777,"Muncy, Max",2026,222,73,32.9,8.1,33.3,50.2,0.285,0.21,0.357,44.1,11.0,101.46472875,,,,0.291,BASEBALL_SAVANT_CURRENT_SEASON,2026-08-23T07:38:37+00:00,SAVANT_BATTER_PROFILE_SCHEMA_V1,CURRENT
808959,"Murakami, Munetaka",2026,406,133,32.8,17.2,42.2,40.4,0.37,0.221,0.512,58.7,20.4,104.6101529,,,,0.377,BASEBALL_SAVANT_CURRENT_SEASON,2026-08-23T07:38:37+00:00,SAVANT_BATTER_PROFILE_SCHEMA_V1,CURRENT
669221,"Murphy, Sean",2026,38,15,39.5,0.0,33.8,53.8,0.154,0.161,0.192,30.4,0.0,97.934536667,,,,0.127,BASEBALL_SAVANT_CURRENT_SEASON,2026-08-23T07:38:37+00:00,SAVANT_BATTER_PROFILE_SCHEMA_V1,CURRENT
695020,"Murray, Tanner",2026,33,7,21.2,6.1,32.0,48.5,0.275,0.191,0.39,43.5,8.7,100.076803636,,,,0.256,BASEBALL_SAVANT_CURRENT_SEASON,2026-08-23T07:38:37+00:00,SAVANT_BATTER_PROFILE_SCHEMA_V1,CURRENT
667472,"Myers, Dane",2026,244,60,24.6,11.9,20.0,42.3,0.318,0.236,0.367,36.2,5.4,99.114954571,,,,0.325,BASEBALL_SAVANT_CURRENT_SEASON,2026-08-23T07:38:37+00:00,SAVANT_BATTER_PROFILE_SCHEMA_V1,CURRENT
665966,"Narváez, Carlos",2026,239,78,32.6,6.7,33.5,52.1,0.269,0.2,0.321,38.8,7.2,99.771335758,,,,0.224,BASEBALL_SAVANT_CURRENT_SEASON,2026-08-23T07:38:37+00:00,SAVANT_BATTER_PROFILE_SCHEMA_V1,CURRENT
640459,"Navarreto, Brian",2026,35,10,28.6,5.7,33.3,48.8,0.223,0.142,0.222,14.3,9.5,94.473886667,,,,0.241,BASEBALL_SAVANT_CURRENT_SEASON,2026-08-23T07:38:37+00:00,SAVANT_BATTER_PROFILE_SCHEMA_V1,CURRENT
666310,"Naylor, Bo",2026,90,21,23.3,6.7,14.8,45.2,0.29,0.215,0.399,42.6,11.1,99.851973125,,,,0.199,BASEBALL_SAVANT_CURRENT_SEASON,2026-08-23T07:38:37+00:00,SAVANT_BATTER_PROFILE_SCHEMA_V1,CURRENT
647304,"Naylor, Josh",2026,515,64,12.4,7.8,17.8,51.5,0.32,0.274,0.392,37.0,4.7,98.805003532,,,,0.311,BASEBALL_SAVANT_CURRENT_SEASON,2026-08-23T07:38:37+00:00,SAVANT_BATTER_PROFILE_SCHEMA_V1,CURRENT
687263,"Neto, Zach",2026,558,174,31.2,9.3,33.4,51.8,0.299,0.203,0.391,40.6,11.5,99.547828447,,,,0.322,BASEBALL_SAVANT_CURRENT_SEASON,2026-08-23T07:38:37+00:00,SAVANT_BATTER_PROFILE_SCHEMA_V1,CURRENT
607043,"Nimmo, Brandon",2026,519,111,21.4,7.9,21.9,50.8,0.36,0.284,0.482,51.2,10.2,101.908574641,,,,0.331,BASEBALL_SAVANT_CURRENT_SEASON,2026-08-23T07:38:37+00:00,SAVANT_BATTER_PROFILE_SCHEMA_V1,CURRENT
807747,"Nishida, Rikuu",2026,30,5,16.7,0.0,15.2,47.4,0.247,0.258,0.306,12.0,0.0,94.065359167,,,,0.215,BASEBALL_SAVANT_CURRENT_SEASON,2026-08-23T07:38:37+00:00,SAVANT_BATTER_PROFILE_SCHEMA_V1,CURRENT
663457,"Nootbaar, Lars",2026,228,47,20.6,14.0,19.2,36.8,0.332,0.239,0.414,49.7,9.4,101.30753973,,,,0.3,BASEBALL_SAVANT_CURRENT_SEASON,2026-08-23T07:38:37+00:00,SAVANT_BATTER_PROFILE_SCHEMA_V1,CURRENT
681393,"Norby, Connor",2026,263,79,30.0,10.6,32.2,49.7,0.29,0.196,0.333,37.2,6.8,97.596836351,,,,0.299,BASEBALL_SAVANT_CURRENT_SEASON,2026-08-23T07:38:37+00:00,SAVANT_BATTER_PROFILE_SCHEMA_V1,CURRENT
683083,"Nuñez, Nasim",2026,422,86,20.4,10.4,20.7,46.8,0.27,0.224,0.273,22.7,30.0,95.107672721,,,,0.265,BASEBALL_SAVANT_CURRENT_SEASON,2026-08-23T07:38:37+00:00,SAVANT_BATTER_PROFILE_SCHEMA_V1,CURRENT
656811,"O'Hearn, Ryan",2026,398,86,21.6,7.8,22.0,47.0,0.321,0.254,0.41,43.5,7.2,99.284518188,,,,0.343,BASEBALL_SAVANT_CURRENT_SEASON,2026-08-23T07:38:37+00:00,SAVANT_BATTER_PROFILE_SCHEMA_V1,CURRENT
681351,"O'Hoppe, Logan",2026,257,64,24.9,6.6,28.8,51.6,0.264,0.197,0.328,35.3,9.8,98.729469302,,,,0.255,BASEBALL_SAVANT_CURRENT_SEASON,2026-08-23T07:38:37+00:00,SAVANT_BATTER_PROFILE_SCHEMA_V1,CURRENT
641933,"O'Neill, Tyler",2026,256,72,28.1,10.5,31.6,47.1,0.31,0.216,0.398,43.2,9.0,100.258224615,,,,0.306,BASEBALL_SAVANT_CURRENT_SEASON,2026-08-23T07:38:37+00:00,SAVANT_BATTER_PROFILE_SCHEMA_V1,CURRENT
660271,"Ohtani, Shohei",2026,545,126,23.1,13.4,30.8,46.4,0.409,0.296,0.579,52.8,16.6,103.910455714,,,,0.396,BASEBALL_SAVANT_CURRENT_SEASON,2026-08-23T07:38:37+00:00,SAVANT_BATTER_PROFILE_SCHEMA_V1,CURRENT
672960,"Okamoto, Kazuma",2026,511,155,30.3,8.2,33.5,47.8,0.314,0.218,0.426,43.5,12.3,101.401205714,,,,0.323,BASEBALL_SAVANT_CURRENT_SEASON,2026-08-23T07:38:37+00:00,SAVANT_BATTER_PROFILE_SCHEMA_V1,CURRENT
666931,"Oliva, Jared",2026,7,1,14.3,0.0,37.5,59.3,0.308,0.322,0.379,66.7,0.0,101.096063333,,,,0.127,BASEBALL_SAVANT_CURRENT_SEASON,2026-08-23T07:38:37+00:00,SAVANT_BATTER_PROFILE_SCHEMA_V1,CURRENT
621566,"Olson, Matt",2026,561,143,25.5,10.0,24.9,45.7,0.362,0.25,0.521,49.9,15.9,103.866038603,,,,0.372,BASEBALL_SAVANT_CURRENT_SEASON,2026-08-23T07:38:37+00:00,SAVANT_BATTER_PROFILE_SCHEMA_V1,CURRENT
680716,"Ornelas, Jonathan",2026,22,11,50.0,4.5,36.5,58.4,0.178,0.155,0.198,50.0,0.0,100.261684,,,,0.193,BASEBALL_SAVANT_CURRENT_SEASON,2026-08-23T07:38:37+00:00,SAVANT_BATTER_PROFILE_SCHEMA_V1,CURRENT
694673,"Ortiz, Abimelec",2026,56,14,25.0,3.6,22.8,51.4,0.36,0.259,0.57,50.0,15.0,101.8334045,,,,0.348,BASEBALL_SAVANT_CURRENT_SEASON,2026-08-23T07:38:37+00:00,SAVANT_BATTER_PROFILE_SCHEMA_V1,CURRENT
687401,"Ortiz, Joey",2026,319,62,19.4,9.1,19.1,44.5,0.296,0.238,0.338,36.8,4.4,99.456834909,,,,0.305,BASEBALL_SAVANT_CURRENT_SEASON,2026-08-23T07:38:37+00:00,SAVANT_BATTER_PROFILE_SCHEMA_V1,CURRENT
696030,"Osuna, Alejandro",2026,220,32,14.5,8.6,16.8,47.5,0.299,0.25,0.306,29.2,60.0,97.922679872,,,,0.3,BASEBALL_SAVANT_CURRENT_SEASON,2026-08-23T07:38:37+00:00,SAVANT_BATTER_PROFILE_SCHEMA_V1,CURRENT
681546,"Outman, James",2026,170,71,41.8,5.9,41.8,51.2,0.225,0.162,0.273,37.2,7.0,97.862507442,,,,0.246,BASEBALL_SAVANT_CURRENT_SEASON,2026-08-23T07:38:37+00:00,SAVANT_BATTER_PROFILE_SCHEMA_V1,CURRENT
542303,"Ozuna, Marcell",2026,280,80,28.6,9.6,30.1,42.6,0.304,0.221,0.389,36.8,7.7,99.258350119,,,,0.275,BASEBALL_SAVANT_CURRENT_SEASON,2026-08-23T07:38:37+00:00,SAVANT_BATTER_PROFILE_SCHEMA_V1,CURRENT
665506,"Pache, Cristian",2026,6,4,66.7,0.0,33.3,41.4,0.09,0.097,0.108,50.0,0.0,99.81522,,,,0.0,BASEBALL_SAVANT_CURRENT_SEASON,2026-08-23T07:38:37+00:00,SAVANT_BATTER_PROFILE_SCHEMA_V1,CURRENT
681624,"Pages, Andy",2026,550,107,19.5,8.2,22.0,47.6,0.34,0.272,0.438,42.2,7.7,99.896895102,,,,0.346,BASEBALL_SAVANT_CURRENT_SEASON,2026-08-23T07:38:37+00:00,SAVANT_BATTER_PROFILE_SCHEMA_V1,CURRENT
686780,"Pagés, Pedro",2026,187,49,26.2,5.3,28.1,50.3,0.271,0.22,0.337,37.6,4.8,99.182546885,,,,0.259,BASEBALL_SAVANT_CURRENT_SEASON,2026-08-23T07:38:37+00:00,SAVANT_BATTER_PROFILE_SCHEMA_V1,CURRENT
680700,"Palacios, Richie",2026,314,57,18.2,12.1,21.6,45.7,0.312,0.249,0.34,28.2,3.8,96.457540481,,,,0.314,BASEBALL_SAVANT_CURRENT_SEASON,2026-08-23T07:38:37+00:00,SAVANT_BATTER_PROFILE_SCHEMA_V1,CURRENT
670623,"Paredes, Isaac",2026,517,69,13.3,9.7,15.4,43.8,0.325,0.251,0.377,28.3,5.3,96.466936368,,,,0.347,BASEBALL_SAVANT_CURRENT_SEASON,2026-08-23T07:38:37+00:00,SAVANT_BATTER_PROFILE_SCHEMA_V1,CURRENT
686469,"Pasquantino, Vinnie",2026,357,60,16.8,10.9,15.5,45.7,0.327,0.254,0.412,41.4,7.5,99.761717323,,,,0.313,BASEBALL_SAVANT_CURRENT_SEASON,2026-08-23T07:38:37+00:00,SAVANT_BATTER_PROFILE_SCHEMA_V1,CURRENT
688363,"Pauley, Graham",2026,115,27,23.5,4.3,22.9,46.0,0.219,0.182,0.28,24.1,4.8,95.343655854,,,,0.234,BASEBALL_SAVANT_CURRENT_SEASON,2026-08-23T07:38:37+00:00,SAVANT_BATTER_PROFILE_SCHEMA_V1,CURRENT
592626,"Pederson, Joc",2026,383,90,23.5,11.7,30.3,46.5,0.346,0.248,0.447,50.4,11.1,102.029139672,,,,0.351,BASEBALL_SAVANT_CURRENT_SEASON,2026-08-23T07:38:37+00:00,SAVANT_BATTER_PROFILE_SCHEMA_V1,CURRENT
672724,"Peraza, Oswald",2026,325,97,29.8,4.3,30.1,55.6,0.272,0.223,0.338,37.4,6.8,99.5766991,,,,0.278,BASEBALL_SAVANT_CURRENT_SEASON,2026-08-23T07:38:37+00:00,SAVANT_BATTER_PROFILE_SCHEMA_V1,CURRENT
672695,"Perdomo, Geraldo",2026,538,67,12.5,13.9,12.2,38.9,0.325,0.252,0.344,30.4,3.1,96.423541587,,,,0.33,BASEBALL_SAVANT_CURRENT_SEASON,2026-08-23T07:38:37+00:00,SAVANT_BATTER_PROFILE_SCHEMA_V1,CURRENT
640902,"Pereda, Jhonny",2026,79,15,19.0,5.1,18.9,48.6,0.326,0.297,0.396,46.6,3.4,99.779672759,,,,0.299,BASEBALL_SAVANT_CURRENT_SEASON,2026-08-23T07:38:37+00:00,SAVANT_BATTER_PROFILE_SCHEMA_V1,CURRENT
677592,"Pereira, Everson",2026,111,37,33.3,5.4,37.8,53.7,0.299,0.205,0.4,41.3,12.7,100.122989677,,,,0.327,BASEBALL_SAVANT_CURRENT_SEASON,2026-08-23T07:38:37+00:00,SAVANT_BATTER_PROFILE_SCHEMA_V1,CURRENT
678577,"Perez, Junior",2026,36,14,38.9,2.8,39.4,51.1,0.312,0.206,0.516,52.4,14.3,101.582378182,,,,0.264,BASEBALL_SAVANT_CURRENT_SEASON,2026-08-23T07:38:37+00:00,SAVANT_BATTER_PROFILE_SCHEMA_V1,CURRENT
521692,"Perez, Salvador",2026,501,97,19.4,3.8,25.0,56.9,0.299,0.233,0.41,41.8,9.7,99.924681935,,,,0.274,BASEBALL_SAVANT_CURRENT_SEASON,2026-08-23T07:38:37+00:00,SAVANT_BATTER_PROFILE_SCHEMA_V1,CURRENT
663368,"Perkins, Blake",2026,101,22,21.8,9.9,20.9,43.4,0.264,0.196,0.295,33.8,4.4,97.263370606,,,,0.235,BASEBALL_SAVANT_CURRENT_SEASON,2026-08-23T07:38:37+00:00,SAVANT_BATTER_PROFILE_SCHEMA_V1,CURRENT
671976,"Peters, Tristan",2026,379,69,18.2,7.4,23.5,54.5,0.307,0.252,0.376,31.2,5.1,97.712840391,,,,0.33,BASEBALL_SAVANT_CURRENT_SEASON,2026-08-23T07:38:37+00:00,SAVANT_BATTER_PROFILE_SCHEMA_V1,CURRENT
665161,"Peña, Jeremy",2026,340,69,20.3,6.2,30.0,54.7,0.332,0.28,0.419,39.8,5.3,99.691293033,,,,0.351,BASEBALL_SAVANT_CURRENT_SEASON,2026-08-23T07:38:37+00:00,SAVANT_BATTER_PROFILE_SCHEMA_V1,CURRENT
502054,"Pham, Tommy",2026,14,7,50.0,7.1,37.0,45.0,0.137,0.099,0.117,33.3,0.0,100.563033333,,,,0.05,BASEBALL_SAVANT_CURRENT_SEASON,2026-08-23T07:38:37+00:00,SAVANT_BATTER_PROFILE_SCHEMA_V1,CURRENT
687605,"Pinckney, Andrew",2026,16,4,25.0,6.3,26.1,41.1,0.378,0.248,0.483,60.0,20.0,104.417228,,,,0.373,BASEBALL_SAVANT_CURRENT_SEASON,2026-08-23T07:38:37+00:00,SAVANT_BATTER_PROFILE_SCHEMA_V1,CURRENT
700652,"Piper, Kenny",2026,8,2,25.0,12.5,26.3,54.3,0.288,0.142,0.407,40.0,20.0,99.601486667,,,,0.455,BASEBALL_SAVANT_CURRENT_SEASON,2026-08-23T07:38:37+00:00,SAVANT_BATTER_PROFILE_SCHEMA_V1,CURRENT
682818,"Piñango, Yohendrick",2026,180,44,24.4,6.1,25.6,50.9,0.309,0.262,0.398,45.6,8.0,101.811230635,,,,0.309,BASEBALL_SAVANT_CURRENT_SEASON,2026-08-23T07:38:37+00:00,SAVANT_BATTER_PROFILE_SCHEMA_V1,CURRENT
593871,"Polanco, Jorge",2026,145,36,24.8,6.2,24.0,45.0,0.234,0.189,0.284,31.0,4.0,97.0668138,,,,0.196,BASEBALL_SAVANT_CURRENT_SEASON,2026-08-23T07:38:37+00:00,SAVANT_BATTER_PROFILE_SCHEMA_V1,CURRENT
682515,"Porter, Logan",2026,6,2,33.3,33.3,22.2,32.1,0.414,0.269,0.363,50.0,0.0,103.04363,,,,0.443,BASEBALL_SAVANT_CURRENT_SEASON,2026-08-23T07:38:37+00:00,SAVANT_BATTER_PROFILE_SCHEMA_V1,CURRENT
650968,"Pozo, Yohel",2026,50,6,12.0,2.0,16.1,63.3,0.246,0.243,0.303,25.6,2.3,95.365291818,,,,0.258,BASEBALL_SAVANT_CURRENT_SEASON,2026-08-23T07:38:37+00:00,SAVANT_BATTER_PROFILE_SCHEMA_V1,CURRENT
806198,"Pratt, Cooper",2026,166,35,21.1,10.8,26.1,45.4,0.311,0.252,0.346,29.5,3.6,96.767328889,,,,0.308,BASEBALL_SAVANT_CURRENT_SEASON,2026-08-23T07:38:37+00:00,SAVANT_BATTER_PROFILE_SCHEMA_V1,CURRENT
805672,"Price, Collin",2026,13,6,46.2,7.7,61.5,49.1,0.302,0.259,0.361,50.0,0.0,99.28063,,,,0.219,BASEBALL_SAVANT_CURRENT_SEASON,2026-08-23T07:38:37+00:00,SAVANT_BATTER_PROFILE_SCHEMA_V1,CURRENT
693409,"Prieto, César",2026,31,4,12.9,0.0,21.3,52.8,0.249,0.232,0.351,29.6,3.8,98.085631538,,,,0.057,BASEBALL_SAVANT_CURRENT_SEASON,2026-08-23T07:38:37+00:00,SAVANT_BATTER_PROFILE_SCHEMA_V1,CURRENT
672761,"Pérez, Wenceel",2026,175,29,16.6,8.0,18.2,47.9,0.272,0.203,0.348,33.3,7.6,97.732311667,,,,0.262,BASEBALL_SAVANT_CURRENT_SEASON,2026-08-23T07:38:37+00:00,SAVANT_BATTER_PROFILE_SCHEMA_V1,CURRENT
700337,"Quero, Edgar",2026,210,42,20.0,7.6,21.2,49.9,0.278,0.224,0.318,38.5,2.7,99.07030875,,,,0.249,BASEBALL_SAVANT_CURRENT_SEASON,2026-08-23T07:38:37+00:00,SAVANT_BATTER_PROFILE_SCHEMA_V1,CURRENT
691620,"Quero, Jeferson",2026,2,0,0.0,50.0,50.0,25.0,0.494,0.306,0.355,0.0,0.0,85.60152,,,,0.349,BASEBALL_SAVANT_CURRENT_SEASON,2026-08-23T07:38:37+00:00,SAVANT_BATTER_PROFILE_SCHEMA_V1,CURRENT
678882,"Rafaela, Ceddanne",2026,518,105,20.3,3.7,24.9,57.2,0.285,0.248,0.364,32.1,5.7,97.058226158,,,,0.34,BASEBALL_SAVANT_CURRENT_SEASON,2026-08-23T07:38:37+00:00,SAVANT_BATTER_PROFILE_SCHEMA_V1,CURRENT
663728,"Raleigh, Cal",2026,396,125,31.6,13.1,31.4,50.4,0.295,0.176,0.363,35.6,12.5,99.832931759,,,,0.265,BASEBALL_SAVANT_CURRENT_SEASON,2026-08-23T07:38:37+00:00,SAVANT_BATTER_PROFILE_SCHEMA_V1,CURRENT
670042,"Raley, Luke",2026,287,93,32.4,5.2,40.9,54.1,0.342,0.252,0.486,47.1,15.7,102.124981786,,,,0.313,BASEBALL_SAVANT_CURRENT_SEASON,2026-08-23T07:38:37+00:00,SAVANT_BATTER_PROFILE_SCHEMA_V1,CURRENT
671218,"Ramos, Heliot",2026,363,97,26.7,5.8,28.5,52.3,0.322,0.258,0.438,49.0,13.4,103.046797815,,,,0.299,BASEBALL_SAVANT_CURRENT_SEASON,2026-08-23T07:38:37+00:00,SAVANT_BATTER_PROFILE_SCHEMA_V1,CURRENT
682663,"Ramírez, Agustín",2026,168,39,23.2,11.3,30.8,46.9,0.282,0.223,0.3,40.7,3.7,101.670464259,,,,0.306,BASEBALL_SAVANT_CURRENT_SEASON,2026-08-23T07:38:37+00:00,SAVANT_BATTER_PROFILE_SCHEMA_V1,CURRENT
608070,"Ramírez, José",2026,415,53,12.8,13.0,16.0,45.9,0.348,0.281,0.422,41.4,4.9,99.880404118,,,,0.312,BASEBALL_SAVANT_CURRENT_SEASON,2026-08-23T07:38:37+00:00,SAVANT_BATTER_PROFILE_SCHEMA_V1,CURRENT
699393,"Ramírez, Pedro",2026,157,30,19.1,8.9,22.0,51.0,0.292,0.258,0.341,40.7,2.7,99.270526429,,,,0.323,BASEBALL_SAVANT_CURRENT_SEASON,2026-08-23T07:38:37+00:00,SAVANT_BATTER_PROFILE_SCHEMA_V1,CURRENT
670231,"Rave, John",2026,69,16,23.2,7.2,23.3,45.0,0.303,0.231,0.405,31.3,12.5,99.241867727,,,,0.284,BASEBALL_SAVANT_CURRENT_SEASON,2026-08-23T07:38:37+00:00,SAVANT_BATTER_PROFILE_SCHEMA_V1,CURRENT
592663,"Realmuto, J.T.",2026,361,76,21.1,7.8,24.1,46.9,0.322,0.258,0.386,40.3,4.5,99.723786504,,,,0.287,BASEBALL_SAVANT_CURRENT_SEASON,2026-08-23T07:38:37+00:00,SAVANT_BATTER_PROFILE_SCHEMA_V1,CURRENT
608701,"Refsnyder, Rob",2026,129,37,28.7,6.2,29.0,44.5,0.255,0.17,0.316,34.6,8.6,98.02099925,,,,0.207,BASEBALL_SAVANT_CURRENT_SEASON,2026-08-23T07:38:37+00:00,SAVANT_BATTER_PROFILE_SCHEMA_V1,CURRENT
650859,"Rengifo, Luis",2026,333,44,13.2,9.9,20.5,49.3,0.308,0.255,0.349,34.0,4.4,97.82596252,,,,0.296,BASEBALL_SAVANT_CURRENT_SEASON,2026-08-23T07:38:37+00:00,SAVANT_BATTER_PROFILE_SCHEMA_V1,CURRENT
694025,"Reyes, Felix",2026,38,9,23.7,0.0,27.5,58.5,0.233,0.229,0.314,27.6,6.9,98.874941333,,,,0.181,BASEBALL_SAVANT_CURRENT_SEASON,2026-08-23T07:38:37+00:00,SAVANT_BATTER_PROFILE_SCHEMA_V1,CURRENT
668804,"Reynolds, Bryan",2026,565,136,24.1,13.3,29.0,46.2,0.35,0.248,0.434,47.0,11.3,101.928648786,,,,0.354,BASEBALL_SAVANT_CURRENT_SEASON,2026-08-23T07:38:37+00:00,SAVANT_BATTER_PROFILE_SCHEMA_V1,CURRENT
700250,"Rice, Ben",2026,527,132,25.0,12.1,25.9,44.0,0.371,0.261,0.507,48.9,15.0,101.953131707,,,,0.373,BASEBALL_SAVANT_CURRENT_SEASON,2026-08-23T07:38:37+00:00,SAVANT_BATTER_PROFILE_SCHEMA_V1,CURRENT
663586,"Riley, Austin",2026,512,163,31.8,7.4,32.8,48.4,0.3,0.212,0.396,46.2,12.3,102.504453245,,,,0.293,BASEBALL_SAVANT_CURRENT_SEASON,2026-08-23T07:38:37+00:00,SAVANT_BATTER_PROFILE_SCHEMA_V1,CURRENT
687282,"Rincones Jr., Gabriel",2026,89,29,32.6,2.2,30.3,57.6,0.205,0.15,0.276,35.7,9.4,100.53357963,,,,0.215,BASEBALL_SAVANT_CURRENT_SEASON,2026-08-23T07:38:37+00:00,SAVANT_BATTER_PROFILE_SCHEMA_V1,CURRENT
690022,"Ritter, Ryan",2026,7,3,42.9,0.0,33.3,72.0,0.166,0.167,0.214,25.0,0.0,93.35686,,,,0.127,BASEBALL_SAVANT_CURRENT_SEASON,2026-08-23T07:38:37+00:00,SAVANT_BATTER_PROFILE_SCHEMA_V1,CURRENT
660844,"Rivas, Leo",2026,131,38,29.0,12.2,23.4,36.5,0.242,0.16,0.223,14.9,1.4,93.4670175,,,,0.218,BASEBALL_SAVANT_CURRENT_SEASON,2026-08-23T07:38:37+00:00,SAVANT_BATTER_PROFILE_SCHEMA_V1,CURRENT
665861,"Rivero, Sebastián",2026,56,11,19.6,5.4,25.7,58.6,0.272,0.261,0.304,14.3,0.0,93.130049048,,,,0.262,BASEBALL_SAVANT_CURRENT_SEASON,2026-08-23T07:38:37+00:00,SAVANT_BATTER_PROFILE_SCHEMA_V1,CURRENT
673357,"Robert Jr., Luis",2026,187,46,24.6,10.2,28.8,50.1,0.306,0.232,0.388,38.5,6.6,101.575073443,,,,0.294,BASEBALL_SAVANT_CURRENT_SEASON,2026-08-23T07:38:37+00:00,SAVANT_BATTER_PROFILE_SCHEMA_V1,CURRENT
642020,"Robinson, Chuckie",2026,26,5,19.2,0.0,29.6,60.0,0.149,0.159,0.181,14.3,0.0,95.37571875,,,,0.077,BASEBALL_SAVANT_CURRENT_SEASON,2026-08-23T07:38:37+00:00,SAVANT_BATTER_PROFILE_SCHEMA_V1,CURRENT
645302,"Robles, Victor",2026,141,22,15.6,5.7,21.6,54.5,0.281,0.24,0.326,20.4,1.9,94.707121765,,,,0.285,BASEBALL_SAVANT_CURRENT_SEASON,2026-08-23T07:38:37+00:00,SAVANT_BATTER_PROFILE_SCHEMA_V1,CURRENT
677587,"Rocchio, Brayan",2026,482,70,14.5,6.6,22.1,49.6,0.293,0.244,0.35,30.9,3.3,96.857976264,,,,0.304,BASEBALL_SAVANT_CURRENT_SEASON,2026-08-23T07:38:37+00:00,SAVANT_BATTER_PROFILE_SCHEMA_V1,CURRENT
801126,"Rodden, Brock",2026,28,10,35.7,10.7,39.6,44.4,0.235,0.147,0.252,46.7,6.7,98.11380625,,,,0.317,BASEBALL_SAVANT_CURRENT_SEASON,2026-08-23T07:38:37+00:00,SAVANT_BATTER_PROFILE_SCHEMA_V1,CURRENT
702176,"Roden, Alan",2026,72,10,13.9,11.1,16.9,46.3,0.337,0.277,0.389,40.7,5.6,98.716988889,,,,0.27,BASEBALL_SAVANT_CURRENT_SEASON,2026-08-23T07:38:37+00:00,SAVANT_BATTER_PROFILE_SCHEMA_V1,CURRENT
683679,"Rodriguez, Jesus",2026,58,8,13.8,8.6,24.5,52.6,0.315,0.267,0.355,29.5,2.3,96.343527619,,,,0.322,BASEBALL_SAVANT_CURRENT_SEASON,2026-08-23T07:38:37+00:00,SAVANT_BATTER_PROFILE_SCHEMA_V1,CURRENT
682848,"Rodríguez, Endy",2026,159,41,25.8,14.5,25.9,44.8,0.338,0.245,0.403,46.8,10.6,100.7717,,,,0.37,BASEBALL_SAVANT_CURRENT_SEASON,2026-08-23T07:38:37+00:00,SAVANT_BATTER_PROFILE_SCHEMA_V1,CURRENT
699302,"Rodríguez, Héctor",2026,37,9,24.3,8.1,27.8,52.9,0.198,0.157,0.194,28.0,4.0,97.072917692,,,,0.163,BASEBALL_SAVANT_CURRENT_SEASON,2026-08-23T07:38:37+00:00,SAVANT_BATTER_PROFILE_SCHEMA_V1,CURRENT
671286,"Rodríguez, Johnathan",2026,15,6,40.0,20.0,27.8,47.4,0.297,0.138,0.235,50.0,0.0,100.21742,,,,0.283,BASEBALL_SAVANT_CURRENT_SEASON,2026-08-23T07:38:37+00:00,SAVANT_BATTER_PROFILE_SCHEMA_V1,CURRENT
677594,"Rodríguez, Julio",2026,513,109,21.2,7.8,27.0,52.4,0.35,0.274,0.465,42.9,9.2,102.17995905,,,,0.319,BASEBALL_SAVANT_CURRENT_SEASON,2026-08-23T07:38:37+00:00,SAVANT_BATTER_PROFILE_SCHEMA_V1,CURRENT
668670,"Rogers, Jake",2026,141,40,28.4,12.8,27.5,42.6,0.284,0.189,0.336,39.0,11.0,98.322757,,,,0.277,BASEBALL_SAVANT_CURRENT_SEASON,2026-08-23T07:38:37+00:00,SAVANT_BATTER_PROFILE_SCHEMA_V1,CURRENT
668942,"Rojas, Josh",2026,80,13,16.3,3.8,21.6,50.5,0.207,0.179,0.256,29.7,1.6,96.392903871,,,,0.247,BASEBALL_SAVANT_CURRENT_SEASON,2026-08-23T07:38:37+00:00,SAVANT_BATTER_PROFILE_SCHEMA_V1,CURRENT
500743,"Rojas, Miguel",2026,197,21,10.7,6.6,16.2,48.4,0.322,0.289,0.401,37.3,5.6,98.460258718,,,,0.314,BASEBALL_SAVANT_CURRENT_SEASON,2026-08-23T07:38:37+00:00,SAVANT_BATTER_PROFILE_SCHEMA_V1,CURRENT
691011,"Romo, Drew",2026,178,43,24.2,8.4,30.1,52.1,0.249,0.18,0.293,26.3,6.8,95.109463103,,,,0.234,BASEBALL_SAVANT_CURRENT_SEASON,2026-08-23T07:38:37+00:00,SAVANT_BATTER_PROFILE_SCHEMA_V1,CURRENT
667670,"Rooker, Brent",2026,202,64,31.7,9.4,38.4,49.7,0.316,0.208,0.438,41.9,15.5,101.773379828,,,,0.294,BASEBALL_SAVANT_CURRENT_SEASON,2026-08-23T07:38:37+00:00,SAVANT_BATTER_PROFILE_SCHEMA_V1,CURRENT
666163,"Rortvedt, Ben",2026,16,5,31.3,0.0,23.3,49.2,0.214,0.23,0.266,9.1,0.0,91.960676667,,,,0.167,BASEBALL_SAVANT_CURRENT_SEASON,2026-08-23T07:38:37+00:00,SAVANT_BATTER_PROFILE_SCHEMA_V1,CURRENT
642708,"Rosario, Amed",2026,202,53,26.2,6.4,27.2,53.9,0.307,0.242,0.418,39.0,11.0,101.282893529,,,,0.3,BASEBALL_SAVANT_CURRENT_SEASON,2026-08-23T07:38:37+00:00,SAVANT_BATTER_PROFILE_SCHEMA_V1,CURRENT
676566,"Ross, Shawn",2026,5,2,40.0,0.0,50.0,47.6,0.428,0.226,0.84,33.3,33.3,96.576355,,,,0.41,BASEBALL_SAVANT_CURRENT_SEASON,2026-08-23T07:38:37+00:00,SAVANT_BATTER_PROFILE_SCHEMA_V1,CURRENT
665923,"Ruiz, Esteury",2026,181,55,30.4,10.5,32.2,47.9,0.305,0.203,0.335,28.9,8.2,96.945706304,,,,0.363,BASEBALL_SAVANT_CURRENT_SEASON,2026-08-23T07:38:37+00:00,SAVANT_BATTER_PROFILE_SCHEMA_V1,CURRENT
660688,"Ruiz, Keibert",2026,291,33,11.3,4.8,13.6,52.3,0.282,0.242,0.362,37.6,5.0,98.291198833,,,,0.328,BASEBALL_SAVANT_CURRENT_SEASON,2026-08-23T07:38:37+00:00,SAVANT_BATTER_PROFILE_SCHEMA_V1,CURRENT
681198,"Rumfield, TJ",2026,501,71,14.2,10.0,19.8,50.2,0.325,0.258,0.38,27.2,4.6,96.071971848,,,,0.361,BASEBALL_SAVANT_CURRENT_SEASON,2026-08-23T07:38:37+00:00,SAVANT_BATTER_PROFILE_SCHEMA_V1,CURRENT
687221,"Rushing, Dalton",2026,245,70,28.6,9.4,31.5,49.5,0.34,0.254,0.434,44.6,12.2,102.086518356,,,,0.352,BASEBALL_SAVANT_CURRENT_SEASON,2026-08-23T07:38:37+00:00,SAVANT_BATTER_PROFILE_SCHEMA_V1,CURRENT
668939,"Rutschman, Adley",2026,321,50,15.6,11.2,16.7,40.2,0.345,0.265,0.427,40.8,7.3,99.411694397,,,,0.329,BASEBALL_SAVANT_CURRENT_SEASON,2026-08-23T07:38:37+00:00,SAVANT_BATTER_PROFILE_SCHEMA_V1,CURRENT
695336,"Saggese, Thomas",2026,82,26,31.7,7.3,33.0,54.0,0.274,0.203,0.365,38.0,10.0,100.2456392,,,,0.235,BASEBALL_SAVANT_CURRENT_SEASON,2026-08-23T07:38:37+00:00,SAVANT_BATTER_PROFILE_SCHEMA_V1,CURRENT
663967,"Salazar, César",2026,22,3,13.6,13.6,14.3,44.2,0.328,0.237,0.328,33.3,0.0,96.63377,,,,0.169,BASEBALL_SAVANT_CURRENT_SEASON,2026-08-23T07:38:37+00:00,SAVANT_BATTER_PROFILE_SCHEMA_V1,CURRENT
691594,"Sanoja, Javier",2026,351,30,8.5,5.4,11.8,51.5,0.278,0.256,0.331,30.8,2.3,96.962403673,,,,0.326,BASEBALL_SAVANT_CURRENT_SEASON,2026-08-23T07:38:37+00:00,SAVANT_BATTER_PROFILE_SCHEMA_V1,CURRENT
467793,"Santana, Carlos",2026,26,8,30.8,7.7,29.6,50.9,0.187,0.141,0.192,43.8,0.0,98.43934875,,,,0.136,BASEBALL_SAVANT_CURRENT_SEASON,2026-08-23T07:38:37+00:00,SAVANT_BATTER_PROFILE_SCHEMA_V1,CURRENT
694384,"Schanuel, Nolan",2026,446,58,13.0,9.4,16.4,44.5,0.334,0.286,0.389,32.9,2.4,97.253987337,,,,0.328,BASEBALL_SAVANT_CURRENT_SEASON,2026-08-23T07:38:37+00:00,SAVANT_BATTER_PROFILE_SCHEMA_V1,CURRENT
669477,"Schmitt, Casey",2026,409,81,19.8,2.7,21.4,53.8,0.355,0.288,0.512,44.8,12.3,100.777605742,,,,0.335,BASEBALL_SAVANT_CURRENT_SEASON,2026-08-23T07:38:37+00:00,SAVANT_BATTER_PROFILE_SCHEMA_V1,CURRENT
682177,"Schneemann, Daniel",2026,276,81,29.3,8.7,31.5,49.5,0.285,0.218,0.357,37.6,7.6,98.568045465,,,,0.268,BASEBALL_SAVANT_CURRENT_SEASON,2026-08-23T07:38:37+00:00,SAVANT_BATTER_PROFILE_SCHEMA_V1,CURRENT
676914,"Schneider, Davis",2026,140,47,33.6,17.9,32.6,37.8,0.275,0.15,0.277,42.6,10.4,100.282621212,,,,0.269,BASEBALL_SAVANT_CURRENT_SEASON,2026-08-23T07:38:37+00:00,SAVANT_BATTER_PROFILE_SCHEMA_V1,CURRENT
680474,"Schuemann, Max",2026,87,21,24.1,13.8,27.6,42.5,0.312,0.203,0.336,41.2,9.8,98.57101625,,,,0.317,BASEBALL_SAVANT_CURRENT_SEASON,2026-08-23T07:38:37+00:00,SAVANT_BATTER_PROFILE_SCHEMA_V1,CURRENT
656941,"Schwarber, Kyle",2026,550,185,33.6,14.7,34.3,44.1,0.364,0.236,0.49,51.3,17.4,103.708736957,,,,0.377,BASEBALL_SAVANT_CURRENT_SEASON,2026-08-23T07:38:37+00:00,SAVANT_BATTER_PROFILE_SCHEMA_V1,CURRENT
687363,"Scott II, Victor",2026,184,44,23.9,8.7,24.9,46.4,0.273,0.221,0.293,23.8,80.0,96.148647451,,,,0.248,BASEBALL_SAVANT_CURRENT_SEASON,2026-08-23T07:38:37+00:00,SAVANT_BATTER_PROFILE_SCHEMA_V1,CURRENT
608369,"Seager, Corey",2026,291,73,25.1,11.7,34.4,51.9,0.343,0.239,0.467,47.3,15.4,102.08116033,,,,0.318,BASEBALL_SAVANT_CURRENT_SEASON,2026-08-23T07:38:37+00:00,SAVANT_BATTER_PROFILE_SCHEMA_V1,CURRENT
678011,"Seigler, Anthony",2026,158,26,16.5,8.9,21.6,46.5,0.31,0.244,0.38,35.9,6.0,96.869369655,,,,0.318,BASEBALL_SAVANT_CURRENT_SEASON,2026-08-23T07:38:37+00:00,SAVANT_BATTER_PROFILE_SCHEMA_V1,CURRENT
543760,"Semien, Marcus",2026,424,93,21.9,7.5,24.4,49.8,0.303,0.245,0.389,33.9,6.8,97.181715306,,,,0.276,BASEBALL_SAVANT_CURRENT_SEASON,2026-08-23T07:38:37+00:00,SAVANT_BATTER_PROFILE_SCHEMA_V1,CURRENT
663584,"Senger, Hayden",2026,17,4,23.5,0.0,32.4,63.0,0.181,0.15,0.281,23.1,0.0,94.701694,,,,0.196,BASEBALL_SAVANT_CURRENT_SEASON,2026-08-23T07:38:37+00:00,SAVANT_BATTER_PROFILE_SCHEMA_V1,CURRENT
661531,"Serven, Brian",2026,40,9,22.5,2.5,26.0,46.8,0.291,0.244,0.415,33.3,10.0,98.828062667,,,,0.282,BASEBALL_SAVANT_CURRENT_SEASON,2026-08-23T07:38:37+00:00,SAVANT_BATTER_PROFILE_SCHEMA_V1,CURRENT
807713,"Shaw, Matt",2026,147,27,18.4,8.2,19.7,47.4,0.301,0.241,0.359,36.2,4.8,97.600154118,,,,0.324,BASEBALL_SAVANT_CURRENT_SEASON,2026-08-23T07:38:37+00:00,SAVANT_BATTER_PROFILE_SCHEMA_V1,CURRENT
657757,"Sheets, Gavin",2026,399,83,20.8,11.8,21.1,43.2,0.318,0.231,0.383,39.4,7.2,99.067735682,,,,0.317,BASEBALL_SAVANT_CURRENT_SEASON,2026-08-23T07:38:37+00:00,SAVANT_BATTER_PROFILE_SCHEMA_V1,CURRENT
669699,"Shewmake, Braden",2026,91,16,17.6,2.2,23.5,61.6,0.294,0.246,0.411,37.0,6.9,98.701058286,,,,0.296,BASEBALL_SAVANT_CURRENT_SEASON,2026-08-23T07:38:37+00:00,SAVANT_BATTER_PROFILE_SCHEMA_V1,CURRENT
670097,"Short, Zack",2026,62,19,30.6,12.9,31.1,44.9,0.256,0.159,0.269,20.6,5.9,95.80155125,,,,0.218,BASEBALL_SAVANT_CURRENT_SEASON,2026-08-23T07:38:37+00:00,SAVANT_BATTER_PROFILE_SCHEMA_V1,CURRENT
672279,"Siani, Michael",2026,1,0,0.0,0.0,0.0,25.0,0.292,0.302,0.353,0.0,0.0,79.90967,,,,0.0,BASEBALL_SAVANT_CURRENT_SEASON,2026-08-23T07:38:37+00:00,SAVANT_BATTER_PROFILE_SCHEMA_V1,CURRENT
682927,"Simon, Ronny",2026,34,4,11.8,5.9,16.4,56.6,0.308,0.276,0.373,28.6,3.6,97.904107692,,,,0.296,BASEBALL_SAVANT_CURRENT_SEASON,2026-08-23T07:38:37+00:00,SAVANT_BATTER_PROFILE_SCHEMA_V1,CURRENT
802415,"Simpson, Chandler",2026,485,42,8.7,4.3,10.4,47.6,0.261,0.256,0.293,13.6,0.0,92.579760812,,,,0.308,BASEBALL_SAVANT_CURRENT_SEASON,2026-08-23T07:38:37+00:00,SAVANT_BATTER_PROFILE_SCHEMA_V1,CURRENT
642350,"Siri, Jose",2026,160,50,31.3,6.3,36.0,54.8,0.32,0.228,0.457,42.3,14.4,101.523591458,,,,0.332,BASEBALL_SAVANT_CURRENT_SEASON,2026-08-23T07:38:37+00:00,SAVANT_BATTER_PROFILE_SCHEMA_V1,CURRENT
596103,"Slater, Austin",2026,74,21,28.4,10.8,27.9,46.6,0.235,0.182,0.236,18.2,2.3,94.665360455,,,,0.271,BASEBALL_SAVANT_CURRENT_SEASON,2026-08-23T07:38:37+00:00,SAVANT_BATTER_PROFILE_SCHEMA_V1,CURRENT
701358,"Smith, Cam",2026,460,113,24.6,7.6,29.1,48.7,0.326,0.244,0.435,44.6,11.6,102.10027351,,,,0.297,BASEBALL_SAVANT_CURRENT_SEASON,2026-08-23T07:38:37+00:00,SAVANT_BATTER_PROFILE_SCHEMA_V1,CURRENT
642086,"Smith, Dominic",2026,286,45,15.7,7.3,21.4,49.0,0.299,0.24,0.374,32.6,5.6,97.697464815,,,,0.307,BASEBALL_SAVANT_CURRENT_SEASON,2026-08-23T07:38:37+00:00,SAVANT_BATTER_PROFILE_SCHEMA_V1,CURRENT
669701,"Smith, Josh",2026,187,40,21.4,10.2,24.9,48.3,0.277,0.208,0.323,29.1,7.1,97.030863387,,,,0.275,BASEBALL_SAVANT_CURRENT_SEASON,2026-08-23T07:38:37+00:00,SAVANT_BATTER_PROFILE_SCHEMA_V1,CURRENT
656976,"Smith, Pavin",2026,89,18,20.2,11.2,17.2,43.7,0.255,0.188,0.253,31.1,3.3,96.875927097,,,,0.206,BASEBALL_SAVANT_CURRENT_SEASON,2026-08-23T07:38:37+00:00,SAVANT_BATTER_PROFILE_SCHEMA_V1,CURRENT
669257,"Smith, Will",2026,201,34,16.9,11.4,16.4,41.3,0.385,0.275,0.494,39.4,13.4,99.93862,,,,0.321,BASEBALL_SAVANT_CURRENT_SEASON,2026-08-23T07:38:37+00:00,SAVANT_BATTER_PROFILE_SCHEMA_V1,CURRENT
691016,"Soderstrom, Tyler",2026,453,91,20.1,11.7,22.9,45.9,0.328,0.246,0.411,45.4,9.5,101.631681895,,,,0.349,BASEBALL_SAVANT_CURRENT_SEASON,2026-08-23T07:38:37+00:00,SAVANT_BATTER_PROFILE_SCHEMA_V1,CURRENT
686765,"Sogard, Nick",2026,141,24,17.0,14.9,19.6,39.0,0.324,0.258,0.341,26.0,3.1,95.855208409,,,,0.338,BASEBALL_SAVANT_CURRENT_SEASON,2026-08-23T07:38:37+00:00,SAVANT_BATTER_PROFILE_SCHEMA_V1,CURRENT
669256,"Solak, Nick",2026,10,0,0.0,10.0,0.0,47.8,0.373,0.26,0.502,50.0,12.5,98.3236,,,,0.232,BASEBALL_SAVANT_CURRENT_SEASON,2026-08-23T07:38:37+00:00,SAVANT_BATTER_PROFILE_SCHEMA_V1,CURRENT
624585,"Soler, Jorge",2026,361,118,32.7,9.7,36.9,47.3,0.294,0.206,0.362,42.6,10.9,101.551384059,,,,0.294,BASEBALL_SAVANT_CURRENT_SEASON,2026-08-23T07:38:37+00:00,SAVANT_BATTER_PROFILE_SCHEMA_V1,CURRENT
823550,"Song, Sung-Mun",2026,134,25,18.7,12.7,21.5,42.9,0.258,0.181,0.268,23.9,4.3,96.324399091,,,,0.267,BASEBALL_SAVANT_CURRENT_SEASON,2026-08-23T07:38:37+00:00,SAVANT_BATTER_PROFILE_SCHEMA_V1,CURRENT
624641,"Sosa, Edmundo",2026,205,43,21.0,3.4,27.3,61.2,0.328,0.279,0.436,40.5,6.8,100.042502568,,,,0.27,BASEBALL_SAVANT_CURRENT_SEASON,2026-08-23T07:38:37+00:00,SAVANT_BATTER_PROFILE_SCHEMA_V1,CURRENT
672820,"Sosa, Lenyn",2026,117,25,21.4,90.0,21.5,56.0,0.249,0.222,0.345,36.7,5.6,98.841732,,,,0.213,BASEBALL_SAVANT_CURRENT_SEASON,2026-08-23T07:38:37+00:00,SAVANT_BATTER_PROFILE_SCHEMA_V1,CURRENT
665742,"Soto, Juan",2026,359,48,13.4,17.5,20.6,39.1,0.422,0.297,0.589,48.6,14.3,102.442118033,,,,0.402,BASEBALL_SAVANT_CURRENT_SEASON,2026-08-23T07:38:37+00:00,SAVANT_BATTER_PROFILE_SCHEMA_V1,CURRENT
828599,"Spence, Lucas",2026,41,15,36.6,7.3,38.0,50.3,0.236,0.177,0.253,40.9,4.5,101.240806364,,,,0.208,BASEBALL_SAVANT_CURRENT_SEASON,2026-08-23T07:38:37+00:00,SAVANT_BATTER_PROFILE_SCHEMA_V1,CURRENT
543807,"Springer, George",2026,410,77,18.8,9.8,23.4,48.0,0.302,0.229,0.368,37.6,6.6,99.004380208,,,,0.311,BASEBALL_SAVANT_CURRENT_SEASON,2026-08-23T07:38:37+00:00,SAVANT_BATTER_PROFILE_SCHEMA_V1,CURRENT
519317,"Stanton, Giancarlo",2026,96,29,30.2,6.3,38.7,45.1,0.326,0.245,0.466,44.3,18.0,104.792676774,,,,0.316,BASEBALL_SAVANT_CURRENT_SEASON,2026-08-23T07:38:37+00:00,SAVANT_BATTER_PROFILE_SCHEMA_V1,CURRENT
668715,"Steer, Spencer",2026,384,86,22.4,9.1,25.3,45.3,0.342,0.246,0.452,39.1,12.4,99.548552583,,,,0.325,BASEBALL_SAVANT_CURRENT_SEASON,2026-08-23T07:38:37+00:00,SAVANT_BATTER_PROFILE_SCHEMA_V1,CURRENT
683021,"Stefanic, Michael",2026,5,1,20.0,0.0,12.5,50.0,0.232,0.253,0.28,0.0,0.0,90.558665,,,,0.356,BASEBALL_SAVANT_CURRENT_SEASON,2026-08-23T07:38:37+00:00,SAVANT_BATTER_PROFILE_SCHEMA_V1,CURRENT
663886,"Stephenson, Tyler",2026,356,95,26.7,10.7,26.0,44.7,0.341,0.246,0.455,45.7,12.5,100.30811713,,,,0.321,BASEBALL_SAVANT_CURRENT_SEASON,2026-08-23T07:38:37+00:00,SAVANT_BATTER_PROFILE_SCHEMA_V1,CURRENT
677060,"Stevens, Chad",2026,34,13,38.2,14.7,31.1,49.0,0.209,0.117,0.186,25.0,6.3,94.8961975,,,,0.129,BASEBALL_SAVANT_CURRENT_SEASON,2026-08-23T07:38:37+00:00,SAVANT_BATTER_PROFILE_SCHEMA_V1,CURRENT
701398,"Stewart, Sal",2026,557,122,21.9,9.9,27.1,48.0,0.346,0.252,0.47,38.3,13.2,100.372740437,,,,0.346,BASEBALL_SAVANT_CURRENT_SEASON,2026-08-23T07:38:37+00:00,SAVANT_BATTER_PROFILE_SCHEMA_V1,CURRENT
596115,"Story, Trevor",2026,176,57,32.4,4.5,31.7,55.4,0.248,0.212,0.309,41.8,3.6,99.268155636,,,,0.242,BASEBALL_SAVANT_CURRENT_SEASON,2026-08-23T07:38:37+00:00,SAVANT_BATTER_PROFILE_SCHEMA_V1,CURRENT
681082,"Stott, Bryson",2026,485,80,16.5,10.3,18.7,41.7,0.332,0.27,0.401,38.5,6.0,98.848592457,,,,0.332,BASEBALL_SAVANT_CURRENT_SEASON,2026-08-23T07:38:37+00:00,SAVANT_BATTER_PROFILE_SCHEMA_V1,CURRENT
669065,"Stowers, Kyle",2026,399,125,31.3,9.5,35.4,52.6,0.331,0.235,0.436,55.0,11.4,103.340447018,,,,0.341,BASEBALL_SAVANT_CURRENT_SEASON,2026-08-23T07:38:37+00:00,SAVANT_BATTER_PROFILE_SCHEMA_V1,CURRENT
664702,"Straw, Myles",2026,251,35,13.9,7.2,12.7,41.5,0.287,0.249,0.342,24.4,3.0,95.453952947,,,,0.262,BASEBALL_SAVANT_CURRENT_SEASON,2026-08-23T07:38:37+00:00,SAVANT_BATTER_PROFILE_SCHEMA_V1,CURRENT
596117,"Stubbs, Garrett",2026,49,10,20.4,4.1,19.4,53.8,0.233,0.203,0.248,28.6,0.0,95.903789412,,,,0.185,BASEBALL_SAVANT_CURRENT_SEASON,2026-08-23T07:38:37+00:00,SAVANT_BATTER_PROFILE_SCHEMA_V1,CURRENT
664954,"Sullivan, Brett",2026,184,31,16.8,6.0,18.1,52.2,0.285,0.229,0.364,32.6,4.3,97.028205507,,,,0.311,BASEBALL_SAVANT_CURRENT_SEASON,2026-08-23T07:38:37+00:00,SAVANT_BATTER_PROFILE_SCHEMA_V1,CURRENT
691740,"Susac, Daniel",2026,161,36,22.4,5.0,23.8,55.6,0.296,0.249,0.369,32.5,5.3,97.0900975,,,,0.29,BASEBALL_SAVANT_CURRENT_SEASON,2026-08-23T07:38:37+00:00,SAVANT_BATTER_PROFILE_SCHEMA_V1,CURRENT
673548,"Suzuki, Seiya",2026,488,127,26.0,11.9,24.9,40.5,0.333,0.245,0.423,38.5,10.7,100.250089733,,,,0.363,BASEBALL_SAVANT_CURRENT_SEASON,2026-08-23T07:38:37+00:00,SAVANT_BATTER_PROFILE_SCHEMA_V1,CURRENT
553993,"Suárez, Eugenio",2026,388,138,35.6,9.8,34.8,46.4,0.28,0.192,0.343,36.5,11.3,99.726003725,,,,0.307,BASEBALL_SAVANT_CURRENT_SEASON,2026-08-23T07:38:37+00:00,SAVANT_BATTER_PROFILE_SCHEMA_V1,CURRENT
621020,"Swanson, Dansby",2026,458,106,23.1,10.5,30.6,47.2,0.307,0.223,0.389,41.1,7.6,99.4357318,,,,0.309,BASEBALL_SAVANT_CURRENT_SEASON,2026-08-23T07:38:37+00:00,SAVANT_BATTER_PROFILE_SCHEMA_V1,CURRENT
645305,"Sánchez, Ali",2026,67,18,26.9,1.5,23.3,48.1,0.264,0.253,0.311,26.1,2.2,94.804876957,,,,0.273,BASEBALL_SAVANT_CURRENT_SEASON,2026-08-23T07:38:37+00:00,SAVANT_BATTER_PROFILE_SCHEMA_V1,CURRENT
596142,"Sánchez, Gary",2026,228,46,20.2,17.1,26.6,36.1,0.353,0.228,0.422,37.1,8.6,100.41243,,,,0.354,BASEBALL_SAVANT_CURRENT_SEASON,2026-08-23T07:38:37+00:00,SAVANT_BATTER_PROFILE_SCHEMA_V1,CURRENT
660821,"Sánchez, Jesús",2026,277,64,23.1,6.1,27.6,53.0,0.33,0.262,0.44,46.3,11.6,101.679974211,,,,0.326,BASEBALL_SAVANT_CURRENT_SEASON,2026-08-23T07:38:37+00:00,SAVANT_BATTER_PROFILE_SCHEMA_V1,CURRENT
665487,"Tatis Jr., Fernando",2026,559,103,18.4,9.7,26.9,45.9,0.372,0.293,0.477,53.1,12.1,104.643781015,,,,0.346,BASEBALL_SAVANT_CURRENT_SEASON,2026-08-23T07:38:37+00:00,SAVANT_BATTER_PROFILE_SCHEMA_V1,CURRENT
665750,"Taveras, Leody",2026,394,96,24.4,9.1,25.2,48.1,0.281,0.219,0.329,32.2,4.2,98.97187625,,,,0.297,BASEBALL_SAVANT_CURRENT_SEASON,2026-08-23T07:38:37+00:00,SAVANT_BATTER_PROFILE_SCHEMA_V1,CURRENT
694374,"Tawa, Tim",2026,230,53,23.0,7.4,27.1,48.9,0.309,0.246,0.406,45.0,8.9,100.926873158,,,,0.3,BASEBALL_SAVANT_CURRENT_SEASON,2026-08-23T07:38:37+00:00,SAVANT_BATTER_PROFILE_SCHEMA_V1,CURRENT
669392,"Taylor, Samad",2026,102,30,29.4,11.8,24.3,41.1,0.326,0.283,0.351,25.0,3.3,94.857600769,,,,0.364,BASEBALL_SAVANT_CURRENT_SEASON,2026-08-23T07:38:37+00:00,SAVANT_BATTER_PROFILE_SCHEMA_V1,CURRENT
621438,"Taylor, Tyrone",2026,185,35,18.9,5.9,22.4,49.4,0.31,0.238,0.426,34.3,10.2,98.473030303,,,,0.335,BASEBALL_SAVANT_CURRENT_SEASON,2026-08-23T07:38:37+00:00,SAVANT_BATTER_PROFILE_SCHEMA_V1,CURRENT
691019,"Teel, Kyle",2026,70,27,38.6,8.6,36.4,48.5,0.302,0.233,0.371,50.0,11.1,100.578508333,,,,0.266,BASEBALL_SAVANT_CURRENT_SEASON,2026-08-23T07:38:37+00:00,SAVANT_BATTER_PROFILE_SCHEMA_V1,CURRENT
642133,"Tellez, Rowdy",2026,11,3,27.3,9.1,30.4,44.2,0.506,0.339,0.828,42.9,28.6,100.8358675,,,,0.331,BASEBALL_SAVANT_CURRENT_SEASON,2026-08-23T07:38:37+00:00,SAVANT_BATTER_PROFILE_SCHEMA_V1,CURRENT
677588,"Tena, José",2026,250,77,30.8,9.2,35.0,48.4,0.307,0.236,0.377,49.7,8.8,103.196635541,,,,0.316,BASEBALL_SAVANT_CURRENT_SEASON,2026-08-23T07:38:37+00:00,SAVANT_BATTER_PROFILE_SCHEMA_V1,CURRENT
669326,"Teodosio, Bryce",2026,51,18,35.3,5.9,39.2,54.8,0.203,0.16,0.236,23.3,6.7,96.110663571,,,,0.235,BASEBALL_SAVANT_CURRENT_SEASON,2026-08-23T07:38:37+00:00,SAVANT_BATTER_PROFILE_SCHEMA_V1,CURRENT
677950,"Thomas, Alek",2026,100,23,23.0,3.0,26.7,57.4,0.292,0.235,0.397,43.1,8.6,100.467646471,,,,0.246,BASEBALL_SAVANT_CURRENT_SEASON,2026-08-23T07:38:37+00:00,SAVANT_BATTER_PROFILE_SCHEMA_V1,CURRENT
687515,"Thomas, Colby",2026,121,37,30.6,3.3,34.3,60.6,0.248,0.182,0.357,34.2,8.9,99.091770769,,,,0.25,BASEBALL_SAVANT_CURRENT_SEASON,2026-08-23T07:38:37+00:00,SAVANT_BATTER_PROFILE_SCHEMA_V1,CURRENT
657041,"Thomas, Lane",2026,352,88,25.0,11.9,22.7,41.3,0.316,0.241,0.373,42.3,6.8,100.216862455,,,,0.32,BASEBALL_SAVANT_CURRENT_SEASON,2026-08-23T07:38:37+00:00,SAVANT_BATTER_PROFILE_SCHEMA_V1,CURRENT
694514,"Thompson, Sterlin",2026,77,21,27.3,6.5,30.1,50.0,0.295,0.219,0.357,43.8,6.3,100.340930417,,,,0.308,BASEBALL_SAVANT_CURRENT_SEASON,2026-08-23T07:38:37+00:00,SAVANT_BATTER_PROFILE_SCHEMA_V1,CURRENT
669911,"Toglia, Michael",2026,28,12,42.9,7.1,34.8,43.8,0.222,0.183,0.251,57.1,0.0,98.827467143,,,,0.172,BASEBALL_SAVANT_CURRENT_SEASON,2026-08-23T07:38:37+00:00,SAVANT_BATTER_PROFILE_SCHEMA_V1,CURRENT
686475,"Tolbert, Tyler",2026,115,19,16.5,9.6,26.5,50.1,0.311,0.259,0.337,27.1,3.5,96.312862564,,,,0.358,BASEBALL_SAVANT_CURRENT_SEASON,2026-08-23T07:38:37+00:00,SAVANT_BATTER_PROFILE_SCHEMA_V1,CURRENT
679529,"Torkelson, Spencer",2026,500,154,30.8,11.2,31.2,43.2,0.316,0.218,0.404,40.8,12.7,99.915240563,,,,0.321,BASEBALL_SAVANT_CURRENT_SEASON,2026-08-23T07:38:37+00:00,SAVANT_BATTER_PROFILE_SCHEMA_V1,CURRENT
620443,"Torrens, Luis",2026,231,44,19.0,6.9,20.9,47.3,0.298,0.235,0.368,39.5,5.5,98.603537073,,,,0.311,BASEBALL_SAVANT_CURRENT_SEASON,2026-08-23T07:38:37+00:00,SAVANT_BATTER_PROFILE_SCHEMA_V1,CURRENT
663494,"Torres, Bryan",2026,131,26,19.8,7.6,20.5,46.0,0.291,0.235,0.358,27.7,4.3,95.977351556,,,,0.3,BASEBALL_SAVANT_CURRENT_SEASON,2026-08-23T07:38:37+00:00,SAVANT_BATTER_PROFILE_SCHEMA_V1,CURRENT
650402,"Torres, Gleyber",2026,317,59,18.6,14.2,22.5,41.3,0.333,0.252,0.38,32.9,6.7,96.800220571,,,,0.345,BASEBALL_SAVANT_CURRENT_SEASON,2026-08-23T07:38:37+00:00,SAVANT_BATTER_PROFILE_SCHEMA_V1,CURRENT
678662,"Tovar, Ezequiel",2026,423,107,25.3,5.9,29.1,62.1,0.272,0.218,0.355,33.2,6.2,98.207206667,,,,0.254,BASEBALL_SAVANT_CURRENT_SEASON,2026-08-23T07:38:37+00:00,SAVANT_BATTER_PROFILE_SCHEMA_V1,CURRENT
666211,"Trammell, Taylor",2026,209,68,32.5,9.1,39.8,48.3,0.297,0.197,0.392,37.3,12.7,100.967743966,,,,0.299,BASEBALL_SAVANT_CURRENT_SEASON,2026-08-23T07:38:37+00:00,SAVANT_BATTER_PROFILE_SCHEMA_V1,CURRENT
624431,"Trevino, Jose",2026,108,20,18.5,90.0,21.5,50.9,0.214,0.202,0.282,31.0,2.4,97.027226098,,,,0.271,BASEBALL_SAVANT_CURRENT_SEASON,2026-08-23T07:38:37+00:00,SAVANT_BATTER_PROFILE_SCHEMA_V1,CURRENT
701649,"Triantos, James",2026,9,2,22.2,11.1,30.0,45.5,0.159,0.098,0.116,16.7,0.0,92.862423333,,,,0.176,BASEBALL_SAVANT_CURRENT_SEASON,2026-08-23T07:38:37+00:00,SAVANT_BATTER_PROFILE_SCHEMA_V1,CURRENT
669707,"Triolo, Jared",2026,295,60,20.3,8.1,22.2,44.7,0.288,0.242,0.317,37.3,2.5,98.374851818,,,,0.282,BASEBALL_SAVANT_CURRENT_SEASON,2026-08-23T07:38:37+00:00,SAVANT_BATTER_PROFILE_SCHEMA_V1,CURRENT
644433,"Tromp, Chadwick",2026,51,13,25.5,0.0,24.3,56.6,0.17,0.174,0.217,26.3,0.0,95.351341111,,,,0.15,BASEBALL_SAVANT_CURRENT_SEASON,2026-08-23T07:38:37+00:00,SAVANT_BATTER_PROFILE_SCHEMA_V1,CURRENT
545361,"Trout, Mike",2026,491,127,25.9,17.3,24.2,40.0,0.381,0.252,0.494,46.0,15.9,102.659151765,,,,0.355,BASEBALL_SAVANT_CURRENT_SEASON,2026-08-23T07:38:37+00:00,SAVANT_BATTER_PROFILE_SCHEMA_V1,CURRENT
694371,"Troy, Tommy",2026,134,31,23.1,9.7,24.9,44.8,0.317,0.238,0.412,31.1,10.0,98.394866364,,,,0.295,BASEBALL_SAVANT_CURRENT_SEASON,2026-08-23T07:38:37+00:00,SAVANT_BATTER_PROFILE_SCHEMA_V1,CURRENT
663656,"Tucker, Kyle",2026,498,92,18.5,12.0,22.5,48.9,0.326,0.255,0.381,37.6,5.8,98.501604471,,,,0.309,BASEBALL_SAVANT_CURRENT_SEASON,2026-08-23T07:38:37+00:00,SAVANT_BATTER_PROFILE_SCHEMA_V1,CURRENT
668930,"Turang, Brice",2026,541,134,24.8,12.8,22.5,43.2,0.343,0.256,0.431,42.3,7.7,100.380083939,,,,0.348,BASEBALL_SAVANT_CURRENT_SEASON,2026-08-23T07:38:37+00:00,SAVANT_BATTER_PROFILE_SCHEMA_V1,CURRENT
607208,"Turner, Trea",2026,552,120,21.7,6.5,27.2,50.6,0.297,0.247,0.37,40.1,6.1,99.099557245,,,,0.303,BASEBALL_SAVANT_CURRENT_SEASON,2026-08-23T07:38:37+00:00,SAVANT_BATTER_PROFILE_SCHEMA_V1,CURRENT
649966,"Urías, Luis",2026,59,10,16.9,10.2,13.0,50.0,0.299,0.237,0.351,30.2,7.0,97.293847273,,,,0.345,BASEBALL_SAVANT_CURRENT_SEASON,2026-08-23T07:38:37+00:00,SAVANT_BATTER_PROFILE_SCHEMA_V1,CURRENT
602104,"Urías, Ramón",2026,68,12,17.6,8.8,23.5,48.5,0.306,0.185,0.374,37.0,10.9,98.964138261,,,,0.273,BASEBALL_SAVANT_CURRENT_SEASON,2026-08-23T07:38:37+00:00,SAVANT_BATTER_PROFILE_SCHEMA_V1,CURRENT
699013,"Valdez, Esmerlyn",2026,235,87,37.0,14.9,39.3,42.0,0.333,0.199,0.438,48.2,20.5,102.623180714,,,,0.38,BASEBALL_SAVANT_CURRENT_SEASON,2026-08-23T07:38:37+00:00,SAVANT_BATTER_PROFILE_SCHEMA_V1,CURRENT
680664,"Valencia, Eduardo",2026,63,18,28.6,1.6,27.9,53.3,0.34,0.248,0.532,51.2,23.3,102.261724545,,,,0.465,BASEBALL_SAVANT_CURRENT_SEASON,2026-08-23T07:38:37+00:00,SAVANT_BATTER_PROFILE_SCHEMA_V1,CURRENT
678218,"Valenzuela, Brandon",2026,235,63,26.8,9.8,25.4,49.7,0.312,0.24,0.385,37.8,7.4,99.266861644,,,,0.308,BASEBALL_SAVANT_CURRENT_SEASON,2026-08-23T07:38:37+00:00,SAVANT_BATTER_PROFILE_SCHEMA_V1,CURRENT
671655,"Valera, George",2026,38,8,21.1,2.6,22.1,57.1,0.198,0.193,0.232,34.5,0.0,98.353314,,,,0.235,BASEBALL_SAVANT_CURRENT_SEASON,2026-08-23T07:38:37+00:00,SAVANT_BATTER_PROFILE_SCHEMA_V1,CURRENT
545121,"Vargas, Ildemaro",2026,396,38,9.6,5.6,15.0,50.2,0.308,0.279,0.38,35.5,3.6,98.236976727,,,,0.307,BASEBALL_SAVANT_CURRENT_SEASON,2026-08-23T07:38:37+00:00,SAVANT_BATTER_PROFILE_SCHEMA_V1,CURRENT
678246,"Vargas, Miguel",2026,555,99,17.8,13.2,21.1,44.9,0.388,0.266,0.527,46.8,15.0,101.021099144,,,,0.364,BASEBALL_SAVANT_CURRENT_SEASON,2026-08-23T07:38:37+00:00,SAVANT_BATTER_PROFILE_SCHEMA_V1,CURRENT
662139,"Varsho, Daulton",2026,427,86,20.1,8.2,21.2,52.9,0.285,0.229,0.35,37.5,5.9,98.500562185,,,,0.287,BASEBALL_SAVANT_CURRENT_SEASON,2026-08-23T07:38:37+00:00,SAVANT_BATTER_PROFILE_SCHEMA_V1,CURRENT
683734,"Vaughn, Andrew",2026,268,40,14.9,11.2,20.3,38.8,0.341,0.27,0.394,43.0,5.7,99.571952371,,,,0.372,BASEBALL_SAVANT_CURRENT_SEASON,2026-08-23T07:38:37+00:00,SAVANT_BATTER_PROFILE_SCHEMA_V1,CURRENT
691728,"Veen, Zac",2026,20,8,40.0,5.0,42.9,62.7,0.334,0.224,0.529,36.4,18.2,101.241082,,,,0.392,BASEBALL_SAVANT_CURRENT_SEASON,2026-08-23T07:38:37+00:00,SAVANT_BATTER_PROFILE_SCHEMA_V1,CURRENT
623205,"Velazquez, Andrew",2026,15,2,13.3,0.0,14.3,62.2,0.16,0.167,0.2,23.1,0.0,95.175448,,,,0.059,BASEBALL_SAVANT_CURRENT_SEASON,2026-08-23T07:38:37+00:00,SAVANT_BATTER_PROFILE_SCHEMA_V1,CURRENT
676369,"Velázquez, Nelson",2026,88,26,29.5,8.0,37.6,49.6,0.355,0.256,0.495,63.0,13.0,102.921911481,,,,0.295,BASEBALL_SAVANT_CURRENT_SEASON,2026-08-23T07:38:37+00:00,SAVANT_BATTER_PROFILE_SCHEMA_V1,CURRENT
668901,"Vientos, Mark",2026,254,61,24.0,4.7,31.5,54.5,0.31,0.234,0.447,43.8,10.1,100.872376742,,,,0.28,BASEBALL_SAVANT_CURRENT_SEASON,2026-08-23T07:38:37+00:00,SAVANT_BATTER_PROFILE_SCHEMA_V1,CURRENT
663837,"Vierling, Matt",2026,291,49,16.8,6.5,18.2,48.0,0.304,0.256,0.381,37.2,5.0,98.761562252,,,,0.258,BASEBALL_SAVANT_CURRENT_SEASON,2026-08-23T07:38:37+00:00,SAVANT_BATTER_PROFILE_SCHEMA_V1,CURRENT
668723,"Vilade, Ryan",2026,216,48,22.2,8.3,22.3,50.2,0.324,0.252,0.435,38.5,6.8,101.239217534,,,,0.348,BASEBALL_SAVANT_CURRENT_SEASON,2026-08-23T07:38:37+00:00,SAVANT_BATTER_PROFILE_SCHEMA_V1,CURRENT
678391,"Vivas, Jorbit",2026,277,39,14.1,10.5,17.5,50.2,0.291,0.237,0.312,21.6,2.9,94.141781683,,,,0.289,BASEBALL_SAVANT_CURRENT_SEASON,2026-08-23T07:38:37+00:00,SAVANT_BATTER_PROFILE_SCHEMA_V1,CURRENT
683011,"Volpe, Anthony",2026,194,45,23.2,11.3,25.7,44.6,0.29,0.231,0.315,35.4,4.0,98.237672857,,,,0.294,BASEBALL_SAVANT_CURRENT_SEASON,2026-08-23T07:38:37+00:00,SAVANT_BATTER_PROFILE_SCHEMA_V1,CURRENT
681190,"Vásquez, Randy",2026,1,0,0.0,0.0,0.0,100.0,0.044,0.049,0.05,0.0,0.0,66.05121,,,,0.0,BASEBALL_SAVANT_CURRENT_SEASON,2026-08-23T07:38:37+00:00,SAVANT_BATTER_PROFILE_SCHEMA_V1,CURRENT
543877,"Vázquez, Christian",2026,237,45,19.0,7.2,19.7,47.7,0.243,0.201,0.28,23.4,2.3,95.524116627,,,,0.276,BASEBALL_SAVANT_CURRENT_SEASON,2026-08-23T07:38:37+00:00,SAVANT_BATTER_PROFILE_SCHEMA_V1,CURRENT
664774,"Wade Jr., LaMonte",2026,104,24,23.1,16.3,22.4,38.4,0.287,0.198,0.283,34.9,3.2,98.270619032,,,,0.313,BASEBALL_SAVANT_CURRENT_SEASON,2026-08-23T07:38:37+00:00,SAVANT_BATTER_PROFILE_SCHEMA_V1,CURRENT
676572,"Wagaman, Eric",2026,47,11,23.4,8.5,30.5,41.2,0.304,0.23,0.368,22.6,6.5,95.41089,,,,0.276,BASEBALL_SAVANT_CURRENT_SEASON,2026-08-23T07:38:37+00:00,SAVANT_BATTER_PROFILE_SCHEMA_V1,CURRENT
695238,"Wagner, Will",2026,45,7,15.6,22.2,16.9,40.3,0.329,0.249,0.282,17.9,0.0,92.435565714,,,,0.333,BASEBALL_SAVANT_CURRENT_SEASON,2026-08-23T07:38:37+00:00,SAVANT_BATTER_PROFILE_SCHEMA_V1,CURRENT
814439,"Waldschmidt, Ryan",2026,226,64,28.3,7.5,31.9,43.2,0.31,0.255,0.379,31.4,6.4,97.981099855,,,,0.328,BASEBALL_SAVANT_CURRENT_SEASON,2026-08-23T07:38:37+00:00,SAVANT_BATTER_PROFILE_SCHEMA_V1,CURRENT
572233,"Walker, Christian",2026,508,121,23.8,8.3,30.0,50.5,0.303,0.226,0.385,41.7,9.2,101.163132857,,,,0.326,BASEBALL_SAVANT_CURRENT_SEASON,2026-08-23T07:38:37+00:00,SAVANT_BATTER_PROFILE_SCHEMA_V1,CURRENT
691023,"Walker, Jordan",2026,540,130,24.1,7.8,30.6,52.3,0.357,0.276,0.49,48.1,13.7,104.713228297,,,,0.372,BASEBALL_SAVANT_CURRENT_SEASON,2026-08-23T07:38:37+00:00,SAVANT_BATTER_PROFILE_SCHEMA_V1,CURRENT
670242,"Wallner, Matt",2026,135,53,39.3,7.4,44.0,52.1,0.281,0.2,0.333,40.3,10.4,101.422806765,,,,0.253,BASEBALL_SAVANT_CURRENT_SEASON,2026-08-23T07:38:37+00:00,SAVANT_BATTER_PROFILE_SCHEMA_V1,CURRENT
670764,"Walls, Taylor",2026,363,89,24.5,10.2,22.6,43.5,0.247,0.19,0.255,21.8,2.1,95.105192642,,,,0.276,BASEBALL_SAVANT_CURRENT_SEASON,2026-08-23T07:38:37+00:00,SAVANT_BATTER_PROFILE_SCHEMA_V1,CURRENT
622268,"Walton, Donovan",2026,172,28,16.3,11.0,23.7,50.1,0.319,0.248,0.364,33.6,4.1,97.45396678,,,,0.361,BASEBALL_SAVANT_CURRENT_SEASON,2026-08-23T07:38:37+00:00,SAVANT_BATTER_PROFILE_SCHEMA_V1,CURRENT
669899,"Ward, Ryan",2026,60,17,28.3,8.3,27.6,53.2,0.316,0.239,0.424,28.9,10.8,99.059412105,,,,0.319,BASEBALL_SAVANT_CURRENT_SEASON,2026-08-23T07:38:37+00:00,SAVANT_BATTER_PROFILE_SCHEMA_V1,CURRENT
621493,"Ward, Taylor",2026,550,114,20.7,16.5,19.5,34.2,0.34,0.246,0.371,38.1,5.6,98.718251243,,,,0.325,BASEBALL_SAVANT_CURRENT_SEASON,2026-08-23T07:38:37+00:00,SAVANT_BATTER_PROFILE_SCHEMA_V1,CURRENT
696135,"Watson, Kahlil",2026,91,32,35.2,3.3,35.5,54.0,0.246,0.209,0.33,32.1,7.1,98.054020357,,,,0.266,BASEBALL_SAVANT_CURRENT_SEASON,2026-08-23T07:38:37+00:00,SAVANT_BATTER_PROFILE_SCHEMA_V1,CURRENT
669224,"Wells, Austin",2026,292,75,25.7,10.6,28.4,47.3,0.289,0.209,0.356,42.4,6.5,100.120069667,,,,0.253,BASEBALL_SAVANT_CURRENT_SEASON,2026-08-23T07:38:37+00:00,SAVANT_BATTER_PROFILE_SCHEMA_V1,CURRENT
673995,"Wendzel, Davis",2026,4,0,0.0,0.0,21.4,58.3,0.23,0.224,0.307,50.0,0.0,100.415985,,,,0.0,BASEBALL_SAVANT_CURRENT_SEASON,2026-08-23T07:38:37+00:00,SAVANT_BATTER_PROFILE_SCHEMA_V1,CURRENT
802139,"Wetherholt, JJ",2026,562,91,16.2,11.0,20.1,41.8,0.348,0.252,0.431,44.4,7.4,99.354149026,,,,0.322,BASEBALL_SAVANT_CURRENT_SEASON,2026-08-23T07:38:37+00:00,SAVANT_BATTER_PROFILE_SCHEMA_V1,CURRENT
694376,"Whitcomb, Shay",2026,24,11,45.8,4.2,42.2,48.9,0.258,0.162,0.415,41.7,16.7,99.835308333,,,,0.237,BASEBALL_SAVANT_CURRENT_SEASON,2026-08-23T07:38:37+00:00,SAVANT_BATTER_PROFILE_SCHEMA_V1,CURRENT
642201,"White, Eli",2026,165,37,22.4,6.1,27.5,51.7,0.26,0.218,0.312,29.9,5.2,97.91441193,,,,0.294,BASEBALL_SAVANT_CURRENT_SEASON,2026-08-23T07:38:37+00:00,SAVANT_BATTER_PROFILE_SCHEMA_V1,CURRENT
695720,"White, Tommy",2026,117,20,17.1,3.4,21.9,55.0,0.282,0.255,0.365,31.2,6.5,96.718691489,,,,0.263,BASEBALL_SAVANT_CURRENT_SEASON,2026-08-23T07:38:37+00:00,SAVANT_BATTER_PROFILE_SCHEMA_V1,CURRENT
686894,"Wiemer, Joey",2026,83,29,34.9,14.5,31.9,40.3,0.315,0.217,0.349,39.0,10.0,100.456284,,,,0.397,BASEBALL_SAVANT_CURRENT_SEASON,2026-08-23T07:38:37+00:00,SAVANT_BATTER_PROFILE_SCHEMA_V1,CURRENT
675961,"Williams, Alika",2026,153,37,24.2,3.9,21.9,53.2,0.242,0.216,0.284,32.7,90.0,96.839701321,,,,0.3,BASEBALL_SAVANT_CURRENT_SEASON,2026-08-23T07:38:37+00:00,SAVANT_BATTER_PROFILE_SCHEMA_V1,CURRENT
700246,"Williams, Carson",2026,40,13,32.5,5.0,32.9,57.7,0.217,0.166,0.28,24.0,4.0,96.623833333,,,,0.166,BASEBALL_SAVANT_CURRENT_SEASON,2026-08-23T07:38:37+00:00,SAVANT_BATTER_PROFILE_SCHEMA_V1,CURRENT
663897,"Williams, Luke",2026,1,0,0.0,100.0,,0.0,0.698,0.0,0.0,,,,,,,0.698,BASEBALL_SAVANT_CURRENT_SEASON,2026-08-23T07:38:37+00:00,SAVANT_BATTER_PROFILE_SCHEMA_V1,CURRENT
810938,"Williamson, Ben",2026,270,51,18.9,7.4,17.1,42.9,0.289,0.252,0.33,33.0,1.5,98.097678229,,,,0.288,BASEBALL_SAVANT_CURRENT_SEASON,2026-08-23T07:38:37+00:00,SAVANT_BATTER_PROFILE_SCHEMA_V1,CURRENT
805779,"Wilson, Jacob",2026,337,39,11.6,3.6,14.8,55.9,0.282,0.262,0.345,27.6,2.5,95.600927914,,,,0.3,BASEBALL_SAVANT_CURRENT_SEASON,2026-08-23T07:38:37+00:00,SAVANT_BATTER_PROFILE_SCHEMA_V1,CURRENT
642215,"Wilson, Weston",2026,117,35,29.9,12.0,34.3,45.2,0.264,0.177,0.288,32.8,6.1,97.794989394,,,,0.291,BASEBALL_SAVANT_CURRENT_SEASON,2026-08-23T07:38:37+00:00,SAVANT_BATTER_PROFILE_SCHEMA_V1,CURRENT
669717,"Wilson, Will",2026,6,1,16.7,16.7,38.5,52.0,0.451,0.212,0.762,25.0,25.0,95.48153,,,,0.458,BASEBALL_SAVANT_CURRENT_SEASON,2026-08-23T07:38:37+00:00,SAVANT_BATTER_PROFILE_SCHEMA_V1,CURRENT
691026,"Winn, Masyn",2026,490,105,21.4,9.0,23.6,41.7,0.3,0.248,0.333,35.0,3.6,98.606009337,,,,0.289,BASEBALL_SAVANT_CURRENT_SEASON,2026-08-23T07:38:37+00:00,SAVANT_BATTER_PROFILE_SCHEMA_V1,CURRENT
621550,"Wisdom, Patrick",2026,44,18,40.9,6.8,39.8,57.4,0.265,0.178,0.403,47.8,21.7,102.305891667,,,,0.172,BASEBALL_SAVANT_CURRENT_SEASON,2026-08-23T07:38:37+00:00,SAVANT_BATTER_PROFILE_SCHEMA_V1,CURRENT
677951,"Witt Jr., Bobby",2026,490,85,17.3,10.4,24.9,47.6,0.383,0.304,0.508,51.4,11.8,103.44738431,,,,0.357,BASEBALL_SAVANT_CURRENT_SEASON,2026-08-23T07:38:37+00:00,SAVANT_BATTER_PROFILE_SCHEMA_V1,CURRENT
657136,"Wong, Connor",2026,194,47,24.2,8.2,24.9,46.8,0.302,0.231,0.357,36.5,5.6,99.608415667,,,,0.319,BASEBALL_SAVANT_CURRENT_SEASON,2026-08-23T07:38:37+00:00,SAVANT_BATTER_PROFILE_SCHEMA_V1,CURRENT
695578,"Wood, James",2026,535,153,28.6,16.8,30.7,37.8,0.419,0.275,0.585,57.6,20.8,106.060987778,,,,0.395,BASEBALL_SAVANT_CURRENT_SEASON,2026-08-23T07:38:37+00:00,SAVANT_BATTER_PROFILE_SCHEMA_V1,CURRENT
669398,"Workman, Gage",2026,41,17,41.5,0.0,33.3,60.0,0.299,0.222,0.489,45.8,20.8,101.80005,,,,0.245,BASEBALL_SAVANT_CURRENT_SEASON,2026-08-23T07:38:37+00:00,SAVANT_BATTER_PROFILE_SCHEMA_V1,CURRENT
642851,"Wynns, Austin",2026,89,24,27.0,5.6,23.9,54.4,0.24,0.2,0.29,26.7,3.3,96.338909655,,,,0.176,BASEBALL_SAVANT_CURRENT_SEASON,2026-08-23T07:38:37+00:00,SAVANT_BATTER_PROFILE_SCHEMA_V1,CURRENT
573262,"Yastrzemski, Mike",2026,324,77,23.8,10.5,23.4,41.9,0.314,0.237,0.372,43.5,7.2,99.71591,,,,0.316,BASEBALL_SAVANT_CURRENT_SEASON,2026-08-23T07:38:37+00:00,SAVANT_BATTER_PROFILE_SCHEMA_V1,CURRENT
592885,"Yelich, Christian",2026,389,105,27.0,9.8,29.7,44.6,0.311,0.231,0.388,43.8,10.4,100.520735966,,,,0.302,BASEBALL_SAVANT_CURRENT_SEASON,2026-08-23T07:38:37+00:00,SAVANT_BATTER_PROFILE_SCHEMA_V1,CURRENT
694377,"Yorke, Nick",2026,96,20,20.8,7.3,21.1,48.6,0.307,0.252,0.368,49.3,6.0,101.949627941,,,,0.27,BASEBALL_SAVANT_CURRENT_SEASON,2026-08-23T07:38:37+00:00,SAVANT_BATTER_PROFILE_SCHEMA_V1,CURRENT
807799,"Yoshida, Masataka",2026,297,33,11.1,9.4,15.6,42.6,0.318,0.262,0.372,39.9,3.4,99.027488034,,,,0.329,BASEBALL_SAVANT_CURRENT_SEASON,2026-08-23T07:38:37+00:00,SAVANT_BATTER_PROFILE_SCHEMA_V1,CURRENT
702284,"Young, Cole",2026,518,88,17.0,6.6,19.0,48.4,0.322,0.269,0.402,38.5,4.7,99.369013523,,,,0.314,BASEBALL_SAVANT_CURRENT_SEASON,2026-08-23T07:38:37+00:00,SAVANT_BATTER_PROFILE_SCHEMA_V1,CURRENT
696285,"Young, Jacob",2026,386,65,16.8,7.0,21.5,43.5,0.322,0.264,0.398,32.8,6.3,98.006161786,,,,0.314,BASEBALL_SAVANT_CURRENT_SEASON,2026-08-23T07:38:37+00:00,SAVANT_BATTER_PROFILE_SCHEMA_V1,CURRENT
676724,"Young, Jared",2026,256,47,18.4,7.0,25.3,46.8,0.324,0.249,0.41,47.0,8.1,102.104023516,,,,0.341,BASEBALL_SAVANT_CURRENT_SEASON,2026-08-23T07:38:37+00:00,SAVANT_BATTER_PROFILE_SCHEMA_V1,CURRENT
518595,"d'Arnaud, Travis",2026,58,14,24.1,10.3,31.5,50.7,0.29,0.179,0.348,30.6,13.9,97.391281667,,,,0.262,BASEBALL_SAVANT_CURRENT_SEASON,2026-08-23T07:38:37+00:00,SAVANT_BATTER_PROFILE_SCHEMA_V1,CURRENT
