mlbam_id,player_name,team,season,vs_rhp_pa,vs_rhp_so,vs_rhp_k_pct,vs_lhp_pa,vs_lhp_so,vs_lhp_k_pct,overall_pa,overall_so,overall_k_pct,source,source_timestamp,refresh_status
682928,"Abrams, CJ",,2026,368,73,19.83695652173913,168,51,30.357142857142854,536,124,23.134328358208954,BASEBALL_SAVANT_CURRENT_SEASON_VS_HAND,2026-08-23T07:38:37+00:00,CURRENT
677800,"Abreu, Wilyer",,2026,383,80,20.887728459530024,164,26,15.853658536585366,547,106,19.378427787934186,BASEBALL_SAVANT_CURRENT_SEASON_VS_HAND,2026-08-23T07:38:37+00:00,CURRENT
660670,"Acuña Jr., Ronald",,2026,228,51,22.36842105263158,111,28,25.225225225225223,339,79,23.303834808259587,BASEBALL_SAVANT_CURRENT_SEASON_VS_HAND,2026-08-23T07:38:37+00:00,CURRENT
682668,"Acuña, Luisangel",,2026,111,24,21.62162162162162,94,16,17.02127659574468,205,40,19.51219512195122,BASEBALL_SAVANT_CURRENT_SEASON_VS_HAND,2026-08-23T07:38:37+00:00,CURRENT
642715,"Adames, Willy",,2026,367,97,26.430517711171664,130,39,30.0,497,136,27.364185110663986,BASEBALL_SAVANT_CURRENT_SEASON_VS_HAND,2026-08-23T07:38:37+00:00,CURRENT
666176,"Adell, Jo",,2026,370,94,25.405405405405407,149,33,22.14765100671141,519,127,24.470134874759154,BASEBALL_SAVANT_CURRENT_SEASON_VS_HAND,2026-08-23T07:38:37+00:00,CURRENT
645277,"Albies, Ozzie",,2026,332,60,18.072289156626507,218,17,7.79816513761468,550,77,14.000000000000002,BASEBALL_SAVANT_CURRENT_SEASON_VS_HAND,2026-08-23T07:38:37+00:00,CURRENT
682634,"Alcántara, Kevin",,2026,9,4,44.44444444444444,17,6,35.294117647058826,26,10,38.46153846153847,BASEBALL_SAVANT_CURRENT_SEASON_VS_HAND,2026-08-23T07:38:37+00:00,CURRENT
677942,"Alexander, Blaze",,2026,162,33,20.37037037037037,84,21,25.0,246,54,21.951219512195124,BASEBALL_SAVANT_CURRENT_SEASON_VS_HAND,2026-08-23T07:38:37+00:00,CURRENT
672613,"Alfonzo, Eliezer",,2026,13,1,7.6923076923076925,14,1,7.142857142857142,27,2,7.4074074074074066,BASEBALL_SAVANT_CURRENT_SEASON_VS_HAND,2026-08-23T07:38:37+00:00,CURRENT
669397,"Allen, Nick",,2026,101,22,21.782178217821784,34,5,14.705882352941178,135,27,20.0,BASEBALL_SAVANT_CURRENT_SEASON_VS_HAND,2026-08-23T07:38:37+00:00,CURRENT
624413,"Alonso, Pete",,2026,395,92,23.29113924050633,165,42,25.454545454545453,560,134,23.92857142857143,BASEBALL_SAVANT_CURRENT_SEASON_VS_HAND,2026-08-23T07:38:37+00:00,CURRENT
514888,"Altuve, Jose",,2026,336,70,20.833333333333336,101,18,17.82178217821782,437,88,20.137299771167047,BASEBALL_SAVANT_CURRENT_SEASON_VS_HAND,2026-08-23T07:38:37+00:00,CURRENT
682626,"Alvarez, Francisco",,2026,242,66,27.27272727272727,92,31,33.69565217391305,334,97,29.041916167664674,BASEBALL_SAVANT_CURRENT_SEASON_VS_HAND,2026-08-23T07:38:37+00:00,CURRENT
670541,"Alvarez, Yordan",,2026,410,71,17.317073170731707,146,23,15.753424657534246,556,94,16.906474820143885,BASEBALL_SAVANT_CURRENT_SEASON_VS_HAND,2026-08-23T07:38:37+00:00,CURRENT
691182,"Amador, Adael",,2026,9,3,33.33333333333333,4,2,50.0,13,5,38.46153846153847,BASEBALL_SAVANT_CURRENT_SEASON_VS_HAND,2026-08-23T07:38:37+00:00,CURRENT
665804,"Amaya, Miguel",,2026,145,42,28.965517241379313,63,12,19.047619047619047,208,54,25.961538461538463,BASEBALL_SAVANT_CURRENT_SEASON_VS_HAND,2026-08-23T07:38:37+00:00,CURRENT
609280,"Andujar, Miguel",,2026,173,27,15.606936416184972,81,11,13.580246913580247,254,38,14.960629921259844,BASEBALL_SAVANT_CURRENT_SEASON_VS_HAND,2026-08-23T07:38:37+00:00,CURRENT
701350,"Anthony, Roman",,2026,93,25,26.881720430107524,38,8,21.052631578947366,131,33,25.190839694656486,BASEBALL_SAVANT_CURRENT_SEASON_VS_HAND,2026-08-23T07:38:37+00:00,CURRENT
803011,"Antonacci, Sam",,2026,338,48,14.201183431952662,94,20,21.27659574468085,432,68,15.74074074074074,BASEBALL_SAVANT_CURRENT_SEASON_VS_HAND,2026-08-23T07:38:37+00:00,CURRENT
666018,"Aranda, Jonathan",,2026,392,84,21.428571428571427,154,44,28.57142857142857,546,128,23.44322344322344,BASEBALL_SAVANT_CURRENT_SEASON_VS_HAND,2026-08-23T07:38:37+00:00,CURRENT
606115,"Arcia, Orlando",,2026,30,3,10.0,20,5,25.0,50,8,16.0,BASEBALL_SAVANT_CURRENT_SEASON_VS_HAND,2026-08-23T07:38:37+00:00,CURRENT
571448,"Arenado, Nolan",,2026,345,72,20.869565217391305,123,25,20.32520325203252,468,97,20.726495726495727,BASEBALL_SAVANT_CURRENT_SEASON_VS_HAND,2026-08-23T07:38:37+00:00,CURRENT
672356,"Arias, Gabriel",,2026,92,35,38.04347826086957,47,23,48.93617021276596,139,58,41.726618705035975,BASEBALL_SAVANT_CURRENT_SEASON_VS_HAND,2026-08-23T07:38:37+00:00,CURRENT
668227,"Arozarena, Randy",,2026,385,84,21.818181818181817,137,27,19.708029197080293,522,111,21.26436781609195,BASEBALL_SAVANT_CURRENT_SEASON_VS_HAND,2026-08-23T07:38:37+00:00,CURRENT
650333,"Arraez, Luis",,2026,381,11,2.8871391076115485,158,13,8.227848101265822,539,24,4.452690166975881,BASEBALL_SAVANT_CURRENT_SEASON_VS_HAND,2026-08-23T07:38:37+00:00,CURRENT
695490,"Arroyo, Edwin",,2026,108,24,22.22222222222222,34,7,20.588235294117645,142,31,21.830985915492956,BASEBALL_SAVANT_CURRENT_SEASON_VS_HAND,2026-08-23T07:38:37+00:00,CURRENT
640492,"Azócar, José",,2026,6,1,16.666666666666664,12,3,25.0,18,4,22.22222222222222,BASEBALL_SAVANT_CURRENT_SEASON_VS_HAND,2026-08-23T07:38:37+00:00,CURRENT
664056,"Bader, Harrison",,2026,87,28,32.18390804597701,24,6,25.0,111,34,30.630630630630627,BASEBALL_SAVANT_CURRENT_SEASON_VS_HAND,2026-08-23T07:38:37+00:00,CURRENT
678225,"Bae, Jihwan",,2026,2,1,50.0,2,0,0.0,4,1,25.0,BASEBALL_SAVANT_CURRENT_SEASON_VS_HAND,2026-08-23T07:38:37+00:00,CURRENT
672275,"Bailey, Patrick",,2026,230,57,24.782608695652176,44,12,27.27272727272727,274,69,25.18248175182482,BASEBALL_SAVANT_CURRENT_SEASON_VS_HAND,2026-08-23T07:38:37+00:00,CURRENT
663609,"Baker, Luken",,2026,2,2,100.0,3,1,33.33333333333333,5,3,60.0,BASEBALL_SAVANT_CURRENT_SEASON_VS_HAND,2026-08-23T07:38:37+00:00,CURRENT
686948,"Baldwin, Drake",,2026,290,62,21.379310344827587,180,36,20.0,470,98,20.851063829787233,BASEBALL_SAVANT_CURRENT_SEASON_VS_HAND,2026-08-23T07:38:37+00:00,CURRENT
694208,"Ballesteros, Moisés",,2026,210,43,20.476190476190474,31,8,25.806451612903224,241,51,21.16182572614108,BASEBALL_SAVANT_CURRENT_SEASON_VS_HAND,2026-08-23T07:38:37+00:00,CURRENT
677943,"Banfield, Will",,2026,1,1,100.0,,,,1,1,100.0,BASEBALL_SAVANT_CURRENT_SEASON_VS_HAND,2026-08-23T07:38:37+00:00,CURRENT
680718,"Barger, Addison",,2026,24,6,25.0,4,1,25.0,28,7,25.0,BASEBALL_SAVANT_CURRENT_SEASON_VS_HAND,2026-08-23T07:38:37+00:00,CURRENT
678489,"Barrosa, Jorge",,2026,103,31,30.097087378640776,55,11,20.0,158,42,26.582278481012654,BASEBALL_SAVANT_CURRENT_SEASON_VS_HAND,2026-08-23T07:38:37+00:00,CURRENT
663698,"Bart, Joey",,2026,62,15,24.193548387096776,66,20,30.303030303030305,128,35,27.34375,BASEBALL_SAVANT_CURRENT_SEASON_VS_HAND,2026-08-23T07:38:37+00:00,CURRENT
678545,"Basabe, Osleivis",,2026,50,10,20.0,22,3,13.636363636363635,72,13,18.055555555555554,BASEBALL_SAVANT_CURRENT_SEASON_VS_HAND,2026-08-23T07:38:37+00:00,CURRENT
694212,"Basallo, Samuel",,2026,242,55,22.727272727272727,80,30,37.5,322,85,26.39751552795031,BASEBALL_SAVANT_CURRENT_SEASON_VS_HAND,2026-08-23T07:38:37+00:00,CURRENT
703520,"Bateman, Brett",,2026,35,7,20.0,21,4,19.047619047619047,56,11,19.642857142857142,BASEBALL_SAVANT_CURRENT_SEASON_VS_HAND,2026-08-23T07:38:37+00:00,CURRENT
683146,"Baty, Brett",,2026,318,83,26.10062893081761,77,27,35.064935064935064,395,110,27.848101265822784,BASEBALL_SAVANT_CURRENT_SEASON_VS_HAND,2026-08-23T07:38:37+00:00,CURRENT
641343,"Bauers, Jake",,2026,343,91,26.53061224489796,122,28,22.950819672131146,465,119,25.591397849462368,BASEBALL_SAVANT_CURRENT_SEASON_VS_HAND,2026-08-23T07:38:37+00:00,CURRENT
683953,"Bazzana, Travis",,2026,278,55,19.784172661870503,127,33,25.984251968503933,405,88,21.728395061728396,BASEBALL_SAVANT_CURRENT_SEASON_VS_HAND,2026-08-23T07:38:37+00:00,CURRENT
687637,"Beavers, Dylan",,2026,207,57,27.536231884057973,36,8,22.22222222222222,243,65,26.74897119341564,BASEBALL_SAVANT_CURRENT_SEASON_VS_HAND,2026-08-23T07:38:37+00:00,CURRENT
687597,"Beck, Jordan",,2026,67,17,25.37313432835821,59,18,30.508474576271187,126,35,27.77777777777778,BASEBALL_SAVANT_CURRENT_SEASON_VS_HAND,2026-08-23T07:38:37+00:00,CURRENT
605137,"Bell, Josh",,2026,344,75,21.802325581395348,160,29,18.125,504,104,20.634920634920633,BASEBALL_SAVANT_CURRENT_SEASON_VS_HAND,2026-08-23T07:38:37+00:00,CURRENT
641355,"Bellinger, Cody",,2026,284,46,16.19718309859155,151,24,15.894039735099339,435,70,16.091954022988507,BASEBALL_SAVANT_CURRENT_SEASON_VS_HAND,2026-08-23T07:38:37+00:00,CURRENT
701807,"Benge, Carson",,2026,378,75,19.841269841269842,129,34,26.356589147286826,507,109,21.499013806706113,BASEBALL_SAVANT_CURRENT_SEASON_VS_HAND,2026-08-23T07:38:37+00:00,CURRENT
643217,"Benintendi, Andrew",,2026,338,76,22.485207100591715,44,15,34.090909090909086,382,91,23.82198952879581,BASEBALL_SAVANT_CURRENT_SEASON_VS_HAND,2026-08-23T07:38:37+00:00,CURRENT
666181,"Benson, Will",,2026,113,38,33.6283185840708,1,0,0.0,114,38,33.33333333333333,BASEBALL_SAVANT_CURRENT_SEASON_VS_HAND,2026-08-23T07:38:37+00:00,CURRENT
682674,"Bericoto, Victor",,2026,38,8,21.052631578947366,43,15,34.883720930232556,81,23,28.39506172839506,BASEBALL_SAVANT_CURRENT_SEASON_VS_HAND,2026-08-23T07:38:37+00:00,CURRENT
672642,"Berroa, Steward",,2026,2,0,0.0,5,4,80.0,7,4,57.14285714285714,BASEBALL_SAVANT_CURRENT_SEASON_VS_HAND,2026-08-23T07:38:37+00:00,CURRENT
605141,"Betts, Mookie",,2026,263,34,12.927756653992395,124,10,8.064516129032258,387,44,11.369509043927648,BASEBALL_SAVANT_CURRENT_SEASON_VS_HAND,2026-08-23T07:38:37+00:00,CURRENT
666182,"Bichette, Bo",,2026,407,76,18.67321867321867,145,24,16.551724137931036,552,100,18.115942028985508,BASEBALL_SAVANT_CURRENT_SEASON_VS_HAND,2026-08-23T07:38:37+00:00,CURRENT
672012,"Black, Tyler",,2026,27,7,25.925925925925924,1,0,0.0,28,7,25.0,BASEBALL_SAVANT_CURRENT_SEASON_VS_HAND,2026-08-23T07:38:37+00:00,CURRENT
668709,"Bleday, JJ",,2026,317,67,21.13564668769716,102,26,25.49019607843137,419,93,22.195704057279237,BASEBALL_SAVANT_CURRENT_SEASON_VS_HAND,2026-08-23T07:38:37+00:00,CURRENT
669208,"Bliss, Ryan",,2026,7,2,28.57142857142857,3,1,33.33333333333333,10,3,30.0,BASEBALL_SAVANT_CURRENT_SEASON_VS_HAND,2026-08-23T07:38:37+00:00,CURRENT
593428,"Bogaerts, Xander",,2026,360,71,19.72222222222222,126,16,12.698412698412698,486,87,17.901234567901234,BASEBALL_SAVANT_CURRENT_SEASON_VS_HAND,2026-08-23T07:38:37+00:00,CURRENT
664761,"Bohm, Alec",,2026,361,50,13.850415512465375,147,19,12.925170068027212,508,69,13.582677165354331,BASEBALL_SAVANT_CURRENT_SEASON_VS_HAND,2026-08-23T07:38:37+00:00,CURRENT
703607,"Bolte, Henry",,2026,199,44,22.110552763819097,124,43,34.67741935483871,323,87,26.93498452012384,BASEBALL_SAVANT_CURRENT_SEASON_VS_HAND,2026-08-23T07:38:37+00:00,CURRENT
687749,"Bowen, Jase",,2026,38,15,39.473684210526315,43,15,34.883720930232556,81,30,37.03703703703704,BASEBALL_SAVANT_CURRENT_SEASON_VS_HAND,2026-08-23T07:38:37+00:00,CURRENT
687394,"Brannigan, Jack",,2026,,,,1,1,100.0,1,1,100.0,BASEBALL_SAVANT_CURRENT_SEASON_VS_HAND,2026-08-23T07:38:37+00:00,CURRENT
608324,"Bregman, Alex",,2026,433,70,16.166281755196305,144,20,13.88888888888889,577,90,15.597920277296359,BASEBALL_SAVANT_CURRENT_SEASON_VS_HAND,2026-08-23T07:38:37+00:00,CURRENT
686823,"Brennan, Will",,2026,21,3,14.285714285714285,2,0,0.0,23,3,13.043478260869565,BASEBALL_SAVANT_CURRENT_SEASON_VS_HAND,2026-08-23T07:38:37+00:00,CURRENT
681146,"Bride, Jonah",,2026,3,1,33.33333333333333,3,1,33.33333333333333,6,2,33.33333333333333,BASEBALL_SAVANT_CURRENT_SEASON_VS_HAND,2026-08-23T07:38:37+00:00,CURRENT
682877,"Brito, Juan",,2026,36,9,25.0,20,8,40.0,56,17,30.357142857142854,BASEBALL_SAVANT_CURRENT_SEASON_VS_HAND,2026-08-23T07:38:37+00:00,CURRENT
660644,"Bruján, Vidal",,2026,9,1,11.11111111111111,4,0,0.0,13,1,7.6923076923076925,BASEBALL_SAVANT_CURRENT_SEASON_VS_HAND,2026-08-23T07:38:37+00:00,CURRENT
669394,"Burger, Jake",,2026,366,97,26.50273224043716,122,34,27.86885245901639,488,131,26.84426229508197,BASEBALL_SAVANT_CURRENT_SEASON_VS_HAND,2026-08-23T07:38:37+00:00,CURRENT
676475,"Burleson, Alec",,2026,378,62,16.402116402116402,168,29,17.261904761904763,546,91,16.666666666666664,BASEBALL_SAVANT_CURRENT_SEASON_VS_HAND,2026-08-23T07:38:37+00:00,CURRENT
683737,"Busch, Michael",,2026,404,92,22.772277227722775,167,35,20.958083832335326,571,127,22.241681260945708,BASEBALL_SAVANT_CURRENT_SEASON_VS_HAND,2026-08-23T07:38:37+00:00,CURRENT
671732,"Butler, Lawrence",,2026,291,72,24.742268041237114,108,28,25.925925925925924,399,100,25.062656641604008,BASEBALL_SAVANT_CURRENT_SEASON_VS_HAND,2026-08-23T07:38:37+00:00,CURRENT
621439,"Buxton, Byron",,2026,283,69,24.381625441696116,108,26,24.074074074074073,391,95,24.296675191815854,BASEBALL_SAVANT_CURRENT_SEASON_VS_HAND,2026-08-23T07:38:37+00:00,CURRENT
595879,"Báez, Javier",,2026,109,22,20.18348623853211,39,5,12.82051282051282,148,27,18.243243243243242,BASEBALL_SAVANT_CURRENT_SEASON_VS_HAND,2026-08-23T07:38:37+00:00,CURRENT
695491,"Báez, Joshua",,2026,16,5,31.25,17,5,29.411764705882355,33,10,30.303030303030305,BASEBALL_SAVANT_CURRENT_SEASON_VS_HAND,2026-08-23T07:38:37+00:00,CURRENT
676609,"Caballero, José",,2026,245,49,20.0,124,40,32.25806451612903,369,89,24.119241192411923,BASEBALL_SAVANT_CURRENT_SEASON_VS_HAND,2026-08-23T07:38:37+00:00,CURRENT
665828,"Cabrera, Oswaldo",,2026,11,4,36.36363636363637,,,,11,4,36.36363636363637,BASEBALL_SAVANT_CURRENT_SEASON_VS_HAND,2026-08-23T07:38:37+00:00,CURRENT
695506,"Caglianone, Jac",,2026,323,79,24.458204334365323,142,41,28.87323943661972,465,120,25.806451612903224,BASEBALL_SAVANT_CURRENT_SEASON_VS_HAND,2026-08-23T07:38:37+00:00,CURRENT
683357,"Caissie, Owen",,2026,257,92,35.797665369649806,37,19,51.35135135135135,294,111,37.755102040816325,BASEBALL_SAVANT_CURRENT_SEASON_VS_HAND,2026-08-23T07:38:37+00:00,CURRENT
669743,"Call, Alex",,2026,96,17,17.708333333333336,59,10,16.94915254237288,155,27,17.419354838709676,BASEBALL_SAVANT_CURRENT_SEASON_VS_HAND,2026-08-23T07:38:37+00:00,CURRENT
814430,"Callahan, Brett",,2026,13,3,23.076923076923077,,,,13,3,23.076923076923077,BASEBALL_SAVANT_CURRENT_SEASON_VS_HAND,2026-08-23T07:38:37+00:00,CURRENT
682997,"Callihan, Tyler",,2026,100,38,38.0,7,0,0.0,107,38,35.51401869158878,BASEBALL_SAVANT_CURRENT_SEASON_VS_HAND,2026-08-23T07:38:37+00:00,CURRENT
665856,"Camargo, Jair",,2026,,,,2,1,50.0,2,1,50.0,BASEBALL_SAVANT_CURRENT_SEASON_VS_HAND,2026-08-23T07:38:37+00:00,CURRENT
663662,"Cameron, Daz",,2026,3,1,33.33333333333333,8,2,25.0,11,3,27.27272727272727,BASEBALL_SAVANT_CURRENT_SEASON_VS_HAND,2026-08-23T07:38:37+00:00,CURRENT
691406,"Caminero, Junior",,2026,412,82,19.902912621359224,151,22,14.56953642384106,563,104,18.47246891651865,BASEBALL_SAVANT_CURRENT_SEASON_VS_HAND,2026-08-23T07:38:37+00:00,CURRENT
669134,"Campusano, Luis",,2026,125,26,20.8,32,7,21.875,157,33,21.019108280254777,BASEBALL_SAVANT_CURRENT_SEASON_VS_HAND,2026-08-23T07:38:37+00:00,CURRENT
600869,"Candelario, Jeimer",,2026,13,5,38.46153846153847,7,3,42.857142857142854,20,8,40.0,BASEBALL_SAVANT_CURRENT_SEASON_VS_HAND,2026-08-23T07:38:37+00:00,CURRENT
686527,"Canzone, Dominic",,2026,308,64,20.77922077922078,82,19,23.170731707317074,390,83,21.28205128205128,BASEBALL_SAVANT_CURRENT_SEASON_VS_HAND,2026-08-23T07:38:37+00:00,CURRENT
605170,"Caratini, Victor",,2026,228,36,15.789473684210526,108,31,28.703703703703702,336,67,19.940476190476193,BASEBALL_SAVANT_CURRENT_SEASON_VS_HAND,2026-08-23T07:38:37+00:00,CURRENT
666185,"Carlson, Dylan",,2026,1,0,0.0,3,2,66.66666666666666,4,2,50.0,BASEBALL_SAVANT_CURRENT_SEASON_VS_HAND,2026-08-23T07:38:37+00:00,CURRENT
681481,"Carpenter, Kerry",,2026,232,67,28.879310344827587,27,8,29.629629629629626,259,75,28.957528957528954,BASEBALL_SAVANT_CURRENT_SEASON_VS_HAND,2026-08-23T07:38:37+00:00,CURRENT
694249,"Carrigg, Cole",,2026,134,23,17.16417910447761,103,27,26.21359223300971,237,50,21.09704641350211,BASEBALL_SAVANT_CURRENT_SEASON_VS_HAND,2026-08-23T07:38:37+00:00,CURRENT
682998,"Carroll, Corbin",,2026,366,82,22.404371584699454,177,35,19.774011299435028,543,117,21.54696132596685,BASEBALL_SAVANT_CURRENT_SEASON_VS_HAND,2026-08-23T07:38:37+00:00,CURRENT
694497,"Carter, Evan",,2026,303,67,22.112211221122113,65,22,33.84615384615385,368,89,24.184782608695652,BASEBALL_SAVANT_CURRENT_SEASON_VS_HAND,2026-08-23T07:38:37+00:00,CURRENT
592206,"Castellanos, Nick",,2026,88,25,28.40909090909091,34,9,26.47058823529412,122,34,27.86885245901639,BASEBALL_SAVANT_CURRENT_SEASON_VS_HAND,2026-08-23T07:38:37+00:00,CURRENT
650489,"Castro, Willi",,2026,286,77,26.923076923076923,153,40,26.143790849673206,439,117,26.65148063781321,BASEBALL_SAVANT_CURRENT_SEASON_VS_HAND,2026-08-23T07:38:37+00:00,CURRENT
695508,"Cauley, Cam",,2026,28,4,14.285714285714285,37,11,29.72972972972973,65,15,23.076923076923077,BASEBALL_SAVANT_CURRENT_SEASON_VS_HAND,2026-08-23T07:38:37+00:00,CURRENT
701852,"Cavanaugh, Drew",,2026,86,18,20.930232558139537,13,6,46.15384615384615,99,24,24.242424242424242,BASEBALL_SAVANT_CURRENT_SEASON_VS_HAND,2026-08-23T07:38:37+00:00,CURRENT
665953,"Chaparro, Andrés",,2026,35,8,22.857142857142858,109,25,22.93577981651376,144,33,22.916666666666664,BASEBALL_SAVANT_CURRENT_SEASON_VS_HAND,2026-08-23T07:38:37+00:00,CURRENT
656305,"Chapman, Matt",,2026,257,61,23.73540856031128,95,20,21.052631578947366,352,81,23.011363636363637,BASEBALL_SAVANT_CURRENT_SEASON_VS_HAND,2026-08-23T07:38:37+00:00,CURRENT
691907,"Cheng, Tsung-Che",,2026,39,10,25.64102564102564,5,4,80.0,44,14,31.818181818181817,BASEBALL_SAVANT_CURRENT_SEASON_VS_HAND,2026-08-23T07:38:37+00:00,CURRENT
665862,"Chisholm Jr., Jazz",,2026,324,92,28.39506172839506,143,51,35.66433566433567,467,143,30.620985010706637,BASEBALL_SAVANT_CURRENT_SEASON_VS_HAND,2026-08-23T07:38:37+00:00,CURRENT
694192,"Chourio, Jackson",,2026,309,74,23.948220064724918,120,30,25.0,429,104,24.242424242424242,BASEBALL_SAVANT_CURRENT_SEASON_VS_HAND,2026-08-23T07:38:37+00:00,CURRENT
701675,"Church, Nathan",,2026,280,55,19.642857142857142,76,13,17.105263157894736,356,68,19.101123595505616,BASEBALL_SAVANT_CURRENT_SEASON_VS_HAND,2026-08-23T07:38:37+00:00,CURRENT
703601,"Clark, Max",,2026,55,12,21.818181818181817,24,5,20.833333333333336,79,17,21.518987341772153,BASEBALL_SAVANT_CURRENT_SEASON_VS_HAND,2026-08-23T07:38:37+00:00,CURRENT
672016,"Clarke, Denzel",,2026,35,16,45.714285714285715,25,8,32.0,60,24,40.0,BASEBALL_SAVANT_CURRENT_SEASON_VS_HAND,2026-08-23T07:38:37+00:00,CURRENT
682729,"Clase, Jonatan",,2026,17,6,35.294117647058826,8,2,25.0,25,8,32.0,BASEBALL_SAVANT_CURRENT_SEASON_VS_HAND,2026-08-23T07:38:37+00:00,CURRENT
665019,"Clemens, Kody",,2026,340,77,22.647058823529413,112,25,22.321428571428573,452,102,22.566371681415927,BASEBALL_SAVANT_CURRENT_SEASON_VS_HAND,2026-08-23T07:38:37+00:00,CURRENT
676391,"Clement, Ernie",,2026,348,31,8.908045977011495,159,18,11.320754716981133,507,49,9.664694280078894,BASEBALL_SAVANT_CURRENT_SEASON_VS_HAND,2026-08-23T07:38:37+00:00,CURRENT
805904,"Cole, Zach",,2026,47,17,36.17021276595745,6,4,66.66666666666666,53,21,39.62264150943396,BASEBALL_SAVANT_CURRENT_SEASON_VS_HAND,2026-08-23T07:38:37+00:00,CURRENT
686555,"Collins, Isaac",,2026,295,66,22.372881355932204,133,28,21.052631578947366,428,94,21.962616822429908,BASEBALL_SAVANT_CURRENT_SEASON_VS_HAND,2026-08-23T07:38:37+00:00,CURRENT
624424,"Conforto, Michael",,2026,223,67,30.04484304932735,8,1,12.5,231,68,29.43722943722944,BASEBALL_SAVANT_CURRENT_SEASON_VS_HAND,2026-08-23T07:38:37+00:00,CURRENT
665052,"Conine, Griffin",,2026,166,51,30.72289156626506,36,11,30.555555555555557,202,62,30.693069306930692,BASEBALL_SAVANT_CURRENT_SEASON_VS_HAND,2026-08-23T07:38:37+00:00,CURRENT
661388,"Contreras, William",,2026,375,49,13.066666666666665,138,22,15.942028985507244,513,71,13.840155945419102,BASEBALL_SAVANT_CURRENT_SEASON_VS_HAND,2026-08-23T07:38:37+00:00,CURRENT
575929,"Contreras, Willson",,2026,360,99,27.500000000000004,124,23,18.548387096774192,484,122,25.206611570247933,BASEBALL_SAVANT_CURRENT_SEASON_VS_HAND,2026-08-23T07:38:37+00:00,CURRENT
695257,"Cook, Billy",,2026,19,7,36.84210526315789,30,12,40.0,49,19,38.775510204081634,BASEBALL_SAVANT_CURRENT_SEASON_VS_HAND,2026-08-23T07:38:37+00:00,CURRENT
621043,"Correa, Carlos",,2026,93,20,21.50537634408602,48,6,12.5,141,26,18.439716312056735,BASEBALL_SAVANT_CURRENT_SEASON_VS_HAND,2026-08-23T07:38:37+00:00,CURRENT
666126,"Cortes, Carlos",,2026,277,40,14.440433212996389,19,4,21.052631578947366,296,44,14.864864864864865,BASEBALL_SAVANT_CURRENT_SEASON_VS_HAND,2026-08-23T07:38:37+00:00,CURRENT
681297,"Cowser, Colton",,2026,263,75,28.517110266159694,45,19,42.22222222222222,308,94,30.519480519480517,BASEBALL_SAVANT_CURRENT_SEASON_VS_HAND,2026-08-23T07:38:37+00:00,CURRENT
813841,"Cox, Jonah",,2026,13,7,53.84615384615385,33,18,54.54545454545454,46,25,54.347826086956516,BASEBALL_SAVANT_CURRENT_SEASON_VS_HAND,2026-08-23T07:38:37+00:00,CURRENT
641487,"Crawford, J.P.",,2026,257,56,21.78988326848249,107,18,16.822429906542055,364,74,20.32967032967033,BASEBALL_SAVANT_CURRENT_SEASON_VS_HAND,2026-08-23T07:38:37+00:00,CURRENT
702222,"Crawford, Justin",,2026,321,57,17.75700934579439,56,11,19.642857142857142,377,68,18.037135278514587,BASEBALL_SAVANT_CURRENT_SEASON_VS_HAND,2026-08-23T07:38:37+00:00,CURRENT
686611,"Crews, Dylan",,2026,209,53,25.358851674641148,105,23,21.904761904761905,314,76,24.203821656050955,BASEBALL_SAVANT_CURRENT_SEASON_VS_HAND,2026-08-23T07:38:37+00:00,CURRENT
630105,"Cronenworth, Jake",,2026,229,53,23.144104803493452,69,12,17.391304347826086,298,65,21.812080536912752,BASEBALL_SAVANT_CURRENT_SEASON_VS_HAND,2026-08-23T07:38:37+00:00,CURRENT
699625,"Crooks, Jimmy",,2026,118,36,30.508474576271187,18,7,38.88888888888889,136,43,31.61764705882353,BASEBALL_SAVANT_CURRENT_SEASON_VS_HAND,2026-08-23T07:38:37+00:00,CURRENT
691718,"Crow-Armstrong, Pete",,2026,390,103,26.410256410256412,185,51,27.56756756756757,575,154,26.782608695652172,BASEBALL_SAVANT_CURRENT_SEASON_VS_HAND,2026-08-23T07:38:37+00:00,CURRENT
665833,"Cruz, Oneil",,2026,211,66,31.27962085308057,84,35,41.66666666666667,295,101,34.23728813559322,BASEBALL_SAVANT_CURRENT_SEASON_VS_HAND,2026-08-23T07:38:37+00:00,CURRENT
669360,"Cruz, Trei",,2026,4,2,50.0,1,1,100.0,5,3,60.0,BASEBALL_SAVANT_CURRENT_SEASON_VS_HAND,2026-08-23T07:38:37+00:00,CURRENT
701785,"Culpepper, Kaelen",,2026,24,6,25.0,19,7,36.84210526315789,43,13,30.23255813953488,BASEBALL_SAVANT_CURRENT_SEASON_VS_HAND,2026-08-23T07:38:37+00:00,CURRENT
680779,"Davis, Henry",,2026,183,37,20.21857923497268,75,18,24.0,258,55,21.31782945736434,BASEBALL_SAVANT_CURRENT_SEASON_VS_HAND,2026-08-23T07:38:37+00:00,CURRENT
650559,"De La Cruz, Bryan",,2026,21,6,28.57142857142857,16,2,12.5,37,8,21.62162162162162,BASEBALL_SAVANT_CURRENT_SEASON_VS_HAND,2026-08-23T07:38:37+00:00,CURRENT
682829,"De La Cruz, Elly",,2026,358,97,27.09497206703911,134,37,27.611940298507463,492,134,27.235772357723576,BASEBALL_SAVANT_CURRENT_SEASON_VS_HAND,2026-08-23T07:38:37+00:00,CURRENT
691277,"De Los Santos, Deyvison",,2026,3,1,33.33333333333333,4,2,50.0,7,3,42.857142857142854,BASEBALL_SAVANT_CURRENT_SEASON_VS_HAND,2026-08-23T07:38:37+00:00,CURRENT
800050,"DeLauter, Chase",,2026,314,39,12.420382165605096,143,25,17.482517482517483,457,64,14.00437636761488,BASEBALL_SAVANT_CURRENT_SEASON_VS_HAND,2026-08-23T07:38:37+00:00,CURRENT
676356,"DeLuca, Jonny",,2026,150,30,20.0,110,22,20.0,260,52,20.0,BASEBALL_SAVANT_CURRENT_SEASON_VS_HAND,2026-08-23T07:38:37+00:00,CURRENT
681909,"Dean, Justin",,2026,9,3,33.33333333333333,1,1,100.0,10,4,40.0,BASEBALL_SAVANT_CURRENT_SEASON_VS_HAND,2026-08-23T07:38:37+00:00,CURRENT
680728,"Del Castillo, Adrian",,2026,164,43,26.21951219512195,28,11,39.285714285714285,192,54,28.125,BASEBALL_SAVANT_CURRENT_SEASON_VS_HAND,2026-08-23T07:38:37+00:00,CURRENT
669384,"Delgado, Raynel",,2026,31,5,16.129032258064516,10,2,20.0,41,7,17.073170731707318,BASEBALL_SAVANT_CURRENT_SEASON_VS_HAND,2026-08-23T07:38:37+00:00,CURRENT
646240,"Devers, Rafael",,2026,361,89,24.653739612188367,181,53,29.2817679558011,542,142,26.199261992619927,BASEBALL_SAVANT_CURRENT_SEASON_VS_HAND,2026-08-23T07:38:37+00:00,CURRENT
701305,"Dezenzo, Zach",,2026,53,22,41.509433962264154,30,10,33.33333333333333,83,32,38.55421686746988,BASEBALL_SAVANT_CURRENT_SEASON_VS_HAND,2026-08-23T07:38:37+00:00,CURRENT
673237,"Diaz, Yainer",,2026,184,23,12.5,69,15,21.73913043478261,253,38,15.019762845849801,BASEBALL_SAVANT_CURRENT_SEASON_VS_HAND,2026-08-23T07:38:37+00:00,CURRENT
693307,"Dingler, Dillon",,2026,348,71,20.402298850574713,157,41,26.11464968152866,505,112,22.17821782178218,BASEBALL_SAVANT_CURRENT_SEASON_VS_HAND,2026-08-23T07:38:37+00:00,CURRENT
691176,"Domínguez, Jasson",,2026,129,28,21.705426356589147,85,18,21.176470588235293,214,46,21.49532710280374,BASEBALL_SAVANT_CURRENT_SEASON_VS_HAND,2026-08-23T07:38:37+00:00,CURRENT
680977,"Donovan, Brendan",,2026,107,13,12.149532710280374,53,10,18.867924528301888,160,23,14.374999999999998,BASEBALL_SAVANT_CURRENT_SEASON_VS_HAND,2026-08-23T07:38:37+00:00,CURRENT
686668,"Doyle, Brenton",,2026,95,32,33.68421052631579,71,19,26.76056338028169,166,51,30.72289156626506,BASEBALL_SAVANT_CURRENT_SEASON_VS_HAND,2026-08-23T07:38:37+00:00,CURRENT
643289,"Dubón, Mauricio",,2026,315,43,13.65079365079365,177,19,10.734463276836157,492,62,12.601626016260163,BASEBALL_SAVANT_CURRENT_SEASON_VS_HAND,2026-08-23T07:38:37+00:00,CURRENT
694362,"Dunn, Blake",,2026,113,22,19.469026548672566,42,11,26.190476190476193,155,33,21.29032258064516,BASEBALL_SAVANT_CURRENT_SEASON_VS_HAND,2026-08-23T07:38:37+00:00,CURRENT
686554,"Dunn, Oliver",,2026,8,2,25.0,4,1,25.0,12,3,25.0,BASEBALL_SAVANT_CURRENT_SEASON_VS_HAND,2026-08-23T07:38:37+00:00,CURRENT
677649,"Duran, Ezequiel",,2026,343,83,24.198250728862973,118,27,22.88135593220339,461,110,23.861171366594363,BASEBALL_SAVANT_CURRENT_SEASON_VS_HAND,2026-08-23T07:38:37+00:00,CURRENT
680776,"Duran, Jarren",,2026,386,112,29.015544041450774,127,31,24.409448818897637,513,143,27.87524366471735,BASEBALL_SAVANT_CURRENT_SEASON_VS_HAND,2026-08-23T07:38:37+00:00,CURRENT
702332,"Durbin, Caleb",,2026,341,50,14.66275659824047,124,12,9.67741935483871,465,62,13.333333333333334,BASEBALL_SAVANT_CURRENT_SEASON_VS_HAND,2026-08-23T07:38:37+00:00,CURRENT
660710,"Durán, Rodolfo",,2026,72,19,26.38888888888889,19,5,26.31578947368421,91,24,26.373626373626376,BASEBALL_SAVANT_CURRENT_SEASON_VS_HAND,2026-08-23T07:38:37+00:00,CURRENT
553869,"Díaz, Elias",,2026,99,25,25.252525252525253,70,14,20.0,169,39,23.076923076923077,BASEBALL_SAVANT_CURRENT_SEASON_VS_HAND,2026-08-23T07:38:37+00:00,CURRENT
650490,"Díaz, Yandy",,2026,392,59,15.051020408163266,154,20,12.987012987012985,546,79,14.46886446886447,BASEBALL_SAVANT_CURRENT_SEASON_VS_HAND,2026-08-23T07:38:37+00:00,CURRENT
681987,"Eaton, Nate",,2026,16,4,25.0,23,8,34.78260869565217,39,12,30.76923076923077,BASEBALL_SAVANT_CURRENT_SEASON_VS_HAND,2026-08-23T07:38:37+00:00,CURRENT
669242,"Edman, Tommy",,2026,131,24,18.3206106870229,64,17,26.5625,195,41,21.025641025641026,BASEBALL_SAVANT_CURRENT_SEASON_VS_HAND,2026-08-23T07:38:37+00:00,CURRENT
669364,"Edwards, Xavier",,2026,416,52,12.5,125,20,16.0,541,72,13.308687615526802,BASEBALL_SAVANT_CURRENT_SEASON_VS_HAND,2026-08-23T07:38:37+00:00,CURRENT
805811,"Eldridge, Bryce",,2026,246,64,26.01626016260163,101,28,27.722772277227726,347,92,26.512968299711815,BASEBALL_SAVANT_CURRENT_SEASON_VS_HAND,2026-08-23T07:38:37+00:00,CURRENT
806068,"Emerson, Colt",,2026,161,55,34.161490683229815,81,28,34.5679012345679,242,83,34.29752066115703,BASEBALL_SAVANT_CURRENT_SEASON_VS_HAND,2026-08-23T07:38:37+00:00,CURRENT
666464,"Encarnacion, Jerar",,2026,17,3,17.647058823529413,18,5,27.77777777777778,35,8,22.857142857142858,BASEBALL_SAVANT_CURRENT_SEASON_VS_HAND,2026-08-23T07:38:37+00:00,CURRENT
687952,"Encarnacion-Strand, Christian",,2026,60,13,21.666666666666668,37,12,32.432432432432435,97,25,25.773195876288657,BASEBALL_SAVANT_CURRENT_SEASON_VS_HAND,2026-08-23T07:38:37+00:00,CURRENT
641555,"Escarra, J.C.",,2026,71,16,22.535211267605636,21,2,9.523809523809524,92,18,19.565217391304348,BASEBALL_SAVANT_CURRENT_SEASON_VS_HAND,2026-08-23T07:38:37+00:00,CURRENT
669289,"Espinal, Santiago",,2026,24,4,16.666666666666664,36,4,11.11111111111111,60,8,13.333333333333334,BASEBALL_SAVANT_CURRENT_SEASON_VS_HAND,2026-08-23T07:38:37+00:00,CURRENT
805999,"Ewing, A.J.",,2026,266,68,25.563909774436087,96,28,29.166666666666668,362,96,26.519337016574585,BASEBALL_SAVANT_CURRENT_SEASON_VS_HAND,2026-08-23T07:38:37+00:00,CURRENT
656413,"Fairchild, Stuart",,2026,5,3,60.0,22,11,50.0,27,14,51.85185185185185,BASEBALL_SAVANT_CURRENT_SEASON_VS_HAND,2026-08-23T07:38:37+00:00,CURRENT
571657,"Farmer, Kyle",,2026,5,1,20.0,11,3,27.27272727272727,16,4,25.0,BASEBALL_SAVANT_CURRENT_SEASON_VS_HAND,2026-08-23T07:38:37+00:00,CURRENT
693459,"Fedko, Kyler",,2026,8,2,25.0,11,6,54.54545454545454,19,8,42.10526315789473,BASEBALL_SAVANT_CURRENT_SEASON_VS_HAND,2026-08-23T07:38:37+00:00,CURRENT
676439,"Feduccia, Hunter",,2026,162,44,27.160493827160494,33,5,15.151515151515152,195,49,25.128205128205128,BASEBALL_SAVANT_CURRENT_SEASON_VS_HAND,2026-08-23T07:38:37+00:00,CURRENT
666023,"Fermin, Freddy",,2026,156,32,20.51282051282051,64,13,20.3125,220,45,20.454545454545457,BASEBALL_SAVANT_CURRENT_SEASON_VS_HAND,2026-08-23T07:38:37+00:00,CURRENT
665877,"Fermín, José",,2026,146,19,13.013698630136986,131,14,10.687022900763358,277,33,11.913357400722022,BASEBALL_SAVANT_CURRENT_SEASON_VS_HAND,2026-08-23T07:38:37+00:00,CURRENT
699912,"Fernandez, Jose",,2026,136,30,22.058823529411764,58,13,22.413793103448278,194,43,22.164948453608247,BASEBALL_SAVANT_CURRENT_SEASON_VS_HAND,2026-08-23T07:38:37+00:00,CURRENT
804668,"Flores Jr., Rafael",,2026,29,8,27.586206896551722,31,9,29.03225806451613,60,17,28.333333333333332,BASEBALL_SAVANT_CURRENT_SEASON_VS_HAND,2026-08-23T07:38:37+00:00,CURRENT
695670,"Ford, Harry",,2026,25,7,28.000000000000004,36,11,30.555555555555557,61,18,29.508196721311474,BASEBALL_SAVANT_CURRENT_SEASON_VS_HAND,2026-08-23T07:38:37+00:00,CURRENT
663743,"Fortes, Nick",,2026,144,19,13.194444444444445,133,15,11.278195488721805,277,34,12.274368231046932,BASEBALL_SAVANT_CURRENT_SEASON_VS_HAND,2026-08-23T07:38:37+00:00,CURRENT
679822,"Foscue, Justin",,2026,69,19,27.536231884057973,107,25,23.364485981308412,176,44,25.0,BASEBALL_SAVANT_CURRENT_SEASON_VS_HAND,2026-08-23T07:38:37+00:00,CURRENT
641584,"Fraley, Jake",,2026,80,21,26.25,10,4,40.0,90,25,27.77777777777778,BASEBALL_SAVANT_CURRENT_SEASON_VS_HAND,2026-08-23T07:38:37+00:00,CURRENT
664034,"France, Ty",,2026,260,54,20.76923076923077,112,28,25.0,372,82,22.043010752688172,BASEBALL_SAVANT_CURRENT_SEASON_VS_HAND,2026-08-23T07:38:37+00:00,CURRENT
681047,"Franklin, Christian",,2026,15,3,20.0,14,4,28.57142857142857,29,7,24.137931034482758,BASEBALL_SAVANT_CURRENT_SEASON_VS_HAND,2026-08-23T07:38:37+00:00,CURRENT
624428,"Frazier, Adam",,2026,95,28,29.47368421052631,20,3,15.0,115,31,26.956521739130434,BASEBALL_SAVANT_CURRENT_SEASON_VS_HAND,2026-08-23T07:38:37+00:00,CURRENT
690976,"Freeland, Alex",,2026,192,53,27.604166666666668,32,15,46.875,224,68,30.357142857142854,BASEBALL_SAVANT_CURRENT_SEASON_VS_HAND,2026-08-23T07:38:37+00:00,CURRENT
683227,"Freeman, Cody",,2026,13,3,23.076923076923077,21,5,23.809523809523807,34,8,23.52941176470588,BASEBALL_SAVANT_CURRENT_SEASON_VS_HAND,2026-08-23T07:38:37+00:00,CURRENT
518692,"Freeman, Freddie",,2026,362,54,14.917127071823206,175,35,20.0,537,89,16.573556797020483,BASEBALL_SAVANT_CURRENT_SEASON_VS_HAND,2026-08-23T07:38:37+00:00,CURRENT
671289,"Freeman, Tyler",,2026,187,19,10.16042780748663,101,15,14.85148514851485,288,34,11.805555555555555,BASEBALL_SAVANT_CURRENT_SEASON_VS_HAND,2026-08-23T07:38:37+00:00,CURRENT
686217,"Frelick, Sal",,2026,238,23,9.663865546218489,75,8,10.666666666666668,313,31,9.904153354632587,BASEBALL_SAVANT_CURRENT_SEASON_VS_HAND,2026-08-23T07:38:37+00:00,CURRENT
670770,"Friedl, TJ",,2026,214,50,23.364485981308412,36,8,22.22222222222222,250,58,23.200000000000003,BASEBALL_SAVANT_CURRENT_SEASON_VS_HAND,2026-08-23T07:38:37+00:00,CURRENT
681807,"Fry, David",,2026,58,13,22.413793103448278,110,38,34.54545454545455,168,51,30.357142857142854,BASEBALL_SAVANT_CURRENT_SEASON_VS_HAND,2026-08-23T07:38:37+00:00,CURRENT
690924,"Fulford, Braxton",,2026,21,6,28.57142857142857,57,25,43.859649122807014,78,31,39.743589743589745,BASEBALL_SAVANT_CURRENT_SEASON_VS_HAND,2026-08-23T07:38:37+00:00,CURRENT
801501,"Furman, Nate",,2026,8,1,12.5,,,,8,1,12.5,BASEBALL_SAVANT_CURRENT_SEASON_VS_HAND,2026-08-23T07:38:37+00:00,CURRENT
605244,"Garcia, Aramis",,2026,16,6,37.5,3,0,0.0,19,6,31.57894736842105,BASEBALL_SAVANT_CURRENT_SEASON_VS_HAND,2026-08-23T07:38:37+00:00,CURRENT
691373,"Garcia, Jhostynxon",,2026,34,12,35.294117647058826,17,5,29.411764705882355,51,17,33.33333333333333,BASEBALL_SAVANT_CURRENT_SEASON_VS_HAND,2026-08-23T07:38:37+00:00,CURRENT
672580,"Garcia, Maikel",,2026,241,38,15.767634854771783,68,9,13.23529411764706,309,47,15.210355987055015,BASEBALL_SAVANT_CURRENT_SEASON_VS_HAND,2026-08-23T07:38:37+00:00,CURRENT
671277,"García Jr., Luis",,2026,369,61,16.53116531165312,65,12,18.461538461538463,434,73,16.82027649769585,BASEBALL_SAVANT_CURRENT_SEASON_VS_HAND,2026-08-23T07:38:37+00:00,CURRENT
666969,"García, Adolis",,2026,191,68,35.602094240837694,68,16,23.52941176470588,259,84,32.432432432432435,BASEBALL_SAVANT_CURRENT_SEASON_VS_HAND,2026-08-23T07:38:37+00:00,CURRENT
641598,"Garver, Mitch",,2026,85,32,37.64705882352941,64,17,26.5625,149,49,32.88590604026846,BASEBALL_SAVANT_CURRENT_SEASON_VS_HAND,2026-08-23T07:38:37+00:00,CURRENT
681508,"Gasper, Mickey",,2026,116,15,12.931034482758621,19,7,36.84210526315789,135,22,16.296296296296298,BASEBALL_SAVANT_CURRENT_SEASON_VS_HAND,2026-08-23T07:38:37+00:00,CURRENT
680869,"Gelof, Zack",,2026,214,53,24.766355140186917,80,20,25.0,294,73,24.829931972789115,BASEBALL_SAVANT_CURRENT_SEASON_VS_HAND,2026-08-23T07:38:37+00:00,CURRENT
694197,"Genao, Angel",,2026,39,4,10.256410256410255,16,1,6.25,55,5,9.090909090909092,BASEBALL_SAVANT_CURRENT_SEASON_VS_HAND,2026-08-23T07:38:37+00:00,CURRENT
687551,"Gilbert, Drew",,2026,268,42,15.671641791044777,41,13,31.70731707317073,309,55,17.79935275080906,BASEBALL_SAVANT_CURRENT_SEASON_VS_HAND,2026-08-23T07:38:37+00:00,CURRENT
665926,"Giménez, Andrés",,2026,303,62,20.462046204620464,119,19,15.966386554621847,422,81,19.194312796208532,BASEBALL_SAVANT_CURRENT_SEASON_VS_HAND,2026-08-23T07:38:37+00:00,CURRENT
502671,"Goldschmidt, Paul",,2026,182,51,28.021978021978022,152,30,19.736842105263158,334,81,24.251497005988025,BASEBALL_SAVANT_CURRENT_SEASON_VS_HAND,2026-08-23T07:38:37+00:00,CURRENT
693304,"Gonzales, Nick",,2026,346,57,16.473988439306357,153,26,16.99346405228758,499,83,16.63326653306613,BASEBALL_SAVANT_CURRENT_SEASON_VS_HAND,2026-08-23T07:38:37+00:00,CURRENT
694224,"Gonzalez, Gabriel",,2026,1,0,0.0,3,0,0.0,4,0,0.0,BASEBALL_SAVANT_CURRENT_SEASON_VS_HAND,2026-08-23T07:38:37+00:00,CURRENT
694378,"Gonzalez, Jacob",,2026,151,28,18.543046357615893,28,4,14.285714285714285,179,32,17.877094972067038,BASEBALL_SAVANT_CURRENT_SEASON_VS_HAND,2026-08-23T07:38:37+00:00,CURRENT
663853,"Gonzalez, Romy",,2026,33,9,27.27272727272727,40,12,30.0,73,21,28.767123287671232,BASEBALL_SAVANT_CURRENT_SEASON_VS_HAND,2026-08-23T07:38:37+00:00,CURRENT
696100,"Goodman, Hunter",,2026,314,99,31.528662420382165,146,53,36.3013698630137,460,152,33.04347826086956,BASEBALL_SAVANT_CURRENT_SEASON_VS_HAND,2026-08-23T07:38:37+00:00,CURRENT
669357,"Gorman, Nolan",,2026,191,64,33.50785340314136,39,10,25.64102564102564,230,74,32.17391304347826,BASEBALL_SAVANT_CURRENT_SEASON_VS_HAND,2026-08-23T07:38:37+00:00,CURRENT
656484,"Gray, Tristan",,2026,168,49,29.166666666666668,21,11,52.38095238095239,189,60,31.746031746031743,BASEBALL_SAVANT_CURRENT_SEASON_VS_HAND,2026-08-23T07:38:37+00:00,CURRENT
682985,"Greene, Riley",,2026,339,89,26.253687315634217,154,44,28.57142857142857,493,133,26.97768762677485,BASEBALL_SAVANT_CURRENT_SEASON_VS_HAND,2026-08-23T07:38:37+00:00,CURRENT
545341,"Grichuk, Randal",,2026,68,14,20.588235294117645,136,32,23.52941176470588,204,46,22.54901960784314,BASEBALL_SAVANT_CURRENT_SEASON_VS_HAND,2026-08-23T07:38:37+00:00,CURRENT
804606,"Griffin, Konnor",,2026,186,48,25.806451612903224,62,17,27.419354838709676,248,65,26.209677419354836,BASEBALL_SAVANT_CURRENT_SEASON_VS_HAND,2026-08-23T07:38:37+00:00,CURRENT
663757,"Grisham, Trent",,2026,314,54,17.197452229299362,119,22,18.487394957983195,433,76,17.551963048498845,BASEBALL_SAVANT_CURRENT_SEASON_VS_HAND,2026-08-23T07:38:37+00:00,CURRENT
687093,"Grissom, Vaughn",,2026,207,43,20.77294685990338,126,19,15.079365079365079,333,62,18.61861861861862,BASEBALL_SAVANT_CURRENT_SEASON_VS_HAND,2026-08-23T07:38:37+00:00,CURRENT
694410,"Groover, LuJames",,2026,33,6,18.181818181818183,21,5,23.809523809523807,54,11,20.37037037037037,BASEBALL_SAVANT_CURRENT_SEASON_VS_HAND,2026-08-23T07:38:37+00:00,CURRENT
665489,"Guerrero Jr., Vladimir",,2026,365,48,13.150684931506849,122,17,13.934426229508196,487,65,13.347022587268995,BASEBALL_SAVANT_CURRENT_SEASON_VS_HAND,2026-08-23T07:38:37+00:00,CURRENT
666971,"Gurriel Jr., Lourdes",,2026,143,28,19.58041958041958,46,6,13.043478260869565,189,34,17.989417989417987,BASEBALL_SAVANT_CURRENT_SEASON_VS_HAND,2026-08-23T07:38:37+00:00,CURRENT
694203,"Guzman, Denzer",,2026,144,33,22.916666666666664,56,18,32.142857142857146,200,51,25.5,BASEBALL_SAVANT_CURRENT_SEASON_VS_HAND,2026-08-23T07:38:37+00:00,CURRENT
606992,"Haase, Eric",,2026,56,19,33.92857142857143,29,9,31.03448275862069,85,28,32.94117647058823,BASEBALL_SAVANT_CURRENT_SEASON_VS_HAND,2026-08-23T07:38:37+00:00,CURRENT
664059,"Haggerty, Sam",,2026,11,3,27.27272727272727,36,13,36.11111111111111,47,16,34.04255319148936,BASEBALL_SAVANT_CURRENT_SEASON_VS_HAND,2026-08-23T07:38:37+00:00,CURRENT
690984,"Halpin, Petey",,2026,114,21,18.421052631578945,30,8,26.666666666666668,144,29,20.13888888888889,BASEBALL_SAVANT_CURRENT_SEASON_VS_HAND,2026-08-23T07:38:37+00:00,CURRENT
666152,"Hamilton, David",,2026,255,54,21.176470588235293,57,16,28.07017543859649,312,70,22.435897435897438,BASEBALL_SAVANT_CURRENT_SEASON_VS_HAND,2026-08-23T07:38:37+00:00,CURRENT
668974,"Handley, Maverick",,2026,1,1,100.0,,,,1,1,100.0,BASEBALL_SAVANT_CURRENT_SEASON_VS_HAND,2026-08-23T07:38:37+00:00,CURRENT
664023,"Happ, Ian",,2026,396,117,29.545454545454547,134,46,34.32835820895522,530,163,30.754716981132074,BASEBALL_SAVANT_CURRENT_SEASON_VS_HAND,2026-08-23T07:38:37+00:00,CURRENT
547180,"Harper, Bryce",,2026,343,62,18.075801749271136,208,51,24.519230769230766,551,113,20.508166969147005,BASEBALL_SAVANT_CURRENT_SEASON_VS_HAND,2026-08-23T07:38:37+00:00,CURRENT
671739,"Harris II, Michael",,2026,313,64,20.447284345047922,183,32,17.48633879781421,496,96,19.35483870967742,BASEBALL_SAVANT_CURRENT_SEASON_VS_HAND,2026-08-23T07:38:37+00:00,CURRENT
695391,"Harris, Brett",,2026,5,2,40.0,5,0,0.0,10,2,20.0,BASEBALL_SAVANT_CURRENT_SEASON_VS_HAND,2026-08-23T07:38:37+00:00,CURRENT
687957,"Harris, Dustin",,2026,40,6,15.0,12,1,8.333333333333332,52,7,13.461538461538462,BASEBALL_SAVANT_CURRENT_SEASON_VS_HAND,2026-08-23T07:38:37+00:00,CURRENT
663647,"Hayes, Ke'Bryan",,2026,151,30,19.867549668874172,48,9,18.75,199,39,19.597989949748744,BASEBALL_SAVANT_CURRENT_SEASON_VS_HAND,2026-08-23T07:38:37+00:00,CURRENT
669720,"Hays, Austin",,2026,39,11,28.205128205128204,25,7,28.000000000000004,64,18,28.125,BASEBALL_SAVANT_CURRENT_SEASON_VS_HAND,2026-08-23T07:38:37+00:00,CURRENT
595978,"Hedges, Austin",,2026,99,23,23.232323232323232,93,9,9.67741935483871,192,32,16.666666666666664,BASEBALL_SAVANT_CURRENT_SEASON_VS_HAND,2026-08-23T07:38:37+00:00,CURRENT
641680,"Heim, Jonah",,2026,164,31,18.902439024390244,134,24,17.91044776119403,298,55,18.456375838926174,BASEBALL_SAVANT_CURRENT_SEASON_VS_HAND,2026-08-23T07:38:37+00:00,CURRENT
623168,"Heineman, Tyler",,2026,114,17,14.912280701754385,42,7,16.666666666666664,156,24,15.384615384615385,BASEBALL_SAVANT_CURRENT_SEASON_VS_HAND,2026-08-23T07:38:37+00:00,CURRENT
680737,"Helman, Michael",,2026,19,2,10.526315789473683,16,4,25.0,35,6,17.142857142857142,BASEBALL_SAVANT_CURRENT_SEASON_VS_HAND,2026-08-23T07:38:37+00:00,CURRENT
683002,"Henderson, Gunnar",,2026,399,90,22.55639097744361,181,38,20.994475138121548,580,128,22.06896551724138,BASEBALL_SAVANT_CURRENT_SEASON_VS_HAND,2026-08-23T07:38:37+00:00,CURRENT
687231,"Hernaiz, Darell",,2026,90,15,16.666666666666664,54,9,16.666666666666664,144,24,16.666666666666664,BASEBALL_SAVANT_CURRENT_SEASON_VS_HAND,2026-08-23T07:38:37+00:00,CURRENT
571771,"Hernández, Enrique",,2026,11,4,36.36363636363637,25,6,24.0,36,10,27.77777777777778,BASEBALL_SAVANT_CURRENT_SEASON_VS_HAND,2026-08-23T07:38:37+00:00,CURRENT
681715,"Hernández, Heriberto",,2026,236,72,30.508474576271187,119,28,23.52941176470588,355,100,28.169014084507044,BASEBALL_SAVANT_CURRENT_SEASON_VS_HAND,2026-08-23T07:38:37+00:00,CURRENT
606192,"Hernández, Teoscar",,2026,259,75,28.957528957528954,103,23,22.330097087378643,362,98,27.071823204419886,BASEBALL_SAVANT_CURRENT_SEASON_VS_HAND,2026-08-23T07:38:37+00:00,CURRENT
671056,"Herrera, Iván",,2026,397,76,19.143576826196472,181,27,14.917127071823206,578,103,17.82006920415225,BASEBALL_SAVANT_CURRENT_SEASON_VS_HAND,2026-08-23T07:38:37+00:00,CURRENT
676551,"Hicklen, Brewer",,2026,20,7,35.0,3,1,33.33333333333333,23,8,34.78260869565217,BASEBALL_SAVANT_CURRENT_SEASON_VS_HAND,2026-08-23T07:38:37+00:00,CURRENT
689414,"Hicks, Liam",,2026,363,28,7.7134986225895315,101,16,15.841584158415841,464,44,9.482758620689655,BASEBALL_SAVANT_CURRENT_SEASON_VS_HAND,2026-08-23T07:38:37+00:00,CURRENT
543309,"Higashioka, Kyle",,2026,132,35,26.515151515151516,54,12,22.22222222222222,186,47,25.268817204301076,BASEBALL_SAVANT_CURRENT_SEASON_VS_HAND,2026-08-23T07:38:37+00:00,CURRENT
664731,"Higgins, P.J.",,2026,28,7,25.0,4,1,25.0,32,8,25.0,BASEBALL_SAVANT_CURRENT_SEASON_VS_HAND,2026-08-23T07:38:37+00:00,CURRENT
656537,"Hill, Derek",,2026,74,25,33.78378378378378,108,38,35.18518518518518,182,63,34.61538461538461,BASEBALL_SAVANT_CURRENT_SEASON_VS_HAND,2026-08-23T07:38:37+00:00,CURRENT
806367,"Hill, Turner",,2026,14,4,28.57142857142857,,,,14,4,28.57142857142857,BASEBALL_SAVANT_CURRENT_SEASON_VS_HAND,2026-08-23T07:38:37+00:00,CURRENT
677956,"Hinds, Rece",,2026,26,10,38.46153846153847,12,9,75.0,38,19,50.0,BASEBALL_SAVANT_CURRENT_SEASON_VS_HAND,2026-08-23T07:38:37+00:00,CURRENT
663538,"Hoerner, Nico",,2026,414,33,7.971014492753622,141,14,9.929078014184398,555,47,8.468468468468467,BASEBALL_SAVANT_CURRENT_SEASON_VS_HAND,2026-08-23T07:38:37+00:00,CURRENT
702616,"Holliday, Jackson",,2026,201,44,21.890547263681594,67,19,28.35820895522388,268,63,23.507462686567166,BASEBALL_SAVANT_CURRENT_SEASON_VS_HAND,2026-08-23T07:38:37+00:00,CURRENT
687462,"Horwitz, Spencer",,2026,293,41,13.993174061433447,60,10,16.666666666666664,353,51,14.44759206798867,BASEBALL_SAVANT_CURRENT_SEASON_VS_HAND,2026-08-23T07:38:37+00:00,CURRENT
656555,"Hoskins, Rhys",,2026,192,58,30.208333333333332,127,42,33.07086614173229,319,100,31.347962382445143,BASEBALL_SAVANT_CURRENT_SEASON_VS_HAND,2026-08-23T07:38:37+00:00,CURRENT
691781,"House, Brady",,2026,173,53,30.63583815028902,83,20,24.096385542168676,256,73,28.515625,BASEBALL_SAVANT_CURRENT_SEASON_VS_HAND,2026-08-23T07:38:37+00:00,CURRENT
669087,"Huff, Sam",,2026,22,12,54.54545454545454,12,7,58.333333333333336,34,19,55.88235294117647,BASEBALL_SAVANT_CURRENT_SEASON_VS_HAND,2026-08-23T07:38:37+00:00,CURRENT
675448,"Hunt, Blake",,2026,1,1,100.0,2,2,100.0,3,3,100.0,BASEBALL_SAVANT_CURRENT_SEASON_VS_HAND,2026-08-23T07:38:37+00:00,CURRENT
628451,"Ibáñez, Andy",,2026,2,0,0.0,24,3,12.5,26,3,11.538461538461538,BASEBALL_SAVANT_CURRENT_SEASON_VS_HAND,2026-08-23T07:38:37+00:00,CURRENT
663697,"India, Jonathan",,2026,35,8,22.857142857142858,23,5,21.73913043478261,58,13,22.413793103448278,BASEBALL_SAVANT_CURRENT_SEASON_VS_HAND,2026-08-23T07:38:37+00:00,CURRENT
694876,"Ingle, Cooper",,2026,20,10,50.0,4,2,50.0,24,12,50.0,BASEBALL_SAVANT_CURRENT_SEASON_VS_HAND,2026-08-23T07:38:37+00:00,CURRENT
664728,"Isbel, Kyle",,2026,177,40,22.598870056497177,55,11,20.0,232,51,21.982758620689655,BASEBALL_SAVANT_CURRENT_SEASON_VS_HAND,2026-08-23T07:38:37+00:00,CURRENT
656577,"Jackson, Alex",,2026,45,11,24.444444444444443,24,12,50.0,69,23,33.33333333333333,BASEBALL_SAVANT_CURRENT_SEASON_VS_HAND,2026-08-23T07:38:37+00:00,CURRENT
669236,"Jackson, Jeremiah",,2026,169,30,17.75147928994083,80,21,26.25,249,51,20.481927710843372,BASEBALL_SAVANT_CURRENT_SEASON_VS_HAND,2026-08-23T07:38:37+00:00,CURRENT
643376,"Jansen, Danny",,2026,111,31,27.927927927927925,39,13,33.33333333333333,150,44,29.333333333333332,BASEBALL_SAVANT_CURRENT_SEASON_VS_HAND,2026-08-23T07:38:37+00:00,CURRENT
805347,"Jarvis, Jim",,2026,98,18,18.367346938775512,23,4,17.391304347826086,121,22,18.181818181818183,BASEBALL_SAVANT_CURRENT_SEASON_VS_HAND,2026-08-23T07:38:37+00:00,CURRENT
680777,"Jeffers, Ryan",,2026,165,30,18.181818181818183,98,13,13.26530612244898,263,43,16.34980988593156,BASEBALL_SAVANT_CURRENT_SEASON_VS_HAND,2026-08-23T07:38:37+00:00,CURRENT
695600,"Jensen, Carter",,2026,343,97,28.279883381924197,135,40,29.629629629629626,478,137,28.661087866108787,BASEBALL_SAVANT_CURRENT_SEASON_VS_HAND,2026-08-23T07:38:37+00:00,CURRENT
650391,"Jiménez, Eloy",,2026,22,5,22.727272727272727,13,2,15.384615384615385,35,7,20.0,BASEBALL_SAVANT_CURRENT_SEASON_VS_HAND,2026-08-23T07:38:37+00:00,CURRENT
677870,"Jiménez, Leo",,2026,93,18,19.35483870967742,83,17,20.481927710843372,176,35,19.886363636363637,BASEBALL_SAVANT_CURRENT_SEASON_VS_HAND,2026-08-23T07:38:37+00:00,CURRENT
656582,"Joe, Connor",,2026,19,6,31.57894736842105,26,9,34.61538461538461,45,15,33.33333333333333,BASEBALL_SAVANT_CURRENT_SEASON_VS_HAND,2026-08-23T07:38:37+00:00,CURRENT
669369,"Johnson, Bryce",,2026,36,13,36.11111111111111,13,5,38.46153846153847,49,18,36.734693877551024,BASEBALL_SAVANT_CURRENT_SEASON_VS_HAND,2026-08-23T07:38:37+00:00,CURRENT
669288,"Johnson, Daniel",,2026,13,3,23.076923076923077,4,0,0.0,17,3,17.647058823529413,BASEBALL_SAVANT_CURRENT_SEASON_VS_HAND,2026-08-23T07:38:37+00:00,CURRENT
671155,"Johnson, Ivan",,2026,6,3,50.0,8,3,37.5,14,6,42.857142857142854,BASEBALL_SAVANT_CURRENT_SEASON_VS_HAND,2026-08-23T07:38:37+00:00,CURRENT
687859,"Johnston, Troy",,2026,288,52,18.055555555555554,87,12,13.793103448275861,375,64,17.066666666666666,BASEBALL_SAVANT_CURRENT_SEASON_VS_HAND,2026-08-23T07:38:37+00:00,CURRENT
675659,"Jones, Greg",,2026,17,7,41.17647058823529,7,3,42.857142857142854,24,10,41.66666666666667,BASEBALL_SAVANT_CURRENT_SEASON_VS_HAND,2026-08-23T07:38:37+00:00,CURRENT
663330,"Jones, Jahmai",,2026,22,9,40.909090909090914,109,33,30.275229357798167,131,42,32.06106870229007,BASEBALL_SAVANT_CURRENT_SEASON_VS_HAND,2026-08-23T07:38:37+00:00,CURRENT
682987,"Jones, Spencer",,2026,141,54,38.297872340425535,30,8,26.666666666666668,171,62,36.25730994152047,BASEBALL_SAVANT_CURRENT_SEASON_VS_HAND,2026-08-23T07:38:37+00:00,CURRENT
691458,"Jordan, Blaze",,2026,117,20,17.094017094017094,69,8,11.594202898550725,186,28,15.053763440860216,BASEBALL_SAVANT_CURRENT_SEASON_VS_HAND,2026-08-23T07:38:37+00:00,CURRENT
592450,"Judge, Aaron",,2026,185,52,28.10810810810811,76,20,26.31578947368421,261,72,27.586206896551722,BASEBALL_SAVANT_CURRENT_SEASON_VS_HAND,2026-08-23T07:38:37+00:00,CURRENT
666397,"Julien, Edouard",,2026,250,62,24.8,26,9,34.61538461538461,276,71,25.724637681159418,BASEBALL_SAVANT_CURRENT_SEASON_VS_HAND,2026-08-23T07:38:37+00:00,CURRENT
667452,"Julks, Corey",,2026,,,,4,1,25.0,4,1,25.0,BASEBALL_SAVANT_CURRENT_SEASON_VS_HAND,2026-08-23T07:38:37+00:00,CURRENT
690291,"Jung, Jace",,2026,8,1,12.5,,,,8,1,12.5,BASEBALL_SAVANT_CURRENT_SEASON_VS_HAND,2026-08-23T07:38:37+00:00,CURRENT
673962,"Jung, Josh",,2026,303,59,19.471947194719473,93,12,12.903225806451612,396,71,17.929292929292927,BASEBALL_SAVANT_CURRENT_SEASON_VS_HAND,2026-08-23T07:38:37+00:00,CURRENT
691720,"Karros, Kyle",,2026,261,53,20.306513409961685,142,28,19.718309859154928,403,81,20.099255583126553,BASEBALL_SAVANT_CURRENT_SEASON_VS_HAND,2026-08-23T07:38:37+00:00,CURRENT
692216,"Kayfus, CJ",,2026,22,6,27.27272727272727,3,2,66.66666666666666,25,8,32.0,BASEBALL_SAVANT_CURRENT_SEASON_VS_HAND,2026-08-23T07:38:37+00:00,CURRENT
807712,"Keaschall, Luke",,2026,325,47,14.461538461538462,151,26,17.218543046357617,476,73,15.336134453781513,BASEBALL_SAVANT_CURRENT_SEASON_VS_HAND,2026-08-23T07:38:37+00:00,CURRENT
690993,"Keith, Colt",,2026,340,63,18.529411764705884,25,4,16.0,365,67,18.356164383561644,BASEBALL_SAVANT_CURRENT_SEASON_VS_HAND,2026-08-23T07:38:37+00:00,CURRENT
672284,"Kelenic, Jarred",,2026,72,28,38.88888888888889,10,3,30.0,82,31,37.80487804878049,BASEBALL_SAVANT_CURRENT_SEASON_VS_HAND,2026-08-23T07:38:37+00:00,CURRENT
608348,"Kelly, Carson",,2026,223,37,16.591928251121075,115,21,18.26086956521739,338,58,17.159763313609467,BASEBALL_SAVANT_CURRENT_SEASON_VS_HAND,2026-08-23T07:38:37+00:00,CURRENT
805249,"Kemp, Otto",,2026,5,2,40.0,22,8,36.36363636363637,27,10,37.03703703703704,BASEBALL_SAVANT_CURRENT_SEASON_VS_HAND,2026-08-23T07:38:37+00:00,CURRENT
671083,"Kennedy, Buddy",,2026,17,4,23.52941176470588,25,9,36.0,42,13,30.952380952380953,BASEBALL_SAVANT_CURRENT_SEASON_VS_HAND,2026-08-23T07:38:37+00:00,CURRENT
596146,"Kepler, Max",,2026,112,25,22.321428571428573,12,3,25.0,124,28,22.58064516129032,BASEBALL_SAVANT_CURRENT_SEASON_VS_HAND,2026-08-23T07:38:37+00:00,CURRENT
815873,"Keys, Sean",,2026,34,12,35.294117647058826,3,1,33.33333333333333,37,13,35.13513513513514,BASEBALL_SAVANT_CURRENT_SEASON_VS_HAND,2026-08-23T07:38:37+00:00,CURRENT
673490,"Kim, Ha-Seong",,2026,40,10,25.0,45,13,28.888888888888886,85,23,27.058823529411764,BASEBALL_SAVANT_CURRENT_SEASON_VS_HAND,2026-08-23T07:38:37+00:00,CURRENT
808975,"Kim, Hyeseong",,2026,116,26,22.413793103448278,15,5,33.33333333333333,131,31,23.66412213740458,BASEBALL_SAVANT_CURRENT_SEASON_VS_HAND,2026-08-23T07:38:37+00:00,CURRENT
643396,"Kiner-Falefa, Isiah",,2026,91,10,10.989010989010989,42,8,19.047619047619047,133,18,13.533834586466165,BASEBALL_SAVANT_CURRENT_SEASON_VS_HAND,2026-08-23T07:38:37+00:00,CURRENT
664068,"Kingery, Scott",,2026,2,0,0.0,2,0,0.0,4,0,0.0,BASEBALL_SAVANT_CURRENT_SEASON_VS_HAND,2026-08-23T07:38:37+00:00,CURRENT
672386,"Kirk, Alejandro",,2026,144,12,8.333333333333332,67,12,17.91044776119403,211,24,11.374407582938389,BASEBALL_SAVANT_CURRENT_SEASON_VS_HAND,2026-08-23T07:38:37+00:00,CURRENT
668800,"Knizner, Andrew",,2026,2,1,50.0,7,1,14.285714285714285,9,2,22.22222222222222,BASEBALL_SAVANT_CURRENT_SEASON_VS_HAND,2026-08-23T07:38:37+00:00,CURRENT
683766,"Koss, Christian",,2026,70,18,25.71428571428571,28,7,25.0,98,25,25.510204081632654,BASEBALL_SAVANT_CURRENT_SEASON_VS_HAND,2026-08-23T07:38:37+00:00,CURRENT
668952,"Kreidler, Ryan",,2026,124,32,25.806451612903224,93,15,16.129032258064516,217,47,21.658986175115206,BASEBALL_SAVANT_CURRENT_SEASON_VS_HAND,2026-08-23T07:38:37+00:00,CURRENT
811965,"Kuroda-Grauer, Joshua",,2026,35,4,11.428571428571429,27,3,11.11111111111111,62,7,11.29032258064516,BASEBALL_SAVANT_CURRENT_SEASON_VS_HAND,2026-08-23T07:38:37+00:00,CURRENT
701762,"Kurtz, Nick",,2026,278,81,29.136690647482016,158,60,37.9746835443038,436,141,32.3394495412844,BASEBALL_SAVANT_CURRENT_SEASON_VS_HAND,2026-08-23T07:38:37+00:00,CURRENT
680757,"Kwan, Steven",,2026,346,30,8.670520231213873,148,19,12.837837837837837,494,49,9.919028340080972,BASEBALL_SAVANT_CURRENT_SEASON_VS_HAND,2026-08-23T07:38:37+00:00,CURRENT
669127,"Langeliers, Shea",,2026,289,69,23.875432525951556,128,27,21.09375,417,96,23.021582733812952,BASEBALL_SAVANT_CURRENT_SEASON_VS_HAND,2026-08-23T07:38:37+00:00,CURRENT
694671,"Langford, Wyatt",,2026,225,49,21.777777777777775,104,25,24.03846153846154,329,74,22.492401215805472,BASEBALL_SAVANT_CURRENT_SEASON_VS_HAND,2026-08-23T07:38:37+00:00,CURRENT
800325,"Lara, Luis",,2026,90,18,20.0,26,4,15.384615384615385,116,22,18.96551724137931,BASEBALL_SAVANT_CURRENT_SEASON_VS_HAND,2026-08-23T07:38:37+00:00,CURRENT
663616,"Larnach, Trevor",,2026,335,58,17.313432835820898,47,11,23.404255319148938,382,69,18.06282722513089,BASEBALL_SAVANT_CURRENT_SEASON_VS_HAND,2026-08-23T07:38:37+00:00,CURRENT
657656,"Laureano, Ramón",,2026,151,50,33.11258278145696,55,15,27.27272727272727,206,65,31.55339805825243,BASEBALL_SAVANT_CURRENT_SEASON_VS_HAND,2026-08-23T07:38:37+00:00,CURRENT
691783,"Lawlar, Jordan",,2026,33,11,33.33333333333333,26,5,19.230769230769234,59,16,27.11864406779661,BASEBALL_SAVANT_CURRENT_SEASON_VS_HAND,2026-08-23T07:38:37+00:00,CURRENT
686797,"Lee, Brooks",,2026,336,43,12.797619047619047,158,37,23.417721518987342,494,80,16.194331983805668,BASEBALL_SAVANT_CURRENT_SEASON_VS_HAND,2026-08-23T07:38:37+00:00,CURRENT
701678,"Lee, Hao-Yu",,2026,123,29,23.577235772357724,107,24,22.429906542056074,230,53,23.043478260869566,BASEBALL_SAVANT_CURRENT_SEASON_VS_HAND,2026-08-23T07:38:37+00:00,CURRENT
808982,"Lee, Jung Hoo",,2026,336,30,8.928571428571429,140,18,12.857142857142856,476,48,10.084033613445378,BASEBALL_SAVANT_CURRENT_SEASON_VS_HAND,2026-08-23T07:38:37+00:00,CURRENT
678760,"Leonard, Eddys",,2026,3,1,33.33333333333333,5,1,20.0,8,2,25.0,BASEBALL_SAVANT_CURRENT_SEASON_VS_HAND,2026-08-23T07:38:37+00:00,CURRENT
668904,"Lewis, Royce",,2026,280,76,27.142857142857142,104,22,21.153846153846153,384,98,25.520833333333332,BASEBALL_SAVANT_CURRENT_SEASON_VS_HAND,2026-08-23T07:38:37+00:00,CURRENT
506702,"León, Sandy",,2026,24,10,41.66666666666667,20,8,40.0,44,18,40.909090909090914,BASEBALL_SAVANT_CURRENT_SEASON_VS_HAND,2026-08-23T07:38:37+00:00,CURRENT
695734,"Lile, Daylen",,2026,384,70,18.229166666666664,148,34,22.972972972972975,532,104,19.548872180451127,BASEBALL_SAVANT_CURRENT_SEASON_VS_HAND,2026-08-23T07:38:37+00:00,CURRENT
596019,"Lindor, Francisco",,2026,220,47,21.363636363636363,93,12,12.903225806451612,313,59,18.849840255591054,BASEBALL_SAVANT_CURRENT_SEASON_VS_HAND,2026-08-23T07:38:37+00:00,CURRENT
682988,"Locklear, Tyler",,2026,29,5,17.24137931034483,13,4,30.76923076923077,42,9,21.428571428571427,BASEBALL_SAVANT_CURRENT_SEASON_VS_HAND,2026-08-23T07:38:37+00:00,CURRENT
663604,"Lockridge, Brandon",,2026,66,16,24.242424242424242,46,16,34.78260869565217,112,32,28.57142857142857,BASEBALL_SAVANT_CURRENT_SEASON_VS_HAND,2026-08-23T07:38:37+00:00,CURRENT
679845,"Loftin, Nick",,2026,186,30,16.129032258064516,140,21,15.0,326,51,15.644171779141105,BASEBALL_SAVANT_CURRENT_SEASON_VS_HAND,2026-08-23T07:38:37+00:00,CURRENT
806146,"Lombard Jr., George",,2026,52,14,26.923076923076923,6,2,33.33333333333333,58,16,27.586206896551722,BASEBALL_SAVANT_CURRENT_SEASON_VS_HAND,2026-08-23T07:38:37+00:00,CURRENT
694388,"Loperfido, Joey",,2026,106,28,26.41509433962264,14,3,21.428571428571427,120,31,25.833333333333336,BASEBALL_SAVANT_CURRENT_SEASON_VS_HAND,2026-08-23T07:38:37+00:00,CURRENT
670032,"Lopez, Nicky",,2026,166,30,18.072289156626507,56,8,14.285714285714285,222,38,17.117117117117118,BASEBALL_SAVANT_CURRENT_SEASON_VS_HAND,2026-08-23T07:38:37+00:00,CURRENT
672640,"Lopez, Otto",,2026,419,55,13.126491646778044,125,14,11.200000000000001,544,69,12.683823529411764,BASEBALL_SAVANT_CURRENT_SEASON_VS_HAND,2026-08-23T07:38:37+00:00,CURRENT
664040,"Lowe, Brandon",,2026,371,94,25.336927223719673,165,61,36.96969696969697,536,155,28.91791044776119,BASEBALL_SAVANT_CURRENT_SEASON_VS_HAND,2026-08-23T07:38:37+00:00,CURRENT
666139,"Lowe, Josh",,2026,220,61,27.727272727272727,41,14,34.146341463414636,261,75,28.735632183908045,BASEBALL_SAVANT_CURRENT_SEASON_VS_HAND,2026-08-23T07:38:37+00:00,CURRENT
663993,"Lowe, Nathaniel",,2026,297,70,23.56902356902357,31,9,29.03225806451613,328,79,24.085365853658537,BASEBALL_SAVANT_CURRENT_SEASON_VS_HAND,2026-08-23T07:38:37+00:00,CURRENT
664770,"Lukes, Nathan",,2026,278,37,13.309352517985612,62,14,22.58064516129032,340,51,15.0,BASEBALL_SAVANT_CURRENT_SEASON_VS_HAND,2026-08-23T07:38:37+00:00,CURRENT
592518,"Machado, Manny",,2026,405,91,22.469135802469136,132,26,19.696969696969695,537,117,21.787709497206702,BASEBALL_SAVANT_CURRENT_SEASON_VS_HAND,2026-08-23T07:38:37+00:00,CURRENT
691788,"Mack, Joe",,2026,201,51,25.37313432835821,51,13,25.49019607843137,252,64,25.396825396825395,BASEBALL_SAVANT_CURRENT_SEASON_VS_HAND,2026-08-23T07:38:37+00:00,CURRENT
663611,"Madrigal, Nick",,2026,37,2,5.405405405405405,15,1,6.666666666666667,52,3,5.769230769230769,BASEBALL_SAVANT_CURRENT_SEASON_VS_HAND,2026-08-23T07:38:37+00:00,CURRENT
571912,"Maile, Luke",,2026,7,1,14.285714285714285,19,9,47.368421052631575,26,10,38.46153846153847,BASEBALL_SAVANT_CURRENT_SEASON_VS_HAND,2026-08-23T07:38:37+00:00,CURRENT
701162,"Malgeri, Ben",,2026,26,4,15.384615384615385,47,11,23.404255319148938,73,15,20.54794520547945,BASEBALL_SAVANT_CURRENT_SEASON_VS_HAND,2026-08-23T07:38:37+00:00,CURRENT
641820,"Mancini, Trey",,2026,10,1,10.0,4,2,50.0,14,3,21.428571428571427,BASEBALL_SAVANT_CURRENT_SEASON_VS_HAND,2026-08-23T07:38:37+00:00,CURRENT
663968,"Mangum, Jake",,2026,281,55,19.572953736654807,105,18,17.142857142857142,386,73,18.911917098445596,BASEBALL_SAVANT_CURRENT_SEASON_VS_HAND,2026-08-23T07:38:37+00:00,CURRENT
700932,"Manzardo, Kyle",,2026,283,94,33.215547703180206,73,20,27.397260273972602,356,114,32.02247191011236,BASEBALL_SAVANT_CURRENT_SEASON_VS_HAND,2026-08-23T07:38:37+00:00,CURRENT
665561,"Marchán, Rafael",,2026,63,9,14.285714285714285,29,5,17.24137931034483,92,14,15.217391304347828,BASEBALL_SAVANT_CURRENT_SEASON_VS_HAND,2026-08-23T07:38:37+00:00,CURRENT
805300,"Marsee, Jakob",,2026,388,76,19.587628865979383,107,28,26.168224299065418,495,104,21.01010101010101,BASEBALL_SAVANT_CURRENT_SEASON_VS_HAND,2026-08-23T07:38:37+00:00,CURRENT
669016,"Marsh, Brandon",,2026,364,76,20.87912087912088,120,45,37.5,484,121,25.0,BASEBALL_SAVANT_CURRENT_SEASON_VS_HAND,2026-08-23T07:38:37+00:00,CURRENT
606466,"Marte, Ketel",,2026,388,61,15.721649484536082,131,17,12.977099236641221,519,78,15.028901734104046,BASEBALL_SAVANT_CURRENT_SEASON_VS_HAND,2026-08-23T07:38:37+00:00,CURRENT
682622,"Marte, Noelvi",,2026,148,33,22.2972972972973,53,19,35.84905660377358,201,52,25.870646766169152,BASEBALL_SAVANT_CURRENT_SEASON_VS_HAND,2026-08-23T07:38:37+00:00,CURRENT
516782,"Marte, Starling",,2026,42,11,26.190476190476193,126,30,23.809523809523807,168,41,24.404761904761905,BASEBALL_SAVANT_CURRENT_SEASON_VS_HAND,2026-08-23T07:38:37+00:00,CURRENT
668885,"Martin, Austin",,2026,177,36,20.33898305084746,159,24,15.09433962264151,336,60,17.857142857142858,BASEBALL_SAVANT_CURRENT_SEASON_VS_HAND,2026-08-23T07:38:37+00:00,CURRENT
683079,"Martinez, Omar",,2026,3,1,33.33333333333333,,,,3,1,33.33333333333333,BASEBALL_SAVANT_CURRENT_SEASON_VS_HAND,2026-08-23T07:38:37+00:00,CURRENT
682657,"Martínez, Angel",,2026,208,54,25.961538461538463,111,17,15.315315315315313,319,71,22.25705329153605,BASEBALL_SAVANT_CURRENT_SEASON_VS_HAND,2026-08-23T07:38:37+00:00,CURRENT
686681,"Massey, Michael",,2026,276,41,14.855072463768115,84,21,25.0,360,62,17.22222222222222,BASEBALL_SAVANT_CURRENT_SEASON_VS_HAND,2026-08-23T07:38:37+00:00,CURRENT
670156,"Mastrobuoni, Miles",,2026,28,10,35.714285714285715,2,0,0.0,30,10,33.33333333333333,BASEBALL_SAVANT_CURRENT_SEASON_VS_HAND,2026-08-23T07:38:37+00:00,CURRENT
622761,"Mateo, Jorge",,2026,90,26,28.888888888888886,60,18,30.0,150,44,29.333333333333332,BASEBALL_SAVANT_CURRENT_SEASON_VS_HAND,2026-08-23T07:38:37+00:00,CURRENT
682641,"Matos, Luis",,2026,8,1,12.5,13,6,46.15384615384615,21,7,33.33333333333333,BASEBALL_SAVANT_CURRENT_SEASON_VS_HAND,2026-08-23T07:38:37+00:00,CURRENT
694728,"Matthews, Brice",,2026,145,45,31.03448275862069,82,26,31.70731707317073,227,71,31.277533039647576,BASEBALL_SAVANT_CURRENT_SEASON_VS_HAND,2026-08-23T07:38:37+00:00,CURRENT
677595,"Mauricio, Ronny",,2026,39,13,33.33333333333333,11,5,45.45454545454545,50,18,36.0,BASEBALL_SAVANT_CURRENT_SEASON_VS_HAND,2026-08-23T07:38:37+00:00,CURRENT
691785,"Mayer, Marcelo",,2026,210,42,20.0,18,2,11.11111111111111,228,44,19.298245614035086,BASEBALL_SAVANT_CURRENT_SEASON_VS_HAND,2026-08-23T07:38:37+00:00,CURRENT
691723,"Mayo, Coby",,2026,218,76,34.862385321100916,116,33,28.448275862068968,334,109,32.634730538922156,BASEBALL_SAVANT_CURRENT_SEASON_VS_HAND,2026-08-23T07:38:37+00:00,CURRENT
807727,"McAdoo, Charles",,2026,32,6,18.75,29,11,37.93103448275862,61,17,27.86885245901639,BASEBALL_SAVANT_CURRENT_SEASON_VS_HAND,2026-08-23T07:38:37+00:00,CURRENT
543510,"McCann, James",,2026,75,20,26.666666666666668,48,9,18.75,123,29,23.577235772357724,BASEBALL_SAVANT_CURRENT_SEASON_VS_HAND,2026-08-23T07:38:37+00:00,CURRENT
664983,"McCarthy, Jake",,2026,327,56,17.12538226299694,117,19,16.23931623931624,444,75,16.89189189189189,BASEBALL_SAVANT_CURRENT_SEASON_VS_HAND,2026-08-23T07:38:37+00:00,CURRENT
687529,"McCray, Grant",,2026,35,8,22.857142857142858,12,5,41.66666666666667,47,13,27.659574468085108,BASEBALL_SAVANT_CURRENT_SEASON_VS_HAND,2026-08-23T07:38:37+00:00,CURRENT
457705,"McCutchen, Andrew",,2026,33,14,42.42424242424242,50,8,16.0,83,22,26.506024096385545,BASEBALL_SAVANT_CURRENT_SEASON_VS_HAND,2026-08-23T07:38:37+00:00,CURRENT
805808,"McGonigle, Kevin",,2026,401,46,11.471321695760599,162,32,19.753086419753085,563,78,13.854351687388988,BASEBALL_SAVANT_CURRENT_SEASON_VS_HAND,2026-08-23T07:38:37+00:00,CURRENT
624512,"McGuire, Reese",,2026,31,8,25.806451612903224,3,1,33.33333333333333,34,9,26.47058823529412,BASEBALL_SAVANT_CURRENT_SEASON_VS_HAND,2026-08-23T07:38:37+00:00,CURRENT
656716,"McKinstry, Zach",,2026,283,42,14.840989399293287,70,12,17.142857142857142,353,54,15.29745042492918,BASEBALL_SAVANT_CURRENT_SEASON_VS_HAND,2026-08-23T07:38:37+00:00,CURRENT
680574,"McLain, Matt",,2026,296,87,29.39189189189189,93,18,19.35483870967742,389,105,26.99228791773779,BASEBALL_SAVANT_CURRENT_SEASON_VS_HAND,2026-08-23T07:38:37+00:00,CURRENT
641857,"McMahon, Ryan",,2026,246,73,29.67479674796748,60,20,33.33333333333333,306,93,30.392156862745097,BASEBALL_SAVANT_CURRENT_SEASON_VS_HAND,2026-08-23T07:38:37+00:00,CURRENT
643446,"McNeil, Jeff",,2026,308,38,12.337662337662337,84,6,7.142857142857142,392,44,11.224489795918368,BASEBALL_SAVANT_CURRENT_SEASON_VS_HAND,2026-08-23T07:38:37+00:00,CURRENT
678554,"Mead, Curtis",,2026,189,36,19.047619047619047,142,27,19.014084507042252,331,63,19.033232628398792,BASEBALL_SAVANT_CURRENT_SEASON_VS_HAND,2026-08-23T07:38:37+00:00,CURRENT
678009,"Meadows, Parker",,2026,38,10,26.31578947368421,1,0,0.0,39,10,25.64102564102564,BASEBALL_SAVANT_CURRENT_SEASON_VS_HAND,2026-08-23T07:38:37+00:00,CURRENT
685133,"Meckler, Wade",,2026,196,42,21.428571428571427,33,7,21.21212121212121,229,49,21.397379912663755,BASEBALL_SAVANT_CURRENT_SEASON_VS_HAND,2026-08-23T07:38:37+00:00,CURRENT
682989,"Mederos, Victor",,2026,1,0,0.0,,,,1,0,0.0,BASEBALL_SAVANT_CURRENT_SEASON_VS_HAND,2026-08-23T07:38:37+00:00,CURRENT
805367,"Meidroth, Chase",,2026,365,87,23.835616438356162,153,30,19.607843137254903,518,117,22.586872586872587,BASEBALL_SAVANT_CURRENT_SEASON_VS_HAND,2026-08-23T07:38:37+00:00,CURRENT
669004,"Melendez, MJ",,2026,131,44,33.587786259541986,14,6,42.857142857142854,145,50,34.48275862068966,BASEBALL_SAVANT_CURRENT_SEASON_VS_HAND,2026-08-23T07:38:37+00:00,CURRENT
608841,"Meneses, Joey",,2026,9,2,22.22222222222222,16,2,12.5,25,4,16.0,BASEBALL_SAVANT_CURRENT_SEASON_VS_HAND,2026-08-23T07:38:37+00:00,CURRENT
701538,"Merrill, Jackson",,2026,384,91,23.697916666666664,145,41,28.27586206896552,529,132,24.95274102079395,BASEBALL_SAVANT_CURRENT_SEASON_VS_HAND,2026-08-23T07:38:37+00:00,CURRENT
683748,"Mesa Jr., Victor",,2026,147,34,23.12925170068027,32,6,18.75,179,40,22.3463687150838,BASEBALL_SAVANT_CURRENT_SEASON_VS_HAND,2026-08-23T07:38:37+00:00,CURRENT
676694,"Meyers, Jake",,2026,98,19,19.387755102040817,55,12,21.818181818181817,153,31,20.26143790849673,BASEBALL_SAVANT_CURRENT_SEASON_VS_HAND,2026-08-23T07:38:37+00:00,CURRENT
571945,"Mikolas, Miles",,2026,1,0,0.0,,,,1,0,0.0,BASEBALL_SAVANT_CURRENT_SEASON_VS_HAND,2026-08-23T07:38:37+00:00,CURRENT
686452,"Millas, Drew",,2026,132,28,21.21212121212121,20,9,45.0,152,37,24.342105263157894,BASEBALL_SAVANT_CURRENT_SEASON_VS_HAND,2026-08-23T07:38:37+00:00,CURRENT
670224,"Misner, Kameron",,2026,31,12,38.70967741935484,13,5,38.46153846153847,44,17,38.63636363636363,BASEBALL_SAVANT_CURRENT_SEASON_VS_HAND,2026-08-23T07:38:37+00:00,CURRENT
669003,"Mitchell, Garrett",,2026,334,107,32.035928143712574,95,28,29.47368421052631,429,135,31.46853146853147,BASEBALL_SAVANT_CURRENT_SEASON_VS_HAND,2026-08-23T07:38:37+00:00,CURRENT
655316,"Monasterio, Andruw",,2026,189,36,19.047619047619047,101,20,19.801980198019802,290,56,19.310344827586206,BASEBALL_SAVANT_CURRENT_SEASON_VS_HAND,2026-08-23T07:38:37+00:00,CURRENT
660162,"Moncada, Yoán",,2026,104,33,31.73076923076923,26,12,46.15384615384615,130,45,34.61538461538461,BASEBALL_SAVANT_CURRENT_SEASON_VS_HAND,2026-08-23T07:38:37+00:00,CURRENT
666160,"Moniak, Mickey",,2026,269,63,23.42007434944238,67,24,35.82089552238806,336,87,25.892857142857146,BASEBALL_SAVANT_CURRENT_SEASON_VS_HAND,2026-08-23T07:38:37+00:00,CURRENT
695731,"Montgomery, Braden",,2026,175,34,19.428571428571427,72,21,29.166666666666668,247,55,22.267206477732792,BASEBALL_SAVANT_CURRENT_SEASON_VS_HAND,2026-08-23T07:38:37+00:00,CURRENT
695657,"Montgomery, Colson",,2026,347,122,35.158501440922194,164,47,28.65853658536585,511,169,33.07240704500978,BASEBALL_SAVANT_CURRENT_SEASON_VS_HAND,2026-08-23T07:38:37+00:00,CURRENT
695681,"Moore, Christian",,2026,12,5,41.66666666666667,10,6,60.0,22,11,50.0,BASEBALL_SAVANT_CURRENT_SEASON_VS_HAND,2026-08-23T07:38:37+00:00,CURRENT
664238,"Moore, Dylan",,2026,3,2,66.66666666666666,12,4,33.33333333333333,15,6,40.0,BASEBALL_SAVANT_CURRENT_SEASON_VS_HAND,2026-08-23T07:38:37+00:00,CURRENT
703492,"Morabito, Nick",,2026,6,5,83.33333333333334,7,4,57.14285714285714,13,9,69.23076923076923,BASEBALL_SAVANT_CURRENT_SEASON_VS_HAND,2026-08-23T07:38:37+00:00,CURRENT
666624,"Morel, Christopher",,2026,48,17,35.41666666666667,29,11,37.93103448275862,77,28,36.36363636363637,BASEBALL_SAVANT_CURRENT_SEASON_VS_HAND,2026-08-23T07:38:37+00:00,CURRENT
672515,"Moreno, Gabriel",,2026,299,44,14.715719063545151,120,20,16.666666666666664,419,64,15.274463007159905,BASEBALL_SAVANT_CURRENT_SEASON_VS_HAND,2026-08-23T07:38:37+00:00,CURRENT
663624,"Mountcastle, Ryan",,2026,11,1,9.090909090909092,4,1,25.0,15,2,13.333333333333334,BASEBALL_SAVANT_CURRENT_SEASON_VS_HAND,2026-08-23T07:38:37+00:00,CURRENT
656775,"Mullins, Cedric",,2026,324,66,20.37037037037037,99,18,18.181818181818183,423,84,19.858156028368796,BASEBALL_SAVANT_CURRENT_SEASON_VS_HAND,2026-08-23T07:38:37+00:00,CURRENT
571970,"Muncy, Max",,2026,344,85,24.709302325581394,101,29,28.71287128712871,445,114,25.617977528089884,BASEBALL_SAVANT_CURRENT_SEASON_VS_HAND,2026-08-23T07:38:37+00:00,CURRENT
691777,"Muncy, Max",,2026,131,45,34.35114503816794,92,28,30.434782608695656,223,73,32.73542600896861,BASEBALL_SAVANT_CURRENT_SEASON_VS_HAND,2026-08-23T07:38:37+00:00,CURRENT
808959,"Murakami, Munetaka",,2026,276,85,30.79710144927536,130,48,36.92307692307693,406,133,32.758620689655174,BASEBALL_SAVANT_CURRENT_SEASON_VS_HAND,2026-08-23T07:38:37+00:00,CURRENT
669221,"Murphy, Sean",,2026,24,10,41.66666666666667,14,5,35.714285714285715,38,15,39.473684210526315,BASEBALL_SAVANT_CURRENT_SEASON_VS_HAND,2026-08-23T07:38:37+00:00,CURRENT
695020,"Murray, Tanner",,2026,9,0,0.0,24,7,29.166666666666668,33,7,21.21212121212121,BASEBALL_SAVANT_CURRENT_SEASON_VS_HAND,2026-08-23T07:38:37+00:00,CURRENT
667472,"Myers, Dane",,2026,144,37,25.694444444444443,100,23,23.0,244,60,24.59016393442623,BASEBALL_SAVANT_CURRENT_SEASON_VS_HAND,2026-08-23T07:38:37+00:00,CURRENT
665966,"Narváez, Carlos",,2026,182,61,33.51648351648351,57,17,29.82456140350877,239,78,32.63598326359833,BASEBALL_SAVANT_CURRENT_SEASON_VS_HAND,2026-08-23T07:38:37+00:00,CURRENT
640459,"Navarreto, Brian",,2026,14,4,28.57142857142857,21,6,28.57142857142857,35,10,28.57142857142857,BASEBALL_SAVANT_CURRENT_SEASON_VS_HAND,2026-08-23T07:38:37+00:00,CURRENT
666310,"Naylor, Bo",,2026,77,18,23.376623376623375,13,3,23.076923076923077,90,21,23.333333333333332,BASEBALL_SAVANT_CURRENT_SEASON_VS_HAND,2026-08-23T07:38:37+00:00,CURRENT
647304,"Naylor, Josh",,2026,354,38,10.734463276836157,163,26,15.950920245398773,517,64,12.379110251450678,BASEBALL_SAVANT_CURRENT_SEASON_VS_HAND,2026-08-23T07:38:37+00:00,CURRENT
687263,"Neto, Zach",,2026,407,132,32.432432432432435,151,42,27.81456953642384,558,174,31.182795698924732,BASEBALL_SAVANT_CURRENT_SEASON_VS_HAND,2026-08-23T07:38:37+00:00,CURRENT
607043,"Nimmo, Brandon",,2026,369,82,22.22222222222222,150,29,19.333333333333332,519,111,21.38728323699422,BASEBALL_SAVANT_CURRENT_SEASON_VS_HAND,2026-08-23T07:38:37+00:00,CURRENT
807747,"Nishida, Rikuu",,2026,26,4,15.384615384615385,4,1,25.0,30,5,16.666666666666664,BASEBALL_SAVANT_CURRENT_SEASON_VS_HAND,2026-08-23T07:38:37+00:00,CURRENT
663457,"Nootbaar, Lars",,2026,187,37,19.786096256684495,41,10,24.390243902439025,228,47,20.614035087719298,BASEBALL_SAVANT_CURRENT_SEASON_VS_HAND,2026-08-23T07:38:37+00:00,CURRENT
681393,"Norby, Connor",,2026,180,56,31.11111111111111,83,23,27.710843373493976,263,79,30.038022813688215,BASEBALL_SAVANT_CURRENT_SEASON_VS_HAND,2026-08-23T07:38:37+00:00,CURRENT
683083,"Nuñez, Nasim",,2026,290,61,21.03448275862069,132,25,18.939393939393938,422,86,20.379146919431278,BASEBALL_SAVANT_CURRENT_SEASON_VS_HAND,2026-08-23T07:38:37+00:00,CURRENT
656811,"O'Hearn, Ryan",,2026,278,58,20.863309352517987,121,28,23.140495867768596,399,86,21.553884711779446,BASEBALL_SAVANT_CURRENT_SEASON_VS_HAND,2026-08-23T07:38:37+00:00,CURRENT
681351,"O'Hoppe, Logan",,2026,186,48,25.806451612903224,71,16,22.535211267605636,257,64,24.90272373540856,BASEBALL_SAVANT_CURRENT_SEASON_VS_HAND,2026-08-23T07:38:37+00:00,CURRENT
641933,"O'Neill, Tyler",,2026,135,39,28.888888888888886,121,33,27.27272727272727,256,72,28.125,BASEBALL_SAVANT_CURRENT_SEASON_VS_HAND,2026-08-23T07:38:37+00:00,CURRENT
660271,"Ohtani, Shohei",,2026,364,82,22.52747252747253,182,44,24.175824175824175,546,126,23.076923076923077,BASEBALL_SAVANT_CURRENT_SEASON_VS_HAND,2026-08-23T07:38:37+00:00,CURRENT
672960,"Okamoto, Kazuma",,2026,381,119,31.23359580052493,130,36,27.692307692307693,511,155,30.332681017612522,BASEBALL_SAVANT_CURRENT_SEASON_VS_HAND,2026-08-23T07:38:37+00:00,CURRENT
666931,"Oliva, Jared",,2026,5,1,20.0,2,0,0.0,7,1,14.285714285714285,BASEBALL_SAVANT_CURRENT_SEASON_VS_HAND,2026-08-23T07:38:37+00:00,CURRENT
621566,"Olson, Matt",,2026,324,83,25.617283950617285,237,60,25.31645569620253,561,143,25.49019607843137,BASEBALL_SAVANT_CURRENT_SEASON_VS_HAND,2026-08-23T07:38:37+00:00,CURRENT
680716,"Ornelas, Jonathan",,2026,5,4,80.0,17,7,41.17647058823529,22,11,50.0,BASEBALL_SAVANT_CURRENT_SEASON_VS_HAND,2026-08-23T07:38:37+00:00,CURRENT
694673,"Ortiz, Abimelec",,2026,52,10,19.230769230769234,5,4,80.0,57,14,24.561403508771928,BASEBALL_SAVANT_CURRENT_SEASON_VS_HAND,2026-08-23T07:38:37+00:00,CURRENT
687401,"Ortiz, Joey",,2026,211,36,17.061611374407583,108,26,24.074074074074073,319,62,19.435736677115987,BASEBALL_SAVANT_CURRENT_SEASON_VS_HAND,2026-08-23T07:38:37+00:00,CURRENT
696030,"Osuna, Alejandro",,2026,174,25,14.367816091954023,48,7,14.583333333333334,222,32,14.414414414414415,BASEBALL_SAVANT_CURRENT_SEASON_VS_HAND,2026-08-23T07:38:37+00:00,CURRENT
681546,"Outman, James",,2026,146,64,43.83561643835616,28,7,25.0,174,71,40.804597701149426,BASEBALL_SAVANT_CURRENT_SEASON_VS_HAND,2026-08-23T07:38:37+00:00,CURRENT
542303,"Ozuna, Marcell",,2026,178,53,29.775280898876407,103,27,26.21359223300971,281,80,28.46975088967972,BASEBALL_SAVANT_CURRENT_SEASON_VS_HAND,2026-08-23T07:38:37+00:00,CURRENT
665506,"Pache, Cristian",,2026,3,2,66.66666666666666,3,2,66.66666666666666,6,4,66.66666666666666,BASEBALL_SAVANT_CURRENT_SEASON_VS_HAND,2026-08-23T07:38:37+00:00,CURRENT
681624,"Pages, Andy",,2026,390,79,20.256410256410255,162,28,17.28395061728395,552,107,19.384057971014492,BASEBALL_SAVANT_CURRENT_SEASON_VS_HAND,2026-08-23T07:38:37+00:00,CURRENT
686780,"Pagés, Pedro",,2026,107,25,23.364485981308412,82,24,29.268292682926827,189,49,25.925925925925924,BASEBALL_SAVANT_CURRENT_SEASON_VS_HAND,2026-08-23T07:38:37+00:00,CURRENT
680700,"Palacios, Richie",,2026,270,46,17.037037037037038,44,11,25.0,314,57,18.152866242038215,BASEBALL_SAVANT_CURRENT_SEASON_VS_HAND,2026-08-23T07:38:37+00:00,CURRENT
670623,"Paredes, Isaac",,2026,399,51,12.781954887218044,120,18,15.0,519,69,13.294797687861271,BASEBALL_SAVANT_CURRENT_SEASON_VS_HAND,2026-08-23T07:38:37+00:00,CURRENT
686469,"Pasquantino, Vinnie",,2026,257,37,14.396887159533073,102,23,22.54901960784314,359,60,16.71309192200557,BASEBALL_SAVANT_CURRENT_SEASON_VS_HAND,2026-08-23T07:38:37+00:00,CURRENT
688363,"Pauley, Graham",,2026,108,26,24.074074074074073,7,1,14.285714285714285,115,27,23.47826086956522,BASEBALL_SAVANT_CURRENT_SEASON_VS_HAND,2026-08-23T07:38:37+00:00,CURRENT
592626,"Pederson, Joc",,2026,350,76,21.714285714285715,34,14,41.17647058823529,384,90,23.4375,BASEBALL_SAVANT_CURRENT_SEASON_VS_HAND,2026-08-23T07:38:37+00:00,CURRENT
672724,"Peraza, Oswald",,2026,207,64,30.917874396135264,118,33,27.966101694915253,325,97,29.846153846153843,BASEBALL_SAVANT_CURRENT_SEASON_VS_HAND,2026-08-23T07:38:37+00:00,CURRENT
672695,"Perdomo, Geraldo",,2026,371,46,12.398921832884097,167,21,12.574850299401197,538,67,12.453531598513012,BASEBALL_SAVANT_CURRENT_SEASON_VS_HAND,2026-08-23T07:38:37+00:00,CURRENT
640902,"Pereda, Jhonny",,2026,60,11,18.333333333333332,20,4,20.0,80,15,18.75,BASEBALL_SAVANT_CURRENT_SEASON_VS_HAND,2026-08-23T07:38:37+00:00,CURRENT
677592,"Pereira, Everson",,2026,67,20,29.850746268656714,44,17,38.63636363636363,111,37,33.33333333333333,BASEBALL_SAVANT_CURRENT_SEASON_VS_HAND,2026-08-23T07:38:37+00:00,CURRENT
678577,"Perez, Junior",,2026,9,4,44.44444444444444,27,10,37.03703703703704,36,14,38.88888888888889,BASEBALL_SAVANT_CURRENT_SEASON_VS_HAND,2026-08-23T07:38:37+00:00,CURRENT
521692,"Perez, Salvador",,2026,360,72,20.0,143,25,17.482517482517483,503,97,19.284294234592444,BASEBALL_SAVANT_CURRENT_SEASON_VS_HAND,2026-08-23T07:38:37+00:00,CURRENT
663368,"Perkins, Blake",,2026,42,12,28.57142857142857,60,10,16.666666666666664,102,22,21.568627450980394,BASEBALL_SAVANT_CURRENT_SEASON_VS_HAND,2026-08-23T07:38:37+00:00,CURRENT
671976,"Peters, Tristan",,2026,333,60,18.01801801801802,46,9,19.565217391304348,379,69,18.20580474934037,BASEBALL_SAVANT_CURRENT_SEASON_VS_HAND,2026-08-23T07:38:37+00:00,CURRENT
665161,"Peña, Jeremy",,2026,268,52,19.402985074626866,73,17,23.28767123287671,341,69,20.234604105571847,BASEBALL_SAVANT_CURRENT_SEASON_VS_HAND,2026-08-23T07:38:37+00:00,CURRENT
502054,"Pham, Tommy",,2026,3,3,100.0,11,4,36.36363636363637,14,7,50.0,BASEBALL_SAVANT_CURRENT_SEASON_VS_HAND,2026-08-23T07:38:37+00:00,CURRENT
687605,"Pinckney, Andrew",,2026,5,2,40.0,11,2,18.181818181818183,16,4,25.0,BASEBALL_SAVANT_CURRENT_SEASON_VS_HAND,2026-08-23T07:38:37+00:00,CURRENT
700652,"Piper, Kenny",,2026,5,0,0.0,3,2,66.66666666666666,8,2,25.0,BASEBALL_SAVANT_CURRENT_SEASON_VS_HAND,2026-08-23T07:38:37+00:00,CURRENT
682818,"Piñango, Yohendrick",,2026,148,31,20.945945945945947,32,13,40.625,180,44,24.444444444444443,BASEBALL_SAVANT_CURRENT_SEASON_VS_HAND,2026-08-23T07:38:37+00:00,CURRENT
593871,"Polanco, Jorge",,2026,113,27,23.893805309734514,32,9,28.125,145,36,24.82758620689655,BASEBALL_SAVANT_CURRENT_SEASON_VS_HAND,2026-08-23T07:38:37+00:00,CURRENT
682515,"Porter, Logan",,2026,1,1,100.0,5,1,20.0,6,2,33.33333333333333,BASEBALL_SAVANT_CURRENT_SEASON_VS_HAND,2026-08-23T07:38:37+00:00,CURRENT
650968,"Pozo, Yohel",,2026,30,6,20.0,20,0,0.0,50,6,12.0,BASEBALL_SAVANT_CURRENT_SEASON_VS_HAND,2026-08-23T07:38:37+00:00,CURRENT
806198,"Pratt, Cooper",,2026,129,24,18.6046511627907,37,11,29.72972972972973,166,35,21.084337349397593,BASEBALL_SAVANT_CURRENT_SEASON_VS_HAND,2026-08-23T07:38:37+00:00,CURRENT
805672,"Price, Collin",,2026,11,5,45.45454545454545,3,1,33.33333333333333,14,6,42.857142857142854,BASEBALL_SAVANT_CURRENT_SEASON_VS_HAND,2026-08-23T07:38:37+00:00,CURRENT
693409,"Prieto, César",,2026,28,4,14.285714285714285,3,0,0.0,31,4,12.903225806451612,BASEBALL_SAVANT_CURRENT_SEASON_VS_HAND,2026-08-23T07:38:37+00:00,CURRENT
672761,"Pérez, Wenceel",,2026,121,21,17.355371900826448,54,8,14.814814814814813,175,29,16.57142857142857,BASEBALL_SAVANT_CURRENT_SEASON_VS_HAND,2026-08-23T07:38:37+00:00,CURRENT
700337,"Quero, Edgar",,2026,125,28,22.400000000000002,85,14,16.470588235294116,210,42,20.0,BASEBALL_SAVANT_CURRENT_SEASON_VS_HAND,2026-08-23T07:38:37+00:00,CURRENT
691620,"Quero, Jeferson",,2026,,,,2,0,0.0,2,0,0.0,BASEBALL_SAVANT_CURRENT_SEASON_VS_HAND,2026-08-23T07:38:37+00:00,CURRENT
678882,"Rafaela, Ceddanne",,2026,382,70,18.32460732984293,136,35,25.735294117647058,518,105,20.27027027027027,BASEBALL_SAVANT_CURRENT_SEASON_VS_HAND,2026-08-23T07:38:37+00:00,CURRENT
663728,"Raleigh, Cal",,2026,260,77,29.615384615384617,137,48,35.03649635036496,397,125,31.48614609571788,BASEBALL_SAVANT_CURRENT_SEASON_VS_HAND,2026-08-23T07:38:37+00:00,CURRENT
670042,"Raley, Luke",,2026,260,85,32.69230769230769,27,8,29.629629629629626,287,93,32.40418118466899,BASEBALL_SAVANT_CURRENT_SEASON_VS_HAND,2026-08-23T07:38:37+00:00,CURRENT
671218,"Ramos, Heliot",,2026,281,76,27.046263345195733,82,21,25.609756097560975,363,97,26.72176308539945,BASEBALL_SAVANT_CURRENT_SEASON_VS_HAND,2026-08-23T07:38:37+00:00,CURRENT
682663,"Ramírez, Agustín",,2026,117,28,23.931623931623932,51,11,21.568627450980394,168,39,23.214285714285715,BASEBALL_SAVANT_CURRENT_SEASON_VS_HAND,2026-08-23T07:38:37+00:00,CURRENT
608070,"Ramírez, José",,2026,295,44,14.915254237288137,120,9,7.5,415,53,12.771084337349398,BASEBALL_SAVANT_CURRENT_SEASON_VS_HAND,2026-08-23T07:38:37+00:00,CURRENT
699393,"Ramírez, Pedro",,2026,131,28,21.374045801526716,26,2,7.6923076923076925,157,30,19.10828025477707,BASEBALL_SAVANT_CURRENT_SEASON_VS_HAND,2026-08-23T07:38:37+00:00,CURRENT
670231,"Rave, John",,2026,51,13,25.49019607843137,19,3,15.789473684210526,70,16,22.857142857142858,BASEBALL_SAVANT_CURRENT_SEASON_VS_HAND,2026-08-23T07:38:37+00:00,CURRENT
592663,"Realmuto, J.T.",,2026,276,64,23.18840579710145,86,12,13.953488372093023,362,76,20.994475138121548,BASEBALL_SAVANT_CURRENT_SEASON_VS_HAND,2026-08-23T07:38:37+00:00,CURRENT
608701,"Refsnyder, Rob",,2026,21,6,28.57142857142857,108,31,28.703703703703702,129,37,28.68217054263566,BASEBALL_SAVANT_CURRENT_SEASON_VS_HAND,2026-08-23T07:38:37+00:00,CURRENT
650859,"Rengifo, Luis",,2026,204,20,9.803921568627452,129,24,18.6046511627907,333,44,13.213213213213212,BASEBALL_SAVANT_CURRENT_SEASON_VS_HAND,2026-08-23T07:38:37+00:00,CURRENT
694025,"Reyes, Felix",,2026,17,4,23.52941176470588,22,5,22.727272727272727,39,9,23.076923076923077,BASEBALL_SAVANT_CURRENT_SEASON_VS_HAND,2026-08-23T07:38:37+00:00,CURRENT
668804,"Reynolds, Bryan",,2026,380,94,24.736842105263158,186,42,22.58064516129032,566,136,24.02826855123675,BASEBALL_SAVANT_CURRENT_SEASON_VS_HAND,2026-08-23T07:38:37+00:00,CURRENT
700250,"Rice, Ben",,2026,349,81,23.20916905444126,180,51,28.333333333333332,529,132,24.95274102079395,BASEBALL_SAVANT_CURRENT_SEASON_VS_HAND,2026-08-23T07:38:37+00:00,CURRENT
663586,"Riley, Austin",,2026,355,113,31.83098591549296,157,50,31.84713375796178,512,163,31.8359375,BASEBALL_SAVANT_CURRENT_SEASON_VS_HAND,2026-08-23T07:38:37+00:00,CURRENT
687282,"Rincones Jr., Gabriel",,2026,84,28,33.33333333333333,5,1,20.0,89,29,32.58426966292135,BASEBALL_SAVANT_CURRENT_SEASON_VS_HAND,2026-08-23T07:38:37+00:00,CURRENT
690022,"Ritter, Ryan",,2026,5,1,20.0,2,2,100.0,7,3,42.857142857142854,BASEBALL_SAVANT_CURRENT_SEASON_VS_HAND,2026-08-23T07:38:37+00:00,CURRENT
660844,"Rivas, Leo",,2026,88,29,32.95454545454545,43,9,20.930232558139537,131,38,29.00763358778626,BASEBALL_SAVANT_CURRENT_SEASON_VS_HAND,2026-08-23T07:38:37+00:00,CURRENT
665861,"Rivero, Sebastián",,2026,42,9,21.428571428571427,14,2,14.285714285714285,56,11,19.642857142857142,BASEBALL_SAVANT_CURRENT_SEASON_VS_HAND,2026-08-23T07:38:37+00:00,CURRENT
673357,"Robert Jr., Luis",,2026,134,34,25.37313432835821,53,12,22.641509433962266,187,46,24.598930481283425,BASEBALL_SAVANT_CURRENT_SEASON_VS_HAND,2026-08-23T07:38:37+00:00,CURRENT
642020,"Robinson, Chuckie",,2026,17,4,23.52941176470588,9,1,11.11111111111111,26,5,19.230769230769234,BASEBALL_SAVANT_CURRENT_SEASON_VS_HAND,2026-08-23T07:38:37+00:00,CURRENT
645302,"Robles, Victor",,2026,94,12,12.76595744680851,47,10,21.27659574468085,141,22,15.602836879432624,BASEBALL_SAVANT_CURRENT_SEASON_VS_HAND,2026-08-23T07:38:37+00:00,CURRENT
677587,"Rocchio, Brayan",,2026,329,46,13.98176291793313,154,24,15.584415584415584,483,70,14.492753623188406,BASEBALL_SAVANT_CURRENT_SEASON_VS_HAND,2026-08-23T07:38:37+00:00,CURRENT
801126,"Rodden, Brock",,2026,16,6,37.5,12,4,33.33333333333333,28,10,35.714285714285715,BASEBALL_SAVANT_CURRENT_SEASON_VS_HAND,2026-08-23T07:38:37+00:00,CURRENT
702176,"Roden, Alan",,2026,61,8,13.114754098360656,11,2,18.181818181818183,72,10,13.88888888888889,BASEBALL_SAVANT_CURRENT_SEASON_VS_HAND,2026-08-23T07:38:37+00:00,CURRENT
683679,"Rodriguez, Jesus",,2026,41,6,14.634146341463413,17,2,11.76470588235294,58,8,13.793103448275861,BASEBALL_SAVANT_CURRENT_SEASON_VS_HAND,2026-08-23T07:38:37+00:00,CURRENT
682848,"Rodríguez, Endy",,2026,131,31,23.66412213740458,28,10,35.714285714285715,159,41,25.78616352201258,BASEBALL_SAVANT_CURRENT_SEASON_VS_HAND,2026-08-23T07:38:37+00:00,CURRENT
699302,"Rodríguez, Héctor",,2026,35,9,25.71428571428571,2,0,0.0,37,9,24.324324324324326,BASEBALL_SAVANT_CURRENT_SEASON_VS_HAND,2026-08-23T07:38:37+00:00,CURRENT
671286,"Rodríguez, Johnathan",,2026,2,1,50.0,13,5,38.46153846153847,15,6,40.0,BASEBALL_SAVANT_CURRENT_SEASON_VS_HAND,2026-08-23T07:38:37+00:00,CURRENT
677594,"Rodríguez, Julio",,2026,364,77,21.153846153846153,150,32,21.333333333333336,514,109,21.20622568093385,BASEBALL_SAVANT_CURRENT_SEASON_VS_HAND,2026-08-23T07:38:37+00:00,CURRENT
668670,"Rogers, Jake",,2026,107,30,28.037383177570092,35,10,28.57142857142857,142,40,28.169014084507044,BASEBALL_SAVANT_CURRENT_SEASON_VS_HAND,2026-08-23T07:38:37+00:00,CURRENT
668942,"Rojas, Josh",,2026,62,9,14.516129032258066,18,4,22.22222222222222,80,13,16.25,BASEBALL_SAVANT_CURRENT_SEASON_VS_HAND,2026-08-23T07:38:37+00:00,CURRENT
500743,"Rojas, Miguel",,2026,73,6,8.21917808219178,124,15,12.096774193548388,197,21,10.65989847715736,BASEBALL_SAVANT_CURRENT_SEASON_VS_HAND,2026-08-23T07:38:37+00:00,CURRENT
691011,"Romo, Drew",,2026,143,36,25.174825174825177,35,7,20.0,178,43,24.15730337078652,BASEBALL_SAVANT_CURRENT_SEASON_VS_HAND,2026-08-23T07:38:37+00:00,CURRENT
667670,"Rooker, Brent",,2026,154,44,28.57142857142857,48,20,41.66666666666667,202,64,31.683168316831683,BASEBALL_SAVANT_CURRENT_SEASON_VS_HAND,2026-08-23T07:38:37+00:00,CURRENT
666163,"Rortvedt, Ben",,2026,8,4,50.0,8,1,12.5,16,5,31.25,BASEBALL_SAVANT_CURRENT_SEASON_VS_HAND,2026-08-23T07:38:37+00:00,CURRENT
642708,"Rosario, Amed",,2026,72,21,29.166666666666668,130,32,24.615384615384617,202,53,26.237623762376238,BASEBALL_SAVANT_CURRENT_SEASON_VS_HAND,2026-08-23T07:38:37+00:00,CURRENT
676566,"Ross, Shawn",,2026,5,2,40.0,,,,5,2,40.0,BASEBALL_SAVANT_CURRENT_SEASON_VS_HAND,2026-08-23T07:38:37+00:00,CURRENT
665923,"Ruiz, Esteury",,2026,98,29,29.591836734693878,83,26,31.32530120481928,181,55,30.386740331491712,BASEBALL_SAVANT_CURRENT_SEASON_VS_HAND,2026-08-23T07:38:37+00:00,CURRENT
660688,"Ruiz, Keibert",,2026,203,17,8.374384236453201,89,16,17.97752808988764,292,33,11.301369863013697,BASEBALL_SAVANT_CURRENT_SEASON_VS_HAND,2026-08-23T07:38:37+00:00,CURRENT
681198,"Rumfield, TJ",,2026,349,51,14.613180515759314,153,20,13.071895424836603,502,71,14.143426294820719,BASEBALL_SAVANT_CURRENT_SEASON_VS_HAND,2026-08-23T07:38:37+00:00,CURRENT
687221,"Rushing, Dalton",,2026,179,51,28.49162011173184,66,19,28.78787878787879,245,70,28.57142857142857,BASEBALL_SAVANT_CURRENT_SEASON_VS_HAND,2026-08-23T07:38:37+00:00,CURRENT
668939,"Rutschman, Adley",,2026,210,36,17.142857142857142,111,14,12.612612612612612,321,50,15.57632398753894,BASEBALL_SAVANT_CURRENT_SEASON_VS_HAND,2026-08-23T07:38:37+00:00,CURRENT
695336,"Saggese, Thomas",,2026,54,17,31.48148148148148,28,9,32.142857142857146,82,26,31.70731707317073,BASEBALL_SAVANT_CURRENT_SEASON_VS_HAND,2026-08-23T07:38:37+00:00,CURRENT
663967,"Salazar, César",,2026,17,3,17.647058823529413,5,0,0.0,22,3,13.636363636363635,BASEBALL_SAVANT_CURRENT_SEASON_VS_HAND,2026-08-23T07:38:37+00:00,CURRENT
691594,"Sanoja, Javier",,2026,240,15,6.25,112,15,13.392857142857142,352,30,8.522727272727272,BASEBALL_SAVANT_CURRENT_SEASON_VS_HAND,2026-08-23T07:38:37+00:00,CURRENT
467793,"Santana, Carlos",,2026,22,8,36.36363636363637,4,0,0.0,26,8,30.76923076923077,BASEBALL_SAVANT_CURRENT_SEASON_VS_HAND,2026-08-23T07:38:37+00:00,CURRENT
694384,"Schanuel, Nolan",,2026,327,39,11.926605504587156,119,19,15.966386554621847,446,58,13.004484304932735,BASEBALL_SAVANT_CURRENT_SEASON_VS_HAND,2026-08-23T07:38:37+00:00,CURRENT
669477,"Schmitt, Casey",,2026,303,65,21.45214521452145,106,16,15.09433962264151,409,81,19.80440097799511,BASEBALL_SAVANT_CURRENT_SEASON_VS_HAND,2026-08-23T07:38:37+00:00,CURRENT
682177,"Schneemann, Daniel",,2026,212,63,29.71698113207547,64,18,28.125,276,81,29.347826086956523,BASEBALL_SAVANT_CURRENT_SEASON_VS_HAND,2026-08-23T07:38:37+00:00,CURRENT
676914,"Schneider, Davis",,2026,64,18,28.125,76,29,38.15789473684211,140,47,33.57142857142857,BASEBALL_SAVANT_CURRENT_SEASON_VS_HAND,2026-08-23T07:38:37+00:00,CURRENT
680474,"Schuemann, Max",,2026,44,12,27.27272727272727,45,9,20.0,89,21,23.595505617977526,BASEBALL_SAVANT_CURRENT_SEASON_VS_HAND,2026-08-23T07:38:37+00:00,CURRENT
656941,"Schwarber, Kyle",,2026,351,126,35.8974358974359,200,59,29.5,551,185,33.57531760435572,BASEBALL_SAVANT_CURRENT_SEASON_VS_HAND,2026-08-23T07:38:37+00:00,CURRENT
687363,"Scott II, Victor",,2026,125,35,28.000000000000004,59,9,15.254237288135593,184,44,23.91304347826087,BASEBALL_SAVANT_CURRENT_SEASON_VS_HAND,2026-08-23T07:38:37+00:00,CURRENT
608369,"Seager, Corey",,2026,206,48,23.300970873786408,85,25,29.411764705882355,291,73,25.085910652920962,BASEBALL_SAVANT_CURRENT_SEASON_VS_HAND,2026-08-23T07:38:37+00:00,CURRENT
678011,"Seigler, Anthony",,2026,116,20,17.24137931034483,42,6,14.285714285714285,158,26,16.455696202531644,BASEBALL_SAVANT_CURRENT_SEASON_VS_HAND,2026-08-23T07:38:37+00:00,CURRENT
543760,"Semien, Marcus",,2026,313,69,22.044728434504794,113,24,21.238938053097346,426,93,21.830985915492956,BASEBALL_SAVANT_CURRENT_SEASON_VS_HAND,2026-08-23T07:38:37+00:00,CURRENT
663584,"Senger, Hayden",,2026,16,4,25.0,1,0,0.0,17,4,23.52941176470588,BASEBALL_SAVANT_CURRENT_SEASON_VS_HAND,2026-08-23T07:38:37+00:00,CURRENT
661531,"Serven, Brian",,2026,18,4,22.22222222222222,23,5,21.73913043478261,41,9,21.951219512195124,BASEBALL_SAVANT_CURRENT_SEASON_VS_HAND,2026-08-23T07:38:37+00:00,CURRENT
807713,"Shaw, Matt",,2026,79,14,17.72151898734177,68,13,19.11764705882353,147,27,18.367346938775512,BASEBALL_SAVANT_CURRENT_SEASON_VS_HAND,2026-08-23T07:38:37+00:00,CURRENT
657757,"Sheets, Gavin",,2026,329,63,19.148936170212767,72,20,27.77777777777778,401,83,20.698254364089774,BASEBALL_SAVANT_CURRENT_SEASON_VS_HAND,2026-08-23T07:38:37+00:00,CURRENT
669699,"Shewmake, Braden",,2026,79,14,17.72151898734177,12,2,16.666666666666664,91,16,17.582417582417584,BASEBALL_SAVANT_CURRENT_SEASON_VS_HAND,2026-08-23T07:38:37+00:00,CURRENT
670097,"Short, Zack",,2026,35,13,37.142857142857146,27,6,22.22222222222222,62,19,30.64516129032258,BASEBALL_SAVANT_CURRENT_SEASON_VS_HAND,2026-08-23T07:38:37+00:00,CURRENT
672279,"Siani, Michael",,2026,1,0,0.0,,,,1,0,0.0,BASEBALL_SAVANT_CURRENT_SEASON_VS_HAND,2026-08-23T07:38:37+00:00,CURRENT
682927,"Simon, Ronny",,2026,23,2,8.695652173913043,11,2,18.181818181818183,34,4,11.76470588235294,BASEBALL_SAVANT_CURRENT_SEASON_VS_HAND,2026-08-23T07:38:37+00:00,CURRENT
802415,"Simpson, Chandler",,2026,332,25,7.530120481927711,155,17,10.967741935483872,487,42,8.624229979466119,BASEBALL_SAVANT_CURRENT_SEASON_VS_HAND,2026-08-23T07:38:37+00:00,CURRENT
642350,"Siri, Jose",,2026,79,20,25.31645569620253,81,30,37.03703703703704,160,50,31.25,BASEBALL_SAVANT_CURRENT_SEASON_VS_HAND,2026-08-23T07:38:37+00:00,CURRENT
596103,"Slater, Austin",,2026,9,2,22.22222222222222,65,19,29.230769230769234,74,21,28.37837837837838,BASEBALL_SAVANT_CURRENT_SEASON_VS_HAND,2026-08-23T07:38:37+00:00,CURRENT
701358,"Smith, Cam",,2026,343,87,25.364431486880466,118,26,22.033898305084744,461,113,24.5119305856833,BASEBALL_SAVANT_CURRENT_SEASON_VS_HAND,2026-08-23T07:38:37+00:00,CURRENT
642086,"Smith, Dominic",,2026,250,40,16.0,36,5,13.88888888888889,286,45,15.734265734265735,BASEBALL_SAVANT_CURRENT_SEASON_VS_HAND,2026-08-23T07:38:37+00:00,CURRENT
669701,"Smith, Josh",,2026,158,28,17.72151898734177,30,12,40.0,188,40,21.27659574468085,BASEBALL_SAVANT_CURRENT_SEASON_VS_HAND,2026-08-23T07:38:37+00:00,CURRENT
656976,"Smith, Pavin",,2026,84,17,20.238095238095237,5,1,20.0,89,18,20.224719101123593,BASEBALL_SAVANT_CURRENT_SEASON_VS_HAND,2026-08-23T07:38:37+00:00,CURRENT
669257,"Smith, Will",,2026,150,20,13.333333333333334,51,14,27.450980392156865,201,34,16.91542288557214,BASEBALL_SAVANT_CURRENT_SEASON_VS_HAND,2026-08-23T07:38:37+00:00,CURRENT
691016,"Soderstrom, Tyler",,2026,309,50,16.181229773462782,145,41,28.27586206896552,454,91,20.044052863436125,BASEBALL_SAVANT_CURRENT_SEASON_VS_HAND,2026-08-23T07:38:37+00:00,CURRENT
686765,"Sogard, Nick",,2026,112,17,15.178571428571427,31,7,22.58064516129032,143,24,16.783216783216783,BASEBALL_SAVANT_CURRENT_SEASON_VS_HAND,2026-08-23T07:38:37+00:00,CURRENT
669256,"Solak, Nick",,2026,3,0,0.0,7,0,0.0,10,0,0.0,BASEBALL_SAVANT_CURRENT_SEASON_VS_HAND,2026-08-23T07:38:37+00:00,CURRENT
624585,"Soler, Jorge",,2026,267,88,32.958801498127336,95,30,31.57894736842105,362,118,32.59668508287293,BASEBALL_SAVANT_CURRENT_SEASON_VS_HAND,2026-08-23T07:38:37+00:00,CURRENT
823550,"Song, Sung-Mun",,2026,123,23,18.69918699186992,11,2,18.181818181818183,134,25,18.65671641791045,BASEBALL_SAVANT_CURRENT_SEASON_VS_HAND,2026-08-23T07:38:37+00:00,CURRENT
624641,"Sosa, Edmundo",,2026,95,19,20.0,110,24,21.818181818181817,205,43,20.975609756097562,BASEBALL_SAVANT_CURRENT_SEASON_VS_HAND,2026-08-23T07:38:37+00:00,CURRENT
672820,"Sosa, Lenyn",,2026,72,11,15.277777777777779,45,14,31.11111111111111,117,25,21.367521367521366,BASEBALL_SAVANT_CURRENT_SEASON_VS_HAND,2026-08-23T07:38:37+00:00,CURRENT
665742,"Soto, Juan",,2026,239,32,13.389121338912133,120,16,13.333333333333334,359,48,13.370473537604457,BASEBALL_SAVANT_CURRENT_SEASON_VS_HAND,2026-08-23T07:38:37+00:00,CURRENT
828599,"Spence, Lucas",,2026,29,11,37.93103448275862,13,4,30.76923076923077,42,15,35.714285714285715,BASEBALL_SAVANT_CURRENT_SEASON_VS_HAND,2026-08-23T07:38:37+00:00,CURRENT
543807,"Springer, George",,2026,287,53,18.466898954703833,123,24,19.51219512195122,410,77,18.78048780487805,BASEBALL_SAVANT_CURRENT_SEASON_VS_HAND,2026-08-23T07:38:37+00:00,CURRENT
519317,"Stanton, Giancarlo",,2026,66,19,28.78787878787879,30,10,33.33333333333333,96,29,30.208333333333332,BASEBALL_SAVANT_CURRENT_SEASON_VS_HAND,2026-08-23T07:38:37+00:00,CURRENT
668715,"Steer, Spencer",,2026,288,74,25.694444444444443,96,12,12.5,384,86,22.395833333333336,BASEBALL_SAVANT_CURRENT_SEASON_VS_HAND,2026-08-23T07:38:37+00:00,CURRENT
683021,"Stefanic, Michael",,2026,2,1,50.0,3,0,0.0,5,1,20.0,BASEBALL_SAVANT_CURRENT_SEASON_VS_HAND,2026-08-23T07:38:37+00:00,CURRENT
663886,"Stephenson, Tyler",,2026,280,78,27.857142857142858,77,17,22.07792207792208,357,95,26.610644257703083,BASEBALL_SAVANT_CURRENT_SEASON_VS_HAND,2026-08-23T07:38:37+00:00,CURRENT
677060,"Stevens, Chad",,2026,16,6,37.5,18,7,38.88888888888889,34,13,38.23529411764706,BASEBALL_SAVANT_CURRENT_SEASON_VS_HAND,2026-08-23T07:38:37+00:00,CURRENT
701398,"Stewart, Sal",,2026,424,91,21.462264150943398,134,31,23.134328358208954,558,122,21.863799283154123,BASEBALL_SAVANT_CURRENT_SEASON_VS_HAND,2026-08-23T07:38:37+00:00,CURRENT
596115,"Story, Trevor",,2026,128,41,32.03125,48,16,33.33333333333333,176,57,32.38636363636363,BASEBALL_SAVANT_CURRENT_SEASON_VS_HAND,2026-08-23T07:38:37+00:00,CURRENT
681082,"Stott, Bryson",,2026,378,64,16.93121693121693,107,16,14.953271028037381,485,80,16.49484536082474,BASEBALL_SAVANT_CURRENT_SEASON_VS_HAND,2026-08-23T07:38:37+00:00,CURRENT
669065,"Stowers, Kyle",,2026,313,98,31.309904153354633,86,27,31.3953488372093,399,125,31.32832080200501,BASEBALL_SAVANT_CURRENT_SEASON_VS_HAND,2026-08-23T07:38:37+00:00,CURRENT
664702,"Straw, Myles",,2026,110,9,8.181818181818182,141,26,18.439716312056735,251,35,13.94422310756972,BASEBALL_SAVANT_CURRENT_SEASON_VS_HAND,2026-08-23T07:38:37+00:00,CURRENT
596117,"Stubbs, Garrett",,2026,42,8,19.047619047619047,7,2,28.57142857142857,49,10,20.408163265306122,BASEBALL_SAVANT_CURRENT_SEASON_VS_HAND,2026-08-23T07:38:37+00:00,CURRENT
664954,"Sullivan, Brett",,2026,139,25,17.985611510791365,45,6,13.333333333333334,184,31,16.847826086956523,BASEBALL_SAVANT_CURRENT_SEASON_VS_HAND,2026-08-23T07:38:37+00:00,CURRENT
691740,"Susac, Daniel",,2026,111,28,25.225225225225223,50,8,16.0,161,36,22.36024844720497,BASEBALL_SAVANT_CURRENT_SEASON_VS_HAND,2026-08-23T07:38:37+00:00,CURRENT
673548,"Suzuki, Seiya",,2026,359,101,28.133704735376046,129,26,20.155038759689923,488,127,26.024590163934423,BASEBALL_SAVANT_CURRENT_SEASON_VS_HAND,2026-08-23T07:38:37+00:00,CURRENT
553993,"Suárez, Eugenio",,2026,299,100,33.44481605351171,89,38,42.69662921348314,388,138,35.56701030927835,BASEBALL_SAVANT_CURRENT_SEASON_VS_HAND,2026-08-23T07:38:37+00:00,CURRENT
621020,"Swanson, Dansby",,2026,327,67,20.489296636085626,133,39,29.32330827067669,460,106,23.043478260869566,BASEBALL_SAVANT_CURRENT_SEASON_VS_HAND,2026-08-23T07:38:37+00:00,CURRENT
645305,"Sánchez, Ali",,2026,33,10,30.303030303030305,34,8,23.52941176470588,67,18,26.865671641791046,BASEBALL_SAVANT_CURRENT_SEASON_VS_HAND,2026-08-23T07:38:37+00:00,CURRENT
596142,"Sánchez, Gary",,2026,129,28,21.705426356589147,100,18,18.0,229,46,20.087336244541483,BASEBALL_SAVANT_CURRENT_SEASON_VS_HAND,2026-08-23T07:38:37+00:00,CURRENT
660821,"Sánchez, Jesús",,2026,245,58,23.6734693877551,32,6,18.75,277,64,23.104693140794225,BASEBALL_SAVANT_CURRENT_SEASON_VS_HAND,2026-08-23T07:38:37+00:00,CURRENT
665487,"Tatis Jr., Fernando",,2026,432,77,17.824074074074073,127,26,20.47244094488189,559,103,18.425760286225405,BASEBALL_SAVANT_CURRENT_SEASON_VS_HAND,2026-08-23T07:38:37+00:00,CURRENT
665750,"Taveras, Leody",,2026,269,60,22.304832713754646,125,36,28.799999999999997,394,96,24.36548223350254,BASEBALL_SAVANT_CURRENT_SEASON_VS_HAND,2026-08-23T07:38:37+00:00,CURRENT
694374,"Tawa, Tim",,2026,168,37,22.023809523809522,62,16,25.806451612903224,230,53,23.043478260869566,BASEBALL_SAVANT_CURRENT_SEASON_VS_HAND,2026-08-23T07:38:37+00:00,CURRENT
669392,"Taylor, Samad",,2026,77,22,28.57142857142857,25,8,32.0,102,30,29.411764705882355,BASEBALL_SAVANT_CURRENT_SEASON_VS_HAND,2026-08-23T07:38:37+00:00,CURRENT
621438,"Taylor, Tyrone",,2026,99,15,15.151515151515152,87,20,22.988505747126435,186,35,18.817204301075268,BASEBALL_SAVANT_CURRENT_SEASON_VS_HAND,2026-08-23T07:38:37+00:00,CURRENT
691019,"Teel, Kyle",,2026,53,21,39.62264150943396,17,6,35.294117647058826,70,27,38.57142857142858,BASEBALL_SAVANT_CURRENT_SEASON_VS_HAND,2026-08-23T07:38:37+00:00,CURRENT
642133,"Tellez, Rowdy",,2026,9,3,33.33333333333333,2,0,0.0,11,3,27.27272727272727,BASEBALL_SAVANT_CURRENT_SEASON_VS_HAND,2026-08-23T07:38:37+00:00,CURRENT
677588,"Tena, José",,2026,231,70,30.303030303030305,19,7,36.84210526315789,250,77,30.8,BASEBALL_SAVANT_CURRENT_SEASON_VS_HAND,2026-08-23T07:38:37+00:00,CURRENT
669326,"Teodosio, Bryce",,2026,13,3,23.076923076923077,38,15,39.473684210526315,51,18,35.294117647058826,BASEBALL_SAVANT_CURRENT_SEASON_VS_HAND,2026-08-23T07:38:37+00:00,CURRENT
677950,"Thomas, Alek",,2026,83,19,22.89156626506024,17,4,23.52941176470588,100,23,23.0,BASEBALL_SAVANT_CURRENT_SEASON_VS_HAND,2026-08-23T07:38:37+00:00,CURRENT
687515,"Thomas, Colby",,2026,17,7,41.17647058823529,104,30,28.846153846153843,121,37,30.57851239669421,BASEBALL_SAVANT_CURRENT_SEASON_VS_HAND,2026-08-23T07:38:37+00:00,CURRENT
657041,"Thomas, Lane",,2026,202,53,26.237623762376238,150,35,23.333333333333332,352,88,25.0,BASEBALL_SAVANT_CURRENT_SEASON_VS_HAND,2026-08-23T07:38:37+00:00,CURRENT
694514,"Thompson, Sterlin",,2026,62,16,25.806451612903224,15,5,33.33333333333333,77,21,27.27272727272727,BASEBALL_SAVANT_CURRENT_SEASON_VS_HAND,2026-08-23T07:38:37+00:00,CURRENT
669911,"Toglia, Michael",,2026,22,10,45.45454545454545,6,2,33.33333333333333,28,12,42.857142857142854,BASEBALL_SAVANT_CURRENT_SEASON_VS_HAND,2026-08-23T07:38:37+00:00,CURRENT
686475,"Tolbert, Tyler",,2026,49,10,20.408163265306122,66,9,13.636363636363635,115,19,16.52173913043478,BASEBALL_SAVANT_CURRENT_SEASON_VS_HAND,2026-08-23T07:38:37+00:00,CURRENT
679529,"Torkelson, Spencer",,2026,359,114,31.75487465181058,141,40,28.368794326241137,500,154,30.8,BASEBALL_SAVANT_CURRENT_SEASON_VS_HAND,2026-08-23T07:38:37+00:00,CURRENT
620443,"Torrens, Luis",,2026,159,31,19.49685534591195,72,13,18.055555555555554,231,44,19.047619047619047,BASEBALL_SAVANT_CURRENT_SEASON_VS_HAND,2026-08-23T07:38:37+00:00,CURRENT
663494,"Torres, Bryan",,2026,104,22,21.153846153846153,27,4,14.814814814814813,131,26,19.84732824427481,BASEBALL_SAVANT_CURRENT_SEASON_VS_HAND,2026-08-23T07:38:37+00:00,CURRENT
650402,"Torres, Gleyber",,2026,229,43,18.777292576419214,88,16,18.181818181818183,317,59,18.61198738170347,BASEBALL_SAVANT_CURRENT_SEASON_VS_HAND,2026-08-23T07:38:37+00:00,CURRENT
678662,"Tovar, Ezequiel",,2026,300,68,22.666666666666664,126,39,30.952380952380953,426,107,25.11737089201878,BASEBALL_SAVANT_CURRENT_SEASON_VS_HAND,2026-08-23T07:38:37+00:00,CURRENT
666211,"Trammell, Taylor",,2026,176,60,34.090909090909086,33,8,24.242424242424242,209,68,32.535885167464116,BASEBALL_SAVANT_CURRENT_SEASON_VS_HAND,2026-08-23T07:38:37+00:00,CURRENT
624431,"Trevino, Jose",,2026,87,15,17.24137931034483,21,5,23.809523809523807,108,20,18.51851851851852,BASEBALL_SAVANT_CURRENT_SEASON_VS_HAND,2026-08-23T07:38:37+00:00,CURRENT
701649,"Triantos, James",,2026,6,1,16.666666666666664,3,1,33.33333333333333,9,2,22.22222222222222,BASEBALL_SAVANT_CURRENT_SEASON_VS_HAND,2026-08-23T07:38:37+00:00,CURRENT
669707,"Triolo, Jared",,2026,187,44,23.52941176470588,108,16,14.814814814814813,295,60,20.33898305084746,BASEBALL_SAVANT_CURRENT_SEASON_VS_HAND,2026-08-23T07:38:37+00:00,CURRENT
644433,"Tromp, Chadwick",,2026,33,9,27.27272727272727,18,4,22.22222222222222,51,13,25.49019607843137,BASEBALL_SAVANT_CURRENT_SEASON_VS_HAND,2026-08-23T07:38:37+00:00,CURRENT
545361,"Trout, Mike",,2026,357,94,26.330532212885156,136,33,24.264705882352942,493,127,25.760649087221093,BASEBALL_SAVANT_CURRENT_SEASON_VS_HAND,2026-08-23T07:38:37+00:00,CURRENT
694371,"Troy, Tommy",,2026,107,25,23.364485981308412,28,6,21.428571428571427,135,31,22.962962962962962,BASEBALL_SAVANT_CURRENT_SEASON_VS_HAND,2026-08-23T07:38:37+00:00,CURRENT
663656,"Tucker, Kyle",,2026,350,65,18.571428571428573,149,27,18.120805369127517,499,92,18.43687374749499,BASEBALL_SAVANT_CURRENT_SEASON_VS_HAND,2026-08-23T07:38:37+00:00,CURRENT
668930,"Turang, Brice",,2026,395,94,23.79746835443038,150,40,26.666666666666668,545,134,24.587155963302752,BASEBALL_SAVANT_CURRENT_SEASON_VS_HAND,2026-08-23T07:38:37+00:00,CURRENT
607208,"Turner, Trea",,2026,374,88,23.52941176470588,178,32,17.97752808988764,552,120,21.73913043478261,BASEBALL_SAVANT_CURRENT_SEASON_VS_HAND,2026-08-23T07:38:37+00:00,CURRENT
649966,"Urías, Luis",,2026,24,3,12.5,35,7,20.0,59,10,16.94915254237288,BASEBALL_SAVANT_CURRENT_SEASON_VS_HAND,2026-08-23T07:38:37+00:00,CURRENT
602104,"Urías, Ramón",,2026,47,8,17.02127659574468,21,4,19.047619047619047,68,12,17.647058823529413,BASEBALL_SAVANT_CURRENT_SEASON_VS_HAND,2026-08-23T07:38:37+00:00,CURRENT
699013,"Valdez, Esmerlyn",,2026,150,60,40.0,85,27,31.76470588235294,235,87,37.02127659574468,BASEBALL_SAVANT_CURRENT_SEASON_VS_HAND,2026-08-23T07:38:37+00:00,CURRENT
680664,"Valencia, Eduardo",,2026,33,5,15.151515151515152,30,13,43.333333333333336,63,18,28.57142857142857,BASEBALL_SAVANT_CURRENT_SEASON_VS_HAND,2026-08-23T07:38:37+00:00,CURRENT
678218,"Valenzuela, Brandon",,2026,170,47,27.647058823529413,66,16,24.242424242424242,236,63,26.69491525423729,BASEBALL_SAVANT_CURRENT_SEASON_VS_HAND,2026-08-23T07:38:37+00:00,CURRENT
671655,"Valera, George",,2026,36,7,19.444444444444446,2,1,50.0,38,8,21.052631578947366,BASEBALL_SAVANT_CURRENT_SEASON_VS_HAND,2026-08-23T07:38:37+00:00,CURRENT
545121,"Vargas, Ildemaro",,2026,260,27,10.384615384615385,137,11,8.02919708029197,397,38,9.571788413098236,BASEBALL_SAVANT_CURRENT_SEASON_VS_HAND,2026-08-23T07:38:37+00:00,CURRENT
678246,"Vargas, Miguel",,2026,383,71,18.5378590078329,172,28,16.27906976744186,555,99,17.83783783783784,BASEBALL_SAVANT_CURRENT_SEASON_VS_HAND,2026-08-23T07:38:37+00:00,CURRENT
662139,"Varsho, Daulton",,2026,323,65,20.123839009287924,105,21,20.0,428,86,20.093457943925234,BASEBALL_SAVANT_CURRENT_SEASON_VS_HAND,2026-08-23T07:38:37+00:00,CURRENT
683734,"Vaughn, Andrew",,2026,171,29,16.95906432748538,99,11,11.11111111111111,270,40,14.814814814814813,BASEBALL_SAVANT_CURRENT_SEASON_VS_HAND,2026-08-23T07:38:37+00:00,CURRENT
691728,"Veen, Zac",,2026,19,8,42.10526315789473,1,0,0.0,20,8,40.0,BASEBALL_SAVANT_CURRENT_SEASON_VS_HAND,2026-08-23T07:38:37+00:00,CURRENT
623205,"Velazquez, Andrew",,2026,11,1,9.090909090909092,4,1,25.0,15,2,13.333333333333334,BASEBALL_SAVANT_CURRENT_SEASON_VS_HAND,2026-08-23T07:38:37+00:00,CURRENT
676369,"Velázquez, Nelson",,2026,21,6,28.57142857142857,67,20,29.850746268656714,88,26,29.545454545454547,BASEBALL_SAVANT_CURRENT_SEASON_VS_HAND,2026-08-23T07:38:37+00:00,CURRENT
668901,"Vientos, Mark",,2026,159,42,26.41509433962264,95,19,20.0,254,61,24.015748031496063,BASEBALL_SAVANT_CURRENT_SEASON_VS_HAND,2026-08-23T07:38:37+00:00,CURRENT
663837,"Vierling, Matt",,2026,173,34,19.653179190751445,119,15,12.605042016806722,292,49,16.78082191780822,BASEBALL_SAVANT_CURRENT_SEASON_VS_HAND,2026-08-23T07:38:37+00:00,CURRENT
668723,"Vilade, Ryan",,2026,87,18,20.689655172413794,129,30,23.25581395348837,216,48,22.22222222222222,BASEBALL_SAVANT_CURRENT_SEASON_VS_HAND,2026-08-23T07:38:37+00:00,CURRENT
678391,"Vivas, Jorbit",,2026,244,36,14.754098360655737,35,3,8.571428571428571,279,39,13.978494623655912,BASEBALL_SAVANT_CURRENT_SEASON_VS_HAND,2026-08-23T07:38:37+00:00,CURRENT
683011,"Volpe, Anthony",,2026,107,29,27.102803738317753,87,16,18.39080459770115,194,45,23.195876288659793,BASEBALL_SAVANT_CURRENT_SEASON_VS_HAND,2026-08-23T07:38:37+00:00,CURRENT
681190,"Vásquez, Randy",,2026,1,0,0.0,,,,1,0,0.0,BASEBALL_SAVANT_CURRENT_SEASON_VS_HAND,2026-08-23T07:38:37+00:00,CURRENT
543877,"Vázquez, Christian",,2026,181,35,19.337016574585636,56,10,17.857142857142858,237,45,18.9873417721519,BASEBALL_SAVANT_CURRENT_SEASON_VS_HAND,2026-08-23T07:38:37+00:00,CURRENT
664774,"Wade Jr., LaMonte",,2026,93,21,22.58064516129032,11,3,27.27272727272727,104,24,23.076923076923077,BASEBALL_SAVANT_CURRENT_SEASON_VS_HAND,2026-08-23T07:38:37+00:00,CURRENT
676572,"Wagaman, Eric",,2026,8,2,25.0,40,9,22.5,48,11,22.916666666666664,BASEBALL_SAVANT_CURRENT_SEASON_VS_HAND,2026-08-23T07:38:37+00:00,CURRENT
695238,"Wagner, Will",,2026,44,7,15.909090909090908,1,0,0.0,45,7,15.555555555555555,BASEBALL_SAVANT_CURRENT_SEASON_VS_HAND,2026-08-23T07:38:37+00:00,CURRENT
814439,"Waldschmidt, Ryan",,2026,161,52,32.298136645962735,65,12,18.461538461538463,226,64,28.31858407079646,BASEBALL_SAVANT_CURRENT_SEASON_VS_HAND,2026-08-23T07:38:37+00:00,CURRENT
572233,"Walker, Christian",,2026,398,100,25.125628140703515,110,21,19.090909090909093,508,121,23.818897637795274,BASEBALL_SAVANT_CURRENT_SEASON_VS_HAND,2026-08-23T07:38:37+00:00,CURRENT
691023,"Walker, Jordan",,2026,393,102,25.954198473282442,147,28,19.047619047619047,540,130,24.074074074074073,BASEBALL_SAVANT_CURRENT_SEASON_VS_HAND,2026-08-23T07:38:37+00:00,CURRENT
670242,"Wallner, Matt",,2026,88,36,40.909090909090914,47,17,36.17021276595745,135,53,39.25925925925926,BASEBALL_SAVANT_CURRENT_SEASON_VS_HAND,2026-08-23T07:38:37+00:00,CURRENT
670764,"Walls, Taylor",,2026,237,63,26.582278481012654,126,26,20.634920634920633,363,89,24.517906336088156,BASEBALL_SAVANT_CURRENT_SEASON_VS_HAND,2026-08-23T07:38:37+00:00,CURRENT
622268,"Walton, Donovan",,2026,156,26,16.666666666666664,16,2,12.5,172,28,16.27906976744186,BASEBALL_SAVANT_CURRENT_SEASON_VS_HAND,2026-08-23T07:38:37+00:00,CURRENT
669899,"Ward, Ryan",,2026,57,15,26.31578947368421,3,2,66.66666666666666,60,17,28.333333333333332,BASEBALL_SAVANT_CURRENT_SEASON_VS_HAND,2026-08-23T07:38:37+00:00,CURRENT
621493,"Ward, Taylor",,2026,390,82,21.025641025641026,161,32,19.875776397515526,551,114,20.689655172413794,BASEBALL_SAVANT_CURRENT_SEASON_VS_HAND,2026-08-23T07:38:37+00:00,CURRENT
696135,"Watson, Kahlil",,2026,74,27,36.486486486486484,17,5,29.411764705882355,91,32,35.16483516483517,BASEBALL_SAVANT_CURRENT_SEASON_VS_HAND,2026-08-23T07:38:37+00:00,CURRENT
669224,"Wells, Austin",,2026,214,53,24.766355140186917,80,22,27.500000000000004,294,75,25.510204081632654,BASEBALL_SAVANT_CURRENT_SEASON_VS_HAND,2026-08-23T07:38:37+00:00,CURRENT
673995,"Wendzel, Davis",,2026,1,0,0.0,3,0,0.0,4,0,0.0,BASEBALL_SAVANT_CURRENT_SEASON_VS_HAND,2026-08-23T07:38:37+00:00,CURRENT
802139,"Wetherholt, JJ",,2026,362,58,16.022099447513813,201,33,16.417910447761194,563,91,16.163410301953817,BASEBALL_SAVANT_CURRENT_SEASON_VS_HAND,2026-08-23T07:38:37+00:00,CURRENT
694376,"Whitcomb, Shay",,2026,16,6,37.5,8,5,62.5,24,11,45.83333333333333,BASEBALL_SAVANT_CURRENT_SEASON_VS_HAND,2026-08-23T07:38:37+00:00,CURRENT
642201,"White, Eli",,2026,65,11,16.923076923076923,100,26,26.0,165,37,22.424242424242426,BASEBALL_SAVANT_CURRENT_SEASON_VS_HAND,2026-08-23T07:38:37+00:00,CURRENT
695720,"White, Tommy",,2026,68,10,14.705882352941178,49,10,20.408163265306122,117,20,17.094017094017094,BASEBALL_SAVANT_CURRENT_SEASON_VS_HAND,2026-08-23T07:38:37+00:00,CURRENT
686894,"Wiemer, Joey",,2026,41,15,36.58536585365854,44,14,31.818181818181817,85,29,34.11764705882353,BASEBALL_SAVANT_CURRENT_SEASON_VS_HAND,2026-08-23T07:38:37+00:00,CURRENT
675961,"Williams, Alika",,2026,67,19,28.35820895522388,86,18,20.930232558139537,153,37,24.18300653594771,BASEBALL_SAVANT_CURRENT_SEASON_VS_HAND,2026-08-23T07:38:37+00:00,CURRENT
700246,"Williams, Carson",,2026,23,6,26.08695652173913,17,7,41.17647058823529,40,13,32.5,BASEBALL_SAVANT_CURRENT_SEASON_VS_HAND,2026-08-23T07:38:37+00:00,CURRENT
663897,"Williams, Luke",,2026,,,,1,0,0.0,1,0,0.0,BASEBALL_SAVANT_CURRENT_SEASON_VS_HAND,2026-08-23T07:38:37+00:00,CURRENT
810938,"Williamson, Ben",,2026,150,28,18.666666666666668,121,23,19.00826446280992,271,51,18.81918819188192,BASEBALL_SAVANT_CURRENT_SEASON_VS_HAND,2026-08-23T07:38:37+00:00,CURRENT
805779,"Wilson, Jacob",,2026,221,27,12.217194570135746,116,12,10.344827586206897,337,39,11.572700296735905,BASEBALL_SAVANT_CURRENT_SEASON_VS_HAND,2026-08-23T07:38:37+00:00,CURRENT
642215,"Wilson, Weston",,2026,44,12,27.27272727272727,74,23,31.08108108108108,118,35,29.66101694915254,BASEBALL_SAVANT_CURRENT_SEASON_VS_HAND,2026-08-23T07:38:37+00:00,CURRENT
669717,"Wilson, Will",,2026,4,1,25.0,2,0,0.0,6,1,16.666666666666664,BASEBALL_SAVANT_CURRENT_SEASON_VS_HAND,2026-08-23T07:38:37+00:00,CURRENT
691026,"Winn, Masyn",,2026,362,79,21.823204419889503,128,26,20.3125,490,105,21.428571428571427,BASEBALL_SAVANT_CURRENT_SEASON_VS_HAND,2026-08-23T07:38:37+00:00,CURRENT
621550,"Wisdom, Patrick",,2026,24,8,33.33333333333333,20,10,50.0,44,18,40.909090909090914,BASEBALL_SAVANT_CURRENT_SEASON_VS_HAND,2026-08-23T07:38:37+00:00,CURRENT
677951,"Witt Jr., Bobby",,2026,358,70,19.553072625698324,132,15,11.363636363636363,490,85,17.346938775510203,BASEBALL_SAVANT_CURRENT_SEASON_VS_HAND,2026-08-23T07:38:37+00:00,CURRENT
657136,"Wong, Connor",,2026,138,38,27.536231884057973,57,9,15.789473684210526,195,47,24.102564102564102,BASEBALL_SAVANT_CURRENT_SEASON_VS_HAND,2026-08-23T07:38:37+00:00,CURRENT
695578,"Wood, James",,2026,358,95,26.536312849162012,179,58,32.402234636871505,537,153,28.49162011173184,BASEBALL_SAVANT_CURRENT_SEASON_VS_HAND,2026-08-23T07:38:37+00:00,CURRENT
669398,"Workman, Gage",,2026,41,17,41.46341463414634,,,,41,17,41.46341463414634,BASEBALL_SAVANT_CURRENT_SEASON_VS_HAND,2026-08-23T07:38:37+00:00,CURRENT
642851,"Wynns, Austin",,2026,52,14,26.923076923076923,37,10,27.027027027027028,89,24,26.96629213483146,BASEBALL_SAVANT_CURRENT_SEASON_VS_HAND,2026-08-23T07:38:37+00:00,CURRENT
573262,"Yastrzemski, Mike",,2026,289,64,22.145328719723185,35,13,37.142857142857146,324,77,23.765432098765434,BASEBALL_SAVANT_CURRENT_SEASON_VS_HAND,2026-08-23T07:38:37+00:00,CURRENT
592885,"Yelich, Christian",,2026,293,77,26.27986348122867,98,28,28.57142857142857,391,105,26.854219948849106,BASEBALL_SAVANT_CURRENT_SEASON_VS_HAND,2026-08-23T07:38:37+00:00,CURRENT
694377,"Yorke, Nick",,2026,52,8,15.384615384615385,44,12,27.27272727272727,96,20,20.833333333333336,BASEBALL_SAVANT_CURRENT_SEASON_VS_HAND,2026-08-23T07:38:37+00:00,CURRENT
807799,"Yoshida, Masataka",,2026,267,29,10.861423220973784,30,4,13.333333333333334,297,33,11.11111111111111,BASEBALL_SAVANT_CURRENT_SEASON_VS_HAND,2026-08-23T07:38:37+00:00,CURRENT
702284,"Young, Cole",,2026,351,55,15.669515669515668,171,33,19.298245614035086,522,88,16.85823754789272,BASEBALL_SAVANT_CURRENT_SEASON_VS_HAND,2026-08-23T07:38:37+00:00,CURRENT
696285,"Young, Jacob",,2026,252,43,17.063492063492063,135,22,16.296296296296298,387,65,16.795865633074936,BASEBALL_SAVANT_CURRENT_SEASON_VS_HAND,2026-08-23T07:38:37+00:00,CURRENT
676724,"Young, Jared",,2026,216,37,17.12962962962963,40,10,25.0,256,47,18.359375,BASEBALL_SAVANT_CURRENT_SEASON_VS_HAND,2026-08-23T07:38:37+00:00,CURRENT
518595,"d'Arnaud, Travis",,2026,29,6,20.689655172413794,29,8,27.586206896551722,58,14,24.137931034482758,BASEBALL_SAVANT_CURRENT_SEASON_VS_HAND,2026-08-23T07:38:37+00:00,CURRENT
