player_id,player_name,season,PA,SO,K%,BB%,Whiff%,Swing%,xwOBA,xBA,xSLG,Hard-Hit%,Barrel%,average_swing_speed,fast_swing_rate,swords,squared_up_contact,wOBA,source,source_timestamp,schema_version,refresh_status
671096,"Abbott, Andrew",2026,630,114,18.1,10.8,22.7,46.4,0.332,0.258,0.419,38.0,7.8,79.373030561,,,,0.318,BASEBALL_SAVANT_CURRENT_SEASON,2026-08-26T14:20:46+00:00,SAVANT_PITCHER_SCHEMA_V1,CURRENT
690953,"Abel, Mick",2026,93,23,24.7,10.8,28.8,49.6,0.349,0.273,0.413,40.4,5.3,75.9787175,,,,0.329,BASEBALL_SAVANT_CURRENT_SEASON,2026-08-26T14:20:46+00:00,SAVANT_PITCHER_SCHEMA_V1,CURRENT
691769,"Abner, Philip",2026,64,6,9.4,12.5,18.1,47.3,0.401,0.305,0.539,40.0,12.0,79.1849144,,,,0.336,BASEBALL_SAVANT_CURRENT_SEASON,2026-08-26T14:20:46+00:00,SAVANT_PITCHER_SCHEMA_V1,CURRENT
650556,"Abreu, Bryan",2026,217,63,29.0,16.6,33.9,41.6,0.317,0.2,0.336,39.5,6.2,81.147929091,,,,0.334,BASEBALL_SAVANT_CURRENT_SEASON,2026-08-26T14:20:46+00:00,SAVANT_PITCHER_SCHEMA_V1,CURRENT
670183,"Acton, Garrett",2026,28,9,32.1,10.7,35.4,41.7,0.25,0.19,0.267,40.0,6.7,89.4715375,,,,0.238,BASEBALL_SAVANT_CURRENT_SEASON,2026-08-26T14:20:46+00:00,SAVANT_PITCHER_SCHEMA_V1,CURRENT
592094,"Adam, Jason",2026,134,22,16.4,6.0,28.6,53.4,0.288,0.224,0.371,36.3,6.9,77.312867451,,,,0.309,BASEBALL_SAVANT_CURRENT_SEASON,2026-08-26T14:20:46+00:00,SAVANT_PITCHER_SCHEMA_V1,CURRENT
687060,"Adams, Blake",2026,9,0,0.0,22.2,17.6,45.9,0.698,0.535,1.109,57.1,28.6,84.48505,,,,0.82,BASEBALL_SAVANT_CURRENT_SEASON,2026-08-26T14:20:46+00:00,SAVANT_PITCHER_SCHEMA_V1,CURRENT
701519,"Adams, Travis",2026,185,48,25.9,10.8,27.3,47.7,0.324,0.236,0.418,31.6,8.6,75.829652857,,,,0.349,BASEBALL_SAVANT_CURRENT_SEASON,2026-08-26T14:20:46+00:00,SAVANT_PITCHER_SCHEMA_V1,CURRENT
688642,"Agnos, Zach",2026,328,49,14.9,7.9,21.3,50.7,0.351,0.283,0.456,41.9,7.7,77.549473984,,,,0.348,BASEBALL_SAVANT_CURRENT_SEASON,2026-08-26T14:20:46+00:00,SAVANT_PITCHER_SCHEMA_V1,CURRENT
695239,"Ahlstrom, Robby",2026,128,28,21.9,7.0,28.3,49.6,0.302,0.251,0.38,31.8,5.7,74.321643636,,,,0.308,BASEBALL_SAVANT_CURRENT_SEASON,2026-08-26T14:20:46+00:00,SAVANT_PITCHER_SCHEMA_V1,CURRENT
669211,"Akin, Keegan",2026,114,17,14.9,7.9,19.3,49.2,0.298,0.246,0.371,28.4,5.8,73.826650238,,,,0.337,BASEBALL_SAVANT_CURRENT_SEASON,2026-08-26T14:20:46+00:00,SAVANT_PITCHER_SCHEMA_V1,CURRENT
645261,"Alcantara, Sandy",2026,757,137,18.1,6.5,21.2,50.7,0.296,0.248,0.366,35.1,5.3,77.468598087,,,,0.292,BASEBALL_SAVANT_CURRENT_SEASON,2026-08-26T14:20:46+00:00,SAVANT_PITCHER_SCHEMA_V1,CURRENT
691951,"Aldegheri, Sam",2026,151,22,14.6,11.3,20.4,45.7,0.355,0.271,0.45,35.1,9.0,74.746252182,,,,0.319,BASEBALL_SAVANT_CURRENT_SEASON,2026-08-26T14:20:46+00:00,SAVANT_PITCHER_SCHEMA_V1,CURRENT
680916,"Aleman, Franco",2026,82,22,26.8,9.8,27.3,44.9,0.277,0.203,0.305,40.0,4.0,78.4462732,,,,0.329,BASEBALL_SAVANT_CURRENT_SEASON,2026-08-26T14:20:46+00:00,SAVANT_PITCHER_SCHEMA_V1,CURRENT
669920,"Alexander, Jason",2026,84,14,16.7,9.5,20.3,44.5,0.332,0.257,0.415,37.7,10.0,75.822892333,,,,0.391,BASEBALL_SAVANT_CURRENT_SEASON,2026-08-26T14:20:46+00:00,SAVANT_PITCHER_SCHEMA_V1,CURRENT
641302,"Alexander, Tyler",2026,247,51,20.6,7.3,22.1,46.4,0.284,0.235,0.331,34.9,4.6,75.395492791,,,,0.307,BASEBALL_SAVANT_CURRENT_SEASON,2026-08-26T14:20:46+00:00,SAVANT_PITCHER_SCHEMA_V1,CURRENT
663465,"Allard, Kolby",2026,45,9,20.0,6.7,17.4,52.0,0.385,0.317,0.533,43.8,15.6,77.955251875,,,,0.467,BASEBALL_SAVANT_CURRENT_SEASON,2026-08-26T14:20:46+00:00,SAVANT_PITCHER_SCHEMA_V1,CURRENT
671106,"Allen, Logan",2026,58,13,22.4,6.9,20.0,46.4,0.314,0.219,0.422,46.2,13.2,79.012511579,,,,0.354,BASEBALL_SAVANT_CURRENT_SEASON,2026-08-26T14:20:46+00:00,SAVANT_PITCHER_SCHEMA_V1,CURRENT
665660,"Alvarado, Elvis",2026,173,52,30.1,11.0,32.3,52.2,0.326,0.202,0.431,49.0,16.0,79.730354,,,,0.317,BASEBALL_SAVANT_CURRENT_SEASON,2026-08-26T14:20:46+00:00,SAVANT_PITCHER_SCHEMA_V1,CURRENT
621237,"Alvarado, José",2026,218,59,27.1,10.1,29.4,46.1,0.304,0.224,0.345,27.9,5.5,76.061570645,,,,0.35,BASEBALL_SAVANT_CURRENT_SEASON,2026-08-26T14:20:46+00:00,SAVANT_PITCHER_SCHEMA_V1,CURRENT
674841,"Alvarez, Andrew",2026,359,80,22.3,10.6,26.2,44.4,0.328,0.259,0.394,42.4,5.9,78.160065763,,,,0.308,BASEBALL_SAVANT_CURRENT_SEASON,2026-08-26T14:20:46+00:00,SAVANT_PITCHER_SCHEMA_V1,CURRENT
623454,"Anderson, Drew",2026,349,91,26.1,8.9,28.2,48.7,0.298,0.221,0.369,38.6,8.6,80.570913945,,,,0.321,BASEBALL_SAVANT_CURRENT_SEASON,2026-08-26T14:20:46+00:00,SAVANT_PITCHER_SCHEMA_V1,CURRENT
681982,"Anderson, Grant",2026,205,46,22.4,10.2,25.8,48.7,0.278,0.208,0.334,37.2,7.3,78.547271176,,,,0.3,BASEBALL_SAVANT_CURRENT_SEASON,2026-08-26T14:20:46+00:00,SAVANT_PITCHER_SCHEMA_V1,CURRENT
681252,"Anderson, Jack",2026,48,12,25.0,6.3,30.5,52.8,0.301,0.23,0.418,36.4,9.1,75.53509625,,,,0.269,BASEBALL_SAVANT_CURRENT_SEASON,2026-08-26T14:20:46+00:00,SAVANT_PITCHER_SCHEMA_V1,CURRENT
807739,"Anderson, Kade",2026,22,5,22.7,9.1,26.2,51.9,0.261,0.168,0.373,33.3,13.3,77.4747625,,,,0.388,BASEBALL_SAVANT_CURRENT_SEASON,2026-08-26T14:20:46+00:00,SAVANT_PITCHER_SCHEMA_V1,CURRENT
641312,"Anderson, Shaun",2026,93,17,18.3,10.8,26.6,45.0,0.391,0.303,0.515,38.5,9.2,77.226670625,,,,0.38,BASEBALL_SAVANT_CURRENT_SEASON,2026-08-26T14:20:46+00:00,SAVANT_PITCHER_SCHEMA_V1,CURRENT
681084,"Andrews, Tanner",2026,11,1,9.1,18.2,22.2,41.9,0.273,0.135,0.289,25.0,12.5,67.064095,,,,0.208,BASEBALL_SAVANT_CURRENT_SEASON,2026-08-26T14:20:46+00:00,SAVANT_PITCHER_SCHEMA_V1,CURRENT
622088,"Antone, Tejay",2026,187,41,21.9,7.5,27.0,47.2,0.297,0.224,0.373,34.9,8.3,77.430130862,,,,0.29,BASEBALL_SAVANT_CURRENT_SEASON,2026-08-26T14:20:46+00:00,SAVANT_PITCHER_SCHEMA_V1,CURRENT
542888,"Armstrong, Shawn",2026,146,33,22.6,13.0,24.1,48.6,0.308,0.209,0.362,34.8,6.5,78.886426,,,,0.324,BASEBALL_SAVANT_CURRENT_SEASON,2026-08-26T14:20:46+00:00,SAVANT_PITCHER_SCHEMA_V1,CURRENT
681293,"Arrighetti, Spencer",2026,401,91,22.7,13.0,25.6,42.0,0.345,0.238,0.396,31.1,8.2,77.123950248,,,,0.322,BASEBALL_SAVANT_CURRENT_SEASON,2026-08-26T14:20:46+00:00,SAVANT_PITCHER_SCHEMA_V1,CURRENT
676879,"Ashby, Aaron",2026,322,102,31.7,11.2,31.9,40.8,0.264,0.199,0.282,39.6,4.4,75.792321209,,,,0.293,BASEBALL_SAVANT_CURRENT_SEASON,2026-08-26T14:20:46+00:00,SAVANT_PITCHER_SCHEMA_V1,CURRENT
677952,"Ashcraft, Braxton",2026,623,161,25.8,5.5,25.6,52.4,0.287,0.23,0.369,41.6,6.4,79.362465311,,,,0.29,BASEBALL_SAVANT_CURRENT_SEASON,2026-08-26T14:20:46+00:00,SAVANT_PITCHER_SCHEMA_V1,CURRENT
668933,"Ashcraft, Graham",2026,109,32,29.4,14.7,32.4,45.3,0.286,0.197,0.307,36.1,7.3,79.172392143,,,,0.279,BASEBALL_SAVANT_CURRENT_SEASON,2026-08-26T14:20:46+00:00,SAVANT_PITCHER_SCHEMA_V1,CURRENT
665871,"Assad, Javier",2026,332,55,16.6,6.3,14.9,44.3,0.326,0.264,0.431,45.5,7.1,80.12860856,,,,0.302,BASEBALL_SAVANT_CURRENT_SEASON,2026-08-26T14:20:46+00:00,SAVANT_PITCHER_SCHEMA_V1,CURRENT
679883,"Avila, Luinder",2026,309,61,19.7,13.6,23.9,42.4,0.339,0.251,0.396,35.3,5.9,76.9869519,,,,0.355,BASEBALL_SAVANT_CURRENT_SEASON,2026-08-26T14:20:46+00:00,SAVANT_PITCHER_SCHEMA_V1,CURRENT
669199,"Bachar, Lake",2026,296,74,25.0,10.1,29.5,45.7,0.298,0.206,0.368,35.3,9.1,78.783596304,,,,0.291,BASEBALL_SAVANT_CURRENT_SEASON,2026-08-26T14:20:46+00:00,SAVANT_PITCHER_SCHEMA_V1,CURRENT
696147,"Bachman, Sam",2026,198,46,23.2,13.6,33.1,44.0,0.299,0.213,0.319,32.0,7.5,74.364553667,,,,0.305,BASEBALL_SAVANT_CURRENT_SEASON,2026-08-26T14:20:46+00:00,SAVANT_PITCHER_SCHEMA_V1,CURRENT
679775,"Backhus, Kyle",2026,94,20,21.3,6.4,19.6,43.2,0.308,0.247,0.385,30.3,4.6,74.422889063,,,,0.349,BASEBALL_SAVANT_CURRENT_SEASON,2026-08-26T14:20:46+00:00,SAVANT_PITCHER_SCHEMA_V1,CURRENT
641329,"Baker, Bryan",2026,204,58,28.4,7.8,29.1,54.5,0.269,0.208,0.32,36.7,7.8,75.275222381,,,,0.229,BASEBALL_SAVANT_CURRENT_SEASON,2026-08-26T14:20:46+00:00,SAVANT_PITCHER_SCHEMA_V1,CURRENT
607455,"Banda, Anthony",2026,156,33,21.2,9.6,26.7,44.9,0.325,0.234,0.375,39.0,7.1,80.496835625,,,,0.334,BASEBALL_SAVANT_CURRENT_SEASON,2026-08-26T14:20:46+00:00,SAVANT_PITCHER_SCHEMA_V1,CURRENT
621383,"Banks, Tanner",2026,146,32,21.9,8.9,23.2,50.1,0.323,0.262,0.419,33.7,7.0,75.890163469,,,,0.423,BASEBALL_SAVANT_CURRENT_SEASON,2026-08-26T14:20:46+00:00,SAVANT_PITCHER_SCHEMA_V1,CURRENT
682995,"Barco, Hunter",2026,87,14,16.1,14.9,16.3,38.5,0.381,0.28,0.466,43.1,7.0,77.439766207,,,,0.41,BASEBALL_SAVANT_CURRENT_SEASON,2026-08-26T14:20:46+00:00,SAVANT_PITCHER_SCHEMA_V1,CURRENT
605130,"Barlow, Scott",2026,153,29,19.0,13.1,33.1,42.7,0.358,0.236,0.448,36.1,9.3,77.463891633,,,,0.341,BASEBALL_SAVANT_CURRENT_SEASON,2026-08-26T14:20:46+00:00,SAVANT_PITCHER_SCHEMA_V1,CURRENT
656212,"Barnes, Charlie",2026,63,6,9.5,11.1,15.1,42.8,0.404,0.321,0.531,46.9,8.2,82.8940512,,,,0.402,BASEBALL_SAVANT_CURRENT_SEASON,2026-08-26T14:20:46+00:00,SAVANT_PITCHER_SCHEMA_V1,CURRENT
686930,"Barnett, Mason",2026,185,38,20.5,13.0,22.2,43.6,0.349,0.25,0.446,37.2,9.9,78.80204541,,,,0.388,BASEBALL_SAVANT_CURRENT_SEASON,2026-08-26T14:20:46+00:00,SAVANT_PITCHER_SCHEMA_V1,CURRENT
605135,"Bassitt, Chris",2026,335,51,15.2,7.8,20.7,46.3,0.34,0.281,0.413,35.7,5.2,76.436270569,,,,0.354,BASEBALL_SAVANT_CURRENT_SEASON,2026-08-26T14:20:46+00:00,SAVANT_PITCHER_SCHEMA_V1,CURRENT
669620,"Basso, Brady",2026,107,19,17.8,2.8,20.7,53.6,0.301,0.277,0.38,40.0,5.9,77.993703256,,,,0.363,BASEBALL_SAVANT_CURRENT_SEASON,2026-08-26T14:20:46+00:00,SAVANT_PITCHER_SCHEMA_V1,CURRENT
691945,"Baumler, Carter",2026,27,6,22.2,22.2,30.0,42.7,0.359,0.206,0.353,50.0,7.1,82.485275714,,,,0.371,BASEBALL_SAVANT_CURRENT_SEASON,2026-08-26T14:20:46+00:00,SAVANT_PITCHER_SCHEMA_V1,CURRENT
669358,"Baz, Shane",2026,645,135,20.9,8.1,22.6,48.7,0.311,0.251,0.393,42.4,6.6,80.838361327,,,,0.315,BASEBALL_SAVANT_CURRENT_SEASON,2026-08-26T14:20:46+00:00,SAVANT_PITCHER_SCHEMA_V1,CURRENT
660825,"Bazardo, Eduard",2026,249,59,23.7,7.2,21.5,45.8,0.32,0.254,0.425,37.4,8.8,78.471797619,,,,0.318,BASEBALL_SAVANT_CURRENT_SEASON,2026-08-26T14:20:46+00:00,SAVANT_PITCHER_SCHEMA_V1,CURRENT
694341,"Beck, Brendan",2026,31,4,12.9,16.1,33.9,42.4,0.448,0.3,0.656,59.1,27.3,85.378307273,,,,0.487,BASEBALL_SAVANT_CURRENT_SEASON,2026-08-26T14:20:46+00:00,SAVANT_PITCHER_SCHEMA_V1,CURRENT
663941,"Beck, Tristan",2026,64,6,9.4,7.8,17.4,49.0,0.33,0.249,0.434,40.4,9.6,80.469351538,,,,0.367,BASEBALL_SAVANT_CURRENT_SEASON,2026-08-26T14:20:46+00:00,SAVANT_PITCHER_SCHEMA_V1,CURRENT
670280,"Bednar, David",2026,231,65,28.1,7.8,31.3,53.5,0.245,0.199,0.277,33.6,3.4,74.735459306,,,,0.236,BASEBALL_SAVANT_CURRENT_SEASON,2026-08-26T14:20:46+00:00,SAVANT_PITCHER_SCHEMA_V1,CURRENT
656222,"Beeks, Jalen",2026,113,21,18.6,7.1,23.4,47.2,0.363,0.282,0.522,42.9,10.7,79.2264155,,,,0.351,BASEBALL_SAVANT_CURRENT_SEASON,2026-08-26T14:20:46+00:00,SAVANT_PITCHER_SCHEMA_V1,CURRENT
690925,"Beeter, Clayton",2026,179,42,23.5,16.2,28.6,44.3,0.329,0.221,0.361,42.9,5.8,80.757368824,,,,0.309,BASEBALL_SAVANT_CURRENT_SEASON,2026-08-26T14:20:46+00:00,SAVANT_PITCHER_SCHEMA_V1,CURRENT
678394,"Bello, Brayan",2026,395,68,17.2,7.6,24.8,49.0,0.352,0.293,0.465,41.6,8.2,78.423533379,,,,0.329,BASEBALL_SAVANT_CURRENT_SEASON,2026-08-26T14:20:46+00:00,SAVANT_PITCHER_SCHEMA_V1,CURRENT
678368,"Bellozo, Valente",2026,48,8,16.7,14.6,29.5,45.9,0.475,0.316,0.737,50.0,15.6,80.20477375,,,,0.42,BASEBALL_SAVANT_CURRENT_SEASON,2026-08-26T14:20:46+00:00,SAVANT_PITCHER_SCHEMA_V1,CURRENT
669622,"Bender, Anthony",2026,140,41,29.3,8.6,24.0,40.3,0.254,0.194,0.284,33.3,7.1,78.737444286,,,,0.224,BASEBALL_SAVANT_CURRENT_SEASON,2026-08-26T14:20:46+00:00,SAVANT_PITCHER_SCHEMA_V1,CURRENT
687562,"Bennett, Jake",2026,352,67,19.0,5.1,24.2,53.0,0.282,0.233,0.37,36.4,6.4,76.677817422,,,,0.269,BASEBALL_SAVANT_CURRENT_SEASON,2026-08-26T14:20:46+00:00,SAVANT_PITCHER_SCHEMA_V1,CURRENT
657514,"Bernardino, Brennan",2026,222,40,18.0,6.3,22.1,46.4,0.308,0.257,0.394,32.3,5.5,76.345437875,,,,0.298,BASEBALL_SAVANT_CURRENT_SEASON,2026-08-26T14:20:46+00:00,SAVANT_PITCHER_SCHEMA_V1,CURRENT
676440,"Bibee, Tanner",2026,637,123,19.3,6.9,24.0,47.2,0.32,0.253,0.423,39.8,8.2,78.884766157,,,,0.303,BASEBALL_SAVANT_CURRENT_SEASON,2026-08-26T14:20:46+00:00,SAVANT_PITCHER_SCHEMA_V1,CURRENT
674370,"Bido, Osvaldo",2026,81,11,13.6,12.3,23.4,45.7,0.376,0.273,0.449,41.1,8.9,76.63963,,,,0.344,BASEBALL_SAVANT_CURRENT_SEASON,2026-08-26T14:20:46+00:00,SAVANT_PITCHER_SCHEMA_V1,CURRENT
684049,"Bidois, Brandan",2026,80,20,25.0,15.0,37.7,48.9,0.363,0.253,0.469,46.8,17.0,80.742756957,,,,0.407,BASEBALL_SAVANT_CURRENT_SEASON,2026-08-26T14:20:46+00:00,SAVANT_PITCHER_SCHEMA_V1,CURRENT
669456,"Bieber, Shane",2026,242,44,18.2,9.9,23.5,43.0,0.368,0.282,0.5,46.0,10.9,78.436498046,,,,0.335,BASEBALL_SAVANT_CURRENT_SEASON,2026-08-26T14:20:46+00:00,SAVANT_PITCHER_SCHEMA_V1,CURRENT
685801,"Bigge, Hunter",2026,85,14,16.5,16.5,25.9,43.6,0.311,0.23,0.341,36.8,5.3,80.581132069,,,,0.297,BASEBALL_SAVANT_CURRENT_SEASON,2026-08-26T14:20:46+00:00,SAVANT_PITCHER_SCHEMA_V1,CURRENT
656234,"Bird, Jake",2026,172,41,23.8,7.6,27.1,41.3,0.318,0.234,0.41,36.3,8.8,78.859093333,,,,0.351,BASEBALL_SAVANT_CURRENT_SEASON,2026-08-26T14:20:46+00:00,SAVANT_PITCHER_SCHEMA_V1,CURRENT
702352,"Bivens, Spencer",2026,10,3,30.0,10.0,18.2,48.9,0.25,0.204,0.255,33.3,0.0,86.93542,,,,0.337,BASEBALL_SAVANT_CURRENT_SEASON,2026-08-26T14:20:46+00:00,SAVANT_PITCHER_SCHEMA_V1,CURRENT
621389,"Blach, Ty",2026,9,2,22.2,0.0,28.6,46.7,0.269,0.292,0.338,57.1,0.0,89.8917925,,,,0.099,BASEBALL_SAVANT_CURRENT_SEASON,2026-08-26T14:20:46+00:00,SAVANT_PITCHER_SCHEMA_V1,CURRENT
696131,"Black, Mason",2026,136,19,14.0,14.7,18.9,41.2,0.397,0.291,0.496,48.4,10.5,82.369022083,,,,0.369,BASEBALL_SAVANT_CURRENT_SEASON,2026-08-26T14:20:46+00:00,SAVANT_PITCHER_SCHEMA_V1,CURRENT
621112,"Blackburn, Paul",2026,284,58,20.4,9.5,22.8,45.9,0.294,0.233,0.352,34.8,6.1,74.877988889,,,,0.25,BASEBALL_SAVANT_CURRENT_SEASON,2026-08-26T14:20:46+00:00,SAVANT_PITCHER_SCHEMA_V1,CURRENT
669854,"Blanco, Ronel",2026,101,20,19.8,11.9,25.8,50.8,0.354,0.246,0.469,36.8,11.8,79.889672353,,,,0.386,BASEBALL_SAVANT_CURRENT_SEASON,2026-08-26T14:20:46+00:00,SAVANT_PITCHER_SCHEMA_V1,CURRENT
656240,"Blewett, Scott",2026,78,12,15.4,6.4,23.1,54.2,0.298,0.26,0.328,27.9,3.3,75.656864667,,,,0.296,BASEBALL_SAVANT_CURRENT_SEASON,2026-08-26T14:20:46+00:00,SAVANT_PITCHER_SCHEMA_V1,CURRENT
805123,"Blubaugh, AJ",2026,332,81,24.4,10.2,29.1,49.1,0.302,0.215,0.373,36.3,9.3,79.179308365,,,,0.292,BASEBALL_SAVANT_CURRENT_SEASON,2026-08-26T14:20:46+00:00,SAVANT_PITCHER_SCHEMA_V1,CURRENT
675989,"Bolton, Cody",2026,95,22,23.2,14.7,19.6,41.7,0.38,0.276,0.472,48.3,10.3,80.021337143,,,,0.371,BASEBALL_SAVANT_CURRENT_SEASON,2026-08-26T14:20:46+00:00,SAVANT_PITCHER_SCHEMA_V1,CURRENT
592155,"Booser, Cam",2026,117,38,32.5,5.1,28.2,54.9,0.248,0.186,0.342,41.1,6.8,79.995763611,,,,0.236,BASEBALL_SAVANT_CURRENT_SEASON,2026-08-26T14:20:46+00:00,SAVANT_PITCHER_SCHEMA_V1,CURRENT
621366,"Borucki, Ryan",2026,104,15,14.4,8.7,28.2,49.5,0.31,0.253,0.373,39.7,5.1,77.339069231,,,,0.364,BASEBALL_SAVANT_CURRENT_SEASON,2026-08-26T14:20:46+00:00,SAVANT_PITCHER_SCHEMA_V1,CURRENT
641386,"Bowden, Ben",2026,8,0,0.0,25.0,14.3,35.0,0.538,0.387,0.632,40.0,20.0,78.30372,,,,0.534,BASEBALL_SAVANT_CURRENT_SEASON,2026-08-26T14:20:46+00:00,SAVANT_PITCHER_SCHEMA_V1,CURRENT
680742,"Bowlan, Jonathan",2026,191,58,30.4,7.3,31.6,49.7,0.257,0.198,0.303,35.9,5.1,75.322648103,,,,0.256,BASEBALL_SAVANT_CURRENT_SEASON,2026-08-26T14:20:46+00:00,SAVANT_PITCHER_SCHEMA_V1,CURRENT
571510,"Boyd, Matthew",2026,381,71,18.6,7.3,22.5,48.9,0.342,0.268,0.449,37.1,9.8,76.242380882,,,,0.318,BASEBALL_SAVANT_CURRENT_SEASON,2026-08-26T14:20:46+00:00,SAVANT_PITCHER_SCHEMA_V1,CURRENT
671212,"Boyle, Joe",2026,81,21,25.9,11.1,24.2,45.2,0.307,0.234,0.361,39.2,4.0,73.4467232,,,,0.262,BASEBALL_SAVANT_CURRENT_SEASON,2026-08-26T14:20:46+00:00,SAVANT_PITCHER_SCHEMA_V1,CURRENT
674003,"Bradford, Cody",2026,87,13,14.9,4.6,22.6,50.7,0.349,0.286,0.488,40.6,11.8,81.736492424,,,,0.343,BASEBALL_SAVANT_CURRENT_SEASON,2026-08-26T14:20:46+00:00,SAVANT_PITCHER_SCHEMA_V1,CURRENT
680694,"Bradish, Kyle",2026,587,129,22.0,10.2,24.3,44.7,0.318,0.243,0.389,38.2,8.0,76.767013679,,,,0.323,BASEBALL_SAVANT_CURRENT_SEASON,2026-08-26T14:20:46+00:00,SAVANT_PITCHER_SCHEMA_V1,CURRENT
671737,"Bradley, Taj",2026,627,169,27.0,10.0,26.6,47.3,0.304,0.225,0.377,45.2,9.4,80.751560513,,,,0.305,BASEBALL_SAVANT_CURRENT_SEASON,2026-08-26T14:20:46+00:00,SAVANT_PITCHER_SCHEMA_V1,CURRENT
666374,"Brash, Matt",2026,64,15,23.4,9.4,32.1,40.5,0.316,0.234,0.347,40.0,5.0,77.5157275,,,,0.218,BASEBALL_SAVANT_CURRENT_SEASON,2026-08-26T14:20:46+00:00,SAVANT_PITCHER_SCHEMA_V1,CURRENT
683352,"Bratt, Mitch",2026,176,28,15.9,14.2,15.2,47.9,0.317,0.227,0.365,34.4,7.4,76.705643833,,,,0.351,BASEBALL_SAVANT_CURRENT_SEASON,2026-08-26T14:20:46+00:00,SAVANT_PITCHER_SCHEMA_V1,CURRENT
623211,"Brazobán, Huascar",2026,252,54,21.4,11.5,25.5,49.2,0.292,0.22,0.33,31.0,4.8,74.235745904,,,,0.277,BASEBALL_SAVANT_CURRENT_SEASON,2026-08-26T14:20:46+00:00,SAVANT_PITCHER_SCHEMA_V1,CURRENT
605154,"Brebbia, John",2026,21,2,9.5,0.0,17.0,56.4,0.414,0.317,0.673,42.1,10.5,79.314039,,,,0.425,BASEBALL_SAVANT_CURRENT_SEASON,2026-08-26T14:20:46+00:00,SAVANT_PITCHER_SCHEMA_V1,CURRENT
689225,"Brieske, Beau",2026,39,8,20.5,10.3,21.3,53.7,0.33,0.241,0.435,48.1,11.1,77.643400714,,,,0.366,BASEBALL_SAVANT_CURRENT_SEASON,2026-08-26T14:20:46+00:00,SAVANT_PITCHER_SCHEMA_V1,CURRENT
666745,"Brito, Jhony",2026,20,4,20.0,5.0,28.3,59.0,0.256,0.206,0.337,33.3,6.7,78.43264375,,,,0.289,BASEBALL_SAVANT_CURRENT_SEASON,2026-08-26T14:20:46+00:00,SAVANT_PITCHER_SCHEMA_V1,CURRENT
641401,"Brogdon, Connor",2026,67,14,20.9,4.5,26.7,49.1,0.345,0.258,0.514,44.0,14.0,82.188572083,,,,0.335,BASEBALL_SAVANT_CURRENT_SEASON,2026-08-26T14:20:46+00:00,SAVANT_PITCHER_SCHEMA_V1,CURRENT
605156,"Brooks, Aaron",2026,4,0,0.0,50.0,16.7,35.3,0.502,0.189,0.556,50.0,50.0,72.95787,,,,0.861,BASEBALL_SAVANT_CURRENT_SEASON,2026-08-26T14:20:46+00:00,SAVANT_PITCHER_SCHEMA_V1,CURRENT
676962,"Brown, Ben",2026,265,65,24.5,7.2,27.3,47.1,0.279,0.223,0.335,43.0,7.3,80.433868295,,,,0.228,BASEBALL_SAVANT_CURRENT_SEASON,2026-08-26T14:20:46+00:00,SAVANT_PITCHER_SCHEMA_V1,CURRENT
686613,"Brown, Hunter",2026,315,76,24.1,13.7,24.9,41.4,0.301,0.205,0.338,36.5,6.3,73.005569684,,,,0.309,BASEBALL_SAVANT_CURRENT_SEASON,2026-08-26T14:20:46+00:00,SAVANT_PITCHER_SCHEMA_V1,CURRENT
664141,"Brubaker, JT",2026,250,39,15.6,10.4,20.9,45.0,0.341,0.274,0.427,36.1,5.5,77.08366011,,,,0.294,BASEBALL_SAVANT_CURRENT_SEASON,2026-08-26T14:20:46+00:00,SAVANT_PITCHER_SCHEMA_V1,CURRENT
677865,"Bruihl, Justin",2026,285,42,14.7,8.4,17.2,45.1,0.304,0.249,0.341,34.6,4.3,74.038419515,,,,0.308,BASEBALL_SAVANT_CURRENT_SEASON,2026-08-26T14:20:46+00:00,SAVANT_PITCHER_SCHEMA_V1,CURRENT
694350,"Brzykcy, Zach",2026,12,2,16.7,16.7,16.7,37.5,0.306,0.246,0.279,37.5,0.0,84.1722025,,,,0.37,BASEBALL_SAVANT_CURRENT_SEASON,2026-08-26T14:20:46+00:00,SAVANT_PITCHER_SCHEMA_V1,CURRENT
663460,"Bubic, Kris",2026,207,51,24.6,12.6,26.1,46.9,0.327,0.24,0.395,39.5,7.8,79.03376375,,,,0.286,BASEBALL_SAVANT_CURRENT_SEASON,2026-08-26T14:20:46+00:00,SAVANT_PITCHER_SCHEMA_V1,CURRENT
621111,"Buehler, Walker",2026,538,108,20.1,9.1,20.4,45.0,0.315,0.246,0.394,38.7,8.0,78.825651444,,,,0.322,BASEBALL_SAVANT_CURRENT_SEASON,2026-08-26T14:20:46+00:00,SAVANT_PITCHER_SCHEMA_V1,CURRENT
607481,"Bummer, Aaron",2026,88,13,14.8,12.5,19.5,47.0,0.382,0.271,0.521,49.2,12.7,82.032936129,,,,0.457,BASEBALL_SAVANT_CURRENT_SEASON,2026-08-26T14:20:46+00:00,SAVANT_PITCHER_SCHEMA_V1,CURRENT
686228,"Burgos, Juan",2026,15,0,0.0,0.0,11.1,54.0,0.199,0.156,0.208,21.4,0.0,71.981467143,,,,0.269,BASEBALL_SAVANT_CURRENT_SEASON,2026-08-26T14:20:46+00:00,SAVANT_PITCHER_SCHEMA_V1,CURRENT
670103,"Burgos, Raymond",2026,34,5,14.7,2.9,15.7,58.8,0.296,0.228,0.447,35.7,7.1,82.334787857,,,,0.193,BASEBALL_SAVANT_CURRENT_SEASON,2026-08-26T14:20:46+00:00,SAVANT_PITCHER_SCHEMA_V1,CURRENT
656271,"Burke, Brock",2026,271,63,23.2,13.7,28.8,45.4,0.302,0.214,0.343,30.5,7.5,77.165344375,,,,0.294,BASEBALL_SAVANT_CURRENT_SEASON,2026-08-26T14:20:46+00:00,SAVANT_PITCHER_SCHEMA_V1,CURRENT
680732,"Burke, Sean",2026,596,158,26.5,7.0,25.7,49.5,0.293,0.228,0.371,37.5,7.5,79.017745393,,,,0.293,BASEBALL_SAVANT_CURRENT_SEASON,2026-08-26T14:20:46+00:00,SAVANT_PITCHER_SCHEMA_V1,CURRENT
695505,"Burns, Chase",2026,567,164,28.9,8.6,31.6,49.0,0.277,0.206,0.347,37.8,8.1,79.574546901,,,,0.286,BASEBALL_SAVANT_CURRENT_SEASON,2026-08-26T14:20:46+00:00,SAVANT_PITCHER_SCHEMA_V1,CURRENT
681347,"Burrows, Mike",2026,423,75,17.7,8.3,21.6,49.3,0.337,0.263,0.441,38.8,8.4,77.094696234,,,,0.375,BASEBALL_SAVANT_CURRENT_SEASON,2026-08-26T14:20:46+00:00,SAVANT_PITCHER_SCHEMA_V1,CURRENT
676130,"Buttó, José",2026,16,5,31.3,25.0,40.9,34.9,0.494,0.319,0.689,42.9,14.3,70.763685,,,,0.676,BASEBALL_SAVANT_CURRENT_SEASON,2026-08-26T14:20:46+00:00,SAVANT_PITCHER_SCHEMA_V1,CURRENT
665795,"Cabrera, Edward",2026,329,67,20.4,9.7,26.6,47.8,0.344,0.267,0.447,42.5,11.9,80.755532411,,,,0.35,BASEBALL_SAVANT_CURRENT_SEASON,2026-08-26T14:20:46+00:00,SAVANT_PITCHER_SCHEMA_V1,CURRENT
703615,"Cabrera, Jose",2026,81,12,14.8,8.6,20.2,44.4,0.353,0.268,0.456,35.0,6.7,76.079408519,,,,0.355,BASEBALL_SAVANT_CURRENT_SEASON,2026-08-26T14:20:46+00:00,SAVANT_PITCHER_SCHEMA_V1,CURRENT
682997,"Callihan, Tyler",2026,15,1,6.7,20.0,0.0,35.8,0.38,0.282,0.415,54.5,0.0,85.19323,,,,0.318,BASEBALL_SAVANT_CURRENT_SEASON,2026-08-26T14:20:46+00:00,SAVANT_PITCHER_SCHEMA_V1,CURRENT
702070,"Cameron, Noah",2026,600,128,21.3,7.7,26.2,47.7,0.313,0.249,0.407,38.1,7.8,78.191314155,,,,0.296,BASEBALL_SAVANT_CURRENT_SEASON,2026-08-26T14:20:46+00:00,SAVANT_PITCHER_SCHEMA_V1,CURRENT
656288,"Canning, Griffin",2026,334,73,21.9,10.2,25.0,45.1,0.331,0.25,0.416,45.5,9.0,79.261739009,,,,0.357,BASEBALL_SAVANT_CURRENT_SEASON,2026-08-26T14:20:46+00:00,SAVANT_PITCHER_SCHEMA_V1,CURRENT
686563,"Cannon, Jonathan",2026,3,0,0.0,100.0,100.0,7.1,0.698,0.0,0.0,,,,,,,0.698,BASEBALL_SAVANT_CURRENT_SEASON,2026-08-26T14:20:46+00:00,SAVANT_PITCHER_SCHEMA_V1,CURRENT
666974,"Cano, Yennier",2026,173,38,22.0,5.2,26.5,45.2,0.274,0.225,0.335,38.7,5.8,78.250568833,,,,0.249,BASEBALL_SAVANT_CURRENT_SEASON,2026-08-26T14:20:46+00:00,SAVANT_PITCHER_SCHEMA_V1,CURRENT
676282,"Cantillo, Joey",2026,564,144,25.5,11.2,30.6,45.0,0.305,0.229,0.366,39.7,7.9,76.669380115,,,,0.331,BASEBALL_SAVANT_CURRENT_SEASON,2026-08-26T14:20:46+00:00,SAVANT_PITCHER_SCHEMA_V1,CURRENT
471911,"Carrasco, Carlos",2026,73,7,9.6,4.1,19.0,55.7,0.431,0.371,0.586,41.0,9.8,78.3841,,,,0.373,BASEBALL_SAVANT_CURRENT_SEASON,2026-08-26T14:20:46+00:00,SAVANT_PITCHER_SCHEMA_V1,CURRENT
672629,"Carrillo, Gerardo",2026,62,18,29.0,16.1,31.0,41.3,0.227,0.14,0.192,18.2,3.0,75.099536471,,,,0.242,BASEBALL_SAVANT_CURRENT_SEASON,2026-08-26T14:20:46+00:00,SAVANT_PITCHER_SCHEMA_V1,CURRENT
676508,"Casparius, Ben",2026,23,4,17.4,17.4,35.0,40.4,0.385,0.281,0.467,26.7,13.3,80.81503375,,,,0.404,BASEBALL_SAVANT_CURRENT_SEASON,2026-08-26T14:20:46+00:00,SAVANT_PITCHER_SCHEMA_V1,CURRENT
680604,"Castaño, Blas",2026,85,17,20.0,7.1,19.7,45.8,0.367,0.288,0.502,50.0,10.2,84.444405667,,,,0.377,BASEBALL_SAVANT_CURRENT_SEASON,2026-08-26T14:20:46+00:00,SAVANT_PITCHER_SCHEMA_V1,CURRENT
682769,"Castellano, Eiberson",2026,12,2,16.7,0.0,31.6,54.3,0.376,0.354,0.445,44.4,0.0,83.911392,,,,0.388,BASEBALL_SAVANT_CURRENT_SEASON,2026-08-26T14:20:46+00:00,SAVANT_PITCHER_SCHEMA_V1,CURRENT
622491,"Castillo, Luis",2026,525,105,20.0,7.0,24.8,52.2,0.339,0.27,0.457,42.4,9.8,79.859414054,,,,0.346,BASEBALL_SAVANT_CURRENT_SEASON,2026-08-26T14:20:46+00:00,SAVANT_PITCHER_SCHEMA_V1,CURRENT
665645,"Castro, Kervin",2026,23,8,34.8,8.7,25.0,51.1,0.235,0.195,0.245,30.8,0.0,85.029327143,,,,0.193,BASEBALL_SAVANT_CURRENT_SEASON,2026-08-26T14:20:46+00:00,SAVANT_PITCHER_SCHEMA_V1,CURRENT
676917,"Cavalli, Cade",2026,624,169,27.1,6.9,26.1,48.0,0.305,0.241,0.378,41.8,7.5,78.319712437,,,,0.303,BASEBALL_SAVANT_CURRENT_SEASON,2026-08-26T14:20:46+00:00,SAVANT_PITCHER_SCHEMA_V1,CURRENT
656302,"Cease, Dylan",2026,579,209,36.1,11.1,34.8,45.8,0.255,0.184,0.274,32.3,4.7,73.571805533,,,,0.246,BASEBALL_SAVANT_CURRENT_SEASON,2026-08-26T14:20:46+00:00,SAVANT_PITCHER_SCHEMA_V1,CURRENT
677944,"Cecconi, Slade",2026,488,88,18.0,7.6,20.3,46.8,0.338,0.271,0.452,40.0,8.9,78.218429438,,,,0.351,BASEBALL_SAVANT_CURRENT_SEASON,2026-08-26T14:20:46+00:00,SAVANT_PITCHER_SCHEMA_V1,CURRENT
672021,"Cerantola, Eric",2026,28,7,25.0,39.3,40.5,30.3,0.402,0.181,0.315,60.0,20.0,79.782102,,,,0.484,BASEBALL_SAVANT_CURRENT_SEASON,2026-08-26T14:20:46+00:00,SAVANT_PITCHER_SCHEMA_V1,CURRENT
696149,"Chandler, Bubba",2026,547,114,20.8,12.1,22.9,47.3,0.312,0.231,0.365,38.3,5.6,78.39483882,,,,0.307,BASEBALL_SAVANT_CURRENT_SEASON,2026-08-26T14:20:46+00:00,SAVANT_PITCHER_SCHEMA_V1,CURRENT
547973,"Chapman, Aroldis",2026,186,58,31.2,10.8,29.2,52.5,0.259,0.184,0.289,38.3,7.5,77.096671569,,,,0.268,BASEBALL_SAVANT_CURRENT_SEASON,2026-08-26T14:20:46+00:00,SAVANT_PITCHER_SCHEMA_V1,CURRENT
683409,"Chivilli, Angel",2026,73,16,21.9,9.6,32.6,50.5,0.309,0.22,0.395,38.8,6.3,75.91804375,,,,0.321,BASEBALL_SAVANT_CURRENT_SEASON,2026-08-26T14:20:46+00:00,SAVANT_PITCHER_SCHEMA_V1,CURRENT
650644,"Civale, Aaron",2026,423,76,18.0,6.6,21.2,46.7,0.33,0.265,0.444,42.9,8.9,78.856375732,,,,0.362,BASEBALL_SAVANT_CURRENT_SEASON,2026-08-26T14:20:46+00:00,SAVANT_PITCHER_SCHEMA_V1,CURRENT
664199,"Clarke, Taylor",2026,224,33,14.7,4.5,21.1,48.8,0.318,0.257,0.433,32.6,9.0,74.806394205,,,,0.252,BASEBALL_SAVANT_CURRENT_SEASON,2026-08-26T14:20:46+00:00,SAVANT_PITCHER_SCHEMA_V1,CURRENT
664076,"Cleavinger, Garrett",2026,167,52,31.1,10.2,29.0,48.1,0.3,0.23,0.365,39.6,7.3,74.011540213,,,,0.303,BASEBALL_SAVANT_CURRENT_SEASON,2026-08-26T14:20:46+00:00,SAVANT_PITCHER_SCHEMA_V1,CURRENT
543037,"Cole, Gerrit",2026,376,100,26.6,5.3,22.2,48.6,0.282,0.235,0.366,42.3,8.1,80.758399516,,,,0.285,BASEBALL_SAVANT_CURRENT_SEASON,2026-08-26T14:20:46+00:00,SAVANT_PITCHER_SCHEMA_V1,CURRENT
686560,"Collyer, Gavin",2026,105,22,21.0,18.1,27.1,37.2,0.318,0.192,0.278,29.3,3.4,75.467354828,,,,0.317,BASEBALL_SAVANT_CURRENT_SEASON,2026-08-26T14:20:46+00:00,SAVANT_PITCHER_SCHEMA_V1,CURRENT
702047,"Cook, Alex",2026,17,2,11.8,11.8,17.2,40.3,0.293,0.201,0.373,46.2,7.7,84.347542857,,,,0.382,BASEBALL_SAVANT_CURRENT_SEASON,2026-08-26T14:20:46+00:00,SAVANT_PITCHER_SCHEMA_V1,CURRENT
571578,"Corbin, Patrick",2026,360,63,17.5,6.9,21.1,47.3,0.356,0.289,0.463,42.1,7.5,76.479630152,,,,0.364,BASEBALL_SAVANT_CURRENT_SEASON,2026-08-26T14:20:46+00:00,SAVANT_PITCHER_SCHEMA_V1,CURRENT
683000,"Cornelio, Riley",2026,96,20,20.8,20.8,31.7,48.5,0.318,0.192,0.291,42.9,10.7,73.547621481,,,,0.334,BASEBALL_SAVANT_CURRENT_SEASON,2026-08-26T14:20:46+00:00,SAVANT_PITCHER_SCHEMA_V1,CURRENT
692030,"Corniell, Jose",2026,28,4,14.3,14.3,26.9,50.0,0.365,0.273,0.487,45.0,10.0,82.908282,,,,0.645,BASEBALL_SAVANT_CURRENT_SEASON,2026-08-26T14:20:46+00:00,SAVANT_PITCHER_SCHEMA_V1,CURRENT
676680,"Cosgrove, Tom",2026,58,11,19.0,5.2,13.5,53.1,0.266,0.227,0.334,32.6,4.7,72.260257143,,,,0.362,BASEBALL_SAVANT_CURRENT_SEASON,2026-08-26T14:20:46+00:00,SAVANT_PITCHER_SCHEMA_V1,CURRENT
543056,"Coulombe, Danny",2026,96,10,10.4,15.6,17.1,44.0,0.321,0.251,0.311,21.4,1.4,69.504240571,,,,0.299,BASEBALL_SAVANT_CURRENT_SEASON,2026-08-26T14:20:46+00:00,SAVANT_PITCHER_SCHEMA_V1,CURRENT
681867,"Criswell, Cooper",2026,121,23,19.0,6.6,22.0,48.3,0.285,0.24,0.357,36.0,4.5,74.785562273,,,,0.301,BASEBALL_SAVANT_CURRENT_SEASON,2026-08-26T14:20:46+00:00,SAVANT_PITCHER_SCHEMA_V1,CURRENT
676105,"Criswell, Jeff",2026,18,3,16.7,16.7,27.0,46.8,0.436,0.3,0.613,25.0,16.7,72.343555,,,,0.443,BASEBALL_SAVANT_CURRENT_SEASON,2026-08-26T14:20:46+00:00,SAVANT_PITCHER_SCHEMA_V1,CURRENT
676979,"Crochet, Garrett",2026,138,37,26.8,8.0,24.0,49.0,0.344,0.262,0.442,45.3,10.7,78.163401905,,,,0.358,BASEBALL_SAVANT_CURRENT_SEASON,2026-08-26T14:20:46+00:00,SAVANT_PITCHER_SCHEMA_V1,CURRENT
689441,"Crow, Coleman",2026,85,10,11.8,7.1,16.3,51.9,0.34,0.269,0.448,36.8,7.4,79.119521471,,,,0.34,BASEBALL_SAVANT_CURRENT_SEASON,2026-08-26T14:20:46+00:00,SAVANT_PITCHER_SCHEMA_V1,CURRENT
518585,"Cruz, Fernando",2026,234,67,28.6,13.7,39.1,43.6,0.281,0.185,0.324,27.1,9.0,76.176082879,,,,0.306,BASEBALL_SAVANT_CURRENT_SEASON,2026-08-26T14:20:46+00:00,SAVANT_PITCHER_SCHEMA_V1,CURRENT
674444,"Cruz, Steven",2026,211,54,25.6,9.0,27.3,52.1,0.318,0.244,0.409,36.8,11.0,78.059357761,,,,0.33,BASEBALL_SAVANT_CURRENT_SEASON,2026-08-26T14:20:46+00:00,SAVANT_PITCHER_SCHEMA_V1,CURRENT
672442,"Cruz, Yovanny",2026,44,10,22.7,13.6,27.0,46.0,0.353,0.276,0.391,51.9,0.0,79.534652857,,,,0.398,BASEBALL_SAVANT_CURRENT_SEASON,2026-08-26T14:20:46+00:00,SAVANT_PITCHER_SCHEMA_V1,CURRENT
621016,"Cuas, Jose",2026,59,14,23.7,13.6,26.6,48.1,0.345,0.289,0.397,35.1,2.7,73.385245556,,,,0.331,BASEBALL_SAVANT_CURRENT_SEASON,2026-08-26T14:20:46+00:00,SAVANT_PITCHER_SCHEMA_V1,CURRENT
675540,"Curry, Xzavion",2026,67,10,14.9,10.4,20.2,45.2,0.277,0.203,0.332,34.0,6.0,79.124776,,,,0.31,BASEBALL_SAVANT_CURRENT_SEASON,2026-08-26T14:20:46+00:00,SAVANT_PITCHER_SCHEMA_V1,CURRENT
694753,"Curtis, Khristian",2026,27,5,18.5,11.1,25.0,47.7,0.306,0.239,0.359,21.1,5.3,76.532552,,,,0.143,BASEBALL_SAVANT_CURRENT_SEASON,2026-08-26T14:20:46+00:00,SAVANT_PITCHER_SCHEMA_V1,CURRENT
681168,"Curvelo, Luis",2026,54,6,11.1,11.1,21.8,54.0,0.387,0.307,0.544,50.0,9.5,80.712816667,,,,0.47,BASEBALL_SAVANT_CURRENT_SEASON,2026-08-26T14:20:46+00:00,SAVANT_PITCHER_SCHEMA_V1,CURRENT
689149,"Dallas, Chad",2026,39,6,15.4,15.4,21.3,48.1,0.32,0.24,0.335,37.0,3.7,82.521875714,,,,0.375,BASEBALL_SAVANT_CURRENT_SEASON,2026-08-26T14:20:46+00:00,SAVANT_PITCHER_SCHEMA_V1,CURRENT
689546,"Davila, Nick",2026,111,13,11.7,9.9,15.9,46.7,0.331,0.27,0.383,28.6,4.8,79.175224048,,,,0.288,BASEBALL_SAVANT_CURRENT_SEASON,2026-08-26T14:20:46+00:00,SAVANT_PITCHER_SCHEMA_V1,CURRENT
699823,"Davis, Tyler",2026,106,22,20.8,14.2,23.4,50.0,0.288,0.219,0.324,43.5,4.3,80.584496,,,,0.262,BASEBALL_SAVANT_CURRENT_SEASON,2026-08-26T14:20:46+00:00,SAVANT_PITCHER_SCHEMA_V1,CURRENT
701474,"Davitt, Duncan",2026,8,1,12.5,12.5,7.7,46.4,0.448,0.357,0.614,83.3,16.7,85.98606,,,,0.501,BASEBALL_SAVANT_CURRENT_SEASON,2026-08-26T14:20:46+00:00,SAVANT_PITCHER_SCHEMA_V1,CURRENT
646241,"De Jesus, Enmanuel",2026,178,39,21.9,8.4,24.2,47.5,0.323,0.253,0.407,43.4,7.4,81.234065167,,,,0.3,BASEBALL_SAVANT_CURRENT_SEASON,2026-08-26T14:20:46+00:00,SAVANT_PITCHER_SCHEMA_V1,CURRENT
660853,"De Los Santos, Enyel",2026,249,54,21.7,5.2,27.5,54.6,0.285,0.236,0.375,36.5,5.0,77.043208444,,,,0.302,BASEBALL_SAVANT_CURRENT_SEASON,2026-08-26T14:20:46+00:00,SAVANT_PITCHER_SCHEMA_V1,CURRENT
660787,"De los Santos, Yerry",2026,75,12,16.0,10.7,14.8,48.6,0.306,0.255,0.356,40.0,3.6,80.007106296,,,,0.262,BASEBALL_SAVANT_CURRENT_SEASON,2026-08-26T14:20:46+00:00,SAVANT_PITCHER_SCHEMA_V1,CURRENT
672282,"Detmers, Reid",2026,603,172,28.5,7.3,29.3,49.1,0.284,0.216,0.364,38.7,8.1,80.188808085,,,,0.273,BASEBALL_SAVANT_CURRENT_SEASON,2026-08-26T14:20:46+00:00,SAVANT_PITCHER_SCHEMA_V1,CURRENT
606965,"Devenski, Chris",2026,12,3,25.0,0.0,21.1,48.7,0.297,0.274,0.425,55.6,22.2,86.852416,,,,0.467,BASEBALL_SAVANT_CURRENT_SEASON,2026-08-26T14:20:46+00:00,SAVANT_PITCHER_SCHEMA_V1,CURRENT
702021,"Dion, Will",2026,126,38,30.2,5.6,28.0,51.4,0.272,0.223,0.343,32.5,5.0,77.990036667,,,,0.277,BASEBALL_SAVANT_CURRENT_SEASON,2026-08-26T14:20:46+00:00,SAVANT_PITCHER_SCHEMA_V1,CURRENT
690928,"Dobbins, Hunter",2026,231,52,22.5,10.4,23.1,44.5,0.307,0.233,0.366,39.2,7.2,77.503833553,,,,0.322,BASEBALL_SAVANT_CURRENT_SEASON,2026-08-26T14:20:46+00:00,SAVANT_PITCHER_SCHEMA_V1,CURRENT
677976,"Dobnak, Randy",2026,196,29,14.8,10.2,20.4,45.7,0.334,0.292,0.385,40.8,3.4,79.738425139,,,,0.299,BASEBALL_SAVANT_CURRENT_SEASON,2026-08-26T14:20:46+00:00,SAVANT_PITCHER_SCHEMA_V1,CURRENT
689266,"Dodd, Dylan",2026,159,43,27.0,8.2,28.3,52.8,0.269,0.198,0.335,36.6,6.9,78.9291556,,,,0.245,BASEBALL_SAVANT_CURRENT_SEASON,2026-08-26T14:20:46+00:00,SAVANT_PITCHER_SCHEMA_V1,CURRENT
801403,"Dollander, Chase",2026,189,47,24.9,9.5,28.0,48.0,0.307,0.217,0.387,52.1,9.9,79.78262,,,,0.32,BASEBALL_SAVANT_CURRENT_SEASON,2026-08-26T14:20:46+00:00,SAVANT_PITCHER_SCHEMA_V1,CURRENT
622554,"Domínguez, Seranthony",2026,207,57,27.5,13.5,28.0,45.7,0.314,0.213,0.369,36.1,8.5,78.18718,,,,0.32,BASEBALL_SAVANT_CURRENT_SEASON,2026-08-26T14:20:46+00:00,SAVANT_PITCHER_SCHEMA_V1,CURRENT
696062,"Dotel, Wilber",2026,123,31,25.2,10.6,25.0,46.8,0.304,0.241,0.36,48.1,3.8,82.216991026,,,,0.299,BASEBALL_SAVANT_CURRENT_SEASON,2026-08-26T14:20:46+00:00,SAVANT_PITCHER_SCHEMA_V1,CURRENT
666808,"Doval, Camilo",2026,227,53,23.3,11.9,27.0,46.4,0.292,0.21,0.324,47.2,6.3,81.045472714,,,,0.309,BASEBALL_SAVANT_CURRENT_SEASON,2026-08-26T14:20:46+00:00,SAVANT_PITCHER_SCHEMA_V1,CURRENT
684442,"Drake, Kohl",2026,77,13,16.9,7.8,21.5,44.3,0.43,0.317,0.625,49.1,16.4,82.506151852,,,,0.397,BASEBALL_SAVANT_CURRENT_SEASON,2026-08-26T14:20:46+00:00,SAVANT_PITCHER_SCHEMA_V1,CURRENT
676263,"Dreyer, Jack",2026,213,66,31.0,8.5,29.0,48.5,0.275,0.211,0.345,40.6,7.1,77.443617903,,,,0.262,BASEBALL_SAVANT_CURRENT_SEASON,2026-08-26T14:20:46+00:00,SAVANT_PITCHER_SCHEMA_V1,CURRENT
675660,"Drohan, Shane",2026,444,104,23.4,8.1,27.1,48.3,0.294,0.23,0.361,37.5,8.0,76.554286712,,,,0.309,BASEBALL_SAVANT_CURRENT_SEASON,2026-08-26T14:20:46+00:00,SAVANT_PITCHER_SCHEMA_V1,CURRENT
650960,"Duarte, Daniel",2026,83,23,27.7,6.0,24.7,53.4,0.232,0.182,0.273,22.2,5.6,68.356094074,,,,0.181,BASEBALL_SAVANT_CURRENT_SEASON,2026-08-26T14:20:46+00:00,SAVANT_PITCHER_SCHEMA_V1,CURRENT
679922,"Duran, Carlos",2026,9,1,11.1,33.3,30.0,28.6,0.333,0.166,0.199,0.0,0.0,67.74778,,,,0.43,BASEBALL_SAVANT_CURRENT_SEASON,2026-08-26T14:20:46+00:00,SAVANT_PITCHER_SCHEMA_V1,CURRENT
661395,"Duran, Jhoan",2026,185,65,35.1,4.3,35.5,52.1,0.227,0.197,0.255,40.4,2.8,79.867285283,,,,0.247,BASEBALL_SAVANT_CURRENT_SEASON,2026-08-26T14:20:46+00:00,SAVANT_PITCHER_SCHEMA_V1,CURRENT
621242,"Díaz, Edwin",2026,79,19,24.1,12.7,22.3,44.6,0.378,0.303,0.456,53.2,8.7,82.717115217,,,,0.468,BASEBALL_SAVANT_CURRENT_SEASON,2026-08-26T14:20:46+00:00,SAVANT_PITCHER_SCHEMA_V1,CURRENT
646242,"Díaz, Jhonathan",2026,6,1,16.7,0.0,0.0,36.0,0.457,0.299,0.796,20.0,20.0,79.036543333,,,,0.49,BASEBALL_SAVANT_CURRENT_SEASON,2026-08-26T14:20:46+00:00,SAVANT_PITCHER_SCHEMA_V1,CURRENT
700270,"Díaz, Yilber",2026,15,3,20.0,13.3,17.2,39.2,0.559,0.436,0.83,40.0,20.0,87.94417,,,,0.717,BASEBALL_SAVANT_CURRENT_SEASON,2026-08-26T14:20:46+00:00,SAVANT_PITCHER_SCHEMA_V1,CURRENT
813349,"Early, Connelly",2026,390,93,23.8,8.7,23.7,46.9,0.32,0.234,0.408,40.9,10.6,80.91466121,,,,0.319,BASEBALL_SAVANT_CURRENT_SEASON,2026-08-26T14:20:46+00:00,SAVANT_PITCHER_SCHEMA_V1,CURRENT
671109,"Eder, Jake",2026,15,1,6.7,6.7,9.1,58.9,0.459,0.363,0.746,69.2,30.8,88.66917,,,,0.249,BASEBALL_SAVANT_CURRENT_SEASON,2026-08-26T14:20:46+00:00,SAVANT_PITCHER_SCHEMA_V1,CURRENT
605218,"Edwards Jr., Carl",2026,25,11,44.0,16.0,51.2,43.4,0.258,0.159,0.25,40.0,10.0,87.795498,,,,0.265,BASEBALL_SAVANT_CURRENT_SEASON,2026-08-26T14:20:46+00:00,SAVANT_PITCHER_SCHEMA_V1,CURRENT
621107,"Eflin, Zach",2026,17,7,41.2,11.8,35.3,45.9,0.307,0.202,0.404,75.0,25.0,92.6260325,,,,0.382,BASEBALL_SAVANT_CURRENT_SEASON,2026-08-26T14:20:46+00:00,SAVANT_PITCHER_SCHEMA_V1,CURRENT
685126,"Eisert, Brandon",2026,150,40,26.7,8.0,30.2,45.5,0.291,0.229,0.37,38.8,7.1,79.354935417,,,,0.348,BASEBALL_SAVANT_CURRENT_SEASON,2026-08-26T14:20:46+00:00,SAVANT_PITCHER_SCHEMA_V1,CURRENT
694795,"Ekness, Josh",2026,69,11,15.9,11.6,19.7,41.8,0.327,0.241,0.393,32.7,8.2,74.696794583,,,,0.259,BASEBALL_SAVANT_CURRENT_SEASON,2026-08-26T14:20:46+00:00,SAVANT_PITCHER_SCHEMA_V1,CURRENT
693821,"Elder, Bryce",2026,606,118,19.5,7.6,21.9,46.5,0.309,0.251,0.394,39.7,6.2,79.88921414,,,,0.307,BASEBALL_SAVANT_CURRENT_SEASON,2026-08-26T14:20:46+00:00,SAVANT_PITCHER_SCHEMA_V1,CURRENT
592288,"Emanuel, Kent",2026,23,4,17.4,13.0,20.9,44.8,0.306,0.204,0.319,40.0,6.7,81.73518875,,,,0.379,BASEBALL_SAVANT_CURRENT_SEASON,2026-08-26T14:20:46+00:00,SAVANT_PITCHER_SCHEMA_V1,CURRENT
669438,"Englert, Mason",2026,157,32,20.4,5.1,23.9,52.7,0.365,0.28,0.549,38.1,14.9,78.097653929,,,,0.37,BASEBALL_SAVANT_CURRENT_SEASON,2026-08-26T14:20:46+00:00,SAVANT_PITCHER_SCHEMA_V1,CURRENT
608650,"Enns, Dietrich",2026,70,13,18.6,15.7,23.1,46.0,0.301,0.211,0.335,39.1,6.5,83.083950455,,,,0.306,BASEBALL_SAVANT_CURRENT_SEASON,2026-08-26T14:20:46+00:00,SAVANT_PITCHER_SCHEMA_V1,CURRENT
543135,"Eovaldi, Nathan",2026,555,137,24.7,5.8,30.5,52.2,0.316,0.25,0.421,41.5,8.7,77.256841852,,,,0.323,BASEBALL_SAVANT_CURRENT_SEASON,2026-08-26T14:20:46+00:00,SAVANT_PITCHER_SCHEMA_V1,CURRENT
668674,"Erceg, Lucas",2026,208,31,14.9,13.9,20.8,47.2,0.339,0.263,0.361,38.7,4.9,73.744503143,,,,0.391,BASEBALL_SAVANT_CURRENT_SEASON,2026-08-26T14:20:46+00:00,SAVANT_PITCHER_SCHEMA_V1,CURRENT
664744,"Espada, Jose",2026,4,0,0.0,0.0,14.3,46.7,0.34,0.364,0.412,50.0,0.0,87.53446,,,,0.445,BASEBALL_SAVANT_CURRENT_SEASON,2026-08-26T14:20:46+00:00,SAVANT_PITCHER_SCHEMA_V1,CURRENT
682982,"Espino, Daniel",2026,27,12,44.4,14.8,43.4,44.2,0.279,0.203,0.278,45.5,9.1,76.364885,,,,0.325,BASEBALL_SAVANT_CURRENT_SEASON,2026-08-26T14:20:46+00:00,SAVANT_PITCHER_SCHEMA_V1,CURRENT
683155,"Estes, Joey",2026,18,4,22.2,5.6,32.4,52.1,0.263,0.237,0.351,30.8,7.7,86.68129,,,,0.431,BASEBALL_SAVANT_CURRENT_SEASON,2026-08-26T14:20:46+00:00,SAVANT_PITCHER_SCHEMA_V1,CURRENT
669093,"Estrada, Jeremiah",2026,126,38,30.2,12.7,31.7,46.9,0.286,0.21,0.315,33.3,6.9,73.665732,,,,0.259,BASEBALL_SAVANT_CURRENT_SEASON,2026-08-26T14:20:46+00:00,SAVANT_PITCHER_SCHEMA_V1,CURRENT
681751,"Estrada, Lazaro",2026,57,9,15.8,17.5,23.8,44.3,0.333,0.217,0.366,40.5,8.1,80.22987,,,,0.294,BASEBALL_SAVANT_CURRENT_SEASON,2026-08-26T14:20:46+00:00,SAVANT_PITCHER_SCHEMA_V1,CURRENT
608032,"Estévez, Carlos",2026,7,0,0.0,28.6,11.1,33.3,0.628,0.494,0.917,80.0,20.0,87.839516667,,,,0.874,BASEBALL_SAVANT_CURRENT_SEASON,2026-08-26T14:20:46+00:00,SAVANT_PITCHER_SCHEMA_V1,CURRENT
664126,"Fairbanks, Pete",2026,177,57,32.2,10.7,31.8,45.5,0.318,0.209,0.423,42.9,12.4,81.305678958,,,,0.325,BASEBALL_SAVANT_CURRENT_SEASON,2026-08-26T14:20:46+00:00,SAVANT_PITCHER_SCHEMA_V1,CURRENT
663559,"Falter, Bailey",2026,57,6,10.5,10.5,20.0,44.4,0.415,0.355,0.537,44.4,6.7,80.644162273,,,,0.549,BASEBALL_SAVANT_CURRENT_SEASON,2026-08-26T14:20:46+00:00,SAVANT_PITCHER_SCHEMA_V1,CURRENT
815083,"Farris, Mitch",2026,204,49,24.0,11.3,27.7,44.2,0.351,0.268,0.45,48.8,8.5,79.606484769,,,,0.366,BASEBALL_SAVANT_CURRENT_SEASON,2026-08-26T14:20:46+00:00,SAVANT_PITCHER_SCHEMA_V1,CURRENT
676534,"Faucher, Calvin",2026,244,63,25.8,13.1,26.6,42.4,0.299,0.226,0.319,39.7,5.5,76.901946528,,,,0.284,BASEBALL_SAVANT_CURRENT_SEASON,2026-08-26T14:20:46+00:00,SAVANT_PITCHER_SCHEMA_V1,CURRENT
607200,"Fedde, Erick",2026,512,84,16.4,8.4,18.1,42.4,0.332,0.259,0.441,39.7,8.2,77.387381842,,,,0.337,BASEBALL_SAVANT_CURRENT_SEASON,2026-08-26T14:20:46+00:00,SAVANT_PITCHER_SCHEMA_V1,CURRENT
663372,"Feltner, Ryan",2026,436,70,16.1,9.9,23.5,48.3,0.357,0.268,0.49,37.9,10.9,75.352740943,,,,0.373,BASEBALL_SAVANT_CURRENT_SEASON,2026-08-26T14:20:46+00:00,SAVANT_PITCHER_SCHEMA_V1,CURRENT
657571,"Ferguson, Caleb",2026,143,30,21.0,12.6,19.8,45.6,0.323,0.247,0.397,36.2,6.5,76.385198936,,,,0.353,BASEBALL_SAVANT_CURRENT_SEASON,2026-08-26T14:20:46+00:00,SAVANT_PITCHER_SCHEMA_V1,CURRENT
621053,"Ferguson, Tyler",2026,70,20,28.6,2.9,31.0,50.4,0.332,0.235,0.483,46.7,17.8,81.933524545,,,,0.328,BASEBALL_SAVANT_CURRENT_SEASON,2026-08-26T14:20:46+00:00,SAVANT_PITCHER_SCHEMA_V1,CURRENT
820862,"Fermin, José",2026,196,54,27.6,10.2,30.8,49.6,0.327,0.242,0.404,44.9,9.3,82.384818305,,,,0.312,BASEBALL_SAVANT_CURRENT_SEASON,2026-08-26T14:20:46+00:00,SAVANT_PITCHER_SCHEMA_V1,CURRENT
681676,"Fernandez, Ryan",2026,76,23,30.3,9.2,34.3,47.8,0.294,0.226,0.37,39.1,6.5,72.003814783,,,,0.307,BASEBALL_SAVANT_CURRENT_SEASON,2026-08-26T14:20:46+00:00,SAVANT_PITCHER_SCHEMA_V1,CURRENT
642759,"Fernández, Julian",2026,18,3,16.7,11.1,27.6,40.8,0.301,0.204,0.414,53.8,7.7,81.960183333,,,,0.29,BASEBALL_SAVANT_CURRENT_SEASON,2026-08-26T14:20:46+00:00,SAVANT_PITCHER_SCHEMA_V1,CURRENT
678606,"Ferrer, José A.",2026,239,44,18.4,5.9,19.4,51.4,0.294,0.24,0.367,36.6,5.7,75.513823256,,,,0.321,BASEBALL_SAVANT_CURRENT_SEASON,2026-08-26T14:20:46+00:00,SAVANT_PITCHER_SCHEMA_V1,CURRENT
670036,"Festa, Matt",2026,244,62,25.4,6.6,28.2,47.7,0.3,0.233,0.374,41.3,8.1,76.125047722,,,,0.327,BASEBALL_SAVANT_CURRENT_SEASON,2026-08-26T14:20:46+00:00,SAVANT_PITCHER_SCHEMA_V1,CURRENT
640448,"Finnegan, Kyle",2026,232,41,17.7,13.8,25.7,46.0,0.349,0.253,0.43,43.7,8.9,78.667073077,,,,0.358,BASEBALL_SAVANT_CURRENT_SEASON,2026-08-26T14:20:46+00:00,SAVANT_PITCHER_SCHEMA_V1,CURRENT
680755,"Fisher, Braydon",2026,269,61,22.7,13.0,27.0,44.1,0.309,0.22,0.356,37.1,10.0,76.523931687,,,,0.294,BASEBALL_SAVANT_CURRENT_SEASON,2026-08-26T14:20:46+00:00,SAVANT_PITCHER_SCHEMA_V1,CURRENT
702153,"Fitzpatrick, Brian",2026,30,5,16.7,10.0,23.2,51.4,0.257,0.212,0.265,22.7,4.5,66.701354545,,,,0.29,BASEBALL_SAVANT_CURRENT_SEASON,2026-08-26T14:20:46+00:00,SAVANT_PITCHER_SCHEMA_V1,CURRENT
656427,"Flaherty, Jack",2026,389,102,26.2,10.8,27.1,45.1,0.323,0.236,0.394,46.2,8.4,80.250628803,,,,0.33,BASEBALL_SAVANT_CURRENT_SEASON,2026-08-26T14:20:46+00:00,SAVANT_PITCHER_SCHEMA_V1,CURRENT
676596,"Fleming, Josh",2026,18,1,5.6,11.1,13.5,48.1,0.47,0.36,0.632,64.3,7.1,81.500634286,,,,0.479,BASEBALL_SAVANT_CURRENT_SEASON,2026-08-26T14:20:46+00:00,SAVANT_PITCHER_SCHEMA_V1,CURRENT
689254,"Fluharty, Mason",2026,223,56,25.1,10.3,28.4,49.3,0.262,0.19,0.314,31.5,7.0,75.080360857,,,,0.291,BASEBALL_SAVANT_CURRENT_SEASON,2026-08-26T14:20:46+00:00,SAVANT_PITCHER_SCHEMA_V1,CURRENT
671345,"Foley, Jason",2026,53,10,18.9,9.4,18.3,42.1,0.254,0.205,0.307,31.6,5.3,73.444485263,,,,0.275,BASEBALL_SAVANT_CURRENT_SEASON,2026-08-26T14:20:46+00:00,SAVANT_PITCHER_SCHEMA_V1,CURRENT
671382,"Foster, Cameron",2026,49,9,18.4,16.3,27.9,45.5,0.336,0.254,0.358,28.1,6.5,77.011053125,,,,0.461,BASEBALL_SAVANT_CURRENT_SEASON,2026-08-26T14:20:46+00:00,SAVANT_PITCHER_SCHEMA_V1,CURRENT
641585,"France, J.P.",2026,31,4,12.9,16.1,15.1,45.3,0.42,0.293,0.534,42.9,14.3,78.453961818,,,,0.358,BASEBALL_SAVANT_CURRENT_SEASON,2026-08-26T14:20:46+00:00,SAVANT_PITCHER_SCHEMA_V1,CURRENT
683742,"Franco, Jose",2026,92,15,16.3,16.3,20.6,44.5,0.347,0.236,0.392,33.9,10.0,77.378844333,,,,0.363,BASEBALL_SAVANT_CURRENT_SEASON,2026-08-26T14:20:46+00:00,SAVANT_PITCHER_SCHEMA_V1,CURRENT
693308,"Frasso, Nick",2026,39,8,20.5,2.6,23.0,51.0,0.347,0.288,0.455,34.5,6.9,84.352737143,,,,0.348,BASEBALL_SAVANT_CURRENT_SEASON,2026-08-26T14:20:46+00:00,SAVANT_PITCHER_SCHEMA_V1,CURRENT
607536,"Freeland, Kyle",2026,554,103,18.6,5.1,22.5,50.9,0.346,0.282,0.476,42.4,10.6,79.248897136,,,,0.371,BASEBALL_SAVANT_CURRENT_SEASON,2026-08-26T14:20:46+00:00,SAVANT_PITCHER_SCHEMA_V1,CURRENT
608331,"Fried, Max",2026,332,79,23.8,8.1,24.6,45.4,0.248,0.2,0.264,31.3,1.8,74.965359455,,,,0.24,BASEBALL_SAVANT_CURRENT_SEASON,2026-08-26T14:20:46+00:00,SAVANT_PITCHER_SCHEMA_V1,CURRENT
800311,"Fuentes, Didier",2026,233,74,31.8,6.4,30.8,52.9,0.265,0.214,0.332,36.6,6.4,78.795249,,,,0.263,BASEBALL_SAVANT_CURRENT_SEASON,2026-08-26T14:20:46+00:00,SAVANT_PITCHER_SCHEMA_V1,CURRENT
605242,"Fulmer, Michael",2026,15,4,26.7,13.3,30.8,45.6,0.34,0.329,0.39,11.1,0.0,76.956748,,,,0.177,BASEBALL_SAVANT_CURRENT_SEASON,2026-08-26T14:20:46+00:00,SAVANT_PITCHER_SCHEMA_V1,CURRENT
690978,"Fulton, Dax",2026,57,12,21.1,17.5,28.4,42.7,0.301,0.211,0.289,31.4,5.7,75.972634444,,,,0.294,BASEBALL_SAVANT_CURRENT_SEASON,2026-08-26T14:20:46+00:00,SAVANT_PITCHER_SCHEMA_V1,CURRENT
681892,"Funderburk, Kody",2026,175,34,19.4,13.7,22.7,43.6,0.304,0.226,0.321,27.0,5.2,71.832717407,,,,0.274,BASEBALL_SAVANT_CURRENT_SEASON,2026-08-26T14:20:46+00:00,SAVANT_PITCHER_SCHEMA_V1,CURRENT
683769,"Gaddis, Hunter",2026,196,43,21.9,9.2,30.1,51.1,0.316,0.252,0.388,31.1,8.3,77.073065077,,,,0.299,BASEBALL_SAVANT_CURRENT_SEASON,2026-08-26T14:20:46+00:00,SAVANT_PITCHER_SCHEMA_V1,CURRENT
657424,"Gage, Matt",2026,126,22,17.5,13.5,24.4,47.5,0.352,0.257,0.43,31.4,10.5,75.21335907,,,,0.376,BASEBALL_SAVANT_CURRENT_SEASON,2026-08-26T14:20:46+00:00,SAVANT_PITCHER_SCHEMA_V1,CURRENT
668678,"Gallen, Zac",2026,440,61,13.9,7.0,19.0,46.0,0.383,0.312,0.531,44.7,11.0,80.244577427,,,,0.373,BASEBALL_SAVANT_CURRENT_SEASON,2026-08-26T14:20:46+00:00,SAVANT_PITCHER_SCHEMA_V1,CURRENT
687941,"Gamboa, Alec",2026,80,14,17.5,7.5,18.6,55.7,0.246,0.182,0.271,31.7,3.4,77.585932414,,,,0.249,BASEBALL_SAVANT_CURRENT_SEASON,2026-08-26T14:20:46+00:00,SAVANT_PITCHER_SCHEMA_V1,CURRENT
805299,"Garcia, Brandyn",2026,141,43,30.5,6.4,26.6,44.6,0.233,0.174,0.267,34.1,4.7,78.775823415,,,,0.227,BASEBALL_SAVANT_CURRENT_SEASON,2026-08-26T14:20:46+00:00,SAVANT_PITCHER_SCHEMA_V1,CURRENT
670062,"Garcia, Julian",2026,121,29,24.0,10.7,28.9,45.8,0.265,0.19,0.303,33.3,5.2,77.785543846,,,,0.252,BASEBALL_SAVANT_CURRENT_SEASON,2026-08-26T14:20:46+00:00,SAVANT_PITCHER_SCHEMA_V1,CURRENT
670329,"Garcia, Rico",2026,216,57,26.4,8.3,33.0,49.4,0.271,0.205,0.345,34.3,6.4,74.83322942,,,,0.249,BASEBALL_SAVANT_CURRENT_SEASON,2026-08-26T14:20:46+00:00,SAVANT_PITCHER_SCHEMA_V1,CURRENT
676395,"Garcia, Robert",2026,34,6,17.6,20.6,30.6,40.5,0.333,0.239,0.31,33.3,0.0,78.782930909,,,,0.285,BASEBALL_SAVANT_CURRENT_SEASON,2026-08-26T14:20:46+00:00,SAVANT_PITCHER_SCHEMA_V1,CURRENT
472610,"García, Luis",2026,74,6,8.1,8.1,20.9,52.5,0.397,0.329,0.522,44.3,5.2,76.053356552,,,,0.415,BASEBALL_SAVANT_CURRENT_SEASON,2026-08-26T14:20:46+00:00,SAVANT_PITCHER_SCHEMA_V1,CURRENT
666129,"Garrett, Braxton",2026,28,5,17.9,28.6,23.5,39.5,0.386,0.24,0.389,26.7,14.3,72.225621429,,,,0.475,BASEBALL_SAVANT_CURRENT_SEASON,2026-08-26T14:20:46+00:00,SAVANT_PITCHER_SCHEMA_V1,CURRENT
688107,"Gasser, Robert",2026,333,72,21.6,6.6,22.2,50.3,0.317,0.251,0.402,35.1,6.5,75.475179737,,,,0.335,BASEBALL_SAVANT_CURRENT_SEASON,2026-08-26T14:20:46+00:00,SAVANT_PITCHER_SCHEMA_V1,CURRENT
703725,"Gastelum, Luis",2026,89,25,28.1,6.7,35.1,49.4,0.316,0.233,0.439,26.3,10.5,75.092145357,,,,0.353,BASEBALL_SAVANT_CURRENT_SEASON,2026-08-26T14:20:46+00:00,SAVANT_PITCHER_SCHEMA_V1,CURRENT
592332,"Gausman, Kevin",2026,633,149,23.5,6.5,27.1,49.9,0.304,0.247,0.397,38.9,7.0,76.347345622,,,,0.309,BASEBALL_SAVANT_CURRENT_SEASON,2026-08-26T14:20:46+00:00,SAVANT_PITCHER_SCHEMA_V1,CURRENT
680702,"Gerber, Joey",2026,34,8,23.5,11.8,23.5,39.5,0.309,0.23,0.373,54.5,9.1,85.731002727,,,,0.306,BASEBALL_SAVANT_CURRENT_SEASON,2026-08-26T14:20:46+00:00,SAVANT_PITCHER_SCHEMA_V1,CURRENT
801434,"Gervase, Paul",2026,34,8,23.5,14.7,28.0,40.3,0.306,0.238,0.313,42.9,4.8,79.634576,,,,0.286,BASEBALL_SAVANT_CURRENT_SEASON,2026-08-26T14:20:46+00:00,SAVANT_PITCHER_SCHEMA_V1,CURRENT
806188,"Gibson, Cade",2026,176,32,18.2,10.8,21.5,44.1,0.308,0.246,0.328,37.8,3.4,74.615909831,,,,0.337,BASEBALL_SAVANT_CURRENT_SEASON,2026-08-26T14:20:46+00:00,SAVANT_PITCHER_SCHEMA_V1,CURRENT
694346,"Gibson, Trey",2026,161,30,18.6,15.5,22.7,41.2,0.391,0.291,0.487,47.6,9.6,80.213684808,,,,0.385,BASEBALL_SAVANT_CURRENT_SEASON,2026-08-26T14:20:46+00:00,SAVANT_PITCHER_SCHEMA_V1,CURRENT
661563,"Gil, Luis",2026,85,9,10.6,12.9,18.5,38.6,0.385,0.262,0.498,46.8,9.7,83.967854839,,,,0.368,BASEBALL_SAVANT_CURRENT_SEASON,2026-08-26T14:20:46+00:00,SAVANT_PITCHER_SCHEMA_V1,CURRENT
669302,"Gilbert, Logan",2026,616,162,26.3,6.3,29.7,50.1,0.298,0.234,0.394,41.5,10.0,79.217728168,,,,0.284,BASEBALL_SAVANT_CURRENT_SEASON,2026-08-26T14:20:46+00:00,SAVANT_PITCHER_SCHEMA_V1,CURRENT
656457,"Gilbert, Tyler",2026,22,3,13.6,18.2,16.7,44.7,0.496,0.342,0.728,46.7,20.0,84.32625375,,,,0.566,BASEBALL_SAVANT_CURRENT_SEASON,2026-08-26T14:20:46+00:00,SAVANT_PITCHER_SCHEMA_V1,CURRENT
656464,"Ginkel, Kevin",2026,222,53,23.9,6.8,30.2,50.3,0.299,0.231,0.404,39.6,9.7,78.549141733,,,,0.287,BASEBALL_SAVANT_CURRENT_SEASON,2026-08-26T14:20:46+00:00,SAVANT_PITCHER_SCHEMA_V1,CURRENT
669372,"Ginn, J.T.",2026,555,118,21.3,9.9,26.9,45.9,0.306,0.237,0.357,35.1,5.4,75.79677459,,,,0.298,BASEBALL_SAVANT_CURRENT_SEASON,2026-08-26T14:20:46+00:00,SAVANT_PITCHER_SCHEMA_V1,CURRENT
608337,"Giolito, Lucas",2026,138,18,13.0,16.7,24.0,40.8,0.357,0.262,0.406,43.8,4.2,79.514155,,,,0.37,BASEBALL_SAVANT_CURRENT_SEASON,2026-08-26T14:20:46+00:00,SAVANT_PITCHER_SCHEMA_V1,CURRENT
607192,"Glasnow, Tyler",2026,169,56,33.1,7.7,30.4,44.0,0.246,0.183,0.313,38.0,7.0,81.465825,,,,0.237,BASEBALL_SAVANT_CURRENT_SEASON,2026-08-26T14:20:46+00:00,SAVANT_PITCHER_SCHEMA_V1,CURRENT
808970,"Go, Woo-Suk",2026,22,5,22.7,9.1,25.0,51.2,0.386,0.28,0.559,53.3,20.0,86.34186125,,,,0.543,BASEBALL_SAVANT_CURRENT_SEASON,2026-08-26T14:20:46+00:00,SAVANT_PITCHER_SCHEMA_V1,CURRENT
594835,"Gonzales, Marco",2026,29,3,10.3,13.8,17.3,44.1,0.267,0.208,0.294,22.7,4.5,75.285237273,,,,0.324,BASEBALL_SAVANT_CURRENT_SEASON,2026-08-26T14:20:46+00:00,SAVANT_PITCHER_SCHEMA_V1,CURRENT
682445,"Gonzalez, Domingo",2026,36,5,13.9,13.9,19.7,47.3,0.453,0.355,0.618,52.0,12.0,83.6009,,,,0.383,BASEBALL_SAVANT_CURRENT_SEASON,2026-08-26T14:20:46+00:00,SAVANT_PITCHER_SCHEMA_V1,CURRENT
676467,"Gordon, Colton",2026,50,11,22.0,6.0,17.2,49.0,0.41,0.327,0.587,48.6,11.4,76.891449412,,,,0.589,BASEBALL_SAVANT_CURRENT_SEASON,2026-08-26T14:20:46+00:00,SAVANT_PITCHER_SCHEMA_V1,CURRENT
685299,"Gordon, Tanner",2026,338,64,18.9,4.4,22.6,52.6,0.333,0.265,0.473,44.0,10.1,82.141212063,,,,0.382,BASEBALL_SAVANT_CURRENT_SEASON,2026-08-26T14:20:46+00:00,SAVANT_PITCHER_SCHEMA_V1,CURRENT
669022,"Gore, MacKenzie",2026,619,161,26.0,8.4,26.9,49.6,0.302,0.234,0.376,41.9,9.0,77.277970253,,,,0.305,BASEBALL_SAVANT_CURRENT_SEASON,2026-08-26T14:20:46+00:00,SAVANT_PITCHER_SCHEMA_V1,CURRENT
700669,"Graceffo, Gordon",2026,253,38,15.0,11.9,17.5,44.6,0.343,0.252,0.446,45.4,9.8,82.198383956,,,,0.27,BASEBALL_SAVANT_CURRENT_SEASON,2026-08-26T14:20:46+00:00,SAVANT_PITCHER_SCHEMA_V1,CURRENT
701552,"Granillo, Andre",2026,50,3,6.0,16.0,9.5,37.4,0.394,0.295,0.44,39.5,13.2,82.122428889,,,,0.427,BASEBALL_SAVANT_CURRENT_SEASON,2026-08-26T14:20:46+00:00,SAVANT_PITCHER_SCHEMA_V1,CURRENT
682608,"Gray, Peyton",2026,233,56,24.0,6.9,25.9,49.8,0.291,0.232,0.374,35.0,7.7,75.354458442,,,,0.316,BASEBALL_SAVANT_CURRENT_SEASON,2026-08-26T14:20:46+00:00,SAVANT_PITCHER_SCHEMA_V1,CURRENT
543243,"Gray, Sonny",2026,563,123,21.8,6.4,22.6,47.1,0.295,0.245,0.371,38.3,6.6,79.088285838,,,,0.3,BASEBALL_SAVANT_CURRENT_SEASON,2026-08-26T14:20:46+00:00,SAVANT_PITCHER_SCHEMA_V1,CURRENT
668881,"Greene, Hunter",2026,121,33,27.3,7.4,27.2,53.3,0.325,0.268,0.429,46.8,5.1,79.592857692,,,,0.322,BASEBALL_SAVANT_CURRENT_SEASON,2026-08-26T14:20:46+00:00,SAVANT_PITCHER_SCHEMA_V1,CURRENT
656492,"Griffin, Foster",2026,611,135,22.1,6.2,23.1,48.5,0.317,0.254,0.418,37.7,9.1,75.975109242,,,,0.302,BASEBALL_SAVANT_CURRENT_SEASON,2026-08-26T14:20:46+00:00,SAVANT_PITCHER_SCHEMA_V1,CURRENT
675627,"Grove, Michael",2026,28,6,21.4,0.0,28.9,50.6,0.423,0.289,0.708,36.4,18.2,80.771469091,,,,0.36,BASEBALL_SAVANT_CURRENT_SEASON,2026-08-26T14:20:46+00:00,SAVANT_PITCHER_SCHEMA_V1,CURRENT
594027,"Guerrero, Tyron",2026,147,35,23.8,4.1,23.7,56.7,0.253,0.221,0.312,33.7,3.9,72.783441837,,,,0.26,BASEBALL_SAVANT_CURRENT_SEASON,2026-08-26T14:20:46+00:00,SAVANT_PITCHER_SCHEMA_V1,CURRENT
687473,"Gusto, Ryan",2026,255,51,20.0,5.9,20.9,50.0,0.319,0.265,0.42,43.9,8.6,80.165081489,,,,0.324,BASEBALL_SAVANT_CURRENT_SEASON,2026-08-26T14:20:46+00:00,SAVANT_PITCHER_SCHEMA_V1,CURRENT
672782,"Gómez, Yoendrys",2026,250,52,20.8,12.0,24.8,47.4,0.348,0.255,0.443,44.9,9.1,77.672239878,,,,0.312,BASEBALL_SAVANT_CURRENT_SEASON,2026-08-26T14:20:46+00:00,SAVANT_PITCHER_SCHEMA_V1,CURRENT
623352,"Hader, Josh",2026,124,44,35.5,8.9,36.7,53.3,0.217,0.152,0.246,34.8,7.2,74.766716,,,,0.171,BASEBALL_SAVANT_CURRENT_SEASON,2026-08-26T14:20:46+00:00,SAVANT_PITCHER_SCHEMA_V1,CURRENT
669084,"Hall, DL",2026,170,45,26.5,16.5,27.8,40.8,0.285,0.19,0.275,30.2,5.3,77.165829375,,,,0.251,BASEBALL_SAVANT_CURRENT_SEASON,2026-08-26T14:20:46+00:00,SAVANT_PITCHER_SCHEMA_V1,CURRENT
678020,"Halvorsen, Seth",2026,100,17,17.0,16.0,22.8,46.6,0.39,0.309,0.483,37.3,6.0,81.22622697,,,,0.357,BASEBALL_SAVANT_CURRENT_SEASON,2026-08-26T14:20:46+00:00,SAVANT_PITCHER_SCHEMA_V1,CURRENT
641656,"Hamilton, Ian",2026,23,4,17.4,13.0,28.6,45.7,0.342,0.307,0.356,50.0,0.0,82.314115,,,,0.355,BASEBALL_SAVANT_CURRENT_SEASON,2026-08-26T14:20:46+00:00,SAVANT_PITCHER_SCHEMA_V1,CURRENT
676106,"Hancock, Emerson",2026,543,125,23.0,5.9,23.7,51.8,0.304,0.241,0.405,41.6,8.2,78.98619836,,,,0.295,BASEBALL_SAVANT_CURRENT_SEASON,2026-08-26T14:20:46+00:00,SAVANT_PITCHER_SCHEMA_V1,CURRENT
669724,"Hanifee, Brenan",2026,93,10,10.8,7.5,14.4,45.5,0.37,0.301,0.5,45.3,8.1,80.043368056,,,,0.369,BASEBALL_SAVANT_CURRENT_SEASON,2026-08-26T14:20:46+00:00,SAVANT_PITCHER_SCHEMA_V1,CURRENT
690440,"Hanner, Bradley",2026,18,6,33.3,0.0,23.1,54.9,0.385,0.328,0.577,66.7,16.7,89.940901667,,,,0.465,BASEBALL_SAVANT_CURRENT_SEASON,2026-08-26T14:20:46+00:00,SAVANT_PITCHER_SCHEMA_V1,CURRENT
663687,"Harris, Hogan",2026,263,76,28.9,13.7,25.7,43.1,0.296,0.207,0.316,33.1,5.5,76.732314306,,,,0.32,BASEBALL_SAVANT_CURRENT_SEASON,2026-08-26T14:20:46+00:00,SAVANT_PITCHER_SCHEMA_V1,CURRENT
805345,"Harris, Trent",2026,38,13,34.2,13.2,28.4,40.6,0.27,0.204,0.273,30.0,0.0,71.632084,,,,0.35,BASEBALL_SAVANT_CURRENT_SEASON,2026-08-26T14:20:46+00:00,SAVANT_PITCHER_SCHEMA_V1,CURRENT
690986,"Harrison, Kyle",2026,423,127,30.0,6.4,29.1,48.6,0.28,0.224,0.353,35.8,6.8,78.557454198,,,,0.293,BASEBALL_SAVANT_CURRENT_SEASON,2026-08-26T14:20:46+00:00,SAVANT_PITCHER_SCHEMA_V1,CURRENT
606996,"Hart, Kyle",2026,219,50,22.8,7.8,22.6,43.8,0.273,0.208,0.331,28.2,6.1,75.942622254,,,,0.288,BASEBALL_SAVANT_CURRENT_SEASON,2026-08-26T14:20:46+00:00,SAVANT_PITCHER_SCHEMA_V1,CURRENT
664129,"Hartlieb, Geoff",2026,64,6,9.4,14.1,24.5,47.0,0.327,0.254,0.389,40.8,8.2,81.3927448,,,,0.392,BASEBALL_SAVANT_CURRENT_SEASON,2026-08-26T14:20:46+00:00,SAVANT_PITCHER_SCHEMA_V1,CURRENT
640451,"Harvey, Hunter",2026,18,4,22.2,5.6,20.0,46.1,0.344,0.216,0.563,38.5,23.1,86.411897143,,,,0.415,BASEBALL_SAVANT_CURRENT_SEASON,2026-08-26T14:20:46+00:00,SAVANT_PITCHER_SCHEMA_V1,CURRENT
687396,"Headrick, Brent",2026,276,84,30.4,7.2,32.0,53.7,0.269,0.222,0.33,38.4,4.7,77.355087711,,,,0.285,BASEBALL_SAVANT_CURRENT_SEASON,2026-08-26T14:20:46+00:00,SAVANT_PITCHER_SCHEMA_V1,CURRENT
669169,"Heasley, Jonathan",2026,19,2,10.5,0.0,7.9,59.4,0.479,0.352,0.791,58.8,11.8,88.27628,,,,0.536,BASEBALL_SAVANT_CURRENT_SEASON,2026-08-26T14:20:46+00:00,SAVANT_PITCHER_SCHEMA_V1,CURRENT
595978,"Hedges, Austin",2026,12,1,8.3,0.0,6.7,50.0,0.275,0.284,0.355,27.3,0.0,85.548928333,,,,0.297,BASEBALL_SAVANT_CURRENT_SEASON,2026-08-26T14:20:46+00:00,SAVANT_PITCHER_SCHEMA_V1,CURRENT
664854,"Helsley, Ryan",2026,68,21,30.9,13.2,37.9,45.4,0.265,0.185,0.296,47.4,5.3,79.373765789,,,,0.319,BASEBALL_SAVANT_CURRENT_SEASON,2026-08-26T14:20:46+00:00,SAVANT_PITCHER_SCHEMA_V1,CURRENT
701656,"Henderson, Logan",2026,264,79,29.9,5.3,27.1,53.5,0.257,0.205,0.335,38.2,7.6,77.123101905,,,,0.262,BASEBALL_SAVANT_CURRENT_SEASON,2026-08-26T14:20:46+00:00,SAVANT_PITCHER_SCHEMA_V1,CURRENT
683618,"Henriquez, Edgardo",2026,210,58,27.6,11.0,29.8,48.6,0.247,0.172,0.236,25.8,2.4,70.994553,,,,0.243,BASEBALL_SAVANT_CURRENT_SEASON,2026-08-26T14:20:46+00:00,SAVANT_PITCHER_SCHEMA_V1,CURRENT
669371,"Henry, Cole",2026,71,15,21.1,11.3,23.3,47.2,0.374,0.256,0.478,40.9,13.6,78.079554545,,,,0.409,BASEBALL_SAVANT_CURRENT_SEASON,2026-08-26T14:20:46+00:00,SAVANT_PITCHER_SCHEMA_V1,CURRENT
656529,"Hentges, Sam",2026,154,35,22.7,14.9,27.8,43.1,0.303,0.215,0.301,30.4,4.3,77.820904222,,,,0.303,BASEBALL_SAVANT_CURRENT_SEASON,2026-08-26T14:20:46+00:00,SAVANT_PITCHER_SCHEMA_V1,CURRENT
623474,"Herget, Jimmy",2026,178,36,20.2,12.4,25.7,46.4,0.327,0.241,0.406,36.4,9.3,77.204087414,,,,0.364,BASEBALL_SAVANT_CURRENT_SEASON,2026-08-26T14:20:46+00:00,SAVANT_PITCHER_SCHEMA_V1,CURRENT
643361,"Herget, Kevin",2026,3,0,0.0,0.0,0.0,45.5,0.128,0.125,0.178,33.3,0.0,90.65818,,,,0.0,BASEBALL_SAVANT_CURRENT_SEASON,2026-08-26T14:20:46+00:00,SAVANT_PITCHER_SCHEMA_V1,CURRENT
622694,"Hernández, Elieser",2026,28,6,21.4,14.3,28.8,47.3,0.247,0.184,0.26,27.8,5.6,76.435382222,,,,0.318,BASEBALL_SAVANT_CURRENT_SEASON,2026-08-26T14:20:46+00:00,SAVANT_PITCHER_SCHEMA_V1,CURRENT
642546,"Hernández, Jonathan",2026,109,22,20.2,11.9,19.9,43.8,0.32,0.255,0.389,40.5,5.5,77.904588919,,,,0.304,BASEBALL_SAVANT_CURRENT_SEASON,2026-08-26T14:20:46+00:00,SAVANT_PITCHER_SCHEMA_V1,CURRENT
700327,"Herrera, Welinton",2026,10,2,20.0,10.0,19.0,46.7,0.333,0.288,0.387,57.1,0.0,90.41355,,,,0.248,BASEBALL_SAVANT_CURRENT_SEASON,2026-08-26T14:20:46+00:00,SAVANT_PITCHER_SCHEMA_V1,CURRENT
682120,"Herrin, Tim",2026,191,41,21.5,12.6,31.3,46.2,0.305,0.205,0.351,38.0,8.3,77.009000667,,,,0.31,BASEBALL_SAVANT_CURRENT_SEASON,2026-08-26T14:20:46+00:00,SAVANT_PITCHER_SCHEMA_V1,CURRENT
676051,"Heuer, Codi",2026,46,6,13.0,10.9,25.3,43.9,0.335,0.269,0.382,52.9,2.9,84.653851765,,,,0.355,BASEBALL_SAVANT_CURRENT_SEASON,2026-08-26T14:20:46+00:00,SAVANT_PITCHER_SCHEMA_V1,CURRENT
663855,"Hicks, Jordan",2026,179,49,27.4,14.0,25.9,44.9,0.27,0.211,0.273,33.7,1.9,78.278348039,,,,0.31,BASEBALL_SAVANT_CURRENT_SEASON,2026-08-26T14:20:46+00:00,SAVANT_PITCHER_SCHEMA_V1,CURRENT
664731,"Higgins, P.J.",2026,3,1,33.3,0.0,40.0,50.0,0.034,0.03,0.045,0.0,0.0,76.57081,,,,0.0,BASEBALL_SAVANT_CURRENT_SEASON,2026-08-26T14:20:46+00:00,SAVANT_PITCHER_SCHEMA_V1,CURRENT
677955,"Hill, Jaden",2026,136,31,22.8,12.5,30.5,49.0,0.303,0.228,0.337,36.9,3.6,78.679266429,,,,0.315,BASEBALL_SAVANT_CURRENT_SEASON,2026-08-26T14:20:46+00:00,SAVANT_PITCHER_SCHEMA_V1,CURRENT
657612,"Hill, Tim",2026,202,22,10.9,5.4,13.2,51.0,0.325,0.261,0.425,43.6,6.7,77.675565,,,,0.315,BASEBALL_SAVANT_CURRENT_SEASON,2026-08-26T14:20:46+00:00,SAVANT_PITCHER_SCHEMA_V1,CURRENT
682274,"Hiraldo, Yaramil",2026,37,13,35.1,16.2,44.0,52.1,0.295,0.169,0.32,35.3,11.8,80.747528889,,,,0.384,BASEBALL_SAVANT_CURRENT_SEASON,2026-08-26T14:20:46+00:00,SAVANT_PITCHER_SCHEMA_V1,CURRENT
656546,"Hoffman, Jeff",2026,253,85,33.6,9.9,37.0,50.1,0.299,0.216,0.335,37.2,9.6,78.023275882,,,,0.317,BASEBALL_SAVANT_CURRENT_SEASON,2026-08-26T14:20:46+00:00,SAVANT_PITCHER_SCHEMA_V1,CURRENT
676510,"Hoffman, Nolan",2026,21,2,9.5,14.3,22.9,42.7,0.341,0.3,0.384,31.3,0.0,68.371755,,,,0.354,BASEBALL_SAVANT_CURRENT_SEASON,2026-08-26T14:20:46+00:00,SAVANT_PITCHER_SCHEMA_V1,CURRENT
694851,"Hoffmann, Andrew",2026,59,12,20.3,13.6,19.1,38.7,0.336,0.243,0.399,43.2,8.1,78.079481111,,,,0.433,BASEBALL_SAVANT_CURRENT_SEASON,2026-08-26T14:20:46+00:00,SAVANT_PITCHER_SCHEMA_V1,CURRENT
670059,"Holderman, Colin",2026,212,50,23.6,9.0,27.9,44.3,0.302,0.214,0.338,43.6,8.3,74.810378182,,,,0.239,BASEBALL_SAVANT_CURRENT_SEASON,2026-08-26T14:20:46+00:00,SAVANT_PITCHER_SCHEMA_V1,CURRENT
668970,"Hollowell, Gavin",2026,62,13,21.0,12.9,27.8,42.7,0.351,0.24,0.447,35.0,15.0,75.8865825,,,,0.315,BASEBALL_SAVANT_CURRENT_SEASON,2026-08-26T14:20:46+00:00,SAVANT_PITCHER_SCHEMA_V1,CURRENT
605280,"Holmes, Clay",2026,303,55,18.2,8.3,20.7,46.8,0.308,0.256,0.369,42.1,5.4,78.726229364,,,,0.251,BASEBALL_SAVANT_CURRENT_SEASON,2026-08-26T14:20:46+00:00,SAVANT_PITCHER_SCHEMA_V1,CURRENT
656550,"Holmes, Grant",2026,529,100,18.9,10.2,27.4,48.2,0.337,0.256,0.432,43.5,8.9,82.017171413,,,,0.316,BASEBALL_SAVANT_CURRENT_SEASON,2026-08-26T14:20:46+00:00,SAVANT_PITCHER_SCHEMA_V1,CURRENT
663947,"Holton, Tyler",2026,259,49,18.9,5.4,23.0,47.4,0.299,0.251,0.373,37.5,6.3,75.424099263,,,,0.323,BASEBALL_SAVANT_CURRENT_SEASON,2026-08-26T14:20:46+00:00,SAVANT_PITCHER_SCHEMA_V1,CURRENT
695380,"Hoppe, Alex",2026,148,39,26.4,8.8,27.6,46.5,0.288,0.241,0.331,38.9,3.2,77.870185625,,,,0.291,BASEBALL_SAVANT_CURRENT_SEASON,2026-08-26T14:20:46+00:00,SAVANT_PITCHER_SCHEMA_V1,CURRENT
690990,"Horton, Cade",2026,26,4,15.4,7.7,23.3,46.7,0.283,0.249,0.321,35.0,5.3,72.833411,,,,0.235,BASEBALL_SAVANT_CURRENT_SEASON,2026-08-26T14:20:46+00:00,SAVANT_PITCHER_SCHEMA_V1,CURRENT
605288,"Houser, Adrian",2026,470,75,16.0,7.2,18.1,46.3,0.339,0.268,0.453,42.0,8.7,78.578432057,,,,0.326,BASEBALL_SAVANT_CURRENT_SEASON,2026-08-26T14:20:46+00:00,SAVANT_PITCHER_SCHEMA_V1,CURRENT
663542,"Hudson, Bryan",2026,231,52,22.5,7.4,23.7,47.2,0.274,0.226,0.319,36.9,3.8,77.5813425,,,,0.293,BASEBALL_SAVANT_CURRENT_SEASON,2026-08-26T14:20:46+00:00,SAVANT_PITCHER_SCHEMA_V1,CURRENT
687312,"Hughes, Gabriel",2026,185,35,18.9,8.1,18.8,47.0,0.289,0.23,0.346,30.1,4.5,79.381204769,,,,0.324,BASEBALL_SAVANT_CURRENT_SEASON,2026-08-26T14:20:46+00:00,SAVANT_PITCHER_SCHEMA_V1,CURRENT
669165,"Hurt, Kyle",2026,180,52,28.9,12.2,35.5,52.0,0.307,0.216,0.378,42.9,8.6,79.145754808,,,,0.314,BASEBALL_SAVANT_CURRENT_SEASON,2026-08-26T14:20:46+00:00,SAVANT_PITCHER_SCHEMA_V1,CURRENT
676428,"Hurter, Brant",2026,101,18,17.8,11.9,20.5,43.3,0.304,0.235,0.332,32.9,4.3,76.424190294,,,,0.25,BASEBALL_SAVANT_CURRENT_SEASON,2026-08-26T14:20:46+00:00,SAVANT_PITCHER_SCHEMA_V1,CURRENT
628452,"Iglesias, Raisel",2026,201,52,25.9,8.0,29.8,52.2,0.291,0.225,0.373,37.1,10.7,77.392187121,,,,0.295,BASEBALL_SAVANT_CURRENT_SEASON,2026-08-26T14:20:46+00:00,SAVANT_PITCHER_SCHEMA_V1,CURRENT
837227,"Imai, Tatsuya",2026,301,83,27.6,14.6,32.2,44.0,0.334,0.226,0.394,45.3,10.0,78.704154643,,,,0.32,BASEBALL_SAVANT_CURRENT_SEASON,2026-08-26T14:20:46+00:00,SAVANT_PITCHER_SCHEMA_V1,CURRENT
684007,"Imanaga, Shota",2026,592,144,24.3,5.7,29.2,51.1,0.303,0.235,0.408,35.5,9.8,77.741528473,,,,0.313,BASEBALL_SAVANT_CURRENT_SEASON,2026-08-26T14:20:46+00:00,SAVANT_PITCHER_SCHEMA_V1,CURRENT
608344,"Irvin, Cole",2026,30,5,16.7,10.0,18.2,53.9,0.39,0.288,0.512,52.4,9.5,75.433176,,,,0.395,BASEBALL_SAVANT_CURRENT_SEASON,2026-08-26T14:20:46+00:00,SAVANT_PITCHER_SCHEMA_V1,CURRENT
663623,"Irvin, Jake",2026,339,76,22.4,9.7,23.3,46.8,0.353,0.25,0.464,45.0,11.7,77.396187818,,,,0.337,BASEBALL_SAVANT_CURRENT_SEASON,2026-08-26T14:20:46+00:00,SAVANT_PITCHER_SCHEMA_V1,CURRENT
689690,"Jacob, Alek",2026,23,6,26.1,8.7,37.8,51.7,0.272,0.179,0.305,35.7,7.1,73.513858571,,,,0.352,BASEBALL_SAVANT_CURRENT_SEASON,2026-08-26T14:20:46+00:00,SAVANT_PITCHER_SCHEMA_V1,CURRENT
686753,"Jameson, Drey",2026,86,13,15.1,11.6,27.1,47.1,0.341,0.275,0.397,30.6,4.8,76.406695161,,,,0.325,BASEBALL_SAVANT_CURRENT_SEASON,2026-08-26T14:20:46+00:00,SAVANT_PITCHER_SCHEMA_V1,CURRENT
445276,"Jansen, Kenley",2026,147,41,27.9,13.6,26.1,49.2,0.293,0.201,0.354,36.0,8.1,77.088877143,,,,0.286,BASEBALL_SAVANT_CURRENT_SEASON,2026-08-26T14:20:46+00:00,SAVANT_PITCHER_SCHEMA_V1,CURRENT
664299,"Javier, Cristian",2026,185,38,20.5,10.3,28.2,51.5,0.359,0.275,0.463,38.1,9.5,80.962548254,,,,0.376,BASEBALL_SAVANT_CURRENT_SEASON,2026-08-26T14:20:46+00:00,SAVANT_PITCHER_SCHEMA_V1,CURRENT
643377,"Jax, Griffin",2026,379,100,26.4,7.9,31.2,48.6,0.323,0.252,0.418,39.7,9.3,77.61397975,,,,0.306,BASEBALL_SAVANT_CURRENT_SEASON,2026-08-26T14:20:46+00:00,SAVANT_PITCHER_SCHEMA_V1,CURRENT
695549,"Jobe, Jackson",2026,80,15,18.8,10.0,18.7,47.3,0.361,0.272,0.44,40.7,9.4,77.196557037,,,,0.344,BASEBALL_SAVANT_CURRENT_SEASON,2026-08-26T14:20:46+00:00,SAVANT_PITCHER_SCHEMA_V1,CURRENT
572955,"Johnson, Pierce",2026,164,34,20.7,9.1,23.6,47.1,0.352,0.274,0.478,36.5,10.6,81.275696786,,,,0.316,BASEBALL_SAVANT_CURRENT_SEASON,2026-08-26T14:20:46+00:00,SAVANT_PITCHER_SCHEMA_V1,CURRENT
696270,"Johnson, Ryan",2026,295,50,16.9,10.5,23.4,45.9,0.354,0.262,0.465,38.1,10.5,76.987042095,,,,0.35,BASEBALL_SAVANT_CURRENT_SEASON,2026-08-26T14:20:46+00:00,SAVANT_PITCHER_SCHEMA_V1,CURRENT
686751,"Johnson, Seth",2026,106,26,24.5,16.0,27.9,44.5,0.361,0.259,0.426,48.4,14.5,79.605985484,,,,0.39,BASEBALL_SAVANT_CURRENT_SEASON,2026-08-26T14:20:46+00:00,SAVANT_PITCHER_SCHEMA_V1,CURRENT
687859,"Johnston, Troy",2026,9,0,0.0,11.1,10.5,54.3,0.289,0.177,0.207,42.9,0.0,82.4785175,,,,0.257,BASEBALL_SAVANT_CURRENT_SEASON,2026-08-26T14:20:46+00:00,SAVANT_PITCHER_SCHEMA_V1,CURRENT
683003,"Jones, Jared",2026,289,77,26.6,9.0,31.1,47.9,0.297,0.216,0.382,39.1,8.2,79.549885495,,,,0.318,BASEBALL_SAVANT_CURRENT_SEASON,2026-08-26T14:20:46+00:00,SAVANT_PITCHER_SCHEMA_V1,CURRENT
690829,"Joyce, Ben",2026,28,12,42.9,10.7,41.5,48.2,0.161,0.124,0.15,23.1,0.0,67.385785714,,,,0.164,BASEBALL_SAVANT_CURRENT_SEASON,2026-08-26T14:20:46+00:00,SAVANT_PITCHER_SCHEMA_V1,CURRENT
696522,"Juenger, Hayden",2026,81,6,7.4,9.9,14.8,46.2,0.371,0.313,0.473,35.4,7.7,78.314023125,,,,0.387,BASEBALL_SAVANT_CURRENT_SEASON,2026-08-26T14:20:46+00:00,SAVANT_PITCHER_SCHEMA_V1,CURRENT
695611,"Jump, Gage",2026,385,97,25.2,10.9,24.9,47.8,0.318,0.252,0.381,37.9,6.2,78.38865475,,,,0.33,BASEBALL_SAVANT_CURRENT_SEASON,2026-08-26T14:20:46+00:00,SAVANT_PITCHER_SCHEMA_V1,CURRENT
596001,"Junis, Jakob",2026,177,32,18.1,5.1,20.3,47.2,0.306,0.263,0.388,34.6,3.8,76.914733582,,,,0.267,BASEBALL_SAVANT_CURRENT_SEASON,2026-08-26T14:20:46+00:00,SAVANT_PITCHER_SCHEMA_V1,CURRENT
676083,"Junk, Janson",2026,414,68,16.4,6.3,15.2,48.2,0.316,0.257,0.408,39.6,7.0,79.361680258,,,,0.324,BASEBALL_SAVANT_CURRENT_SEASON,2026-08-26T14:20:46+00:00,SAVANT_PITCHER_SCHEMA_V1,CURRENT
592454,"Kahnle, Tommy",2026,43,5,11.6,14.0,17.4,51.2,0.381,0.285,0.489,56.3,15.6,83.671368125,,,,0.434,BASEBALL_SAVANT_CURRENT_SEASON,2026-08-26T14:20:46+00:00,SAVANT_PITCHER_SCHEMA_V1,CURRENT
675916,"Karinchak, James",2026,37,8,21.6,13.5,26.6,39.5,0.268,0.158,0.299,33.3,8.3,78.546704167,,,,0.232,BASEBALL_SAVANT_CURRENT_SEASON,2026-08-26T14:20:46+00:00,SAVANT_PITCHER_SCHEMA_V1,CURRENT
641743,"Kay, Anthony",2026,588,108,18.4,8.0,23.3,46.9,0.339,0.259,0.413,39.7,8.6,76.528893819,,,,0.337,BASEBALL_SAVANT_CURRENT_SEASON,2026-08-26T14:20:46+00:00,SAVANT_PITCHER_SCHEMA_V1,CURRENT
641745,"Keller, Brad",2026,135,32,23.7,9.6,22.5,45.0,0.284,0.226,0.313,31.8,4.6,73.919911364,,,,0.309,BASEBALL_SAVANT_CURRENT_SEASON,2026-08-26T14:20:46+00:00,SAVANT_PITCHER_SCHEMA_V1,CURRENT
662144,"Keller, Brian",2026,11,3,27.3,0.0,16.0,64.1,0.361,0.252,0.616,37.5,25.0,86.79278,,,,0.267,BASEBALL_SAVANT_CURRENT_SEASON,2026-08-26T14:20:46+00:00,SAVANT_PITCHER_SCHEMA_V1,CURRENT
656605,"Keller, Mitch",2026,503,89,17.7,8.3,20.5,47.4,0.355,0.288,0.455,42.3,7.4,78.627953315,,,,0.333,BASEBALL_SAVANT_CURRENT_SEASON,2026-08-26T14:20:46+00:00,SAVANT_PITCHER_SCHEMA_V1,CURRENT
681520,"Kelly, Antoine",2026,4,1,25.0,25.0,14.3,38.9,0.454,0.396,0.448,100.0,0.0,97.00853,,,,0.174,BASEBALL_SAVANT_CURRENT_SEASON,2026-08-26T14:20:46+00:00,SAVANT_PITCHER_SCHEMA_V1,CURRENT
699008,"Kelly, Antwone",2026,36,5,13.9,11.1,14.1,50.4,0.323,0.269,0.367,37.0,3.7,80.888126154,,,,0.36,BASEBALL_SAVANT_CURRENT_SEASON,2026-08-26T14:20:46+00:00,SAVANT_PITCHER_SCHEMA_V1,CURRENT
687330,"Kelly, Kevin",2026,222,47,21.2,4.1,20.6,49.0,0.296,0.263,0.38,46.0,6.2,79.222242125,,,,0.241,BASEBALL_SAVANT_CURRENT_SEASON,2026-08-26T14:20:46+00:00,SAVANT_PITCHER_SCHEMA_V1,CURRENT
518876,"Kelly, Merrill",2026,590,88,14.9,10.2,21.4,48.8,0.398,0.305,0.549,43.6,12.6,79.391256912,,,,0.364,BASEBALL_SAVANT_CURRENT_SEASON,2026-08-26T14:20:46+00:00,SAVANT_PITCHER_SCHEMA_V1,CURRENT
547184,"Kelly, Michael",2026,32,6,18.8,18.8,24.1,44.6,0.435,0.349,0.522,45.0,15.0,73.649626,,,,0.556,BASEBALL_SAVANT_CURRENT_SEASON,2026-08-26T14:20:46+00:00,SAVANT_PITCHER_SCHEMA_V1,CURRENT
677161,"Kelly, Zack",2026,71,14,19.7,9.9,21.1,43.5,0.368,0.29,0.432,38.8,8.2,76.440982917,,,,0.28,BASEBALL_SAVANT_CURRENT_SEASON,2026-08-26T14:20:46+00:00,SAVANT_PITCHER_SCHEMA_V1,CURRENT
687531,"Kempner, William",2026,50,14,28.0,8.0,34.1,45.7,0.306,0.231,0.355,23.3,3.3,74.829450667,,,,0.265,BASEBALL_SAVANT_CURRENT_SEASON,2026-08-26T14:20:46+00:00,SAVANT_PITCHER_SCHEMA_V1,CURRENT
800600,"Kent, Jackson",2026,61,14,23.0,18.0,22.8,45.2,0.372,0.274,0.424,47.2,8.3,74.721382778,,,,0.388,BASEBALL_SAVANT_CURRENT_SEASON,2026-08-26T14:20:46+00:00,SAVANT_PITCHER_SCHEMA_V1,CURRENT
687849,"Kent, Zak",2026,69,11,15.9,10.1,20.9,49.6,0.351,0.261,0.451,45.1,11.8,80.038822308,,,,0.401,BASEBALL_SAVANT_CURRENT_SEASON,2026-08-26T14:20:46+00:00,SAVANT_PITCHER_SCHEMA_V1,CURRENT
689147,"Kerkering, Orion",2026,229,55,24.0,11.8,26.1,42.7,0.276,0.194,0.288,28.4,5.0,73.307845286,,,,0.288,BASEBALL_SAVANT_CURRENT_SEASON,2026-08-26T14:20:46+00:00,SAVANT_PITCHER_SCHEMA_V1,CURRENT
678061,"Kerr, Ray",2026,10,0,0.0,0.0,20.0,58.8,0.285,0.227,0.304,22.2,0.0,86.017185,,,,0.18,BASEBALL_SAVANT_CURRENT_SEASON,2026-08-26T14:20:46+00:00,SAVANT_PITCHER_SCHEMA_V1,CURRENT
695049,"Kerry, Brett",2026,54,12,22.2,3.7,26.7,49.5,0.27,0.231,0.361,42.5,5.0,76.830881,,,,0.269,BASEBALL_SAVANT_CURRENT_SEASON,2026-08-26T14:20:46+00:00,SAVANT_PITCHER_SCHEMA_V1,CURRENT
579328,"Kikuchi, Yusei",2026,165,37,22.4,9.1,26.0,49.2,0.355,0.267,0.463,45.9,9.9,80.348491786,,,,0.365,BASEBALL_SAVANT_CURRENT_SEASON,2026-08-26T14:20:46+00:00,SAVANT_PITCHER_SCHEMA_V1,CURRENT
668873,"Kilian, Caleb",2026,209,56,26.8,10.5,27.9,48.7,0.292,0.216,0.36,34.9,8.6,77.059416935,,,,0.302,BASEBALL_SAVANT_CURRENT_SEASON,2026-08-26T14:20:46+00:00,SAVANT_PITCHER_SCHEMA_V1,CURRENT
518886,"Kimbrel, Craig",2026,160,35,21.9,11.3,24.6,48.3,0.317,0.24,0.383,37.1,6.7,80.22547,,,,0.308,BASEBALL_SAVANT_CURRENT_SEASON,2026-08-26T14:20:46+00:00,SAVANT_PITCHER_SCHEMA_V1,CURRENT
687911,"King, Bryan",2026,238,44,18.5,8.0,18.4,49.6,0.317,0.253,0.382,37.3,6.0,75.273823373,,,,0.34,BASEBALL_SAVANT_CURRENT_SEASON,2026-08-26T14:20:46+00:00,SAVANT_PITCHER_SCHEMA_V1,CURRENT
667463,"King, John",2026,197,33,16.8,8.6,21.7,47.2,0.31,0.229,0.404,37.8,8.5,79.649369437,,,,0.281,BASEBALL_SAVANT_CURRENT_SEASON,2026-08-26T14:20:46+00:00,SAVANT_PITCHER_SCHEMA_V1,CURRENT
650633,"King, Michael",2026,636,135,21.2,9.4,24.9,46.9,0.319,0.237,0.398,31.6,8.4,75.571452143,,,,0.293,BASEBALL_SAVANT_CURRENT_SEASON,2026-08-26T14:20:46+00:00,SAVANT_PITCHER_SCHEMA_V1,CURRENT
663884,"Kingham, Nolan",2026,6,1,16.7,33.3,25.0,36.4,0.333,0.152,0.175,0.0,0.0,79.57791,,,,0.381,BASEBALL_SAVANT_CURRENT_SEASON,2026-08-26T14:20:46+00:00,SAVANT_PITCHER_SCHEMA_V1,CURRENT
641755,"Kinley, Tyler",2026,179,42,23.5,11.2,28.0,44.0,0.287,0.203,0.364,28.7,7.9,73.954567719,,,,0.324,BASEBALL_SAVANT_CURRENT_SEASON,2026-08-26T14:20:46+00:00,SAVANT_PITCHER_SCHEMA_V1,CURRENT
669923,"Kirby, George",2026,617,126,20.4,5.5,22.4,52.3,0.305,0.258,0.396,41.2,6.6,79.124998274,,,,0.331,BASEBALL_SAVANT_CURRENT_SEASON,2026-08-26T14:20:46+00:00,SAVANT_PITCHER_SCHEMA_V1,CURRENT
552640,"Kittredge, Andrew",2026,175,33,18.9,6.3,23.4,53.8,0.304,0.265,0.397,37.4,5.3,76.542530781,,,,0.308,BASEBALL_SAVANT_CURRENT_SEASON,2026-08-26T14:20:46+00:00,SAVANT_PITCHER_SCHEMA_V1,CURRENT
691946,"Klassen, George",2026,125,24,19.2,16.8,31.3,45.6,0.358,0.26,0.388,45.6,9.0,78.676259737,,,,0.317,BASEBALL_SAVANT_CURRENT_SEASON,2026-08-26T14:20:46+00:00,SAVANT_PITCHER_SCHEMA_V1,CURRENT
804619,"Klein, John",2026,19,2,10.5,21.1,10.3,47.6,0.352,0.183,0.291,38.5,7.7,68.629142857,,,,0.368,BASEBALL_SAVANT_CURRENT_SEASON,2026-08-26T14:20:46+00:00,SAVANT_PITCHER_SCHEMA_V1,CURRENT
694361,"Klein, Will",2026,189,49,25.9,11.1,23.9,43.3,0.288,0.235,0.302,37.9,2.6,77.11063193,,,,0.318,BASEBALL_SAVANT_CURRENT_SEASON,2026-08-26T14:20:46+00:00,SAVANT_PITCHER_SCHEMA_V1,CURRENT
689017,"Knack, Landon",2026,35,6,17.1,5.7,21.7,47.6,0.34,0.22,0.494,46.2,15.4,82.389573077,,,,0.407,BASEBALL_SAVANT_CURRENT_SEASON,2026-08-26T14:20:46+00:00,SAVANT_PITCHER_SCHEMA_V1,CURRENT
686799,"Kochanowicz, Jack",2026,296,47,15.9,12.2,23.6,45.2,0.359,0.272,0.439,42.8,7.4,77.89732901,,,,0.331,BASEBALL_SAVANT_CURRENT_SEASON,2026-08-26T14:20:46+00:00,SAVANT_PITCHER_SCHEMA_V1,CURRENT
657649,"Koenig, Jared",2026,41,7,17.1,17.1,20.6,42.2,0.337,0.246,0.416,46.2,7.7,82.165573846,,,,0.443,BASEBALL_SAVANT_CURRENT_SEASON,2026-08-26T14:20:46+00:00,SAVANT_PITCHER_SCHEMA_V1,CURRENT
663568,"Kolek, Stephen",2026,224,34,15.2,5.4,19.8,48.3,0.303,0.262,0.38,36.9,6.9,77.361764368,,,,0.328,BASEBALL_SAVANT_CURRENT_SEASON,2026-08-26T14:20:46+00:00,SAVANT_PITCHER_SCHEMA_V1,CURRENT
668820,"Kranick, Max",2026,71,9,12.7,9.9,27.9,50.8,0.338,0.268,0.407,31.5,5.6,77.817704815,,,,0.404,BASEBALL_SAVANT_CURRENT_SEASON,2026-08-26T14:20:46+00:00,SAVANT_PITCHER_SCHEMA_V1,CURRENT
665152,"Kremer, Dean",2026,239,58,24.3,7.9,28.1,45.4,0.319,0.237,0.441,35.2,7.4,76.066719,,,,0.331,BASEBALL_SAVANT_CURRENT_SEASON,2026-08-26T14:20:46+00:00,SAVANT_PITCHER_SCHEMA_V1,CURRENT
621139,"Kriske, Brooks",2026,10,2,20.0,0.0,22.2,47.4,0.244,0.249,0.319,37.5,12.5,77.2713125,,,,0.178,BASEBALL_SAVANT_CURRENT_SEASON,2026-08-26T14:20:46+00:00,SAVANT_PITCHER_SCHEMA_V1,CURRENT
640454,"Krook, Matt",2026,46,9,19.6,21.7,25.7,41.3,0.417,0.293,0.448,36.0,4.0,75.624163077,,,,0.423,BASEBALL_SAVANT_CURRENT_SEASON,2026-08-26T14:20:46+00:00,SAVANT_PITCHER_SCHEMA_V1,CURRENT
669270,"Kuhnel, Joel",2026,157,22,14.0,7.6,22.6,47.2,0.355,0.297,0.441,39.5,6.0,78.257379661,,,,0.357,BASEBALL_SAVANT_CURRENT_SEASON,2026-08-26T14:20:46+00:00,SAVANT_PITCHER_SCHEMA_V1,CURRENT
663567,"Lambert, Peter",2026,516,120,23.3,9.3,25.5,48.4,0.288,0.207,0.347,36.6,6.8,78.407533413,,,,0.289,BASEBALL_SAVANT_CURRENT_SEASON,2026-08-26T14:20:46+00:00,SAVANT_PITCHER_SCHEMA_V1,CURRENT
656638,"Lange, Alex",2026,225,53,23.6,11.6,27.7,47.0,0.334,0.242,0.408,41.1,12.1,79.877459,,,,0.343,BASEBALL_SAVANT_CURRENT_SEASON,2026-08-26T14:20:46+00:00,SAVANT_PITCHER_SCHEMA_V1,CURRENT
656641,"Latz, Jacob",2026,219,65,29.7,8.2,30.2,52.3,0.24,0.18,0.295,37.5,5.9,78.374788358,,,,0.195,BASEBALL_SAVANT_CURRENT_SEASON,2026-08-26T14:20:46+00:00,SAVANT_PITCHER_SCHEMA_V1,CURRENT
641778,"Lauer, Eric",2026,438,69,15.8,7.3,19.0,52.0,0.332,0.249,0.459,35.2,10.8,77.88325092,,,,0.333,BASEBALL_SAVANT_CURRENT_SEASON,2026-08-26T14:20:46+00:00,SAVANT_PITCHER_SCHEMA_V1,CURRENT
681320,"Lavender, Nate",2026,31,11,35.5,6.5,29.6,50.5,0.189,0.122,0.243,38.9,11.1,82.470982222,,,,0.086,BASEBALL_SAVANT_CURRENT_SEASON,2026-08-26T14:20:46+00:00,SAVANT_PITCHER_SCHEMA_V1,CURRENT
689520,"Laweryson, Cody",2026,78,18,23.1,10.3,20.3,46.6,0.329,0.245,0.389,50.0,8.2,84.06663,,,,0.32,BASEBALL_SAVANT_CURRENT_SEASON,2026-08-26T14:20:46+00:00,SAVANT_PITCHER_SCHEMA_V1,CURRENT
664875,"Lawrence, Justin",2026,177,43,24.3,15.8,26.3,40.6,0.38,0.267,0.455,43.0,10.0,79.0759212,,,,0.413,BASEBALL_SAVANT_CURRENT_SEASON,2026-08-26T14:20:46+00:00,SAVANT_PITCHER_SCHEMA_V1,CURRENT
676661,"Lazar, Max",2026,35,5,14.3,8.6,19.4,48.4,0.33,0.241,0.453,40.7,11.5,84.278386154,,,,0.363,BASEBALL_SAVANT_CURRENT_SEASON,2026-08-26T14:20:46+00:00,SAVANT_PITCHER_SCHEMA_V1,CURRENT
681517,"Leahy, Kyle",2026,531,115,21.7,7.0,22.8,46.4,0.337,0.271,0.446,48.0,9.9,81.080979409,,,,0.319,BASEBALL_SAVANT_CURRENT_SEASON,2026-08-26T14:20:46+00:00,SAVANT_PITCHER_SCHEMA_V1,CURRENT
673929,"Leasure, Jordan",2026,78,18,23.1,10.3,26.5,51.8,0.406,0.269,0.624,44.2,25.0,83.107416154,,,,0.337,BASEBALL_SAVANT_CURRENT_SEASON,2026-08-26T14:20:46+00:00,SAVANT_PITCHER_SCHEMA_V1,CURRENT
695445,"Lee, Chase",2026,37,2,5.4,21.6,18.4,38.6,0.35,0.26,0.376,33.3,11.1,76.461403077,,,,0.435,BASEBALL_SAVANT_CURRENT_SEASON,2026-08-26T14:20:46+00:00,SAVANT_PITCHER_SCHEMA_V1,CURRENT
669276,"Lee, Dylan",2026,224,73,32.6,6.3,37.3,52.8,0.234,0.18,0.293,30.7,5.8,76.097630746,,,,0.21,BASEBALL_SAVANT_CURRENT_SEASON,2026-08-26T14:20:46+00:00,SAVANT_PITCHER_SCHEMA_V1,CURRENT
668984,"Legumina, Casey",2026,247,45,18.2,5.7,21.1,52.8,0.322,0.27,0.409,37.5,6.7,75.79116573,,,,0.313,BASEBALL_SAVANT_CURRENT_SEASON,2026-08-26T14:20:46+00:00,SAVANT_PITCHER_SCHEMA_V1,CURRENT
605335,"Leibrandt, Brandon",2026,30,3,10.0,10.0,23.4,47.5,0.437,0.323,0.694,29.2,18.2,77.498041818,,,,0.461,BASEBALL_SAVANT_CURRENT_SEASON,2026-08-26T14:20:46+00:00,SAVANT_PITCHER_SCHEMA_V1,CURRENT
643410,"Leiter Jr., Mark",2026,144,38,26.4,7.6,30.3,46.1,0.316,0.269,0.365,31.9,3.3,76.022925652,,,,0.304,BASEBALL_SAVANT_CURRENT_SEASON,2026-08-26T14:20:46+00:00,SAVANT_PITCHER_SCHEMA_V1,CURRENT
683004,"Leiter, Jack",2026,355,83,23.4,9.9,25.4,47.9,0.336,0.257,0.43,39.9,10.3,76.339515,,,,0.34,BASEBALL_SAVANT_CURRENT_SEASON,2026-08-26T14:20:46+00:00,SAVANT_PITCHER_SCHEMA_V1,CURRENT
669461,"Liberatore, Matthew",2026,563,132,23.4,8.0,23.6,46.5,0.34,0.267,0.452,42.5,9.2,79.828892804,,,,0.354,BASEBALL_SAVANT_CURRENT_SEASON,2026-08-26T14:20:46+00:00,SAVANT_PITCHER_SCHEMA_V1,CURRENT
641793,"Littell, Zack",2026,540,73,13.5,7.2,16.2,50.1,0.384,0.299,0.539,43.8,11.3,82.445197251,,,,0.36,BASEBALL_SAVANT_CURRENT_SEASON,2026-08-26T14:20:46+00:00,SAVANT_PITCHER_SCHEMA_V1,CURRENT
663893,"Little, Brendon",2026,97,31,32.0,18.6,40.4,42.0,0.323,0.222,0.38,50.0,8.3,82.6931625,,,,0.445,BASEBALL_SAVANT_CURRENT_SEASON,2026-08-26T14:20:46+00:00,SAVANT_PITCHER_SCHEMA_V1,CURRENT
681432,"Little, Luke",2026,5,1,20.0,0.0,30.0,52.6,0.527,0.338,0.932,50.0,25.0,72.514845,,,,0.588,BASEBALL_SAVANT_CURRENT_SEASON,2026-08-26T14:20:46+00:00,SAVANT_PITCHER_SCHEMA_V1,CURRENT
666157,"Lodolo, Nick",2026,338,59,17.5,9.2,22.1,45.6,0.382,0.304,0.488,39.9,9.1,80.181211491,,,,0.369,BASEBALL_SAVANT_CURRENT_SEASON,2026-08-26T14:20:46+00:00,SAVANT_PITCHER_SCHEMA_V1,CURRENT
682052,"Lopez, Jacob",2026,419,90,21.5,11.2,24.9,45.6,0.285,0.206,0.331,29.4,5.7,71.940517153,,,,0.337,BASEBALL_SAVANT_CURRENT_SEASON,2026-08-26T14:20:46+00:00,SAVANT_PITCHER_SCHEMA_V1,CURRENT
695418,"Lord, Brad",2026,287,60,20.9,9.4,20.0,49.9,0.311,0.234,0.372,38.0,5.8,74.925815638,,,,0.282,BASEBALL_SAVANT_CURRENT_SEASON,2026-08-26T14:20:46+00:00,SAVANT_PITCHER_SCHEMA_V1,CURRENT
547179,"Lorenzen, Michael",2026,562,82,14.6,8.7,18.1,44.3,0.374,0.301,0.494,46.4,9.4,80.623805403,,,,0.401,BASEBALL_SAVANT_CURRENT_SEASON,2026-08-26T14:20:46+00:00,SAVANT_PITCHER_SCHEMA_V1,CURRENT
663992,"Lovelady, Richard",2026,146,27,18.5,14.4,22.9,44.5,0.361,0.282,0.423,32.6,6.5,75.340152444,,,,0.371,BASEBALL_SAVANT_CURRENT_SEASON,2026-08-26T14:20:46+00:00,SAVANT_PITCHER_SCHEMA_V1,CURRENT
695076,"Lowder, Rhett",2026,478,83,17.4,9.0,19.1,45.0,0.346,0.266,0.455,37.6,9.5,80.173529226,,,,0.339,BASEBALL_SAVANT_CURRENT_SEASON,2026-08-26T14:20:46+00:00,SAVANT_PITCHER_SCHEMA_V1,CURRENT
642528,"Loáisiga, Jonathan",2026,206,37,18.0,5.3,22.5,52.7,0.271,0.228,0.344,33.1,4.5,74.741326494,,,,0.269,BASEBALL_SAVANT_CURRENT_SEASON,2026-08-26T14:20:46+00:00,SAVANT_PITCHER_SCHEMA_V1,CURRENT
664192,"Lucchesi, Joey",2026,24,4,16.7,25.0,17.1,36.9,0.441,0.286,0.491,69.2,15.4,89.04257,,,,0.528,BASEBALL_SAVANT_CURRENT_SEASON,2026-08-26T14:20:46+00:00,SAVANT_PITCHER_SCHEMA_V1,CURRENT
607625,"Lugo, Seth",2026,640,116,18.1,7.3,18.8,46.1,0.344,0.278,0.453,43.0,7.7,79.314049696,,,,0.341,BASEBALL_SAVANT_CURRENT_SEASON,2026-08-26T14:20:46+00:00,SAVANT_PITCHER_SCHEMA_V1,CURRENT
666200,"Luzardo, Jesús",2026,645,194,30.1,7.3,31.7,46.3,0.264,0.206,0.308,32.2,6.4,76.422503782,,,,0.288,BASEBALL_SAVANT_CURRENT_SEASON,2026-08-26T14:20:46+00:00,SAVANT_PITCHER_SCHEMA_V1,CURRENT
663738,"Lynch IV, Daniel",2026,235,43,18.3,7.2,25.8,46.8,0.307,0.245,0.394,37.6,6.4,77.907448118,,,,0.261,BASEBALL_SAVANT_CURRENT_SEASON,2026-08-26T14:20:46+00:00,SAVANT_PITCHER_SCHEMA_V1,CURRENT
625643,"López, Reynaldo",2026,306,66,21.6,9.5,21.8,45.6,0.33,0.256,0.426,36.4,7.7,76.250960192,,,,0.322,BASEBALL_SAVANT_CURRENT_SEASON,2026-08-26T14:20:46+00:00,SAVANT_PITCHER_SCHEMA_V1,CURRENT
671936,"Macko, Adam",2026,99,23,23.2,10.1,32.8,46.5,0.338,0.258,0.435,34.9,6.3,74.134807419,,,,0.34,BASEBALL_SAVANT_CURRENT_SEASON,2026-08-26T14:20:46+00:00,SAVANT_PITCHER_SCHEMA_V1,CURRENT
680744,"Madden, Ty",2026,160,40,25.0,8.1,25.2,49.1,0.269,0.209,0.313,30.5,4.8,75.68083434,,,,0.27,BASEBALL_SAVANT_CURRENT_SEASON,2026-08-26T14:20:46+00:00,SAVANT_PITCHER_SCHEMA_V1,CURRENT
641816,"Mahle, Tyler",2026,497,112,22.5,8.5,22.7,45.2,0.319,0.253,0.406,38.5,7.1,80.698592814,,,,0.323,BASEBALL_SAVANT_CURRENT_SEASON,2026-08-26T14:20:46+00:00,SAVANT_PITCHER_SCHEMA_V1,CURRENT
640455,"Manaea, Sean",2026,506,117,23.1,7.7,22.7,50.0,0.336,0.253,0.442,42.4,11.3,77.789407365,,,,0.343,BASEBALL_SAVANT_CURRENT_SEASON,2026-08-26T14:20:46+00:00,SAVANT_PITCHER_SCHEMA_V1,CURRENT
815081,"Manfredi, Mark",2026,19,7,36.8,15.8,33.3,36.6,0.289,0.22,0.267,44.4,0.0,85.384192,,,,0.335,BASEBALL_SAVANT_CURRENT_SEASON,2026-08-26T14:20:46+00:00,SAVANT_PITCHER_SCHEMA_V1,CURRENT
666201,"Manoah, Alek",2026,39,5,12.8,20.5,19.7,37.9,0.379,0.228,0.473,34.6,11.5,74.836750769,,,,0.402,BASEBALL_SAVANT_CURRENT_SEASON,2026-08-26T14:20:46+00:00,SAVANT_PITCHER_SCHEMA_V1,CURRENT
573009,"Mantiply, Joe",2026,71,16,22.5,5.6,16.8,49.6,0.332,0.266,0.446,44.0,10.0,77.7599675,,,,0.29,BASEBALL_SAVANT_CURRENT_SEASON,2026-08-26T14:20:46+00:00,SAVANT_PITCHER_SCHEMA_V1,CURRENT
676760,"Marinaccio, Ron",2026,260,48,18.5,10.4,25.3,47.1,0.347,0.261,0.427,41.0,7.9,77.869593146,,,,0.371,BASEBALL_SAVANT_CURRENT_SEASON,2026-08-26T14:20:46+00:00,SAVANT_PITCHER_SCHEMA_V1,CURRENT
628708,"Marte, Yunior",2026,6,1,16.7,16.7,41.7,57.1,0.561,0.537,0.654,33.3,0.0,81.37037,,,,0.754,BASEBALL_SAVANT_CURRENT_SEASON,2026-08-26T14:20:46+00:00,SAVANT_PITCHER_SCHEMA_V1,CURRENT
455119,"Martin, Chris",2026,66,9,13.6,3.0,15.9,53.2,0.408,0.344,0.568,44.4,11.1,80.465496667,,,,0.479,BASEBALL_SAVANT_CURRENT_SEASON,2026-08-26T14:20:46+00:00,SAVANT_PITCHER_SCHEMA_V1,CURRENT
656686,"Martin, Corbin",2026,25,4,16.0,20.0,34.0,47.7,0.396,0.248,0.509,56.3,12.5,85.05037875,,,,0.41,BASEBALL_SAVANT_CURRENT_SEASON,2026-08-26T14:20:46+00:00,SAVANT_PITCHER_SCHEMA_V1,CURRENT
663436,"Martin, Davis",2026,530,111,20.9,7.4,24.0,48.6,0.333,0.271,0.422,44.4,6.8,79.149941271,,,,0.324,BASEBALL_SAVANT_CURRENT_SEASON,2026-08-26T14:20:46+00:00,SAVANT_PITCHER_SCHEMA_V1,CURRENT
702303,"Martin, Riley",2026,32,10,31.3,9.4,20.3,50.0,0.25,0.169,0.312,42.1,5.3,81.158255556,,,,0.248,BASEBALL_SAVANT_CURRENT_SEASON,2026-08-26T14:20:46+00:00,SAVANT_PITCHER_SCHEMA_V1,CURRENT
694680,"Martin, Trevor",2026,54,7,13.0,7.4,23.3,47.8,0.385,0.274,0.54,48.8,12.2,81.0736035,,,,0.409,BASEBALL_SAVANT_CURRENT_SEASON,2026-08-26T14:20:46+00:00,SAVANT_PITCHER_SCHEMA_V1,CURRENT
679885,"Martinez, Justin",2026,12,2,16.7,16.7,9.5,37.5,0.292,0.154,0.199,14.3,0.0,68.2526625,,,,0.251,BASEBALL_SAVANT_CURRENT_SEASON,2026-08-26T14:20:46+00:00,SAVANT_PITCHER_SCHEMA_V1,CURRENT
607259,"Martinez, Nick",2026,593,87,14.7,3.7,17.1,50.6,0.319,0.274,0.43,33.1,7.1,75.702726192,,,,0.294,BASEBALL_SAVANT_CURRENT_SEASON,2026-08-26T14:20:46+00:00,SAVANT_PITCHER_SCHEMA_V1,CURRENT
661527,"Martinez, Seth",2026,6,1,16.7,0.0,36.4,50.0,0.36,0.283,0.38,50.0,0.0,67.40518,,,,0.48,BASEBALL_SAVANT_CURRENT_SEASON,2026-08-26T14:20:46+00:00,SAVANT_PITCHER_SCHEMA_V1,CURRENT
687273,"Mathews, Quinn",2026,66,13,19.7,10.6,25.7,48.1,0.275,0.23,0.294,28.3,2.2,75.62074913,,,,0.351,BASEBALL_SAVANT_CURRENT_SEASON,2026-08-26T14:20:46+00:00,SAVANT_PITCHER_SCHEMA_V1,CURRENT
664208,"Maton, Phil",2026,136,31,22.8,11.8,25.7,47.1,0.389,0.294,0.487,42.9,11.9,76.768353415,,,,0.398,BASEBALL_SAVANT_CURRENT_SEASON,2026-08-26T14:20:46+00:00,SAVANT_PITCHER_SCHEMA_V1,CURRENT
673513,"Matsui, Yuki",2026,206,53,25.7,14.1,35.4,47.3,0.282,0.173,0.321,28.7,8.3,76.255984655,,,,0.273,BASEBALL_SAVANT_CURRENT_SEASON,2026-08-26T14:20:46+00:00,SAVANT_PITCHER_SCHEMA_V1,CURRENT
805673,"Matthews, Zebby",2026,437,88,20.1,7.3,22.7,47.2,0.328,0.256,0.431,41.9,11.2,80.368815871,,,,0.338,BASEBALL_SAVANT_CURRENT_SEASON,2026-08-26T14:20:46+00:00,SAVANT_PITCHER_SCHEMA_V1,CURRENT
676755,"Mattson, Isaac",2026,166,34,20.5,10.8,21.7,49.5,0.373,0.288,0.495,50.4,12.4,82.874279455,,,,0.345,BASEBALL_SAVANT_CURRENT_SEASON,2026-08-26T14:20:46+00:00,SAVANT_PITCHER_SCHEMA_V1,CURRENT
571927,"Matz, Steven",2026,282,49,17.4,7.4,21.1,47.3,0.352,0.278,0.48,35.2,12.4,76.518531538,,,,0.339,BASEBALL_SAVANT_CURRENT_SEASON,2026-08-26T14:20:46+00:00,SAVANT_PITCHER_SCHEMA_V1,CURRENT
802408,"Mautz, Brycen",2026,14,2,14.3,14.3,17.4,39.0,0.316,0.249,0.339,20.0,0.0,84.160688,,,,0.38,BASEBALL_SAVANT_CURRENT_SEASON,2026-08-26T14:20:46+00:00,SAVANT_PITCHER_SCHEMA_V1,CURRENT
687209,"Maxwell, Zach",2026,67,12,17.9,14.9,16.4,43.7,0.359,0.268,0.444,39.5,11.4,82.592024545,,,,0.406,BASEBALL_SAVANT_CURRENT_SEASON,2026-08-26T14:20:46+00:00,SAVANT_PITCHER_SCHEMA_V1,CURRENT
669160,"May, Dustin",2026,523,118,22.6,8.0,22.3,47.1,0.316,0.249,0.379,44.8,6.8,78.967464368,,,,0.309,BASEBALL_SAVANT_CURRENT_SEASON,2026-08-26T14:20:46+00:00,SAVANT_PITCHER_SCHEMA_V1,CURRENT
641835,"Mayza, Tim",2026,234,58,24.8,6.4,24.0,44.8,0.285,0.232,0.373,44.4,6.9,77.063656203,,,,0.283,BASEBALL_SAVANT_CURRENT_SEASON,2026-08-26T14:20:46+00:00,SAVANT_PITCHER_SCHEMA_V1,CURRENT
685112,"McCambley, Zach",2026,43,9,20.9,14.0,27.2,46.8,0.366,0.292,0.429,48.1,7.4,81.149190714,,,,0.33,BASEBALL_SAVANT_CURRENT_SEASON,2026-08-26T14:20:46+00:00,SAVANT_PITCHER_SCHEMA_V1,CURRENT
663556,"McClanahan, Shane",2026,443,99,22.3,8.1,27.0,48.3,0.314,0.241,0.405,41.6,8.9,78.28349363,,,,0.27,BASEBALL_SAVANT_CURRENT_SEASON,2026-08-26T14:20:46+00:00,SAVANT_PITCHER_SCHEMA_V1,CURRENT
621121,"McCullers Jr., Lance",2026,195,48,24.6,13.8,27.9,41.6,0.328,0.236,0.378,47.5,7.6,80.217222034,,,,0.359,BASEBALL_SAVANT_CURRENT_SEASON,2026-08-26T14:20:46+00:00,SAVANT_PITCHER_SCHEMA_V1,CURRENT
694646,"McDermott, Chayce",2026,25,4,16.0,8.0,23.1,48.6,0.382,0.259,0.59,36.8,21.1,83.334453333,,,,0.37,BASEBALL_SAVANT_CURRENT_SEASON,2026-08-26T14:20:46+00:00,SAVANT_PITCHER_SCHEMA_V1,CURRENT
686790,"McDonald, Trevor",2026,310,57,18.4,7.4,21.3,44.5,0.311,0.246,0.359,37.8,4.2,78.341862897,,,,0.323,BASEBALL_SAVANT_CURRENT_SEASON,2026-08-26T14:20:46+00:00,SAVANT_PITCHER_SCHEMA_V1,CURRENT
701780,"McDougal, Tanner",2026,5,0,0.0,60.0,16.7,24.0,0.595,0.172,0.177,0.0,0.0,80.50021,,,,0.564,BASEBALL_SAVANT_CURRENT_SEASON,2026-08-26T14:20:46+00:00,SAVANT_PITCHER_SCHEMA_V1,CURRENT
686934,"McFarlane, Alex",2026,29,7,24.1,10.3,23.9,43.0,0.309,0.263,0.346,36.8,5.3,74.624831,,,,0.226,BASEBALL_SAVANT_CURRENT_SEASON,2026-08-26T14:20:46+00:00,SAVANT_PITCHER_SCHEMA_V1,CURRENT
668834,"McGee, Easton",2026,35,7,20.0,11.4,22.5,59.7,0.369,0.297,0.463,37.5,12.5,78.017543333,,,,0.494,BASEBALL_SAVANT_CURRENT_SEASON,2026-08-26T14:20:46+00:00,SAVANT_PITCHER_SCHEMA_V1,CURRENT
700241,"McGreevy, Michael",2026,558,95,17.0,6.5,19.4,44.7,0.351,0.28,0.481,42.4,9.9,78.926031043,,,,0.31,BASEBALL_SAVANT_CURRENT_SEASON,2026-08-26T14:20:46+00:00,SAVANT_PITCHER_SCHEMA_V1,CURRENT
690997,"McLean, Nolan",2026,618,168,27.2,9.4,24.7,44.1,0.296,0.218,0.341,35.5,6.7,76.481504462,,,,0.287,BASEBALL_SAVANT_CURRENT_SEASON,2026-08-26T14:20:46+00:00,SAVANT_PITCHER_SCHEMA_V1,CURRENT
683232,"Mears, Nick",2026,83,15,18.1,13.3,18.7,44.0,0.382,0.298,0.506,50.9,12.5,78.578893571,,,,0.344,BASEBALL_SAVANT_CURRENT_SEASON,2026-08-26T14:20:46+00:00,SAVANT_PITCHER_SCHEMA_V1,CURRENT
682989,"Mederos, Victor",2026,101,23,22.8,8.9,32.6,48.1,0.295,0.231,0.338,43.3,4.5,78.819039394,,,,0.291,BASEBALL_SAVANT_CURRENT_SEASON,2026-08-26T14:20:46+00:00,SAVANT_PITCHER_SCHEMA_V1,CURRENT
665622,"Medina, Luis",2026,263,72,27.4,12.2,30.8,43.7,0.319,0.234,0.391,39.1,8.5,80.294000133,,,,0.334,BASEBALL_SAVANT_CURRENT_SEASON,2026-08-26T14:20:46+00:00,SAVANT_PITCHER_SCHEMA_V1,CURRENT
656730,"Megill, Trevor",2026,200,57,28.5,7.0,32.6,52.9,0.249,0.196,0.317,41.4,5.5,81.908790323,,,,0.193,BASEBALL_SAVANT_CURRENT_SEASON,2026-08-26T14:20:46+00:00,SAVANT_PITCHER_SCHEMA_V1,CURRENT
675848,"Mejia, Juan",2026,251,51,20.3,13.1,24.7,47.4,0.337,0.263,0.388,37.6,3.7,77.521934938,,,,0.338,BASEBALL_SAVANT_CURRENT_SEASON,2026-08-26T14:20:46+00:00,SAVANT_PITCHER_SCHEMA_V1,CURRENT
675512,"Melton, Troy",2026,355,76,21.4,7.9,25.4,49.6,0.279,0.22,0.342,35.7,6.0,77.618884274,,,,0.267,BASEBALL_SAVANT_CURRENT_SEASON,2026-08-26T14:20:46+00:00,SAVANT_PITCHER_SCHEMA_V1,CURRENT
800048,"Messick, Parker",2026,612,156,25.5,6.7,26.0,48.6,0.266,0.218,0.326,31.7,4.8,75.906604631,,,,0.263,BASEBALL_SAVANT_CURRENT_SEASON,2026-08-26T14:20:46+00:00,SAVANT_PITCHER_SCHEMA_V1,CURRENT
682825,"Mey, Luis",2026,92,33,35.9,15.2,35.0,39.9,0.321,0.194,0.355,42.9,10.3,82.9874305,,,,0.312,BASEBALL_SAVANT_CURRENT_SEASON,2026-08-26T14:20:46+00:00,SAVANT_PITCHER_SCHEMA_V1,CURRENT
676974,"Meyer, Max",2026,462,121,26.2,8.9,28.6,46.7,0.304,0.227,0.375,42.0,8.6,79.25628469,,,,0.282,BASEBALL_SAVANT_CURRENT_SEASON,2026-08-26T14:20:46+00:00,SAVANT_PITCHER_SCHEMA_V1,CURRENT
571945,"Mikolas, Miles",2026,498,58,11.6,4.6,14.5,48.4,0.354,0.288,0.506,43.6,9.2,78.822472341,,,,0.364,BASEBALL_SAVANT_CURRENT_SEASON,2026-08-26T14:20:46+00:00,SAVANT_PITCHER_SCHEMA_V1,CURRENT
693686,"Miles, Spencer",2026,324,73,22.5,6.2,18.7,48.2,0.27,0.232,0.325,35.2,3.5,75.326467105,,,,0.262,BASEBALL_SAVANT_CURRENT_SEASON,2026-08-26T14:20:46+00:00,SAVANT_PITCHER_SCHEMA_V1,CURRENT
682243,"Miller, Bryce",2026,376,92,24.5,6.6,25.8,54.8,0.277,0.213,0.363,32.9,7.4,77.251847734,,,,0.299,BASEBALL_SAVANT_CURRENT_SEASON,2026-08-26T14:20:46+00:00,SAVANT_PITCHER_SCHEMA_V1,CURRENT
669062,"Miller, Erik",2026,184,63,34.2,13.6,36.1,40.3,0.265,0.179,0.265,25.8,5.5,71.178979535,,,,0.271,BASEBALL_SAVANT_CURRENT_SEASON,2026-08-26T14:20:46+00:00,SAVANT_PITCHER_SCHEMA_V1,CURRENT
695243,"Miller, Mason",2026,214,102,47.7,9.3,46.0,47.2,0.188,0.128,0.179,28.9,4.4,74.801457111,,,,0.187,BASEBALL_SAVANT_CURRENT_SEASON,2026-08-26T14:20:46+00:00,SAVANT_PITCHER_SCHEMA_V1,CURRENT
670090,"Mills, Wyatt",2026,36,5,13.9,25.0,22.6,41.6,0.368,0.234,0.293,25.0,0.0,81.916543,,,,0.338,BASEBALL_SAVANT_CURRENT_SEASON,2026-08-26T14:20:46+00:00,SAVANT_PITCHER_SCHEMA_V1,CURRENT
571948,"Milner, Hoby",2026,149,18,12.1,6.0,17.1,45.4,0.351,0.296,0.45,37.8,5.9,77.81207431,,,,0.31,BASEBALL_SAVANT_CURRENT_SEASON,2026-08-26T14:20:46+00:00,SAVANT_PITCHER_SCHEMA_V1,CURRENT
621345,"Minter, A.J.",2026,132,28,21.2,3.0,23.6,53.0,0.282,0.234,0.397,30.3,9.1,75.919704583,,,,0.268,BASEBALL_SAVANT_CURRENT_SEASON,2026-08-26T14:20:46+00:00,SAVANT_PITCHER_SCHEMA_V1,CURRENT
694819,"Misiorowski, Jacob",2026,550,216,39.3,6.0,37.9,51.4,0.219,0.167,0.249,32.9,3.8,75.906071736,,,,0.211,BASEBALL_SAVANT_CURRENT_SEASON,2026-08-26T14:20:46+00:00,SAVANT_PITCHER_SCHEMA_V1,CURRENT
663554,"Mize, Casey",2026,421,95,22.6,6.2,24.9,48.0,0.29,0.231,0.377,37.5,8.4,78.758488446,,,,0.284,BASEBALL_SAVANT_CURRENT_SEASON,2026-08-26T14:20:46+00:00,SAVANT_PITCHER_SCHEMA_V1,CURRENT
669387,"Mlodzinski, Carmen",2026,466,85,18.2,7.7,21.1,45.8,0.347,0.293,0.44,47.2,7.0,80.616288765,,,,0.328,BASEBALL_SAVANT_CURRENT_SEASON,2026-08-26T14:20:46+00:00,SAVANT_PITCHER_SCHEMA_V1,CURRENT
683627,"Molina, Anthony",2026,35,3,8.6,5.7,18.6,50.0,0.355,0.295,0.483,33.3,6.7,72.371285714,,,,0.251,BASEBALL_SAVANT_CURRENT_SEASON,2026-08-26T14:20:46+00:00,SAVANT_PITCHER_SCHEMA_V1,CURRENT
594580,"Moll, Sam",2026,244,53,21.7,12.3,22.5,41.9,0.331,0.242,0.367,37.4,6.3,78.022229265,,,,0.326,BASEBALL_SAVANT_CURRENT_SEASON,2026-08-26T14:20:46+00:00,SAVANT_PITCHER_SCHEMA_V1,CURRENT
672456,"Montero, Keider",2026,535,89,16.6,5.6,18.6,48.5,0.29,0.229,0.385,37.5,7.3,77.911685198,,,,0.265,BASEBALL_SAVANT_CURRENT_SEASON,2026-08-26T14:20:46+00:00,SAVANT_PITCHER_SCHEMA_V1,CURRENT
656756,"Montgomery, Jordan",2026,47,9,19.1,2.1,24.2,47.7,0.328,0.289,0.457,35.1,8.1,77.374414211,,,,0.318,BASEBALL_SAVANT_CURRENT_SEASON,2026-08-26T14:20:46+00:00,SAVANT_PITCHER_SCHEMA_V1,CURRENT
682254,"Montgomery, Mason",2026,221,87,39.4,10.0,32.8,49.4,0.248,0.185,0.288,40.2,8.0,73.849914286,,,,0.252,BASEBALL_SAVANT_CURRENT_SEASON,2026-08-26T14:20:46+00:00,SAVANT_PITCHER_SCHEMA_V1,CURRENT
806960,"Morales, Luis",2026,90,13,14.4,15.6,18.5,43.6,0.407,0.303,0.522,40.3,11.3,77.223118065,,,,0.499,BASEBALL_SAVANT_CURRENT_SEASON,2026-08-26T14:20:46+00:00,SAVANT_PITCHER_SCHEMA_V1,CURRENT
670970,"Morejon, Adrian",2026,292,87,29.8,6.8,34.2,52.6,0.24,0.202,0.277,31.5,2.8,75.317422778,,,,0.242,BASEBALL_SAVANT_CURRENT_SEASON,2026-08-26T14:20:46+00:00,SAVANT_PITCHER_SCHEMA_V1,CURRENT
688158,"Morgan, David",2026,105,26,24.8,12.4,32.0,50.3,0.284,0.217,0.274,27.0,1.6,74.03051,,,,0.371,BASEBALL_SAVANT_CURRENT_SEASON,2026-08-26T14:20:46+00:00,SAVANT_PITCHER_SCHEMA_V1,CURRENT
669212,"Morgan, Eli",2026,91,16,17.6,9.9,24.1,46.6,0.399,0.324,0.513,42.2,6.3,78.5977775,,,,0.396,BASEBALL_SAVANT_CURRENT_SEASON,2026-08-26T14:20:46+00:00,SAVANT_PITCHER_SCHEMA_V1,CURRENT
666661,"Morillo, Juan",2026,207,60,29.0,8.7,30.5,48.8,0.239,0.181,0.253,31.0,3.2,73.889908065,,,,0.248,BASEBALL_SAVANT_CURRENT_SEASON,2026-08-26T14:20:46+00:00,SAVANT_PITCHER_SCHEMA_V1,CURRENT
702193,"Morris, Andrew",2026,261,56,21.5,8.4,22.3,47.5,0.274,0.227,0.318,32.8,3.3,74.92214764,,,,0.288,BASEBALL_SAVANT_CURRENT_SEASON,2026-08-26T14:20:46+00:00,SAVANT_PITCHER_SCHEMA_V1,CURRENT
695034,"Morris, Kade",2026,67,8,11.9,9.0,18.7,49.2,0.338,0.274,0.375,46.2,5.8,74.403352692,,,,0.467,BASEBALL_SAVANT_CURRENT_SEASON,2026-08-26T14:20:46+00:00,SAVANT_PITCHER_SCHEMA_V1,CURRENT
663558,"Morán, Jovani",2026,221,59,26.7,11.8,31.7,45.8,0.28,0.196,0.326,29.9,6.8,75.621077188,,,,0.268,BASEBALL_SAVANT_CURRENT_SEASON,2026-08-26T14:20:46+00:00,SAVANT_PITCHER_SCHEMA_V1,CURRENT
668716,"Murdock, Noah",2026,14,4,28.6,21.4,22.7,37.3,0.245,0.145,0.156,57.1,0.0,80.971625,,,,0.34,BASEBALL_SAVANT_CURRENT_SEASON,2026-08-26T14:20:46+00:00,SAVANT_PITCHER_SCHEMA_V1,CURRENT
669684,"Murphy, Chris",2026,132,29,22.0,11.4,30.7,51.2,0.294,0.211,0.321,34.5,7.1,76.12871439,,,,0.316,BASEBALL_SAVANT_CURRENT_SEASON,2026-08-26T14:20:46+00:00,SAVANT_PITCHER_SCHEMA_V1,CURRENT
684665,"Murphy, Luke",2026,40,9,22.5,17.5,23.0,41.3,0.253,0.14,0.188,30.4,0.0,74.8418,,,,0.229,BASEBALL_SAVANT_CURRENT_SEASON,2026-08-26T14:20:46+00:00,SAVANT_PITCHER_SCHEMA_V1,CURRENT
702566,"Murphy, Owen",2026,29,6,20.7,6.9,17.1,60.3,0.353,0.28,0.451,55.0,10.0,86.567701,,,,0.31,BASEBALL_SAVANT_CURRENT_SEASON,2026-08-26T14:20:46+00:00,SAVANT_PITCHER_SCHEMA_V1,CURRENT
681151,"Murray, Jayden",2026,79,14,17.7,11.4,27.7,48.7,0.363,0.273,0.495,42.9,14.3,82.821043214,,,,0.438,BASEBALL_SAVANT_CURRENT_SEASON,2026-08-26T14:20:46+00:00,SAVANT_PITCHER_SCHEMA_V1,CURRENT
656786,"Mushinski, Parker",2026,34,0,0.0,14.7,12.1,41.7,0.39,0.325,0.459,37.9,3.4,82.107151333,,,,0.36,BASEBALL_SAVANT_CURRENT_SEASON,2026-08-26T14:20:46+00:00,SAVANT_PITCHER_SCHEMA_V1,CURRENT
662253,"Muñoz, Andrés",2026,204,77,37.7,9.8,40.4,46.9,0.283,0.206,0.339,42.5,9.4,76.457256415,,,,0.289,BASEBALL_SAVANT_CURRENT_SEASON,2026-08-26T14:20:46+00:00,SAVANT_PITCHER_SCHEMA_V1,CURRENT
682610,"Muñoz, Roddery",2026,25,6,24.0,24.0,43.5,41.1,0.44,0.291,0.556,76.9,15.4,88.93927,,,,0.586,BASEBALL_SAVANT_CURRENT_SEASON,2026-08-26T14:20:46+00:00,SAVANT_PITCHER_SCHEMA_V1,CURRENT
691548,"Muñoz, Rolddy",2026,12,3,25.0,8.3,33.3,42.9,0.428,0.315,0.639,62.5,25.0,83.8472225,,,,0.526,BASEBALL_SAVANT_CURRENT_SEASON,2026-08-26T14:20:46+00:00,SAVANT_PITCHER_SCHEMA_V1,CURRENT
668964,"Myers, Tobias",2026,198,33,16.7,6.6,17.8,52.3,0.332,0.277,0.439,46.1,6.0,82.412568649,,,,0.36,BASEBALL_SAVANT_CURRENT_SEASON,2026-08-26T14:20:46+00:00,SAVANT_PITCHER_SCHEMA_V1,CURRENT
608566,"Márquez, Germán",2026,236,37,15.7,10.2,19.0,47.5,0.362,0.266,0.484,43.9,9.8,77.59810907,,,,0.371,BASEBALL_SAVANT_CURRENT_SEASON,2026-08-26T14:20:46+00:00,SAVANT_PITCHER_SCHEMA_V1,CURRENT
667297,"Nance, Tommy",2026,206,53,25.7,9.2,25.5,48.4,0.312,0.254,0.384,36.6,6.0,77.653028182,,,,0.296,BASEBALL_SAVANT_CURRENT_SEASON,2026-08-26T14:20:46+00:00,SAVANT_PITCHER_SCHEMA_V1,CURRENT
677053,"Nardi, Andrew",2026,99,27,27.3,11.1,30.4,47.9,0.348,0.241,0.465,45.0,13.3,77.222368667,,,,0.343,BASEBALL_SAVANT_CURRENT_SEASON,2026-08-26T14:20:46+00:00,SAVANT_PITCHER_SCHEMA_V1,CURRENT
696519,"Natera Jr., Samy",2026,104,42,40.4,9.6,37.3,47.6,0.219,0.147,0.231,31.4,5.9,77.762272308,,,,0.214,BASEBALL_SAVANT_CURRENT_SEASON,2026-08-26T14:20:46+00:00,SAVANT_PITCHER_SCHEMA_V1,CURRENT
669194,"Nelson, Ryne",2026,355,62,17.5,6.2,21.0,54.2,0.349,0.261,0.5,43.4,10.2,80.202420909,,,,0.336,BASEBALL_SAVANT_CURRENT_SEASON,2026-08-26T14:20:46+00:00,SAVANT_PITCHER_SCHEMA_V1,CURRENT
656794,"Newcomb, Sean",2026,291,67,23.0,9.3,24.7,44.6,0.301,0.245,0.345,37.2,5.2,77.259559355,,,,0.266,BASEBALL_SAVANT_CURRENT_SEASON,2026-08-26T14:20:46+00:00,SAVANT_PITCHER_SCHEMA_V1,CURRENT
693312,"Nicolas, Kyle",2026,42,7,16.7,31.0,23.7,29.8,0.434,0.272,0.444,31.8,5.0,75.944937,,,,0.422,BASEBALL_SAVANT_CURRENT_SEASON,2026-08-26T14:20:46+00:00,SAVANT_PITCHER_SCHEMA_V1,CURRENT
680951,"Nikhazy, Doug",2026,9,1,11.1,22.2,33.3,30.8,0.291,0.19,0.208,33.3,0.0,75.657836667,,,,0.254,BASEBALL_SAVANT_CURRENT_SEASON,2026-08-26T14:20:46+00:00,SAVANT_PITCHER_SCHEMA_V1,CURRENT
605400,"Nola, Aaron",2026,616,153,24.8,8.0,28.3,45.8,0.315,0.243,0.42,41.6,9.7,77.178822976,,,,0.353,BASEBALL_SAVANT_CURRENT_SEASON,2026-08-26T14:20:46+00:00,SAVANT_PITCHER_SCHEMA_V1,CURRENT
689296,"Nunez, Anthony",2026,209,51,24.4,11.5,33.4,48.2,0.31,0.226,0.383,39.4,6.8,76.45219,,,,0.305,BASEBALL_SAVANT_CURRENT_SEASON,2026-08-26T14:20:46+00:00,SAVANT_PITCHER_SCHEMA_V1,CURRENT
673380,"Núñez, Dedniel",2026,34,7,20.6,0.0,32.8,65.3,0.347,0.284,0.541,40.7,7.4,82.649950714,,,,0.475,BASEBALL_SAVANT_CURRENT_SEASON,2026-08-26T14:20:46+00:00,SAVANT_PITCHER_SCHEMA_V1,CURRENT
676617,"O'Brien, Riley",2026,226,53,23.5,10.2,26.2,43.6,0.335,0.245,0.391,39.3,7.2,76.548151471,,,,0.292,BASEBALL_SAVANT_CURRENT_SEASON,2026-08-26T14:20:46+00:00,SAVANT_PITCHER_SCHEMA_V1,CURRENT
641927,"Ober, Bailey",2026,457,74,16.2,6.3,20.0,48.9,0.334,0.256,0.467,36.5,10.3,77.644104914,,,,0.323,BASEBALL_SAVANT_CURRENT_SEASON,2026-08-26T14:20:46+00:00,SAVANT_PITCHER_SCHEMA_V1,CURRENT
660271,"Ohtani, Shohei",2026,340,95,27.9,7.6,30.4,47.5,0.257,0.201,0.287,33.8,3.8,76.583839906,,,,0.239,BASEBALL_SAVANT_CURRENT_SEASON,2026-08-26T14:20:46+00:00,SAVANT_PITCHER_SCHEMA_V1,CURRENT
595345,"Okert, Steven",2026,252,66,26.2,5.6,30.7,50.1,0.269,0.208,0.345,35.7,6.0,76.581561463,,,,0.25,BASEBALL_SAVANT_CURRENT_SEASON,2026-08-26T14:20:46+00:00,SAVANT_PITCHER_SCHEMA_V1,CURRENT
681544,"Olds, Wyatt",2026,17,5,29.4,11.8,34.3,53.0,0.25,0.207,0.227,30.0,0.0,81.56396,,,,0.187,BASEBALL_SAVANT_CURRENT_SEASON,2026-08-26T14:20:46+00:00,SAVANT_PITCHER_SCHEMA_V1,CURRENT
679358,"Orze, Eric",2026,189,36,19.0,11.1,21.8,43.4,0.312,0.253,0.367,29.2,7.0,74.549417813,,,,0.318,BASEBALL_SAVANT_CURRENT_SEASON,2026-08-26T14:20:46+00:00,SAVANT_PITCHER_SCHEMA_V1,CURRENT
670912,"Oviedo, Johan",2026,18,3,16.7,5.6,13.5,51.4,0.484,0.338,0.767,61.5,23.1,81.915164286,,,,0.546,BASEBALL_SAVANT_CURRENT_SEASON,2026-08-26T14:20:46+00:00,SAVANT_PITCHER_SCHEMA_V1,CURRENT
663978,"Paddack, Chris",2026,267,40,15.0,7.1,21.4,50.1,0.342,0.28,0.45,36.9,8.4,77.7658922,,,,0.37,BASEBALL_SAVANT_CURRENT_SEASON,2026-08-26T14:20:46+00:00,SAVANT_PITCHER_SCHEMA_V1,CURRENT
699151,"Paez, Jedixson",2026,16,0,0.0,18.8,16.7,46.2,0.492,0.352,0.786,46.2,23.1,89.427752857,,,,0.498,BASEBALL_SAVANT_CURRENT_SEASON,2026-08-26T14:20:46+00:00,SAVANT_PITCHER_SCHEMA_V1,CURRENT
641941,"Pagán, Emilio",2026,127,31,24.4,7.1,28.3,52.1,0.297,0.206,0.402,47.0,9.6,80.499506429,,,,0.3,BASEBALL_SAVANT_CURRENT_SEASON,2026-08-26T14:20:46+00:00,SAVANT_PITCHER_SCHEMA_V1,CURRENT
686780,"Pagés, Pedro",2026,7,0,0.0,0.0,0.0,62.5,0.584,0.407,0.991,42.9,28.6,88.892765,,,,0.42,BASEBALL_SAVANT_CURRENT_SEASON,2026-08-26T14:20:46+00:00,SAVANT_PITCHER_SCHEMA_V1,CURRENT
691725,"Painter, Andrew",2026,410,79,19.3,8.3,23.7,48.7,0.336,0.261,0.439,36.6,8.6,75.305980897,,,,0.356,BASEBALL_SAVANT_CURRENT_SEASON,2026-08-26T14:20:46+00:00,SAVANT_PITCHER_SCHEMA_V1,CURRENT
694037,"Palencia, Daniel",2026,80,22,27.5,8.8,29.5,51.7,0.297,0.235,0.366,28.0,6.0,78.7699096,,,,0.32,BASEBALL_SAVANT_CURRENT_SEASON,2026-08-26T14:20:46+00:00,SAVANT_PITCHER_SCHEMA_V1,CURRENT
669467,"Pallante, Andre",2026,564,97,17.2,7.3,21.4,44.9,0.305,0.25,0.374,34.5,5.3,75.849779904,,,,0.298,BASEBALL_SAVANT_CURRENT_SEASON,2026-08-26T14:20:46+00:00,SAVANT_PITCHER_SCHEMA_V1,CURRENT
688883,"Pallette, Peyton",2026,97,22,22.7,16.5,28.4,39.8,0.356,0.25,0.384,42.9,7.1,78.551397857,,,,0.333,BASEBALL_SAVANT_CURRENT_SEASON,2026-08-26T14:20:46+00:00,SAVANT_PITCHER_SCHEMA_V1,CURRENT
687223,"Palmquist, Carson",2026,78,15,19.2,10.3,22.5,48.2,0.337,0.271,0.374,23.1,3.8,75.2212944,,,,0.378,BASEBALL_SAVANT_CURRENT_SEASON,2026-08-26T14:20:46+00:00,SAVANT_PITCHER_SCHEMA_V1,CURRENT
623381,"Pannone, Thomas",2026,14,2,14.3,14.3,10.7,50.0,0.4,0.316,0.507,30.0,10.0,78.04101,,,,0.373,BASEBALL_SAVANT_CURRENT_SEASON,2026-08-26T14:20:46+00:00,SAVANT_PITCHER_SCHEMA_V1,CURRENT
702474,"Paredes, Mike",2026,154,19,12.3,8.4,19.3,49.7,0.349,0.279,0.446,50.8,6.8,82.051931525,,,,0.352,BASEBALL_SAVANT_CURRENT_SEASON,2026-08-26T14:20:46+00:00,SAVANT_PITCHER_SCHEMA_V1,CURRENT
680730,"Parker, Mitchell",2026,178,34,19.1,7.3,28.1,50.3,0.347,0.272,0.462,41.9,8.5,80.559445167,,,,0.37,BASEBALL_SAVANT_CURRENT_SEASON,2026-08-26T14:20:46+00:00,SAVANT_PITCHER_SCHEMA_V1,CURRENT
694477,"Patrick, Chad",2026,378,82,21.7,9.5,26.3,48.8,0.311,0.244,0.386,38.4,6.2,77.982916746,,,,0.301,BASEBALL_SAVANT_CURRENT_SEASON,2026-08-26T14:20:46+00:00,SAVANT_PITCHER_SCHEMA_V1,CURRENT
606303,"Payamps, Joel",2026,36,9,25.0,11.1,22.9,46.4,0.377,0.252,0.548,39.1,17.4,85.2484475,,,,0.405,BASEBALL_SAVANT_CURRENT_SEASON,2026-08-26T14:20:46+00:00,SAVANT_PITCHER_SCHEMA_V1,CURRENT
663878,"Pearson, Nate",2026,140,28,20.0,12.9,22.0,45.0,0.319,0.225,0.348,35.6,6.7,74.185631333,,,,0.278,BASEBALL_SAVANT_CURRENT_SEASON,2026-08-26T14:20:46+00:00,SAVANT_PITCHER_SCHEMA_V1,CURRENT
814490,"Pecko, Ethan",2026,39,5,12.8,17.9,25.0,42.9,0.428,0.309,0.527,50.0,7.7,82.270007692,,,,0.395,BASEBALL_SAVANT_CURRENT_SEASON,2026-08-26T14:20:46+00:00,SAVANT_PITCHER_SCHEMA_V1,CURRENT
666711,"Peguero, Joel",2026,48,5,10.4,8.3,18.1,55.6,0.255,0.192,0.247,24.3,0.0,74.951455789,,,,0.297,BASEBALL_SAVANT_CURRENT_SEASON,2026-08-26T14:20:46+00:00,SAVANT_PITCHER_SCHEMA_V1,CURRENT
687239,"Peoples, Ben",2026,57,8,14.0,10.5,24.2,53.1,0.305,0.217,0.369,26.2,7.1,72.24155619,,,,0.319,BASEBALL_SAVANT_CURRENT_SEASON,2026-08-26T14:20:46+00:00,SAVANT_PITCHER_SCHEMA_V1,CURRENT
642547,"Peralta, Freddy",2026,601,129,21.5,9.0,26.2,47.4,0.313,0.242,0.388,38.7,6.3,76.171454314,,,,0.349,BASEBALL_SAVANT_CURRENT_SEASON,2026-08-26T14:20:46+00:00,SAVANT_PITCHER_SCHEMA_V1,CURRENT
671111,"Peralta, Sammy",2026,40,11,27.5,7.5,19.7,45.2,0.394,0.291,0.5,43.5,13.0,76.212090909,,,,0.403,BASEBALL_SAVANT_CURRENT_SEASON,2026-08-26T14:20:46+00:00,SAVANT_PITCHER_SCHEMA_V1,CURRENT
593974,"Peralta, Wandy",2026,267,40,15.0,8.2,21.6,51.0,0.314,0.267,0.379,34.5,3.9,75.930423434,,,,0.328,BASEBALL_SAVANT_CURRENT_SEASON,2026-08-26T14:20:46+00:00,SAVANT_PITCHER_SCHEMA_V1,CURRENT
678022,"Perkins, Jack",2026,411,104,25.3,9.2,27.0,47.9,0.312,0.234,0.388,36.8,8.9,78.591514453,,,,0.355,BASEBALL_SAVANT_CURRENT_SEASON,2026-08-26T14:20:46+00:00,SAVANT_PITCHER_SCHEMA_V1,CURRENT
656848,"Petersen, Michael",2026,223,64,28.7,10.8,28.6,50.6,0.284,0.189,0.35,40.2,10.7,80.862820909,,,,0.275,BASEBALL_SAVANT_CURRENT_SEASON,2026-08-26T14:20:46+00:00,SAVANT_PITCHER_SCHEMA_V1,CURRENT
656849,"Peterson, David",2026,532,103,19.4,9.2,22.2,46.9,0.337,0.271,0.413,41.2,6.4,78.213670815,,,,0.332,BASEBALL_SAVANT_CURRENT_SEASON,2026-08-26T14:20:46+00:00,SAVANT_PITCHER_SCHEMA_V1,CURRENT
695534,"Petty, Chase",2026,139,15,10.8,6.5,19.6,48.2,0.361,0.278,0.47,37.5,9.1,77.668980909,,,,0.328,BASEBALL_SAVANT_CURRENT_SEASON,2026-08-26T14:20:46+00:00,SAVANT_PITCHER_SCHEMA_V1,CURRENT
694297,"Pfaadt, Brandon",2026,431,72,16.7,6.0,21.2,48.9,0.3,0.241,0.385,34.5,7.6,77.884082744,,,,0.294,BASEBALL_SAVANT_CURRENT_SEASON,2026-08-26T14:20:46+00:00,SAVANT_PITCHER_SCHEMA_V1,CURRENT
683175,"Phillips, Connor",2026,133,28,21.1,21.1,26.8,40.3,0.377,0.24,0.407,40.5,9.5,79.799812703,,,,0.346,BASEBALL_SAVANT_CURRENT_SEASON,2026-08-26T14:20:46+00:00,SAVANT_PITCHER_SCHEMA_V1,CURRENT
623465,"Phillips, Evan",2026,68,17,25.0,7.4,23.7,47.5,0.342,0.253,0.517,39.1,15.2,82.083996957,,,,0.342,BASEBALL_SAVANT_CURRENT_SEASON,2026-08-26T14:20:46+00:00,SAVANT_PITCHER_SCHEMA_V1,CURRENT
663969,"Phillips, Tyler",2026,454,86,18.9,9.9,26.4,45.9,0.334,0.26,0.42,43.6,8.2,79.798833608,,,,0.32,BASEBALL_SAVANT_CURRENT_SEASON,2026-08-26T14:20:46+00:00,SAVANT_PITCHER_SCHEMA_V1,CURRENT
702752,"Pintaro, Jonathan",2026,86,21,24.4,14.0,26.3,43.4,0.322,0.216,0.356,41.2,6.0,80.213009583,,,,0.301,BASEBALL_SAVANT_CURRENT_SEASON,2026-08-26T14:20:46+00:00,SAVANT_PITCHER_SCHEMA_V1,CURRENT
601713,"Pivetta, Nick",2026,66,24,36.4,9.1,26.1,48.8,0.212,0.154,0.228,30.6,2.8,76.394676111,,,,0.248,BASEBALL_SAVANT_CURRENT_SEASON,2026-08-26T14:20:46+00:00,SAVANT_PITCHER_SCHEMA_V1,CURRENT
519141,"Pomeranz, Drew",2026,135,17,12.6,11.9,17.6,49.8,0.351,0.267,0.463,37.0,9.1,77.561619796,,,,0.369,BASEBALL_SAVANT_CURRENT_SEASON,2026-08-26T14:20:46+00:00,SAVANT_PITCHER_SCHEMA_V1,CURRENT
664074,"Ponce, Cody",2026,10,3,30.0,10.0,51.7,61.7,0.243,0.177,0.277,33.3,0.0,78.841886667,,,,0.196,BASEBALL_SAVANT_CURRENT_SEASON,2026-08-26T14:20:46+00:00,SAVANT_PITCHER_SCHEMA_V1,CURRENT
647315,"Pop, Zach",2026,31,6,19.4,9.7,15.4,40.0,0.317,0.248,0.358,47.6,4.8,87.23803,,,,0.27,BASEBALL_SAVANT_CURRENT_SEASON,2026-08-26T14:20:46+00:00,SAVANT_PITCHER_SCHEMA_V1,CURRENT
676571,"Poulin, PJ",2026,153,25,16.3,13.7,16.9,40.0,0.353,0.256,0.441,44.3,9.6,81.487914808,,,,0.302,BASEBALL_SAVANT_CURRENT_SEASON,2026-08-26T14:20:46+00:00,SAVANT_PITCHER_SCHEMA_V1,CURRENT
700249,"Povich, Cade",2026,120,21,17.5,8.3,23.6,45.9,0.342,0.264,0.453,43.2,8.0,80.974227045,,,,0.35,BASEBALL_SAVANT_CURRENT_SEASON,2026-08-26T14:20:46+00:00,SAVANT_PITCHER_SCHEMA_V1,CURRENT
687570,"Prielipp, Connor",2026,408,101,24.8,9.3,24.0,47.0,0.319,0.239,0.402,41.8,8.0,80.621607209,,,,0.336,BASEBALL_SAVANT_CURRENT_SEASON,2026-08-26T14:20:46+00:00,SAVANT_PITCHER_SCHEMA_V1,CURRENT
690155,"Pushard, Matt",2026,32,6,18.8,12.5,16.0,41.7,0.347,0.278,0.39,50.0,0.0,79.453457,,,,0.298,BASEBALL_SAVANT_CURRENT_SEASON,2026-08-26T14:20:46+00:00,SAVANT_PITCHER_SCHEMA_V1,CURRENT
672335,"Pérez, Cionel",2026,181,41,22.7,8.8,25.2,45.9,0.346,0.265,0.47,50.0,13.0,80.468019836,,,,0.331,BASEBALL_SAVANT_CURRENT_SEASON,2026-08-26T14:20:46+00:00,SAVANT_PITCHER_SCHEMA_V1,CURRENT
691587,"Pérez, Eury",2026,515,137,26.6,10.1,28.6,51.2,0.297,0.21,0.361,38.7,9.1,76.754447848,,,,0.284,BASEBALL_SAVANT_CURRENT_SEASON,2026-08-26T14:20:46+00:00,SAVANT_PITCHER_SCHEMA_V1,CURRENT
527048,"Pérez, Martín",2026,475,85,17.9,10.1,21.5,42.7,0.323,0.259,0.389,37.1,5.3,75.918608323,,,,0.293,BASEBALL_SAVANT_CURRENT_SEASON,2026-08-26T14:20:46+00:00,SAVANT_PITCHER_SCHEMA_V1,CURRENT
615698,"Quantrill, Cal",2026,347,60,17.3,6.3,19.0,48.5,0.305,0.244,0.398,34.0,6.9,78.228404264,,,,0.284,BASEBALL_SAVANT_CURRENT_SEASON,2026-08-26T14:20:46+00:00,SAVANT_PITCHER_SCHEMA_V1,CURRENT
500779,"Quintana, Jose",2026,181,20,11.0,9.4,21.1,47.0,0.343,0.275,0.441,32.9,8.4,78.148649286,,,,0.364,BASEBALL_SAVANT_CURRENT_SEASON,2026-08-26T14:20:46+00:00,SAVANT_PITCHER_SCHEMA_V1,CURRENT
666142,"Ragans, Cole",2026,151,45,29.8,15.2,31.7,45.4,0.344,0.218,0.452,39.8,15.7,79.173246585,,,,0.355,BASEBALL_SAVANT_CURRENT_SEASON,2026-08-26T14:20:46+00:00,SAVANT_PITCHER_SCHEMA_V1,CURRENT
663432,"Rainey, Tanner",2026,25,6,24.0,24.0,37.1,34.7,0.268,0.128,0.178,15.4,0.0,74.77586,,,,0.203,BASEBALL_SAVANT_CURRENT_SEASON,2026-08-26T14:20:46+00:00,SAVANT_PITCHER_SCHEMA_V1,CURRENT
691008,"Rajcic, Max",2026,39,8,20.5,15.4,23.9,41.1,0.281,0.168,0.318,36.0,8.0,76.259393077,,,,0.311,BASEBALL_SAVANT_CURRENT_SEASON,2026-08-26T14:20:46+00:00,SAVANT_PITCHER_SCHEMA_V1,CURRENT
548384,"Raley, Brooks",2026,199,48,24.1,8.0,23.6,47.0,0.29,0.224,0.35,29.5,5.3,75.048949206,,,,0.279,BASEBALL_SAVANT_CURRENT_SEASON,2026-08-26T14:20:46+00:00,SAVANT_PITCHER_SCHEMA_V1,CURRENT
667652,"Ralston, Jack",2026,11,2,18.2,0.0,25.0,48.8,0.158,0.169,0.19,22.2,0.0,65.760406,,,,0.162,BASEBALL_SAVANT_CURRENT_SEASON,2026-08-26T14:20:46+00:00,SAVANT_PITCHER_SCHEMA_V1,CURRENT
678576,"Ramos, Wilkin",2026,15,1,6.7,26.7,26.1,37.7,0.459,0.388,0.47,50.0,0.0,79.481412,,,,0.507,BASEBALL_SAVANT_CURRENT_SEASON,2026-08-26T14:20:46+00:00,SAVANT_PITCHER_SCHEMA_V1,CURRENT
670990,"Ramírez, Yohan",2026,309,85,27.5,13.6,27.9,44.3,0.289,0.21,0.294,31.6,4.7,72.437251176,,,,0.287,BASEBALL_SAVANT_CURRENT_SEASON,2026-08-26T14:20:46+00:00,SAVANT_PITCHER_SCHEMA_V1,CURRENT
660604,"Rangel, Alan",2026,123,29,23.6,10.6,24.4,50.1,0.317,0.249,0.37,30.4,5.1,77.783388462,,,,0.377,BASEBALL_SAVANT_CURRENT_SEASON,2026-08-26T14:20:46+00:00,SAVANT_PITCHER_SCHEMA_V1,CURRENT
675919,"Raquet, Nick",2026,17,1,5.9,11.8,6.3,42.7,0.416,0.328,0.498,30.8,7.7,80.663465714,,,,0.372,BASEBALL_SAVANT_CURRENT_SEASON,2026-08-26T14:20:46+00:00,SAVANT_PITCHER_SCHEMA_V1,CURRENT
688497,"Rashi, Taylor",2026,26,5,19.2,11.5,33.3,51.1,0.359,0.278,0.462,50.0,5.6,78.103501111,,,,0.345,BASEBALL_SAVANT_CURRENT_SEASON,2026-08-26T14:20:46+00:00,SAVANT_PITCHER_SCHEMA_V1,CURRENT
656876,"Rasmussen, Drew",2026,550,143,26.0,4.5,25.0,50.4,0.276,0.231,0.352,33.9,6.1,77.451408763,,,,0.25,BASEBALL_SAVANT_CURRENT_SEASON,2026-08-26T14:20:46+00:00,SAVANT_PITCHER_SCHEMA_V1,CURRENT
592662,"Ray, Robbie",2026,600,122,20.3,11.7,25.0,47.0,0.329,0.24,0.415,37.6,8.6,78.405786181,,,,0.31,BASEBALL_SAVANT_CURRENT_SEASON,2026-08-26T14:20:46+00:00,SAVANT_PITCHER_SCHEMA_V1,CURRENT
694397,"Raya, Marco",2026,25,4,16.0,12.0,26.2,42.0,0.341,0.274,0.407,27.8,5.6,76.521663333,,,,0.308,BASEBALL_SAVANT_CURRENT_SEASON,2026-08-26T14:20:46+00:00,SAVANT_PITCHER_SCHEMA_V1,CURRENT
607067,"Rea, Colin",2026,539,92,17.1,8.2,19.7,46.7,0.358,0.276,0.485,41.4,10.6,79.567745918,,,,0.333,BASEBALL_SAVANT_CURRENT_SEASON,2026-08-26T14:20:46+00:00,SAVANT_PITCHER_SCHEMA_V1,CURRENT
687377,"Ribalta, Orlando",2026,160,37,23.1,9.4,26.4,50.9,0.29,0.207,0.374,33.3,7.4,71.81985537,,,,0.275,BASEBALL_SAVANT_CURRENT_SEASON,2026-08-26T14:20:46+00:00,SAVANT_PITCHER_SCHEMA_V1,CURRENT
670950,"Richards, Trevor",2026,265,58,21.9,7.9,22.5,48.5,0.305,0.238,0.407,40.3,7.5,81.464024946,,,,0.292,BASEBALL_SAVANT_CURRENT_SEASON,2026-08-26T14:20:46+00:00,SAVANT_PITCHER_SCHEMA_V1,CURRENT
680689,"Richardson, Lyon",2026,16,4,25.0,18.8,32.0,36.8,0.478,0.23,0.727,25.0,28.6,79.06667,,,,0.433,BASEBALL_SAVANT_CURRENT_SEASON,2026-08-26T14:20:46+00:00,SAVANT_PITCHER_SCHEMA_V1,CURRENT
702275,"Ritchie, JR",2026,256,53,20.7,14.1,23.3,41.1,0.344,0.24,0.408,39.5,9.3,79.788373625,,,,0.324,BASEBALL_SAVANT_CURRENT_SEASON,2026-08-26T14:20:46+00:00,SAVANT_PITCHER_SCHEMA_V1,CURRENT
700842,"Rivera, Eduardo",2026,44,10,22.7,13.6,25.0,45.7,0.297,0.205,0.342,42.9,3.6,81.97687,,,,0.3,BASEBALL_SAVANT_CURRENT_SEASON,2026-08-26T14:20:46+00:00,SAVANT_PITCHER_SCHEMA_V1,CURRENT
685005,"Roa, Christian",2026,43,6,14.0,16.3,24.7,45.5,0.415,0.297,0.492,63.0,7.4,82.120582857,,,,0.423,BASEBALL_SAVANT_CURRENT_SEASON,2026-08-26T14:20:46+00:00,SAVANT_PITCHER_SCHEMA_V1,CURRENT
681799,"Roberts, Ethan",2026,110,17,15.5,12.7,22.6,43.6,0.342,0.255,0.391,44.7,3.9,81.901718947,,,,0.331,BASEBALL_SAVANT_CURRENT_SEASON,2026-08-26T14:20:46+00:00,SAVANT_PITCHER_SCHEMA_V1,CURRENT
645302,"Robles, Victor",2026,9,0,0.0,11.1,0.0,42.3,0.504,0.49,0.619,37.5,0.0,87.5538325,,,,0.572,BASEBALL_SAVANT_CURRENT_SEASON,2026-08-26T14:20:46+00:00,SAVANT_PITCHER_SCHEMA_V1,CURRENT
697812,"Rock, Joe",2026,53,12,22.6,20.8,27.4,43.1,0.39,0.267,0.402,57.1,3.6,87.123432143,,,,0.364,BASEBALL_SAVANT_CURRENT_SEASON,2026-08-26T14:20:46+00:00,SAVANT_PITCHER_SCHEMA_V1,CURRENT
677958,"Rocker, Kumar",2026,553,117,21.2,9.2,26.1,47.8,0.329,0.255,0.422,40.4,7.6,77.932650899,,,,0.33,BASEBALL_SAVANT_CURRENT_SEASON,2026-08-26T14:20:46+00:00,SAVANT_PITCHER_SCHEMA_V1,CURRENT
699134,"Rodriguez, Bradgley",2026,237,63,26.6,7.2,28.8,51.3,0.225,0.18,0.264,29.3,3.2,76.749728831,,,,0.252,BASEBALL_SAVANT_CURRENT_SEASON,2026-08-26T14:20:46+00:00,SAVANT_PITCHER_SCHEMA_V1,CURRENT
692230,"Rodriguez, Carlos",2026,42,8,19.0,9.5,26.4,50.0,0.282,0.228,0.327,16.7,3.3,72.742499333,,,,0.324,BASEBALL_SAVANT_CURRENT_SEASON,2026-08-26T14:20:46+00:00,SAVANT_PITCHER_SCHEMA_V1,CURRENT
593958,"Rodriguez, Eduardo",2026,635,110,17.3,7.7,20.5,47.9,0.329,0.264,0.436,34.7,8.0,76.50222312,,,,0.296,BASEBALL_SAVANT_CURRENT_SEASON,2026-08-26T14:20:46+00:00,SAVANT_PITCHER_SCHEMA_V1,CURRENT
680570,"Rodriguez, Grayson",2026,298,61,20.5,10.1,24.1,48.9,0.364,0.277,0.477,46.5,9.9,79.867747129,,,,0.361,BASEBALL_SAVANT_CURRENT_SEASON,2026-08-26T14:20:46+00:00,SAVANT_PITCHER_SCHEMA_V1,CURRENT
695684,"Rodríguez, Elmer",2026,83,10,12.0,13.3,27.0,39.6,0.366,0.272,0.385,34.5,5.2,75.299671034,,,,0.35,BASEBALL_SAVANT_CURRENT_SEASON,2026-08-26T14:20:46+00:00,SAVANT_PITCHER_SCHEMA_V1,CURRENT
655889,"Rodríguez, Manuel",2026,5,3,60.0,20.0,30.8,56.5,0.166,0.029,0.051,0.0,0.0,90.10641,,,,0.392,BASEBALL_SAVANT_CURRENT_SEASON,2026-08-26T14:20:46+00:00,SAVANT_PITCHER_SCHEMA_V1,CURRENT
684320,"Rodríguez, Yariel",2026,45,6,13.3,15.6,15.7,40.7,0.402,0.295,0.495,32.3,12.9,75.308805,,,,0.422,BASEBALL_SAVANT_CURRENT_SEASON,2026-08-26T14:20:46+00:00,SAVANT_PITCHER_SCHEMA_V1,CURRENT
607074,"Rodón, Carlos",2026,228,58,25.4,13.2,27.8,47.5,0.309,0.222,0.348,36.7,6.5,80.670006087,,,,0.275,BASEBALL_SAVANT_CURRENT_SEASON,2026-08-26T14:20:46+00:00,SAVANT_PITCHER_SCHEMA_V1,CURRENT
573124,"Rogers, Taylor",2026,216,41,19.0,10.2,17.9,42.2,0.316,0.248,0.373,28.0,6.7,75.919915139,,,,0.337,BASEBALL_SAVANT_CURRENT_SEASON,2026-08-26T14:20:46+00:00,SAVANT_PITCHER_SCHEMA_V1,CURRENT
669432,"Rogers, Trevor",2026,556,114,20.5,6.5,23.7,52.5,0.304,0.247,0.394,38.5,7.0,78.033519192,,,,0.306,BASEBALL_SAVANT_CURRENT_SEASON,2026-08-26T14:20:46+00:00,SAVANT_PITCHER_SCHEMA_V1,CURRENT
643511,"Rogers, Tyler",2026,251,32,12.7,8.0,14.7,50.8,0.259,0.227,0.299,27.6,1.6,72.224720833,,,,0.25,BASEBALL_SAVANT_CURRENT_SEASON,2026-08-26T14:20:46+00:00,SAVANT_PITCHER_SCHEMA_V1,CURRENT
696070,"Rojas, Kendry",2026,130,34,26.2,16.9,28.1,43.8,0.288,0.179,0.282,31.5,6.8,72.879891429,,,,0.321,BASEBALL_SAVANT_CURRENT_SEASON,2026-08-26T14:20:46+00:00,SAVANT_PITCHER_SCHEMA_V1,CURRENT
669020,"Rolison, Ryan",2026,204,48,23.5,11.3,21.3,44.4,0.314,0.24,0.375,41.2,6.8,79.566153485,,,,0.3,BASEBALL_SAVANT_CURRENT_SEASON,2026-08-26T14:20:46+00:00,SAVANT_PITCHER_SCHEMA_V1,CURRENT
680723,"Rom, Drew",2026,56,16,28.6,12.5,27.1,39.9,0.354,0.258,0.447,60.6,15.2,89.77097625,,,,0.394,BASEBALL_SAVANT_CURRENT_SEASON,2026-08-26T14:20:46+00:00,SAVANT_PITCHER_SCHEMA_V1,CURRENT
605447,"Romano, Jordan",2026,109,27,24.8,12.8,27.2,43.7,0.296,0.236,0.314,32.8,3.0,76.139338529,,,,0.305,BASEBALL_SAVANT_CURRENT_SEASON,2026-08-26T14:20:46+00:00,SAVANT_PITCHER_SCHEMA_V1,CURRENT
668941,"Romero, JoJo",2026,186,43,23.1,8.6,23.6,39.9,0.337,0.262,0.433,43.1,8.2,80.185425167,,,,0.313,BASEBALL_SAVANT_CURRENT_SEASON,2026-08-26T14:20:46+00:00,SAVANT_PITCHER_SCHEMA_V1,CURRENT
605452,"Ross, Joe",2026,57,7,12.3,10.5,30.0,53.7,0.391,0.307,0.524,36.4,11.4,73.661929091,,,,0.404,BASEBALL_SAVANT_CURRENT_SEASON,2026-08-26T14:20:46+00:00,SAVANT_PITCHER_SCHEMA_V1,CURRENT
694738,"Roupp, Landen",2026,574,130,22.6,11.1,25.2,43.4,0.3,0.231,0.342,29.3,4.8,75.124273791,,,,0.3,BASEBALL_SAVANT_CURRENT_SEASON,2026-08-26T14:20:46+00:00,SAVANT_PITCHER_SCHEMA_V1,CURRENT
688297,"Roycroft, Chris",2026,125,18,14.4,9.6,17.1,48.0,0.395,0.311,0.529,43.5,12.0,78.898365682,,,,0.432,BASEBALL_SAVANT_CURRENT_SEASON,2026-08-26T14:20:46+00:00,SAVANT_PITCHER_SCHEMA_V1,CURRENT
621074,"Rucker, Michael",2026,132,36,27.3,9.1,26.6,45.9,0.305,0.238,0.361,39.0,8.5,77.485860488,,,,0.316,BASEBALL_SAVANT_CURRENT_SEASON,2026-08-26T14:20:46+00:00,SAVANT_PITCHER_SCHEMA_V1,CURRENT
671131,"Rutledge, Jackson",2026,12,2,16.7,16.7,34.8,52.3,0.418,0.315,0.527,37.5,12.5,73.781985,,,,0.651,BASEBALL_SAVANT_CURRENT_SEASON,2026-08-26T14:20:46+00:00,SAVANT_PITCHER_SCHEMA_V1,CURRENT
657746,"Ryan, Joe",2026,523,138,26.4,5.2,25.5,50.2,0.29,0.224,0.39,42.2,10.5,79.0089436,,,,0.299,BASEBALL_SAVANT_CURRENT_SEASON,2026-08-26T14:20:46+00:00,SAVANT_PITCHER_SCHEMA_V1,CURRENT
605441,"Ríos, Yacksel",2026,5,2,40.0,0.0,33.3,46.2,0.335,0.345,0.43,33.3,0.0,82.933405,,,,0.0,BASEBALL_SAVANT_CURRENT_SEASON,2026-08-26T14:20:46+00:00,SAVANT_PITCHER_SCHEMA_V1,CURRENT
681870,"Sabrowski, Erik",2026,162,64,39.5,15.4,33.8,46.6,0.26,0.153,0.269,36.1,8.5,80.059984722,,,,0.275,BASEBALL_SAVANT_CURRENT_SEASON,2026-08-26T14:20:46+00:00,SAVANT_PITCHER_SCHEMA_V1,CURRENT
519242,"Sale, Chris",2026,542,166,30.6,5.2,30.1,50.6,0.272,0.225,0.33,34.6,5.3,76.87410125,,,,0.262,BASEBALL_SAVANT_CURRENT_SEASON,2026-08-26T14:20:46+00:00,SAVANT_PITCHER_SCHEMA_V1,CURRENT
701719,"Samaniego, Tyler",2026,90,17,18.9,8.9,21.6,44.3,0.331,0.268,0.398,36.5,3.2,79.516716552,,,,0.324,BASEBALL_SAVANT_CURRENT_SEASON,2026-08-26T14:20:46+00:00,SAVANT_PITCHER_SCHEMA_V1,CURRENT
676742,"Sanders, Cam",2026,88,23,26.1,14.8,37.4,47.8,0.317,0.215,0.331,30.6,6.1,77.455790417,,,,0.294,BASEBALL_SAVANT_CURRENT_SEASON,2026-08-26T14:20:46+00:00,SAVANT_PITCHER_SCHEMA_V1,CURRENT
689818,"Sandlin, David",2026,106,24,22.6,11.3,22.8,45.0,0.318,0.23,0.39,30.4,10.1,75.845682,,,,0.346,BASEBALL_SAVANT_CURRENT_SEASON,2026-08-26T14:20:46+00:00,SAVANT_PITCHER_SCHEMA_V1,CURRENT
680704,"Sandlin, Nick",2026,40,6,15.0,12.5,31.1,38.9,0.377,0.238,0.463,38.5,7.7,75.572523846,,,,0.419,BASEBALL_SAVANT_CURRENT_SEASON,2026-08-26T14:20:46+00:00,SAVANT_PITCHER_SCHEMA_V1,CURRENT
663776,"Sandoval, Patrick",2026,184,41,22.3,9.8,26.3,47.6,0.339,0.275,0.429,33.9,6.5,75.549393934,,,,0.377,BASEBALL_SAVANT_CURRENT_SEASON,2026-08-26T14:20:46+00:00,SAVANT_PITCHER_SCHEMA_V1,CURRENT
663485,"Sands, Cole",2026,56,11,19.6,8.9,23.3,49.3,0.364,0.268,0.507,56.4,10.3,87.479249474,,,,0.409,BASEBALL_SAVANT_CURRENT_SEASON,2026-08-26T14:20:46+00:00,SAVANT_PITCHER_SCHEMA_V1,CURRENT
665665,"Sanmartin, Reiver",2026,56,10,17.9,7.1,20.9,44.2,0.336,0.276,0.461,42.9,14.3,73.534730476,,,,0.393,BASEBALL_SAVANT_CURRENT_SEASON,2026-08-26T14:20:46+00:00,SAVANT_PITCHER_SCHEMA_V1,CURRENT
695001,"Santa, Alimber",2026,59,9,15.3,10.2,18.5,45.4,0.267,0.207,0.272,34.1,2.3,70.190901364,,,,0.218,BASEBALL_SAVANT_CURRENT_SEASON,2026-08-26T14:20:46+00:00,SAVANT_PITCHER_SCHEMA_V1,CURRENT
642701,"Santana, Dennis",2026,201,41,20.4,10.4,26.2,48.6,0.339,0.252,0.439,41.2,9.6,79.470242794,,,,0.353,BASEBALL_SAVANT_CURRENT_SEASON,2026-08-26T14:20:46+00:00,SAVANT_PITCHER_SCHEMA_V1,CURRENT
663574,"Santillan, Tony",2026,140,28,20.0,11.4,21.9,45.6,0.362,0.26,0.496,46.9,11.7,82.27209087,,,,0.355,BASEBALL_SAVANT_CURRENT_SEASON,2026-08-26T14:20:46+00:00,SAVANT_PITCHER_SCHEMA_V1,CURRENT
666619,"Santos, Gregory",2026,22,1,4.5,13.6,8.1,43.0,0.376,0.327,0.428,55.6,0.0,80.238957778,,,,0.363,BASEBALL_SAVANT_CURRENT_SEASON,2026-08-26T14:20:46+00:00,SAVANT_PITCHER_SCHEMA_V1,CURRENT
692437,"Santos, Winston",2026,9,1,11.1,11.1,15.4,39.4,0.387,0.285,0.545,14.3,14.3,77.2217375,,,,0.404,BASEBALL_SAVANT_CURRENT_SEASON,2026-08-26T14:20:46+00:00,SAVANT_PITCHER_SCHEMA_V1,CURRENT
808963,"Sasaki, Roki",2026,493,114,23.1,9.3,29.7,50.2,0.317,0.242,0.4,43.9,9.8,79.041192025,,,,0.338,BASEBALL_SAVANT_CURRENT_SEASON,2026-08-26T14:20:46+00:00,SAVANT_PITCHER_SCHEMA_V1,CURRENT
642048,"Saucedo, Tayler",2026,51,16,31.4,5.9,40.4,48.5,0.279,0.208,0.364,38.7,9.7,78.2517075,,,,0.302,BASEBALL_SAVANT_CURRENT_SEASON,2026-08-26T14:20:46+00:00,SAVANT_PITCHER_SCHEMA_V1,CURRENT
453286,"Scherzer, Max",2026,225,36,16.0,11.1,18.5,49.7,0.336,0.25,0.427,33.1,9.2,76.89870679,,,,0.361,BASEBALL_SAVANT_CURRENT_SEASON,2026-08-26T14:20:46+00:00,SAVANT_PITCHER_SCHEMA_V1,CURRENT
693645,"Schlittler, Cam",2026,627,193,30.8,5.9,28.7,52.3,0.266,0.209,0.336,39.2,7.7,77.330928438,,,,0.255,BASEBALL_SAVANT_CURRENT_SEASON,2026-08-26T14:20:46+00:00,SAVANT_PITCHER_SCHEMA_V1,CURRENT
669947,"Scholtens, Jesse",2026,196,34,17.3,7.1,20.6,49.8,0.348,0.276,0.466,35.2,10.3,76.816485556,,,,0.348,BASEBALL_SAVANT_CURRENT_SEASON,2026-08-26T14:20:46+00:00,SAVANT_PITCHER_SCHEMA_V1,CURRENT
670167,"Schreiber, John",2026,200,36,18.0,11.0,21.7,43.1,0.328,0.257,0.42,40.4,6.4,77.579328696,,,,0.316,BASEBALL_SAVANT_CURRENT_SEASON,2026-08-26T14:20:46+00:00,SAVANT_PITCHER_SCHEMA_V1,CURRENT
702273,"Schultz, Noah",2026,291,59,20.3,10.7,21.0,44.5,0.364,0.273,0.454,40.4,9.4,78.237856489,,,,0.345,BASEBALL_SAVANT_CURRENT_SEASON,2026-08-26T14:20:46+00:00,SAVANT_PITCHER_SCHEMA_V1,CURRENT
687606,"Schultz, Paxton",2026,153,32,20.9,7.8,18.7,44.8,0.342,0.276,0.453,39.3,8.4,82.112614528,,,,0.372,BASEBALL_SAVANT_CURRENT_SEASON,2026-08-26T14:20:46+00:00,SAVANT_PITCHER_SCHEMA_V1,CURRENT
805326,"Schweitzer, Tyler",2026,125,16,12.8,8.0,22.9,53.3,0.357,0.285,0.48,49.5,9.2,81.854506735,,,,0.33,BASEBALL_SAVANT_CURRENT_SEASON,2026-08-26T14:20:46+00:00,SAVANT_PITCHER_SCHEMA_V1,CURRENT
681035,"Scott, Christian",2026,390,111,28.5,10.0,27.0,49.5,0.308,0.229,0.362,34.2,7.4,75.97101886,,,,0.313,BASEBALL_SAVANT_CURRENT_SEASON,2026-08-26T14:20:46+00:00,SAVANT_PITCHER_SCHEMA_V1,CURRENT
656945,"Scott, Tanner",2026,205,64,31.2,5.4,34.9,55.9,0.272,0.234,0.353,32.6,7.0,77.197282969,,,,0.242,BASEBALL_SAVANT_CURRENT_SEASON,2026-08-26T14:20:46+00:00,SAVANT_PITCHER_SCHEMA_V1,CURRENT
657756,"Seabold, Connor",2026,113,20,17.7,8.0,20.0,47.3,0.308,0.253,0.364,37.0,6.3,76.54324025,,,,0.351,BASEBALL_SAVANT_CURRENT_SEASON,2026-08-26T14:20:46+00:00,SAVANT_PITCHER_SCHEMA_V1,CURRENT
808825,"Sears, Andrew",2026,18,3,16.7,5.6,28.6,47.3,0.361,0.265,0.544,42.9,14.3,86.990461429,,,,0.441,BASEBALL_SAVANT_CURRENT_SEASON,2026-08-26T14:20:46+00:00,SAVANT_PITCHER_SCHEMA_V1,CURRENT
676664,"Sears, JP",2026,143,25,17.5,7.7,20.7,47.4,0.345,0.263,0.441,45.2,8.7,81.108293137,,,,0.328,BASEBALL_SAVANT_CURRENT_SEASON,2026-08-26T14:20:46+00:00,SAVANT_PITCHER_SCHEMA_V1,CURRENT
676910,"Seelinger, Matt",2026,15,2,13.3,26.7,29.2,46.2,0.409,0.226,0.495,44.4,22.2,83.32846,,,,0.634,BASEBALL_SAVANT_CURRENT_SEASON,2026-08-26T14:20:46+00:00,SAVANT_PITCHER_SCHEMA_V1,CURRENT
673540,"Senga, Kodai",2026,241,62,25.7,14.9,28.9,45.0,0.341,0.234,0.407,38.6,12.1,79.753873333,,,,0.383,BASEBALL_SAVANT_CURRENT_SEASON,2026-08-26T14:20:46+00:00,SAVANT_PITCHER_SCHEMA_V1,CURRENT
622608,"Senzatela, Antonio",2026,258,53,20.5,7.8,24.2,49.8,0.306,0.258,0.372,41.5,6.0,77.368016813,,,,0.308,BASEBALL_SAVANT_CURRENT_SEASON,2026-08-26T14:20:46+00:00,SAVANT_PITCHER_SCHEMA_V1,CURRENT
622663,"Severino, Luis",2026,271,65,24.0,11.4,23.0,47.6,0.318,0.231,0.388,38.7,8.7,78.384796047,,,,0.345,BASEBALL_SAVANT_CURRENT_SEASON,2026-08-26T14:20:46+00:00,SAVANT_PITCHER_SCHEMA_V1,CURRENT
623149,"Sewald, Paul",2026,179,48,26.8,6.1,28.8,51.3,0.32,0.221,0.478,40.7,14.4,80.875839492,,,,0.328,BASEBALL_SAVANT_CURRENT_SEASON,2026-08-26T14:20:46+00:00,SAVANT_PITCHER_SCHEMA_V1,CURRENT
693313,"Seymour, Carson",2026,77,14,18.2,9.1,21.7,48.6,0.377,0.311,0.484,38.2,9.1,77.34483,,,,0.369,BASEBALL_SAVANT_CURRENT_SEASON,2026-08-26T14:20:46+00:00,SAVANT_PITCHER_SCHEMA_V1,CURRENT
693855,"Seymour, Ian",2026,446,128,28.7,7.2,29.0,50.6,0.294,0.222,0.394,36.2,9.6,77.214692044,,,,0.308,BASEBALL_SAVANT_CURRENT_SEASON,2026-08-26T14:20:46+00:00,SAVANT_PITCHER_SCHEMA_V1,CURRENT
686218,"Sheehan, Emmet",2026,412,108,26.2,7.3,30.8,50.2,0.308,0.23,0.403,39.1,10.5,78.062125682,,,,0.346,BASEBALL_SAVANT_CURRENT_SEASON,2026-08-26T14:20:46+00:00,SAVANT_PITCHER_SCHEMA_V1,CURRENT
669298,"Shook, TJ",2026,36,7,19.4,5.6,21.9,47.8,0.319,0.253,0.451,40.7,7.4,83.179486429,,,,0.484,BASEBALL_SAVANT_CURRENT_SEASON,2026-08-26T14:20:46+00:00,SAVANT_PITCHER_SCHEMA_V1,CURRENT
663767,"Shugart, Chase",2026,188,53,28.2,9.6,24.9,39.5,0.315,0.219,0.409,36.3,11.5,75.676022807,,,,0.344,BASEBALL_SAVANT_CURRENT_SEASON,2026-08-26T14:20:46+00:00,SAVANT_PITCHER_SCHEMA_V1,CURRENT
694363,"Shuster, Jared",2026,44,4,9.1,13.6,13.6,39.8,0.311,0.239,0.367,50.0,2.9,80.926432941,,,,0.362,BASEBALL_SAVANT_CURRENT_SEASON,2026-08-26T14:20:46+00:00,SAVANT_PITCHER_SCHEMA_V1,CURRENT
681217,"Silseth, Chase",2026,217,58,26.7,13.4,32.0,47.3,0.315,0.226,0.388,32.8,10.2,75.543829206,,,,0.301,BASEBALL_SAVANT_CURRENT_SEASON,2026-08-26T14:20:46+00:00,SAVANT_PITCHER_SCHEMA_V1,CURRENT
681006,"Simpson, Josh",2026,38,10,26.3,10.5,20.3,41.8,0.369,0.227,0.532,43.5,17.4,82.3413875,,,,0.482,BASEBALL_SAVANT_CURRENT_SEASON,2026-08-26T14:20:46+00:00,SAVANT_PITCHER_SCHEMA_V1,CURRENT
608371,"Sims, Lucas",2026,46,10,21.7,15.2,21.6,43.3,0.33,0.22,0.356,39.3,7.1,73.754161538,,,,0.353,BASEBALL_SAVANT_CURRENT_SEASON,2026-08-26T14:20:46+00:00,SAVANT_PITCHER_SCHEMA_V1,CURRENT
663903,"Singer, Brady",2026,611,112,18.3,7.4,24.7,44.7,0.344,0.271,0.446,41.7,9.5,80.980389626,,,,0.35,BASEBALL_SAVANT_CURRENT_SEASON,2026-08-26T14:20:46+00:00,SAVANT_PITCHER_SCHEMA_V1,CURRENT
681895,"Sisk, Evan",2026,174,47,27.0,10.3,26.5,41.7,0.277,0.194,0.277,30.7,3.0,72.6317744,,,,0.311,BASEBALL_SAVANT_CURRENT_SEASON,2026-08-26T14:20:46+00:00,SAVANT_PITCHER_SCHEMA_V1,CURRENT
694973,"Skenes, Paul",2026,594,175,29.5,6.9,28.5,51.1,0.275,0.213,0.34,39.1,7.3,77.00066011,,,,0.29,BASEBALL_SAVANT_CURRENT_SEASON,2026-08-26T14:20:46+00:00,SAVANT_PITCHER_SCHEMA_V1,CURRENT
669373,"Skubal, Tarik",2026,473,146,30.9,4.4,32.3,53.7,0.267,0.225,0.338,35.5,7.3,75.129737551,,,,0.265,BASEBALL_SAVANT_CURRENT_SEASON,2026-08-26T14:20:46+00:00,SAVANT_PITCHER_SCHEMA_V1,CURRENT
686580,"Slaten, Justin",2026,137,39,28.5,5.8,25.2,50.8,0.266,0.223,0.332,36.7,4.4,77.338378864,,,,0.323,BASEBALL_SAVANT_CURRENT_SEASON,2026-08-26T14:20:46+00:00,SAVANT_PITCHER_SCHEMA_V1,CURRENT
572143,"Smith, Burch",2026,73,20,27.4,9.6,22.7,46.0,0.287,0.217,0.347,47.8,4.4,79.596606364,,,,0.353,BASEBALL_SAVANT_CURRENT_SEASON,2026-08-26T14:20:46+00:00,SAVANT_PITCHER_SCHEMA_V1,CURRENT
671922,"Smith, Cade",2026,247,84,34.0,8.1,34.4,49.0,0.276,0.202,0.341,46.4,9.3,82.520397571,,,,0.265,BASEBALL_SAVANT_CURRENT_SEASON,2026-08-26T14:20:46+00:00,SAVANT_PITCHER_SCHEMA_V1,CURRENT
681916,"Smith, Dylan",2026,122,36,29.5,11.5,27.3,49.1,0.294,0.212,0.356,45.7,7.1,78.999360588,,,,0.273,BASEBALL_SAVANT_CURRENT_SEASON,2026-08-26T14:20:46+00:00,SAVANT_PITCHER_SCHEMA_V1,CURRENT
696146,"Smith, Hagen",2026,40,14,35.0,22.5,33.3,39.2,0.263,0.122,0.187,35.3,5.9,76.1787625,,,,0.24,BASEBALL_SAVANT_CURRENT_SEASON,2026-08-26T14:20:46+00:00,SAVANT_PITCHER_SCHEMA_V1,CURRENT
681343,"Smith, Shane",2026,49,11,22.4,18.4,26.0,42.7,0.332,0.246,0.293,33.3,0.0,66.787195714,,,,0.424,BASEBALL_SAVANT_CURRENT_SEASON,2026-08-26T14:20:46+00:00,SAVANT_PITCHER_SCHEMA_V1,CURRENT
700363,"Smith-Shawver, AJ",2026,40,7,17.5,12.5,21.4,48.6,0.363,0.292,0.441,35.7,7.1,78.227889286,,,,0.297,BASEBALL_SAVANT_CURRENT_SEASON,2026-08-26T14:20:46+00:00,SAVANT_PITCHER_SCHEMA_V1,CURRENT
605483,"Snell, Blake",2026,87,26,29.9,10.3,36.8,52.8,0.236,0.185,0.221,9.8,0.0,71.194978462,,,,0.218,BASEBALL_SAVANT_CURRENT_SEASON,2026-08-26T14:20:46+00:00,SAVANT_PITCHER_SCHEMA_V1,CURRENT
702281,"Snelling, Robby",2026,22,2,9.1,18.2,28.6,48.8,0.371,0.261,0.445,43.8,6.3,75.735108571,,,,0.399,BASEBALL_SAVANT_CURRENT_SEASON,2026-08-26T14:20:46+00:00,SAVANT_PITCHER_SCHEMA_V1,CURRENT
686678,"Solesky, Chase",2026,17,4,23.5,5.9,9.1,37.9,0.353,0.291,0.488,33.3,8.3,79.709023333,,,,0.467,BASEBALL_SAVANT_CURRENT_SEASON,2026-08-26T14:20:46+00:00,SAVANT_PITCHER_SCHEMA_V1,CURRENT
805427,"Sommers, Drew",2026,114,43,37.7,9.6,33.0,50.3,0.213,0.161,0.217,23.7,1.7,71.725760714,,,,0.267,BASEBALL_SAVANT_CURRENT_SEASON,2026-08-26T14:20:46+00:00,SAVANT_PITCHER_SCHEMA_V1,CURRENT
666277,"Soriano, George",2026,242,57,23.6,10.7,30.5,47.9,0.321,0.23,0.403,41.7,9.6,80.559019615,,,,0.303,BASEBALL_SAVANT_CURRENT_SEASON,2026-08-26T14:20:46+00:00,SAVANT_PITCHER_SCHEMA_V1,CURRENT
667755,"Soriano, José",2026,603,143,23.7,10.8,30.3,46.6,0.325,0.247,0.391,39.3,8.0,77.908978438,,,,0.295,BASEBALL_SAVANT_CURRENT_SEASON,2026-08-26T14:20:46+00:00,SAVANT_PITCHER_SCHEMA_V1,CURRENT
647336,"Soroka, Michael",2026,395,91,23.0,6.1,22.0,49.8,0.319,0.261,0.412,33.2,8.0,76.745812721,,,,0.291,BASEBALL_SAVANT_CURRENT_SEASON,2026-08-26T14:20:46+00:00,SAVANT_PITCHER_SCHEMA_V1,CURRENT
642397,"Soto, Gregory",2026,238,68,28.6,10.1,28.7,43.6,0.265,0.194,0.294,34.0,5.0,74.806034493,,,,0.273,BASEBALL_SAVANT_CURRENT_SEASON,2026-08-26T14:20:46+00:00,SAVANT_PITCHER_SCHEMA_V1,CURRENT
656986,"Sousa, Bennett",2026,81,20,24.7,11.1,31.3,49.1,0.254,0.183,0.279,30.8,7.7,78.484297308,,,,0.328,BASEBALL_SAVANT_CURRENT_SEASON,2026-08-26T14:20:46+00:00,SAVANT_PITCHER_SCHEMA_V1,CURRENT
642100,"Speier, Gabe",2026,147,30,20.4,8.8,22.1,50.5,0.31,0.228,0.39,36.4,9.2,75.488943333,,,,0.29,BASEBALL_SAVANT_CURRENT_SEASON,2026-08-26T14:20:46+00:00,SAVANT_PITCHER_SCHEMA_V1,CURRENT
687765,"Spence, Mitch",2026,56,6,10.7,16.1,20.0,45.0,0.361,0.279,0.408,41.5,2.4,82.727817143,,,,0.509,BASEBALL_SAVANT_CURRENT_SEASON,2026-08-26T14:20:46+00:00,SAVANT_PITCHER_SCHEMA_V1,CURRENT
605488,"Springs, Jeffrey",2026,527,92,17.5,9.3,23.0,46.4,0.34,0.255,0.451,34.7,9.2,76.290429683,,,,0.372,BASEBALL_SAVANT_CURRENT_SEASON,2026-08-26T14:20:46+00:00,SAVANT_PITCHER_SCHEMA_V1,CURRENT
687075,"Sproat, Brandon",2026,414,100,24.2,11.6,25.1,45.9,0.337,0.244,0.406,43.1,8.7,79.436102857,,,,0.35,BASEBALL_SAVANT_CURRENT_SEASON,2026-08-26T14:20:46+00:00,SAVANT_PITCHER_SCHEMA_V1,CURRENT
668831,"Stallings, Garrett",2026,30,9,30.0,10.0,33.9,48.4,0.182,0.136,0.148,16.7,0.0,82.524535556,,,,0.159,BASEBALL_SAVANT_CURRENT_SEASON,2026-08-26T14:20:46+00:00,SAVANT_PITCHER_SCHEMA_V1,CURRENT
592773,"Stanek, Ryne",2026,221,52,23.5,12.2,28.5,48.7,0.322,0.235,0.398,37.9,8.6,78.739305,,,,0.336,BASEBALL_SAVANT_CURRENT_SEASON,2026-08-26T14:20:46+00:00,SAVANT_PITCHER_SCHEMA_V1,CURRENT
686993,"Sterner, Justin",2026,184,40,21.7,7.1,29.9,52.1,0.292,0.225,0.399,45.0,9.2,80.132451587,,,,0.359,BASEBALL_SAVANT_CURRENT_SEASON,2026-08-26T14:20:46+00:00,SAVANT_PITCHER_SCHEMA_V1,CURRENT
592779,"Stewart, Brock",2026,63,18,28.6,7.9,29.9,48.3,0.199,0.145,0.218,20.0,2.5,66.9133655,,,,0.183,BASEBALL_SAVANT_CURRENT_SEASON,2026-08-26T14:20:46+00:00,SAVANT_PITCHER_SCHEMA_V1,CURRENT
476594,"Stock, Robert",2026,81,19,23.5,13.6,26.8,48.3,0.331,0.227,0.367,27.1,10.4,76.066542174,,,,0.35,BASEBALL_SAVANT_CURRENT_SEASON,2026-08-26T14:20:46+00:00,SAVANT_PITCHER_SCHEMA_V1,CURRENT
621381,"Strahm, Matt",2026,161,30,18.6,8.7,23.2,49.8,0.316,0.225,0.428,39.1,11.3,80.020580172,,,,0.388,BASEBALL_SAVANT_CURRENT_SEASON,2026-08-26T14:20:46+00:00,SAVANT_PITCHER_SCHEMA_V1,CURRENT
676702,"Stratton, Hunter",2026,15,3,20.0,0.0,16.7,53.6,0.383,0.403,0.476,25.0,0.0,75.922256667,,,,0.381,BASEBALL_SAVANT_CURRENT_SEASON,2026-08-26T14:20:46+00:00,SAVANT_PITCHER_SCHEMA_V1,CURRENT
675911,"Strider, Spencer",2026,165,46,27.9,12.1,30.7,46.6,0.29,0.188,0.359,36.7,11.2,79.165809184,,,,0.355,BASEBALL_SAVANT_CURRENT_SEASON,2026-08-26T14:20:46+00:00,SAVANT_PITCHER_SCHEMA_V1,CURRENT
669704,"Strowd, Kade",2026,7,1,14.3,42.9,0.0,25.0,0.509,0.386,0.456,33.3,0.0,85.41686,,,,0.426,BASEBALL_SAVANT_CURRENT_SEASON,2026-08-26T14:20:46+00:00,SAVANT_PITCHER_SCHEMA_V1,CURRENT
657265,"Strzelecki, Peter",2026,61,8,13.1,9.8,17.0,42.2,0.294,0.201,0.319,37.8,4.4,83.304908636,,,,0.326,BASEBALL_SAVANT_CURRENT_SEASON,2026-08-26T14:20:46+00:00,SAVANT_PITCHER_SCHEMA_V1,CURRENT
660761,"Suarez, José",2026,258,60,23.3,9.7,26.7,48.6,0.302,0.25,0.342,32.4,2.4,78.102962024,,,,0.343,BASEBALL_SAVANT_CURRENT_SEASON,2026-08-26T14:20:46+00:00,SAVANT_PITCHER_SCHEMA_V1,CURRENT
624133,"Suarez, Ranger",2026,491,117,23.8,7.5,22.8,45.9,0.295,0.246,0.346,32.6,4.5,74.901113129,,,,0.287,BASEBALL_SAVANT_CURRENT_SEASON,2026-08-26T14:20:46+00:00,SAVANT_PITCHER_SCHEMA_V1,CURRENT
663158,"Suarez, Robert",2026,121,26,21.5,5.0,24.0,53.6,0.282,0.252,0.351,33.0,3.4,72.212930465,,,,0.203,BASEBALL_SAVANT_CURRENT_SEASON,2026-08-26T14:20:46+00:00,SAVANT_PITCHER_SCHEMA_V1,CURRENT
608372,"Sugano, Tomoyuki",2026,516,71,13.8,5.4,18.1,46.2,0.395,0.314,0.566,43.6,13.0,80.43480801,,,,0.359,BASEBALL_SAVANT_CURRENT_SEASON,2026-08-26T14:20:46+00:00,SAVANT_PITCHER_SCHEMA_V1,CURRENT
807743,"Sullivan, Sean",2026,114,16,14.0,9.6,16.2,47.8,0.335,0.241,0.431,34.5,9.5,78.262507381,,,,0.461,BASEBALL_SAVANT_CURRENT_SEASON,2026-08-26T14:20:46+00:00,SAVANT_PITCHER_SCHEMA_V1,CURRENT
642121,"Sulser, Cole",2026,197,48,24.4,7.1,26.9,51.3,0.328,0.255,0.468,39.3,11.9,74.425593333,,,,0.319,BASEBALL_SAVANT_CURRENT_SEASON,2026-08-26T14:20:46+00:00,SAVANT_PITCHER_SCHEMA_V1,CURRENT
608718,"Suter, Brent",2026,315,62,19.7,7.0,22.1,46.1,0.318,0.264,0.409,31.4,6.2,74.951079369,,,,0.318,BASEBALL_SAVANT_CURRENT_SEASON,2026-08-26T14:20:46+00:00,SAVANT_PITCHER_SCHEMA_V1,CURRENT
544150,"Suárez, Albert",2026,230,38,16.5,8.3,22.3,49.2,0.324,0.256,0.416,40.5,7.5,79.169247882,,,,0.313,BASEBALL_SAVANT_CURRENT_SEASON,2026-08-26T14:20:46+00:00,SAVANT_PITCHER_SCHEMA_V1,CURRENT
694335,"Svanson, Matt",2026,207,41,19.8,10.1,18.8,48.7,0.369,0.301,0.467,44.8,7.0,80.273224507,,,,0.364,BASEBALL_SAVANT_CURRENT_SEASON,2026-08-26T14:20:46+00:00,SAVANT_PITCHER_SCHEMA_V1,CURRENT
650911,"Sánchez, Cristopher",2026,701,194,27.7,5.4,32.7,50.3,0.284,0.239,0.36,42.0,7.3,78.188685522,,,,0.294,BASEBALL_SAVANT_CURRENT_SEASON,2026-08-26T14:20:46+00:00,SAVANT_PITCHER_SCHEMA_V1,CURRENT
592791,"Taillon, Jameson",2026,362,75,20.7,8.8,26.8,46.4,0.363,0.257,0.525,38.7,14.6,77.67128,,,,0.363,BASEBALL_SAVANT_CURRENT_SEASON,2026-08-26T14:20:46+00:00,SAVANT_PITCHER_SCHEMA_V1,CURRENT
691799,"Taylor, Grant",2026,275,89,32.4,8.7,28.8,46.4,0.243,0.184,0.271,41.0,5.6,79.736964625,,,,0.248,BASEBALL_SAVANT_CURRENT_SEASON,2026-08-26T14:20:46+00:00,SAVANT_PITCHER_SCHEMA_V1,CURRENT
678906,"Teng, Kai-Wei",2026,308,71,23.1,9.7,26.2,44.2,0.335,0.245,0.402,39.5,8.2,79.671534536,,,,0.334,BASEBALL_SAVANT_CURRENT_SEASON,2026-08-26T14:20:46+00:00,SAVANT_PITCHER_SCHEMA_V1,CURRENT
693713,"Teodo, Emiliano",2026,10,1,10.0,20.0,20.0,46.5,0.38,0.287,0.413,42.9,0.0,82.2597325,,,,0.444,BASEBALL_SAVANT_CURRENT_SEASON,2026-08-26T14:20:46+00:00,SAVANT_PITCHER_SCHEMA_V1,CURRENT
573204,"Thielbar, Caleb",2026,172,48,27.9,7.6,27.1,51.4,0.325,0.239,0.461,40.0,11.0,76.678061111,,,,0.335,BASEBALL_SAVANT_CURRENT_SEASON,2026-08-26T14:20:46+00:00,SAVANT_PITCHER_SCHEMA_V1,CURRENT
671162,"Thomas, Connor",2026,55,7,12.7,10.9,25.6,47.9,0.375,0.272,0.48,42.5,7.5,76.1354175,,,,0.469,BASEBALL_SAVANT_CURRENT_SEASON,2026-08-26T14:20:46+00:00,SAVANT_PITCHER_SCHEMA_V1,CURRENT
624522,"Thompson, Keegan",2026,57,11,19.3,3.5,21.6,49.7,0.407,0.343,0.623,50.0,13.6,83.929022727,,,,0.407,BASEBALL_SAVANT_CURRENT_SEASON,2026-08-26T14:20:46+00:00,SAVANT_PITCHER_SCHEMA_V1,CURRENT
657044,"Thompson, Ryan",2026,186,29,15.6,7.0,19.2,48.6,0.311,0.275,0.381,34.0,4.3,77.181734783,,,,0.345,BASEBALL_SAVANT_CURRENT_SEASON,2026-08-26T14:20:46+00:00,SAVANT_PITCHER_SCHEMA_V1,CURRENT
663423,"Thornton, Trent",2026,161,24,14.9,9.3,21.6,49.0,0.321,0.251,0.417,45.0,8.3,80.265622,,,,0.271,BASEBALL_SAVANT_CURRENT_SEASON,2026-08-26T14:20:46+00:00,SAVANT_PITCHER_SCHEMA_V1,CURRENT
804267,"Thornton, Zac",2026,223,40,17.9,6.3,19.7,51.0,0.325,0.265,0.434,38.7,8.3,77.185416867,,,,0.293,BASEBALL_SAVANT_CURRENT_SEASON,2026-08-26T14:20:46+00:00,SAVANT_PITCHER_SCHEMA_V1,CURRENT
694918,"Tidwell, Blade",2026,131,27,20.6,9.2,25.4,44.9,0.28,0.225,0.309,38.9,5.6,75.677002667,,,,0.278,BASEBALL_SAVANT_CURRENT_SEASON,2026-08-26T14:20:46+00:00,SAVANT_PITCHER_SCHEMA_V1,CURRENT
694357,"Tiedemann, Ricky",2026,7,2,28.6,0.0,25.0,44.4,0.332,0.321,0.458,40.0,0.0,79.95865,,,,0.254,BASEBALL_SAVANT_CURRENT_SEASON,2026-08-26T14:20:46+00:00,SAVANT_PITCHER_SCHEMA_V1,CURRENT
801139,"Tolle, Payton",2026,505,141,27.9,6.9,27.4,55.2,0.256,0.2,0.317,33.7,6.5,76.473346981,,,,0.283,BASEBALL_SAVANT_CURRENT_SEASON,2026-08-26T14:20:46+00:00,SAVANT_PITCHER_SCHEMA_V1,CURRENT
680899,"Tolman, Erik",2026,7,1,14.3,14.3,28.6,50.0,0.202,0.1,0.181,20.0,0.0,75.692935,,,,0.227,BASEBALL_SAVANT_CURRENT_SEASON,2026-08-26T14:20:46+00:00,SAVANT_PITCHER_SCHEMA_V1,CURRENT
804636,"Tong, Jonah",2026,47,7,14.9,14.9,23.4,50.3,0.309,0.206,0.367,30.3,6.1,81.939258,,,,0.28,BASEBALL_SAVANT_CURRENT_SEASON,2026-08-26T14:20:46+00:00,SAVANT_PITCHER_SCHEMA_V1,CURRENT
623437,"Topa, Justin",2026,92,12,13.0,12.0,14.1,43.5,0.376,0.291,0.491,45.6,9.1,80.287501515,,,,0.415,BASEBALL_SAVANT_CURRENT_SEASON,2026-08-26T14:20:46+00:00,SAVANT_PITCHER_SCHEMA_V1,CURRENT
595014,"Treinen, Blake",2026,100,25,25.0,10.0,25.7,47.9,0.348,0.261,0.475,42.2,12.7,75.523227667,,,,0.312,BASEBALL_SAVANT_CURRENT_SEASON,2026-08-26T14:20:46+00:00,SAVANT_PITCHER_SCHEMA_V1,CURRENT
624431,"Trevino, Jose",2026,29,1,3.4,3.4,2.8,50.0,0.436,0.396,0.57,53.8,11.5,84.540898462,,,,0.504,BASEBALL_SAVANT_CURRENT_SEASON,2026-08-26T14:20:46+00:00,SAVANT_PITCHER_SCHEMA_V1,CURRENT
642152,"Trivino III, Lou",2026,36,7,19.4,19.4,31.7,43.8,0.33,0.217,0.323,38.1,4.8,73.490401818,,,,0.465,BASEBALL_SAVANT_CURRENT_SEASON,2026-08-26T14:20:46+00:00,SAVANT_PITCHER_SCHEMA_V1,CURRENT
814305,"Tur, Yunior",2026,34,6,17.6,11.8,37.3,49.2,0.549,0.378,0.874,34.8,27.3,77.375739091,,,,0.649,BASEBALL_SAVANT_CURRENT_SEASON,2026-08-26T14:20:46+00:00,SAVANT_PITCHER_SCHEMA_V1,CURRENT
700413,"Uberstine, Tyler",2026,11,2,18.2,9.1,30.8,57.8,0.378,0.274,0.551,37.5,12.5,76.1356025,,,,0.445,BASEBALL_SAVANT_CURRENT_SEASON,2026-08-26T14:20:46+00:00,SAVANT_PITCHER_SCHEMA_V1,CURRENT
699044,"Ullola, Miguel",2026,23,9,39.1,4.3,27.9,48.9,0.282,0.209,0.418,30.8,15.4,74.365465714,,,,0.286,BASEBALL_SAVANT_CURRENT_SEASON,2026-08-26T14:20:46+00:00,SAVANT_PITCHER_SCHEMA_V1,CURRENT
700712,"Ureña, Walbert",2026,500,112,22.4,12.8,27.1,45.3,0.288,0.204,0.304,34.2,5.1,75.448095962,,,,0.283,BASEBALL_SAVANT_CURRENT_SEASON,2026-08-26T14:20:46+00:00,SAVANT_PITCHER_SCHEMA_V1,CURRENT
682842,"Uribe, Abner",2026,191,48,25.1,9.4,26.4,43.4,0.26,0.217,0.281,31.5,1.6,76.142747541,,,,0.238,BASEBALL_SAVANT_CURRENT_SEASON,2026-08-26T14:20:46+00:00,SAVANT_PITCHER_SCHEMA_V1,CURRENT
664353,"Urquidy, José",2026,92,19,20.7,6.5,23.2,48.8,0.282,0.228,0.336,33.8,6.3,76.811379375,,,,0.39,BASEBALL_SAVANT_CURRENT_SEASON,2026-08-26T14:20:46+00:00,SAVANT_PITCHER_SCHEMA_V1,CURRENT
664285,"Valdez, Framber",2026,639,111,17.4,8.8,19.8,46.4,0.326,0.261,0.393,43.6,6.1,79.567359022,,,,0.324,BASEBALL_SAVANT_CURRENT_SEASON,2026-08-26T14:20:46+00:00,SAVANT_PITCHER_SCHEMA_V1,CURRENT
669310,"Van Eyk, CJ",2026,31,1,3.2,3.2,12.9,48.4,0.363,0.309,0.46,46.4,3.6,74.4469,,,,0.423,BASEBALL_SAVANT_CURRENT_SEASON,2026-08-26T14:20:46+00:00,SAVANT_PITCHER_SCHEMA_V1,CURRENT
701121,"VanWey, Logan",2026,22,5,22.7,0.0,25.0,50.0,0.239,0.237,0.344,41.2,5.9,75.69560625,,,,0.212,BASEBALL_SAVANT_CURRENT_SEASON,2026-08-26T14:20:46+00:00,SAVANT_PITCHER_SCHEMA_V1,CURRENT
676568,"Vanasco, Ricky",2026,40,4,10.0,15.0,20.6,40.0,0.399,0.294,0.519,43.3,6.7,75.702990667,,,,0.511,BASEBALL_SAVANT_CURRENT_SEASON,2026-08-26T14:20:46+00:00,SAVANT_PITCHER_SCHEMA_V1,CURRENT
672841,"Vargas, Carlos",2026,10,3,30.0,10.0,26.1,59.0,0.277,0.216,0.323,33.3,0.0,76.375206667,,,,0.322,BASEBALL_SAVANT_CURRENT_SEASON,2026-08-26T14:20:46+00:00,SAVANT_PITCHER_SCHEMA_V1,CURRENT
681402,"Varland, Gus",2026,151,30,19.9,9.9,21.6,49.9,0.4,0.303,0.579,50.0,16.2,84.997393333,,,,0.411,BASEBALL_SAVANT_CURRENT_SEASON,2026-08-26T14:20:46+00:00,SAVANT_PITCHER_SCHEMA_V1,CURRENT
686973,"Varland, Louis",2026,258,82,31.8,7.0,29.6,52.2,0.233,0.198,0.268,38.0,4.4,77.241118077,,,,0.229,BASEBALL_SAVANT_CURRENT_SEASON,2026-08-26T14:20:46+00:00,SAVANT_PITCHER_SCHEMA_V1,CURRENT
683734,"Vaughn, Andrew",2026,8,1,12.5,25.0,16.7,41.4,0.419,0.284,0.421,40.0,0.0,78.84779,,,,0.653,BASEBALL_SAVANT_CURRENT_SEASON,2026-08-26T14:20:46+00:00,SAVANT_PITCHER_SCHEMA_V1,CURRENT
592826,"Velasquez, Vince",2026,11,1,9.1,0.0,14.3,48.8,0.154,0.151,0.199,30.0,0.0,74.804328,,,,0.115,BASEBALL_SAVANT_CURRENT_SEASON,2026-08-26T14:20:46+00:00,SAVANT_PITCHER_SCHEMA_V1,CURRENT
434378,"Verlander, Justin",2026,19,1,5.3,10.5,15.4,48.8,0.474,0.365,0.69,56.3,12.5,83.20234125,,,,0.472,BASEBALL_SAVANT_CURRENT_SEASON,2026-08-26T14:20:46+00:00,SAVANT_PITCHER_SCHEMA_V1,CURRENT
681911,"Vesia, Alex",2026,197,59,29.9,15.7,33.8,47.0,0.272,0.174,0.288,36.4,5.6,77.976429444,,,,0.247,BASEBALL_SAVANT_CURRENT_SEASON,2026-08-26T14:20:46+00:00,SAVANT_PITCHER_SCHEMA_V1,CURRENT
676684,"Vest, Will",2026,116,27,23.3,8.6,27.5,48.1,0.307,0.244,0.365,35.1,5.3,78.824060526,,,,0.326,BASEBALL_SAVANT_CURRENT_SEASON,2026-08-26T14:20:46+00:00,SAVANT_PITCHER_SCHEMA_V1,CURRENT
680767,"Vodnik, Victor",2026,198,32,16.2,12.1,24.0,47.2,0.317,0.243,0.365,40.3,5.8,81.414486087,,,,0.342,BASEBALL_SAVANT_CURRENT_SEASON,2026-08-26T14:20:46+00:00,SAVANT_PITCHER_SCHEMA_V1,CURRENT
608723,"Voth, Austin",2026,56,3,5.4,10.7,15.6,44.7,0.402,0.338,0.557,40.4,8.5,81.976357917,,,,0.459,BASEBALL_SAVANT_CURRENT_SEASON,2026-08-26T14:20:46+00:00,SAVANT_PITCHER_SCHEMA_V1,CURRENT
681190,"Vásquez, Randy",2026,498,74,14.9,6.4,19.2,49.9,0.362,0.288,0.5,43.9,10.3,81.954626302,,,,0.332,BASEBALL_SAVANT_CURRENT_SEASON,2026-08-26T14:20:46+00:00,SAVANT_PITCHER_SCHEMA_V1,CURRENT
608379,"Wacha, Michael",2026,658,126,19.1,6.4,21.0,48.6,0.313,0.249,0.417,37.0,7.0,78.018672911,,,,0.305,BASEBALL_SAVANT_CURRENT_SEASON,2026-08-26T14:20:46+00:00,SAVANT_PITCHER_SCHEMA_V1,CURRENT
621097,"Waguespack, Jacob",2026,117,18,15.4,9.4,24.3,47.5,0.271,0.207,0.31,29.9,4.6,73.643927907,,,,0.24,BASEBALL_SAVANT_CURRENT_SEASON,2026-08-26T14:20:46+00:00,SAVANT_PITCHER_SCHEMA_V1,CURRENT
686610,"Waldichuk, Ken",2026,40,8,20.0,12.5,27.4,41.6,0.397,0.243,0.577,38.5,19.2,78.124699167,,,,0.399,BASEBALL_SAVANT_CURRENT_SEASON,2026-08-26T14:20:46+00:00,SAVANT_PITCHER_SCHEMA_V1,CURRENT
694462,"Waldrep, Hurston",2026,56,9,16.1,17.9,23.3,40.0,0.359,0.231,0.389,34.3,8.6,78.786981667,,,,0.419,BASEBALL_SAVANT_CURRENT_SEASON,2026-08-26T14:20:46+00:00,SAVANT_PITCHER_SCHEMA_V1,CURRENT
663362,"Waldron, Matt",2026,169,31,18.3,5.9,16.8,48.2,0.3,0.237,0.39,38.1,6.3,79.553980656,,,,0.392,BASEBALL_SAVANT_CURRENT_SEASON,2026-08-26T14:20:46+00:00,SAVANT_PITCHER_SCHEMA_V1,CURRENT
677020,"Walker, Josh",2026,74,16,21.6,8.1,19.4,50.5,0.278,0.226,0.341,41.2,5.9,81.078617692,,,,0.305,BASEBALL_SAVANT_CURRENT_SEASON,2026-08-26T14:20:46+00:00,SAVANT_PITCHER_SCHEMA_V1,CURRENT
676254,"Walker, Ryan",2026,133,21,15.8,11.3,15.4,42.8,0.311,0.251,0.373,34.4,6.3,73.090183404,,,,0.367,BASEBALL_SAVANT_CURRENT_SEASON,2026-08-26T14:20:46+00:00,SAVANT_PITCHER_SCHEMA_V1,CURRENT
592836,"Walker, Taijuan",2026,115,17,14.8,9.6,16.8,45.0,0.411,0.312,0.582,36.0,12.9,76.121606047,,,,0.455,BASEBALL_SAVANT_CURRENT_SEASON,2026-08-26T14:20:46+00:00,SAVANT_PITCHER_SCHEMA_V1,CURRENT
681806,"Wantz, Andrew",2026,20,1,5.0,15.0,14.0,53.1,0.463,0.326,0.582,35.7,7.1,75.693604286,,,,0.477,BASEBALL_SAVANT_CURRENT_SEASON,2026-08-26T14:20:46+00:00,SAVANT_PITCHER_SCHEMA_V1,CURRENT
681810,"Warren, Austin",2026,171,43,25.1,11.7,26.8,40.1,0.344,0.256,0.423,42.9,12.6,79.064694314,,,,0.349,BASEBALL_SAVANT_CURRENT_SEASON,2026-08-26T14:20:46+00:00,SAVANT_PITCHER_SCHEMA_V1,CURRENT
701542,"Warren, Will",2026,559,126,22.5,8.1,22.2,43.8,0.33,0.264,0.424,44.5,7.9,80.779756085,,,,0.343,BASEBALL_SAVANT_CURRENT_SEASON,2026-08-26T14:20:46+00:00,SAVANT_PITCHER_SCHEMA_V1,CURRENT
670245,"Watson, Ryan",2026,266,52,19.5,7.5,24.0,49.1,0.342,0.269,0.454,36.1,10.5,77.103770319,,,,0.317,BASEBALL_SAVANT_CURRENT_SEASON,2026-08-26T14:20:46+00:00,SAVANT_PITCHER_SCHEMA_V1,CURRENT
694360,"Way, Beck",2026,105,21,20.0,9.5,25.9,44.7,0.341,0.257,0.395,42.5,6.8,80.032778919,,,,0.35,BASEBALL_SAVANT_CURRENT_SEASON,2026-08-26T14:20:46+00:00,SAVANT_PITCHER_SCHEMA_V1,CURRENT
677960,"Weathers, Ryan",2026,568,143,25.2,6.7,27.0,44.8,0.319,0.255,0.424,40.6,8.6,77.68228672,,,,0.306,BASEBALL_SAVANT_CURRENT_SEASON,2026-08-26T14:20:46+00:00,SAVANT_PITCHER_SCHEMA_V1,CURRENT
596133,"Weaver, Luke",2026,196,53,27.0,7.1,30.7,53.0,0.267,0.203,0.34,35.4,7.9,78.683686935,,,,0.232,BASEBALL_SAVANT_CURRENT_SEASON,2026-08-26T14:20:46+00:00,SAVANT_PITCHER_SCHEMA_V1,CURRENT
657097,"Webb, Jacob",2026,246,64,26.0,8.5,33.6,50.6,0.31,0.247,0.391,41.0,7.0,76.869685823,,,,0.288,BASEBALL_SAVANT_CURRENT_SEASON,2026-08-26T14:20:46+00:00,SAVANT_PITCHER_SCHEMA_V1,CURRENT
657277,"Webb, Logan",2026,578,112,19.4,6.1,20.7,47.8,0.303,0.253,0.374,38.2,5.5,76.329534545,,,,0.279,BASEBALL_SAVANT_CURRENT_SEASON,2026-08-26T14:20:46+00:00,SAVANT_PITCHER_SCHEMA_V1,CURRENT
676620,"Weiman, Blake",2026,43,8,18.6,2.3,21.6,46.5,0.275,0.257,0.359,32.4,5.9,75.994170588,,,,0.359,BASEBALL_SAVANT_CURRENT_SEASON,2026-08-26T14:20:46+00:00,SAVANT_PITCHER_SCHEMA_V1,CURRENT
674073,"Weisenburger, Jack",2026,18,4,22.2,11.1,23.1,49.4,0.257,0.172,0.302,33.3,8.3,85.466301667,,,,0.246,BASEBALL_SAVANT_CURRENT_SEASON,2026-08-26T14:20:46+00:00,SAVANT_PITCHER_SCHEMA_V1,CURRENT
680802,"Weiss, Ryan",2026,131,30,22.9,15.3,23.7,44.5,0.379,0.269,0.488,49.4,11.1,79.367410488,,,,0.426,BASEBALL_SAVANT_CURRENT_SEASON,2026-08-26T14:20:46+00:00,SAVANT_PITCHER_SCHEMA_V1,CURRENT
669711,"Weissert, Greg",2026,212,50,23.6,7.5,23.7,49.4,0.296,0.226,0.38,32.2,6.3,76.566437606,,,,0.312,BASEBALL_SAVANT_CURRENT_SEASON,2026-08-26T14:20:46+00:00,SAVANT_PITCHER_SCHEMA_V1,CURRENT
669330,"Wells, Tyler",2026,248,62,25.0,6.5,30.5,52.1,0.275,0.21,0.362,33.3,7.1,78.056684699,,,,0.271,BASEBALL_SAVANT_CURRENT_SEASON,2026-08-26T14:20:46+00:00,SAVANT_PITCHER_SCHEMA_V1,CURRENT
669713,"Wesneski, Hayden",2026,113,22,19.5,8.8,27.4,50.5,0.306,0.243,0.37,40.0,6.3,78.65432475,,,,0.306,BASEBALL_SAVANT_CURRENT_SEASON,2026-08-26T14:20:46+00:00,SAVANT_PITCHER_SCHEMA_V1,CURRENT
687721,"Weston, Cameron",2026,3,1,33.3,33.3,12.5,47.1,0.381,0.241,0.262,100.0,0.0,99.58379,,,,0.233,BASEBALL_SAVANT_CURRENT_SEASON,2026-08-26T14:20:46+00:00,SAVANT_PITCHER_SCHEMA_V1,CURRENT
554430,"Wheeler, Zack",2026,499,148,29.7,7.6,30.8,49.5,0.271,0.209,0.332,36.1,6.5,75.308538387,,,,0.29,BASEBALL_SAVANT_CURRENT_SEASON,2026-08-26T14:20:46+00:00,SAVANT_PITCHER_SCHEMA_V1,CURRENT
687931,"Whisenhunt, Carson",2026,164,26,15.9,12.8,28.2,45.4,0.368,0.272,0.467,44.8,7.8,81.944113966,,,,0.372,BASEBALL_SAVANT_CURRENT_SEASON,2026-08-26T14:20:46+00:00,SAVANT_PITCHER_SCHEMA_V1,CURRENT
687985,"White, Josh",2026,8,1,12.5,50.0,8.3,27.9,0.693,0.34,1.342,50.0,50.0,80.60351,,,,0.696,BASEBALL_SAVANT_CURRENT_SEASON,2026-08-26T14:20:46+00:00,SAVANT_PITCHER_SCHEMA_V1,CURRENT
676477,"Whitlock, Garrett",2026,168,49,29.2,4.2,29.8,57.3,0.247,0.218,0.314,33.9,3.6,77.612235091,,,,0.234,BASEBALL_SAVANT_CURRENT_SEASON,2026-08-26T14:20:46+00:00,SAVANT_PITCHER_SCHEMA_V1,CURRENT
696136,"Wicks, Jordan",2026,50,8,16.0,4.0,23.9,51.1,0.322,0.283,0.408,43.6,7.7,77.384445,,,,0.422,BASEBALL_SAVANT_CURRENT_SEASON,2026-08-26T14:20:46+00:00,SAVANT_PITCHER_SCHEMA_V1,CURRENT
686894,"Wiemer, Joey",2026,16,0,0.0,12.5,0.0,40.0,0.473,0.423,0.632,30.8,7.7,84.169162857,,,,0.618,BASEBALL_SAVANT_CURRENT_SEASON,2026-08-26T14:20:46+00:00,SAVANT_PITCHER_SCHEMA_V1,CURRENT
677961,"Wilcox, Cole",2026,123,28,22.8,13.8,31.4,46.3,0.355,0.284,0.404,46.1,6.7,81.182641053,,,,0.325,BASEBALL_SAVANT_CURRENT_SEASON,2026-08-26T14:20:46+00:00,SAVANT_PITCHER_SCHEMA_V1,CURRENT
683363,"Wilkinson, Matt",2026,25,2,8.0,0.0,12.0,54.9,0.327,0.263,0.51,52.2,8.7,78.941730833,,,,0.389,BASEBALL_SAVANT_CURRENT_SEASON,2026-08-26T14:20:46+00:00,SAVANT_PITCHER_SCHEMA_V1,CURRENT
642207,"Williams, Devin",2026,178,51,28.7,11.8,34.9,50.8,0.282,0.219,0.31,29.2,4.7,77.829179615,,,,0.337,BASEBALL_SAVANT_CURRENT_SEASON,2026-08-26T14:20:46+00:00,SAVANT_PITCHER_SCHEMA_V1,CURRENT
668909,"Williams, Gavin",2026,632,204,32.3,7.8,31.6,49.3,0.309,0.23,0.414,47.6,12.0,79.354658548,,,,0.301,BASEBALL_SAVANT_CURRENT_SEASON,2026-08-26T14:20:46+00:00,SAVANT_PITCHER_SCHEMA_V1,CURRENT
592866,"Williams, Trevor",2026,71,22,31.0,8.5,25.7,48.9,0.279,0.223,0.319,31.0,4.8,79.085218095,,,,0.306,BASEBALL_SAVANT_CURRENT_SEASON,2026-08-26T14:20:46+00:00,SAVANT_PITCHER_SCHEMA_V1,CURRENT
682227,"Williamson, Brandon",2026,128,19,14.8,15.6,24.1,43.2,0.389,0.276,0.486,41.9,10.5,76.389119535,,,,0.36,BASEBALL_SAVANT_CURRENT_SEASON,2026-08-26T14:20:46+00:00,SAVANT_PITCHER_SCHEMA_V1,CURRENT
669060,"Wilson, Bryse",2026,128,26,20.3,1.6,17.8,53.9,0.314,0.29,0.411,45.9,3.1,81.408200625,,,,0.33,BASEBALL_SAVANT_CURRENT_SEASON,2026-08-26T14:20:46+00:00,SAVANT_PITCHER_SCHEMA_V1,CURRENT
668390,"Winn, Cole",2026,215,49,22.8,7.4,27.7,53.6,0.337,0.274,0.442,43.6,6.8,75.571779863,,,,0.342,BASEBALL_SAVANT_CURRENT_SEASON,2026-08-26T14:20:46+00:00,SAVANT_PITCHER_SCHEMA_V1,CURRENT
676775,"Winn, Keaton",2026,176,33,18.8,9.7,23.0,47.4,0.308,0.24,0.36,33.3,4.9,75.475094098,,,,0.29,BASEBALL_SAVANT_CURRENT_SEASON,2026-08-26T14:20:46+00:00,SAVANT_PITCHER_SCHEMA_V1,CURRENT
664991,"Wolfram, Grant",2026,178,45,25.3,7.3,24.6,48.5,0.291,0.228,0.355,34.5,6.1,77.155339818,,,,0.331,BASEBALL_SAVANT_CURRENT_SEASON,2026-08-26T14:20:46+00:00,SAVANT_PITCHER_SCHEMA_V1,CURRENT
693433,"Woo, Bryan",2026,563,137,24.3,5.2,24.8,53.4,0.293,0.237,0.383,43.3,6.9,79.282365567,,,,0.284,BASEBALL_SAVANT_CURRENT_SEASON,2026-08-26T14:20:46+00:00,SAVANT_PITCHER_SCHEMA_V1,CURRENT
663765,"Woodford, Jake",2026,126,23,18.3,5.6,19.5,46.0,0.369,0.333,0.484,49.0,8.3,82.425733333,,,,0.384,BASEBALL_SAVANT_CURRENT_SEASON,2026-08-26T14:20:46+00:00,SAVANT_PITCHER_SCHEMA_V1,CURRENT
605540,"Woodruff, Brandon",2026,174,47,27.0,5.7,23.6,51.0,0.263,0.2,0.358,34.5,7.8,81.369078621,,,,0.231,BASEBALL_SAVANT_CURRENT_SEASON,2026-08-26T14:20:46+00:00,SAVANT_PITCHER_SCHEMA_V1,CURRENT
680573,"Woods Richardson, Simeon",2026,293,39,13.3,11.9,18.8,42.2,0.363,0.276,0.461,42.9,8.3,78.716241308,,,,0.377,BASEBALL_SAVANT_CURRENT_SEASON,2026-08-26T14:20:46+00:00,SAVANT_PITCHER_SCHEMA_V1,CURRENT
680736,"Wrobleski, Justin",2026,516,100,19.4,5.4,20.0,50.1,0.331,0.27,0.448,43.9,9.4,79.343598158,,,,0.294,BASEBALL_SAVANT_CURRENT_SEASON,2026-08-26T14:20:46+00:00,SAVANT_PITCHER_SCHEMA_V1,CURRENT
808967,"Yamamoto, Yoshinobu",2026,583,145,24.9,6.0,26.3,48.8,0.27,0.217,0.338,36.0,6.3,76.138356276,,,,0.246,BASEBALL_SAVANT_CURRENT_SEASON,2026-08-26T14:20:46+00:00,SAVANT_PITCHER_SCHEMA_V1,CURRENT
642376,"Yan, Jefry",2026,33,8,24.2,21.2,33.3,41.5,0.361,0.266,0.376,38.9,5.6,80.776962222,,,,0.356,BASEBALL_SAVANT_CURRENT_SEASON,2026-08-26T14:20:46+00:00,SAVANT_PITCHER_SCHEMA_V1,CURRENT
642232,"Yarbrough, Ryan",2026,211,37,17.5,9.0,23.5,47.4,0.278,0.219,0.312,24.5,3.3,71.74002973,,,,0.285,BASEBALL_SAVANT_CURRENT_SEASON,2026-08-26T14:20:46+00:00,SAVANT_PITCHER_SCHEMA_V1,CURRENT
489446,"Yates, Kirby",2026,160,45,28.1,9.4,29.8,52.4,0.274,0.198,0.305,45.8,6.3,81.356827447,,,,0.279,BASEBALL_SAVANT_CURRENT_SEASON,2026-08-26T14:20:46+00:00,SAVANT_PITCHER_SCHEMA_V1,CURRENT
678868,"Yean, Eddy",2026,39,6,15.4,5.1,15.2,47.1,0.257,0.211,0.296,33.3,3.3,80.365412,,,,0.227,BASEBALL_SAVANT_CURRENT_SEASON,2026-08-26T14:20:46+00:00,SAVANT_PITCHER_SCHEMA_V1,CURRENT
702056,"Yesavage, Trey",2026,386,91,23.6,11.9,30.0,47.3,0.285,0.2,0.33,34.0,6.1,78.103157273,,,,0.28,BASEBALL_SAVANT_CURRENT_SEASON,2026-08-26T14:20:46+00:00,SAVANT_PITCHER_SCHEMA_V1,CURRENT
684974,"Yoho, Craig",2026,124,29,23.4,11.3,27.6,45.6,0.311,0.212,0.371,29.5,7.8,73.346769211,,,,0.307,BASEBALL_SAVANT_CURRENT_SEASON,2026-08-26T14:20:46+00:00,SAVANT_PITCHER_SCHEMA_V1,CURRENT
687064,"Young, Brandon",2026,529,99,18.7,8.5,23.1,49.6,0.322,0.257,0.408,40.7,6.9,78.624981809,,,,0.322,BASEBALL_SAVANT_CURRENT_SEASON,2026-08-26T14:20:46+00:00,SAVANT_PITCHER_SCHEMA_V1,CURRENT
664849,"Young, Danny",2026,65,15,23.1,20.0,24.7,33.6,0.391,0.241,0.468,61.8,17.6,89.220940625,,,,0.448,BASEBALL_SAVANT_CURRENT_SEASON,2026-08-26T14:20:46+00:00,SAVANT_PITCHER_SCHEMA_V1,CURRENT
666171,"Zeferjahn, Ryan",2026,258,82,31.8,13.6,32.6,40.3,0.281,0.182,0.287,35.1,6.2,79.570604154,,,,0.295,BASEBALL_SAVANT_CURRENT_SEASON,2026-08-26T14:20:46+00:00,SAVANT_PITCHER_SCHEMA_V1,CURRENT
672582,"Zerpa, Angel",2026,55,8,14.5,10.9,17.8,41.7,0.405,0.328,0.53,51.2,7.3,80.149912,,,,0.405,BASEBALL_SAVANT_CURRENT_SEASON,2026-08-26T14:20:46+00:00,SAVANT_PITCHER_SCHEMA_V1,CURRENT
669145,"Zimmermann, Bruce",2026,21,2,9.5,4.8,10.3,40.3,0.261,0.235,0.324,27.8,0.0,76.5576,,,,0.341,BASEBALL_SAVANT_CURRENT_SEASON,2026-08-26T14:20:46+00:00,SAVANT_PITCHER_SCHEMA_V1,CURRENT
676604,"Zuber, Tyler",2026,122,30,24.6,4.9,23.2,48.2,0.289,0.237,0.367,47.6,4.8,81.792706667,,,,0.355,BASEBALL_SAVANT_CURRENT_SEASON,2026-08-26T14:20:46+00:00,SAVANT_PITCHER_SCHEMA_V1,CURRENT
670871,"Zuñiga, Guillo",2026,4,1,25.0,25.0,25.0,44.4,0.187,0.019,0.019,0.0,0.0,38.30151,,,,0.174,BASEBALL_SAVANT_CURRENT_SEASON,2026-08-26T14:20:46+00:00,SAVANT_PITCHER_SCHEMA_V1,CURRENT
594798,"deGrom, Jacob",2026,540,159,29.4,6.9,33.4,51.1,0.297,0.236,0.395,44.5,8.4,80.370900058,,,,0.291,BASEBALL_SAVANT_CURRENT_SEASON,2026-08-26T14:20:46+00:00,SAVANT_PITCHER_SCHEMA_V1,CURRENT
